ISO-10303-21;
HEADER;
/* Generated by software containing ST-Developer
 * from STEP Tools, Inc. (www.steptools.com) 
 */

FILE_DESCRIPTION(
/* description */ (''),
/* implementation_level */ '2;1');

FILE_NAME(
/* name */ 'CardFeeder v9.step',
/* time_stamp */ '2024-08-15T16:33:23-04:00',
/* author */ (''),
/* organization */ (''),
/* preprocessor_version */ 'ST-DEVELOPER v20',
/* originating_system */ 'Autodesk Translation Framework v13.14.0.145',

/* authorisation */ '');

FILE_SCHEMA (('AUTOMOTIVE_DESIGN { 1 0 10303 214 3 1 1 }'));
ENDSEC;

DATA;
#10=MECHANICAL_DESIGN_GEOMETRIC_PRESENTATION_REPRESENTATION('',(#156,#157,
#158,#159,#160,#161,#162,#163,#164,#165,#166,#167,#168,#169,#170,#171,#172,
#173,#174,#175,#176,#177,#178,#179,#180,#181,#182,#183,#184,#185,#186,#187,
#188,#189,#190,#191,#192,#193,#194,#195,#196,#197,#198,#199,#200,#201,#202,
#203,#204,#205,#206,#207,#208,#209,#210,#211,#212,#213,#214,#215,#216,#217,
#218,#219,#220,#221,#222,#223,#224,#225,#226,#227,#228,#229,#230,#231,#232,
#233,#234,#235,#236,#237,#238,#239,#240,#241,#242,#243,#244,#245,#246,#247,
#248,#249,#250,#251,#252,#253,#254,#255,#256,#257,#258,#259,#260,#261,#262,
#263,#264,#265,#266,#267,#268,#269,#270,#271,#272,#273,#274,#275,#276,#277,
#278,#279,#280,#281,#282,#283,#284,#285,#286,#287,#288,#289,#290,#291,#292,
#293,#294,#295,#296,#297,#298,#299,#300,#301,#302,#303,#304,#305,#306,#307,
#308,#309,#310,#311,#312,#313,#314,#315,#316,#317,#318,#319,#320,#321,#322,
#323,#324,#325,#326,#327,#328),#14789);
#11=ITEM_DEFINED_TRANSFORMATION($,$,#8725,#9605);
#12=ITEM_DEFINED_TRANSFORMATION($,$,#8771,#9606);
#13=ITEM_DEFINED_TRANSFORMATION($,$,#8841,#9607);
#14=ITEM_DEFINED_TRANSFORMATION($,$,#8922,#9608);
#15=ITEM_DEFINED_TRANSFORMATION($,$,#8926,#9609);
#16=(
REPRESENTATION_RELATIONSHIP($,$,#14812,#14811)
REPRESENTATION_RELATIONSHIP_WITH_TRANSFORMATION(#11)
SHAPE_REPRESENTATION_RELATIONSHIP()
);
#17=(
REPRESENTATION_RELATIONSHIP($,$,#14813,#14811)
REPRESENTATION_RELATIONSHIP_WITH_TRANSFORMATION(#12)
SHAPE_REPRESENTATION_RELATIONSHIP()
);
#18=(
REPRESENTATION_RELATIONSHIP($,$,#14814,#14811)
REPRESENTATION_RELATIONSHIP_WITH_TRANSFORMATION(#13)
SHAPE_REPRESENTATION_RELATIONSHIP()
);
#19=(
REPRESENTATION_RELATIONSHIP($,$,#14815,#14811)
REPRESENTATION_RELATIONSHIP_WITH_TRANSFORMATION(#14)
SHAPE_REPRESENTATION_RELATIONSHIP()
);
#20=(
REPRESENTATION_RELATIONSHIP($,$,#14816,#14811)
REPRESENTATION_RELATIONSHIP_WITH_TRANSFORMATION(#15)
SHAPE_REPRESENTATION_RELATIONSHIP()
);
#21=CONTEXT_DEPENDENT_SHAPE_REPRESENTATION(#16,#14806);
#22=CONTEXT_DEPENDENT_SHAPE_REPRESENTATION(#17,#14807);
#23=CONTEXT_DEPENDENT_SHAPE_REPRESENTATION(#18,#14808);
#24=CONTEXT_DEPENDENT_SHAPE_REPRESENTATION(#19,#14809);
#25=CONTEXT_DEPENDENT_SHAPE_REPRESENTATION(#20,#14810);
#26=NEXT_ASSEMBLY_USAGE_OCCURRENCE('Roller:1','Roller:1','Roller:1',#14818,
#14819,'Roller:1');
#27=NEXT_ASSEMBLY_USAGE_OCCURRENCE('RollerMount:1','RollerMount:1',
'RollerMount:1',#14818,#14820,'RollerMount:1');
#28=NEXT_ASSEMBLY_USAGE_OCCURRENCE('5972K222_6082rs_8mmx22mmx7mm v1:1',
'5972K222_6082rs_8mmx22mmx7mm v1:1','5972K222_6082rs_8mmx22mmx7mm v1:1',
#14818,#14821,'5972K222_6082rs_8mmx22mmx7mm v1:1');
#29=NEXT_ASSEMBLY_USAGE_OCCURRENCE('9262K673_O-Ring_21mmx25mm_70A v1:1',
'9262K673_O-Ring_21mmx25mm_70A v1:1',
'9262K673_O-Ring_21mmx25mm_70A v1:1',#14818,#14822,
'9262K673_O-Ring_21mmx25mm_70A v1:1');
#30=NEXT_ASSEMBLY_USAGE_OCCURRENCE('17HE08-1004S v1:1',
'17HE08-1004S v1:1','17HE08-1004S v1:1',#14818,#14823,
'17HE08-1004S v1:1');
#31=ELLIPSE('',#8968,1.44550664782537,1.23596226653071);
#32=ELLIPSE('',#8971,1.44550674256355,1.23596231227307);
#33=ELLIPSE('',#8977,1.44550738132076,1.23596262588975);
#34=ELLIPSE('',#8980,1.44550665040641,1.2359622678018);
#35=ELLIPSE('',#8983,1.44550705299211,1.23596246457116);
#36=ELLIPSE('',#8985,1.44550735740258,1.2359626142077);
#37=ELLIPSE('',#8991,1.44550673117263,1.23596230683575);
#38=ELLIPSE('',#8993,1.44550757390816,1.23596272034208);
#39=ELLIPSE('',#8997,1.44550728569922,1.23596257923914);
#40=ELLIPSE('',#9000,1.44550696122219,1.2359624199376);
#41=ELLIPSE('',#9006,1.44550781176353,1.23596283690497);
#42=ELLIPSE('',#9009,1.44550736686403,1.23596261925501);
#43=ELLIPSE('',#9012,1.44550694114406,1.23596240968274);
#44=ELLIPSE('',#9014,1.44550767460529,1.23596276947314);
#45=ELLIPSE('',#9020,1.44550788994713,1.23596287504486);
#46=ELLIPSE('',#9022,1.44550735635644,1.23596261322926);
#47=ELLIPSE('',#9340,0.54119610014594,0.499999999999742);
#48=ELLIPSE('',#9497,0.707106781185875,0.499999999999535);
#49=ELLIPSE('',#9505,0.707106781186025,0.499999999999618);
#50=ELLIPSE('',#9527,0.141421356237228,0.0999999999999798);
#51=ELLIPSE('',#9529,0.14142135623678,0.0999999999996641);
#52=ELLIPSE('',#9532,0.14142135623701,0.0999999999997705);
#53=ELLIPSE('',#9536,0.141421356236701,0.099999999999613);
#54=ELLIPSE('',#9546,0.141421356237157,0.0999999999998785);
#55=ELLIPSE('',#9548,0.14142135623697,0.0999999999997745);
#56=B_SPLINE_CURVE_WITH_KNOTS('',3,(#12761,#12762,#12763,#12764),
 .UNSPECIFIED.,.F.,.F.,(4,4),(-0.498312732632336,-0.477497759700999),
 .UNSPECIFIED.);
#57=B_SPLINE_CURVE_WITH_KNOTS('',3,(#12770,#12771,#12772,#12773),
 .UNSPECIFIED.,.F.,.F.,(4,4),(-0.690577826255149,-0.678273168841724),
 .UNSPECIFIED.);
#58=B_SPLINE_CURVE_WITH_KNOTS('',3,(#12775,#12776,#12777,#12778,#12779,
#12780),.UNSPECIFIED.,.F.,.F.,(4,2,4),(-0.491232833643617,-0.44874175153941,
-0.406250669435202),.UNSPECIFIED.);
#59=B_SPLINE_CURVE_WITH_KNOTS('',3,(#12782,#12783,#12784,#12785),
 .UNSPECIFIED.,.F.,.F.,(4,4),(-0.427333668556762,-0.415029011143337),
 .UNSPECIFIED.);
#60=B_SPLINE_CURVE_WITH_KNOTS('',3,(#12791,#12792,#12793,#12794),
 .UNSPECIFIED.,.F.,.F.,(4,4),(-0.438001551042468,-0.417237646283014),
 .UNSPECIFIED.);
#61=B_SPLINE_CURVE_WITH_KNOTS('',3,(#12805,#12806,#12807,#12808),
 .UNSPECIFIED.,.F.,.F.,(4,4),(0.417478697978501,0.43829367090983),
 .UNSPECIFIED.);
#62=B_SPLINE_CURVE_WITH_KNOTS('',3,(#12814,#12815,#12816,#12817),
 .UNSPECIFIED.,.F.,.F.,(4,4),(0.415029011143337,0.427333668556762),
 .UNSPECIFIED.);
#63=B_SPLINE_CURVE_WITH_KNOTS('',3,(#12819,#12820,#12821,#12822,#12823,
#12824),.UNSPECIFIED.,.F.,.F.,(4,2,4),(0.406250669435202,0.44874175153941,
0.491232833643617),.UNSPECIFIED.);
#64=B_SPLINE_CURVE_WITH_KNOTS('',3,(#12826,#12827,#12828,#12829),
 .UNSPECIFIED.,.F.,.F.,(4,4),(0.678273004443776,0.690581838480257),
 .UNSPECIFIED.);
#65=B_SPLINE_CURVE_WITH_KNOTS('',3,(#12834,#12835,#12836,#12837),
 .UNSPECIFIED.,.F.,.F.,(4,4),(0.477497759700999,0.498312732632336),
 .UNSPECIFIED.);
#66=B_SPLINE_CURVE_WITH_KNOTS('',3,(#12841,#12842,#12843,#12844,#12845,
#12846),.UNSPECIFIED.,.F.,.F.,(4,2,4),(-0.491232833643844,-0.44874175153954,
-0.406250669435245),.UNSPECIFIED.);
#67=B_SPLINE_CURVE_WITH_KNOTS('',3,(#12848,#12849,#12850,#12851),
 .UNSPECIFIED.,.F.,.F.,(4,4),(-0.427333504158811,-0.415024670122404),
 .UNSPECIFIED.);
#68=B_SPLINE_CURVE_WITH_KNOTS('',3,(#12857,#12858,#12859,#12860),
 .UNSPECIFIED.,.F.,.F.,(4,4),(-0.43829367090987,-0.417478697978577),
 .UNSPECIFIED.);
#69=B_SPLINE_CURVE_WITH_KNOTS('',3,(#12864,#12865,#12866,#12867),
 .UNSPECIFIED.,.F.,.F.,(4,4),(-0.498312732632407,-0.477497759700962),
 .UNSPECIFIED.);
#70=B_SPLINE_CURVE_WITH_KNOTS('',3,(#12873,#12874,#12875,#12876),
 .UNSPECIFIED.,.F.,.F.,(4,4),(-0.690577826255211,-0.678273168841709),
 .UNSPECIFIED.);
#71=B_SPLINE_CURVE_WITH_KNOTS('',3,(#12878,#12879,#12880,#12881),
 .UNSPECIFIED.,.F.,.F.,(4,4),(0.406250669434975,0.448741751539279),
 .UNSPECIFIED.);
#72=B_SPLINE_CURVE_WITH_KNOTS('',3,(#12888,#12889,#12890,#12891),
 .UNSPECIFIED.,.F.,.F.,(4,4),(0.448741751539279,0.491232833643574),
 .UNSPECIFIED.);
#73=B_SPLINE_CURVE_WITH_KNOTS('',3,(#12893,#12894,#12895,#12896),
 .UNSPECIFIED.,.F.,.F.,(4,4),(0.678273004443791,0.690581838480346),
 .UNSPECIFIED.);
#74=B_SPLINE_CURVE_WITH_KNOTS('',3,(#12902,#12903,#12904,#12905),
 .UNSPECIFIED.,.F.,.F.,(4,4),(0.477497759701034,0.49831273263242),
 .UNSPECIFIED.);
#75=B_SPLINE_CURVE_WITH_KNOTS('',3,(#12909,#12910,#12911,#12912),
 .UNSPECIFIED.,.F.,.F.,(4,4),(0.417478697978589,0.438293670909823),
 .UNSPECIFIED.);
#76=B_SPLINE_CURVE_WITH_KNOTS('',3,(#12917,#12918,#12919,#12920),
 .UNSPECIFIED.,.F.,.F.,(4,4),(0.415024670122415,0.427333504158818),
 .UNSPECIFIED.);
#77=B_SPLINE_CURVE_WITH_KNOTS('',3,(#12926,#12927,#12928,#12929),
 .UNSPECIFIED.,.F.,.F.,(4,4),(-0.49831273263238,-0.477497759701665),
 .UNSPECIFIED.);
#78=B_SPLINE_CURVE_WITH_KNOTS('',3,(#12935,#12936,#12937,#12938),
 .UNSPECIFIED.,.F.,.F.,(4,4),(-0.690577826255321,-0.678273168841999),
 .UNSPECIFIED.);
#79=B_SPLINE_CURVE_WITH_KNOTS('',3,(#12940,#12941,#12942,#12943,#12944,
#12945),.UNSPECIFIED.,.F.,.F.,(4,2,4),(-0.491232833643827,-0.448741751539531,
-0.406250669435412),.UNSPECIFIED.);
#80=B_SPLINE_CURVE_WITH_KNOTS('',3,(#12947,#12948,#12949,#12950),
 .UNSPECIFIED.,.F.,.F.,(4,4),(-0.427333668556687,-0.4150290111433),
 .UNSPECIFIED.);
#81=B_SPLINE_CURVE_WITH_KNOTS('',3,(#12956,#12957,#12958,#12959),
 .UNSPECIFIED.,.F.,.F.,(4,4),(-0.43829367091028,-0.417478697978455),
 .UNSPECIFIED.);
#82=B_SPLINE_CURVE_WITH_KNOTS('',3,(#12970,#12971,#12972,#12973),
 .UNSPECIFIED.,.F.,.F.,(4,4),(0.417237646282786,0.438001551042911),
 .UNSPECIFIED.);
#83=B_SPLINE_CURVE_WITH_KNOTS('',3,(#12979,#12980,#12981,#12982),
 .UNSPECIFIED.,.F.,.F.,(4,4),(0.415024670122157,0.42733350415874),
 .UNSPECIFIED.);
#84=B_SPLINE_CURVE_WITH_KNOTS('',3,(#12984,#12985,#12986,#12987,#12988,
#12989),.UNSPECIFIED.,.F.,.F.,(4,2,4),(0.40625066943517,0.448741751539288,
0.491232833643584),.UNSPECIFIED.);
#85=B_SPLINE_CURVE_WITH_KNOTS('',3,(#12991,#12992,#12993,#12994),
 .UNSPECIFIED.,.F.,.F.,(4,4),(0.678273004444051,0.690581838480569),
 .UNSPECIFIED.);
#86=B_SPLINE_CURVE_WITH_KNOTS('',3,(#12999,#13000,#13001,#13002),
 .UNSPECIFIED.,.F.,.F.,(4,4),(0.477497759701665,0.498312732632521),
 .UNSPECIFIED.);
#87=B_SPLINE_CURVE_WITH_KNOTS('',3,(#13006,#13007,#13008,#13009,#13010,
#13011),.UNSPECIFIED.,.F.,.F.,(4,2,4),(-0.491232833643641,-0.448741751539436,
-0.406250669435042),.UNSPECIFIED.);
#88=B_SPLINE_CURVE_WITH_KNOTS('',3,(#13013,#13014,#13015,#13016),
 .UNSPECIFIED.,.F.,.F.,(4,4),(-0.427333504158894,-0.415024670122463),
 .UNSPECIFIED.);
#89=B_SPLINE_CURVE_WITH_KNOTS('',3,(#13022,#13023,#13024,#13025),
 .UNSPECIFIED.,.F.,.F.,(4,4),(-0.438293670909386,-0.417478697978652),
 .UNSPECIFIED.);
#90=B_SPLINE_CURVE_WITH_KNOTS('',3,(#13029,#13030,#13031,#13032),
 .UNSPECIFIED.,.F.,.F.,(4,4),(-0.498312732632473,-0.477497759701708),
 .UNSPECIFIED.);
#91=B_SPLINE_CURVE_WITH_KNOTS('',3,(#13038,#13039,#13040,#13041),
 .UNSPECIFIED.,.F.,.F.,(4,4),(-0.69058183848053,-0.678273004444069),
 .UNSPECIFIED.);
#92=B_SPLINE_CURVE_WITH_KNOTS('',3,(#13043,#13044,#13045,#13046),
 .UNSPECIFIED.,.F.,.F.,(4,4),(0.406250669435179,0.448741751539384),
 .UNSPECIFIED.);
#93=B_SPLINE_CURVE_WITH_KNOTS('',3,(#13053,#13054,#13055,#13056),
 .UNSPECIFIED.,.F.,.F.,(4,4),(0.448741751539384,0.491232833643777),
 .UNSPECIFIED.);
#94=B_SPLINE_CURVE_WITH_KNOTS('',3,(#13058,#13059,#13060,#13061),
 .UNSPECIFIED.,.F.,.F.,(4,4),(0.678273168841432,0.690577826254906),
 .UNSPECIFIED.);
#95=B_SPLINE_CURVE_WITH_KNOTS('',3,(#13067,#13068,#13069,#13070),
 .UNSPECIFIED.,.F.,.F.,(4,4),(0.477497759700288,0.498312732632232),
 .UNSPECIFIED.);
#96=B_SPLINE_CURVE_WITH_KNOTS('',3,(#13074,#13075,#13076,#13077),
 .UNSPECIFIED.,.F.,.F.,(4,4),(0.417478697978392,0.438293670910306),
 .UNSPECIFIED.);
#97=B_SPLINE_CURVE_WITH_KNOTS('',3,(#13082,#13083,#13084,#13085),
 .UNSPECIFIED.,.F.,.F.,(4,4),(0.415029011143238,0.427333668556683),
 .UNSPECIFIED.);
#98=B_SPLINE_CURVE_WITH_KNOTS('',3,(#13663,#13664,#13665,#13666,#13667,
#13668),.UNSPECIFIED.,.F.,.F.,(4,2,4),(-0.462976982827886,-0.453692740365531,
-0.452791220141753),.UNSPECIFIED.);
#99=B_SPLINE_CURVE_WITH_KNOTS('',3,(#13705,#13706,#13707,#13708,#13709,
#13710),.UNSPECIFIED.,.F.,.F.,(4,2,4),(-0.010185762686133,-0.00928424246235542,
0.),.UNSPECIFIED.);
#100=(
BOUNDED_CURVE()
B_SPLINE_CURVE(2,(#12680,#12681,#12682),.UNSPECIFIED.,.F.,.F.)
B_SPLINE_CURVE_WITH_KNOTS((3,3),(2.68328157299977,3.67210803794586),
 .UNSPECIFIED.)
CURVE()
GEOMETRIC_REPRESENTATION_ITEM()
RATIONAL_B_SPLINE_CURVE((5.49999999999999,5.49999999999998,4.88888888888884))
REPRESENTATION_ITEM('')
);
#101=(
BOUNDED_CURVE()
B_SPLINE_CURVE(2,(#13133,#13134,#13135),.UNSPECIFIED.,.F.,.F.)
B_SPLINE_CURVE_WITH_KNOTS((3,3),(-3.67210803794586,-2.68328157299977),
 .UNSPECIFIED.)
CURVE()
GEOMETRIC_REPRESENTATION_ITEM()
RATIONAL_B_SPLINE_CURVE((4.88888888888884,5.49999999999998,5.49999999999999))
REPRESENTATION_ITEM('')
);
#102=TOROIDAL_SURFACE('',#8859,6.10000000000001,1.46609131336349);
#103=TOROIDAL_SURFACE('',#8880,7.5,2.61337962921956);
#104=TOROIDAL_SURFACE('',#8889,7.5,2.61337962921956);
#105=TOROIDAL_SURFACE('',#8916,6.10000000000001,1.46609131336349);
#106=TOROIDAL_SURFACE('',#8923,11.5,1.);
#107=TOROIDAL_SURFACE('',#8966,1.3,1.);
#108=TOROIDAL_SURFACE('',#8981,1.3,1.);
#109=TOROIDAL_SURFACE('',#8995,1.3,1.);
#110=TOROIDAL_SURFACE('',#9010,1.3,1.);
#111=TOROIDAL_SURFACE('',#9024,10.5,0.5);
#112=TOROIDAL_SURFACE('',#9029,4.,0.5);
#113=TOROIDAL_SURFACE('',#9033,3.50000000000093,0.5);
#114=TOROIDAL_SURFACE('',#9037,3.5,0.5);
#115=TOROIDAL_SURFACE('',#9041,3.49999999999978,0.5);
#116=TOROIDAL_SURFACE('',#9045,3.50000000000064,0.5);
#117=TOROIDAL_SURFACE('',#9049,4.,0.5);
#118=SPHERICAL_SURFACE('',#8842,2.61337962921956);
#119=SPHERICAL_SURFACE('',#8844,2.61337962921956);
#120=SPHERICAL_SURFACE('',#8846,2.61337962921956);
#121=SPHERICAL_SURFACE('',#8848,2.61337962921956);
#122=SPHERICAL_SURFACE('',#8850,2.61337962921956);
#123=SPHERICAL_SURFACE('',#8852,2.61337962921956);
#124=SPHERICAL_SURFACE('',#8854,2.61337962921956);
#125=SPHERICAL_SURFACE('',#9270,0.5);
#126=SPHERICAL_SURFACE('',#9278,0.5);
#127=SPHERICAL_SURFACE('',#9289,0.5);
#128=SPHERICAL_SURFACE('',#9291,0.5);
#129=SPHERICAL_SURFACE('',#9301,0.5);
#130=SPHERICAL_SURFACE('',#9303,0.5);
#131=SPHERICAL_SURFACE('',#9308,0.5);
#132=SPHERICAL_SURFACE('',#9319,0.5);
#133=SPHERICAL_SURFACE('',#9321,0.5);
#134=SPHERICAL_SURFACE('',#9331,0.5);
#135=SPHERICAL_SURFACE('',#9333,0.5);
#136=SPHERICAL_SURFACE('',#9341,0.5);
#137=SPHERICAL_SURFACE('',#9347,0.5);
#138=SPHERICAL_SURFACE('',#9494,0.5);
#139=SPHERICAL_SURFACE('',#9508,0.5);
#140=SPHERICAL_SURFACE('',#9516,0.5);
#141=SPHERICAL_SURFACE('',#9520,0.5);
#142=SPHERICAL_SURFACE('',#9521,0.5);
#143=SPHERICAL_SURFACE('',#9525,0.5);
#144=SPHERICAL_SURFACE('',#9537,0.1);
#145=SPHERICAL_SURFACE('',#9543,0.1);
#146=SHAPE_REPRESENTATION_RELATIONSHIP('SRR','None',#14812,#151);
#147=SHAPE_REPRESENTATION_RELATIONSHIP('SRR','None',#14813,#152);
#148=SHAPE_REPRESENTATION_RELATIONSHIP('SRR','None',#14814,#153);
#149=SHAPE_REPRESENTATION_RELATIONSHIP('SRR','None',#14815,#154);
#150=SHAPE_REPRESENTATION_RELATIONSHIP('SRR','None',#14816,#155);
#151=ADVANCED_BREP_SHAPE_REPRESENTATION('',(#329),#14784);
#152=ADVANCED_BREP_SHAPE_REPRESENTATION('',(#330),#14785);
#153=ADVANCED_BREP_SHAPE_REPRESENTATION('',(#331,#332,#333,#334,#335,#336,
#337,#338,#339,#340,#341),#14786);
#154=ADVANCED_BREP_SHAPE_REPRESENTATION('',(#342),#14787);
#155=ADVANCED_BREP_SHAPE_REPRESENTATION('',(#343),#14788);
#156=STYLED_ITEM('',(#14845),#329);
#157=STYLED_ITEM('',(#14845),#330);
#158=STYLED_ITEM('',(#14845),#331);
#159=STYLED_ITEM('',(#14845),#332);
#160=STYLED_ITEM('',(#14845),#333);
#161=STYLED_ITEM('',(#14845),#334);
#162=STYLED_ITEM('',(#14845),#335);
#163=STYLED_ITEM('',(#14845),#336);
#164=STYLED_ITEM('',(#14845),#337);
#165=STYLED_ITEM('',(#14845),#338);
#166=STYLED_ITEM('',(#14845),#339);
#167=STYLED_ITEM('',(#14845),#340);
#168=STYLED_ITEM('',(#14845),#341);
#169=STYLED_ITEM('',(#14845),#342);
#170=STYLED_ITEM('',(#14847),#8270);
#171=STYLED_ITEM('',(#14848),#8272);
#172=STYLED_ITEM('',(#14849),#8274);
#173=STYLED_ITEM('',(#14850),#8276);
#174=STYLED_ITEM('',(#14851),#8282);
#175=STYLED_ITEM('',(#14851),#8283);
#176=STYLED_ITEM('',(#14851),#8284);
#177=STYLED_ITEM('',(#14851),#8285);
#178=STYLED_ITEM('',(#14851),#8286);
#179=STYLED_ITEM('',(#14851),#8287);
#180=STYLED_ITEM('',(#14851),#8288);
#181=STYLED_ITEM('',(#14851),#8313);
#182=STYLED_ITEM('',(#14851),#8326);
#183=STYLED_ITEM('',(#14852),#8327);
#184=STYLED_ITEM('',(#14852),#8328);
#185=STYLED_ITEM('',(#14851),#8329);
#186=STYLED_ITEM('',(#14851),#8330);
#187=STYLED_ITEM('',(#14851),#8355);
#188=STYLED_ITEM('',(#14851),#8357);
#189=STYLED_ITEM('',(#14851),#8358);
#190=STYLED_ITEM('',(#14851),#8359);
#191=STYLED_ITEM('',(#14851),#8360);
#192=STYLED_ITEM('',(#14851),#8361);
#193=STYLED_ITEM('',(#14851),#8362);
#194=STYLED_ITEM('',(#14851),#8363);
#195=STYLED_ITEM('',(#14851),#8364);
#196=STYLED_ITEM('',(#14851),#8365);
#197=STYLED_ITEM('',(#14851),#8366);
#198=STYLED_ITEM('',(#14851),#8367);
#199=STYLED_ITEM('',(#14851),#8368);
#200=STYLED_ITEM('',(#14851),#8369);
#201=STYLED_ITEM('',(#14851),#8370);
#202=STYLED_ITEM('',(#14851),#8371);
#203=STYLED_ITEM('',(#14851),#8372);
#204=STYLED_ITEM('',(#14851),#8373);
#205=STYLED_ITEM('',(#14851),#8374);
#206=STYLED_ITEM('',(#14851),#8375);
#207=STYLED_ITEM('',(#14851),#8376);
#208=STYLED_ITEM('',(#14851),#8377);
#209=STYLED_ITEM('',(#14851),#8378);
#210=STYLED_ITEM('',(#14851),#8379);
#211=STYLED_ITEM('',(#14851),#8380);
#212=STYLED_ITEM('',(#14851),#8381);
#213=STYLED_ITEM('',(#14851),#8382);
#214=STYLED_ITEM('',(#14851),#8383);
#215=STYLED_ITEM('',(#14851),#8384);
#216=STYLED_ITEM('',(#14851),#8385);
#217=STYLED_ITEM('',(#14851),#8386);
#218=STYLED_ITEM('',(#14851),#8387);
#219=STYLED_ITEM('',(#14851),#8389);
#220=STYLED_ITEM('',(#14851),#8394);
#221=STYLED_ITEM('',(#14851),#8400);
#222=STYLED_ITEM('',(#14851),#8401);
#223=STYLED_ITEM('',(#14851),#8402);
#224=STYLED_ITEM('',(#14851),#8403);
#225=STYLED_ITEM('',(#14851),#8404);
#226=STYLED_ITEM('',(#14851),#8405);
#227=STYLED_ITEM('',(#14851),#8406);
#228=STYLED_ITEM('',(#14851),#8407);
#229=STYLED_ITEM('',(#14851),#8408);
#230=STYLED_ITEM('',(#14851),#8409);
#231=STYLED_ITEM('',(#14851),#8410);
#232=STYLED_ITEM('',(#14851),#8411);
#233=STYLED_ITEM('',(#14851),#8412);
#234=STYLED_ITEM('',(#14851),#8413);
#235=STYLED_ITEM('',(#14851),#8414);
#236=STYLED_ITEM('',(#14851),#8415);
#237=STYLED_ITEM('',(#14851),#8416);
#238=STYLED_ITEM('',(#14851),#8417);
#239=STYLED_ITEM('',(#14851),#8418);
#240=STYLED_ITEM('',(#14851),#8419);
#241=STYLED_ITEM('',(#14851),#8420);
#242=STYLED_ITEM('',(#14851),#8421);
#243=STYLED_ITEM('',(#14851),#8422);
#244=STYLED_ITEM('',(#14851),#8423);
#245=STYLED_ITEM('',(#14851),#8424);
#246=STYLED_ITEM('',(#14851),#8425);
#247=STYLED_ITEM('',(#14851),#8426);
#248=STYLED_ITEM('',(#14851),#8427);
#249=STYLED_ITEM('',(#14851),#8428);
#250=STYLED_ITEM('',(#14851),#8429);
#251=STYLED_ITEM('',(#14851),#8430);
#252=STYLED_ITEM('',(#14851),#8431);
#253=STYLED_ITEM('',(#14851),#8432);
#254=STYLED_ITEM('',(#14851),#8433);
#255=STYLED_ITEM('',(#14851),#8434);
#256=STYLED_ITEM('',(#14851),#8435);
#257=STYLED_ITEM('',(#14851),#8436);
#258=STYLED_ITEM('',(#14851),#8437);
#259=STYLED_ITEM('',(#14851),#8438);
#260=STYLED_ITEM('',(#14851),#8439);
#261=STYLED_ITEM('',(#14851),#8440);
#262=STYLED_ITEM('',(#14851),#8441);
#263=STYLED_ITEM('',(#14851),#8442);
#264=STYLED_ITEM('',(#14851),#8443);
#265=STYLED_ITEM('',(#14851),#8444);
#266=STYLED_ITEM('',(#14851),#8445);
#267=STYLED_ITEM('',(#14851),#8446);
#268=STYLED_ITEM('',(#14851),#8447);
#269=STYLED_ITEM('',(#14851),#8448);
#270=STYLED_ITEM('',(#14851),#8449);
#271=STYLED_ITEM('',(#14851),#8450);
#272=STYLED_ITEM('',(#14851),#8451);
#273=STYLED_ITEM('',(#14851),#8504);
#274=STYLED_ITEM('',(#14851),#8505);
#275=STYLED_ITEM('',(#14851),#8506);
#276=STYLED_ITEM('',(#14851),#8507);
#277=STYLED_ITEM('',(#14853),#8510);
#278=STYLED_ITEM('',(#14852),#8511);
#279=STYLED_ITEM('',(#14852),#8512);
#280=STYLED_ITEM('',(#14852),#8513);
#281=STYLED_ITEM('',(#14852),#8514);
#282=STYLED_ITEM('',(#14852),#8515);
#283=STYLED_ITEM('',(#14852),#8516);
#284=STYLED_ITEM('',(#14852),#8517);
#285=STYLED_ITEM('',(#14852),#8518);
#286=STYLED_ITEM('',(#14852),#8519);
#287=STYLED_ITEM('',(#14852),#8520);
#288=STYLED_ITEM('',(#14852),#8521);
#289=STYLED_ITEM('',(#14852),#8522);
#290=STYLED_ITEM('',(#14852),#8572);
#291=STYLED_ITEM('',(#14852),#8573);
#292=STYLED_ITEM('',(#14851),#8578);
#293=STYLED_ITEM('',(#14851),#8579);
#294=STYLED_ITEM('',(#14851),#8580);
#295=STYLED_ITEM('',(#14851),#8581);
#296=STYLED_ITEM('',(#14851),#8582);
#297=STYLED_ITEM('',(#14851),#8583);
#298=STYLED_ITEM('',(#14851),#8584);
#299=STYLED_ITEM('',(#14851),#8585);
#300=STYLED_ITEM('',(#14851),#8586);
#301=STYLED_ITEM('',(#14851),#8587);
#302=STYLED_ITEM('',(#14851),#8588);
#303=STYLED_ITEM('',(#14851),#8589);
#304=STYLED_ITEM('',(#14851),#8590);
#305=STYLED_ITEM('',(#14851),#8591);
#306=STYLED_ITEM('',(#14851),#8592);
#307=STYLED_ITEM('',(#14851),#8593);
#308=STYLED_ITEM('',(#14852),#8594);
#309=STYLED_ITEM('',(#14852),#8595);
#310=STYLED_ITEM('',(#14852),#8596);
#311=STYLED_ITEM('',(#14852),#8597);
#312=STYLED_ITEM('',(#14852),#8598);
#313=STYLED_ITEM('',(#14852),#8599);
#314=STYLED_ITEM('',(#14852),#8600);
#315=STYLED_ITEM('',(#14852),#8601);
#316=STYLED_ITEM('',(#14852),#8602);
#317=STYLED_ITEM('',(#14852),#8603);
#318=STYLED_ITEM('',(#14852),#8604);
#319=STYLED_ITEM('',(#14852),#8605);
#320=STYLED_ITEM('',(#14852),#8606);
#321=STYLED_ITEM('',(#14852),#8607);
#322=STYLED_ITEM('',(#14852),#8608);
#323=STYLED_ITEM('',(#14852),#8609);
#324=STYLED_ITEM('',(#14850),#8640);
#325=STYLED_ITEM('',(#14849),#8641);
#326=STYLED_ITEM('',(#14848),#8643);
#327=STYLED_ITEM('',(#14847),#8645);
#328=STYLED_ITEM('',(#14846),#343);
#329=MANIFOLD_SOLID_BREP('Body1',#8653);
#330=MANIFOLD_SOLID_BREP('Body1',#8654);
#331=MANIFOLD_SOLID_BREP('Body1',#8655);
#332=MANIFOLD_SOLID_BREP('Body2',#8656);
#333=MANIFOLD_SOLID_BREP('Body3',#8657);
#334=MANIFOLD_SOLID_BREP('Body4',#8658);
#335=MANIFOLD_SOLID_BREP('Body5',#8659);
#336=MANIFOLD_SOLID_BREP('Body6',#8660);
#337=MANIFOLD_SOLID_BREP('Body7',#8661);
#338=MANIFOLD_SOLID_BREP('Body8',#8662);
#339=MANIFOLD_SOLID_BREP('Body9',#8663);
#340=MANIFOLD_SOLID_BREP('Body10',#8664);
#341=MANIFOLD_SOLID_BREP('Body11',#8665);
#342=MANIFOLD_SOLID_BREP('Body1',#8666);
#343=MANIFOLD_SOLID_BREP('Body1',#8667);
#344=CONICAL_SURFACE('',#8756,1.5,0.0872664625997165);
#345=CONICAL_SURFACE('',#8875,10.65,0.785398163397442);
#346=CONICAL_SURFACE('',#8885,11.,0.785398163397447);
#347=CONICAL_SURFACE('',#8897,4.,0.785398163397447);
#348=CONICAL_SURFACE('',#8903,4.35,0.785398163397449);
#349=CONICAL_SURFACE('',#8927,2.00000000000002,0.785398163397446);
#350=CONICAL_SURFACE('',#9053,2.00000000000002,0.785398163397446);
#351=CONICAL_SURFACE('',#9056,2.00000000000001,0.785398163397446);
#352=CONICAL_SURFACE('',#9094,1.25,1.02974425867665);
#353=CONICAL_SURFACE('',#9098,1.25,1.02974425867665);
#354=CONICAL_SURFACE('',#9102,1.25,1.02974425867665);
#355=CONICAL_SURFACE('',#9106,1.25,1.02974425867665);
#356=FACE_BOUND('',#1226,.T.);
#357=FACE_BOUND('',#1228,.T.);
#358=FACE_BOUND('',#1231,.T.);
#359=FACE_BOUND('',#1233,.T.);
#360=FACE_BOUND('',#1236,.T.);
#361=FACE_BOUND('',#1238,.T.);
#362=FACE_BOUND('',#1244,.T.);
#363=FACE_BOUND('',#1251,.T.);
#364=FACE_BOUND('',#1253,.T.);
#365=FACE_BOUND('',#1256,.T.);
#366=FACE_BOUND('',#1297,.T.);
#367=FACE_BOUND('',#1299,.T.);
#368=FACE_BOUND('',#1304,.T.);
#369=FACE_BOUND('',#1305,.T.);
#370=FACE_BOUND('',#1315,.T.);
#371=FACE_BOUND('',#1316,.T.);
#372=FACE_BOUND('',#1317,.T.);
#373=FACE_BOUND('',#1330,.T.);
#374=FACE_BOUND('',#1332,.T.);
#375=FACE_BOUND('',#1334,.T.);
#376=FACE_BOUND('',#1342,.T.);
#377=FACE_BOUND('',#1344,.T.);
#378=FACE_BOUND('',#1352,.T.);
#379=FACE_BOUND('',#1354,.T.);
#380=FACE_BOUND('',#1360,.T.);
#381=FACE_BOUND('',#1362,.T.);
#382=FACE_BOUND('',#1364,.T.);
#383=FACE_BOUND('',#1421,.T.);
#384=FACE_BOUND('',#1424,.T.);
#385=FACE_BOUND('',#1428,.T.);
#386=FACE_BOUND('',#1429,.T.);
#387=FACE_BOUND('',#1455,.T.);
#388=FACE_BOUND('',#1457,.T.);
#389=FACE_BOUND('',#1459,.T.);
#390=FACE_BOUND('',#1461,.T.);
#391=FACE_BOUND('',#1463,.T.);
#392=FACE_BOUND('',#1465,.T.);
#393=FACE_BOUND('',#1466,.T.);
#394=FACE_BOUND('',#1467,.T.);
#395=FACE_BOUND('',#1468,.T.);
#396=FACE_BOUND('',#1469,.T.);
#397=FACE_BOUND('',#1485,.T.);
#398=FACE_BOUND('',#1486,.T.);
#399=FACE_BOUND('',#1487,.T.);
#400=FACE_BOUND('',#1488,.T.);
#401=FACE_BOUND('',#1489,.T.);
#402=FACE_BOUND('',#1507,.T.);
#403=FACE_BOUND('',#1509,.T.);
#404=FACE_BOUND('',#1514,.T.);
#405=FACE_BOUND('',#1516,.T.);
#406=FACE_BOUND('',#1650,.T.);
#407=FACE_BOUND('',#1651,.T.);
#408=FACE_BOUND('',#1753,.T.);
#409=FACE_BOUND('',#1764,.T.);
#410=FACE_BOUND('',#1769,.T.);
#411=FACE_BOUND('',#1772,.T.);
#412=FACE_BOUND('',#1775,.T.);
#413=PLANE('',#8729);
#414=PLANE('',#8731);
#415=PLANE('',#8736);
#416=PLANE('',#8738);
#417=PLANE('',#8743);
#418=PLANE('',#8745);
#419=PLANE('',#8754);
#420=PLANE('',#8759);
#421=PLANE('',#8763);
#422=PLANE('',#8766);
#423=PLANE('',#8767);
#424=PLANE('',#8770);
#425=PLANE('',#8775);
#426=PLANE('',#8779);
#427=PLANE('',#8783);
#428=PLANE('',#8787);
#429=PLANE('',#8788);
#430=PLANE('',#8789);
#431=PLANE('',#8790);
#432=PLANE('',#8791);
#433=PLANE('',#8792);
#434=PLANE('',#8793);
#435=PLANE('',#8794);
#436=PLANE('',#8795);
#437=PLANE('',#8796);
#438=PLANE('',#8797);
#439=PLANE('',#8798);
#440=PLANE('',#8799);
#441=PLANE('',#8800);
#442=PLANE('',#8801);
#443=PLANE('',#8802);
#444=PLANE('',#8803);
#445=PLANE('',#8804);
#446=PLANE('',#8805);
#447=PLANE('',#8807);
#448=PLANE('',#8808);
#449=PLANE('',#8811);
#450=PLANE('',#8812);
#451=PLANE('',#8813);
#452=PLANE('',#8814);
#453=PLANE('',#8817);
#454=PLANE('',#8818);
#455=PLANE('',#8820);
#456=PLANE('',#8823);
#457=PLANE('',#8824);
#458=PLANE('',#8825);
#459=PLANE('',#8826);
#460=PLANE('',#8827);
#461=PLANE('',#8828);
#462=PLANE('',#8829);
#463=PLANE('',#8830);
#464=PLANE('',#8833);
#465=PLANE('',#8834);
#466=PLANE('',#8835);
#467=PLANE('',#8836);
#468=PLANE('',#8837);
#469=PLANE('',#8838);
#470=PLANE('',#8839);
#471=PLANE('',#8840);
#472=PLANE('',#8868);
#473=PLANE('',#8869);
#474=PLANE('',#8870);
#475=PLANE('',#8887);
#476=PLANE('',#8888);
#477=PLANE('',#8905);
#478=PLANE('',#8906);
#479=PLANE('',#8919);
#480=PLANE('',#8920);
#481=PLANE('',#8921);
#482=PLANE('',#9109);
#483=PLANE('',#9110);
#484=PLANE('',#9111);
#485=PLANE('',#9112);
#486=PLANE('',#9113);
#487=PLANE('',#9114);
#488=PLANE('',#9115);
#489=PLANE('',#9116);
#490=PLANE('',#9117);
#491=PLANE('',#9118);
#492=PLANE('',#9119);
#493=PLANE('',#9122);
#494=PLANE('',#9124);
#495=PLANE('',#9137);
#496=PLANE('',#9141);
#497=PLANE('',#9145);
#498=PLANE('',#9147);
#499=PLANE('',#9149);
#500=PLANE('',#9150);
#501=PLANE('',#9151);
#502=PLANE('',#9152);
#503=PLANE('',#9153);
#504=PLANE('',#9154);
#505=PLANE('',#9155);
#506=PLANE('',#9156);
#507=PLANE('',#9157);
#508=PLANE('',#9158);
#509=PLANE('',#9159);
#510=PLANE('',#9160);
#511=PLANE('',#9161);
#512=PLANE('',#9162);
#513=PLANE('',#9163);
#514=PLANE('',#9164);
#515=PLANE('',#9165);
#516=PLANE('',#9166);
#517=PLANE('',#9167);
#518=PLANE('',#9168);
#519=PLANE('',#9169);
#520=PLANE('',#9170);
#521=PLANE('',#9171);
#522=PLANE('',#9172);
#523=PLANE('',#9173);
#524=PLANE('',#9174);
#525=PLANE('',#9201);
#526=PLANE('',#9202);
#527=PLANE('',#9203);
#528=PLANE('',#9204);
#529=PLANE('',#9207);
#530=PLANE('',#9210);
#531=PLANE('',#9213);
#532=PLANE('',#9214);
#533=PLANE('',#9215);
#534=PLANE('',#9216);
#535=PLANE('',#9219);
#536=PLANE('',#9220);
#537=PLANE('',#9221);
#538=PLANE('',#9222);
#539=PLANE('',#9223);
#540=PLANE('',#9224);
#541=PLANE('',#9225);
#542=PLANE('',#9226);
#543=PLANE('',#9227);
#544=PLANE('',#9228);
#545=PLANE('',#9231);
#546=PLANE('',#9233);
#547=PLANE('',#9236);
#548=PLANE('',#9237);
#549=PLANE('',#9238);
#550=PLANE('',#9239);
#551=PLANE('',#9240);
#552=PLANE('',#9243);
#553=PLANE('',#9244);
#554=PLANE('',#9245);
#555=PLANE('',#9246);
#556=PLANE('',#9247);
#557=PLANE('',#9248);
#558=PLANE('',#9249);
#559=PLANE('',#9250);
#560=PLANE('',#9251);
#561=PLANE('',#9252);
#562=PLANE('',#9253);
#563=PLANE('',#9254);
#564=PLANE('',#9255);
#565=PLANE('',#9256);
#566=PLANE('',#9257);
#567=PLANE('',#9258);
#568=PLANE('',#9259);
#569=PLANE('',#9260);
#570=PLANE('',#9261);
#571=PLANE('',#9262);
#572=PLANE('',#9351);
#573=PLANE('',#9352);
#574=PLANE('',#9353);
#575=PLANE('',#9354);
#576=PLANE('',#9355);
#577=PLANE('',#9356);
#578=PLANE('',#9357);
#579=PLANE('',#9358);
#580=PLANE('',#9359);
#581=PLANE('',#9360);
#582=PLANE('',#9361);
#583=PLANE('',#9362);
#584=PLANE('',#9363);
#585=PLANE('',#9364);
#586=PLANE('',#9365);
#587=PLANE('',#9366);
#588=PLANE('',#9367);
#589=PLANE('',#9368);
#590=PLANE('',#9369);
#591=PLANE('',#9370);
#592=PLANE('',#9371);
#593=PLANE('',#9372);
#594=PLANE('',#9373);
#595=PLANE('',#9374);
#596=PLANE('',#9375);
#597=PLANE('',#9376);
#598=PLANE('',#9377);
#599=PLANE('',#9378);
#600=PLANE('',#9379);
#601=PLANE('',#9380);
#602=PLANE('',#9381);
#603=PLANE('',#9382);
#604=PLANE('',#9383);
#605=PLANE('',#9384);
#606=PLANE('',#9385);
#607=PLANE('',#9386);
#608=PLANE('',#9387);
#609=PLANE('',#9388);
#610=PLANE('',#9389);
#611=PLANE('',#9390);
#612=PLANE('',#9391);
#613=PLANE('',#9392);
#614=PLANE('',#9393);
#615=PLANE('',#9394);
#616=PLANE('',#9395);
#617=PLANE('',#9396);
#618=PLANE('',#9397);
#619=PLANE('',#9398);
#620=PLANE('',#9399);
#621=PLANE('',#9400);
#622=PLANE('',#9401);
#623=PLANE('',#9402);
#624=PLANE('',#9403);
#625=PLANE('',#9404);
#626=PLANE('',#9405);
#627=PLANE('',#9406);
#628=PLANE('',#9407);
#629=PLANE('',#9408);
#630=PLANE('',#9409);
#631=PLANE('',#9410);
#632=PLANE('',#9411);
#633=PLANE('',#9412);
#634=PLANE('',#9413);
#635=PLANE('',#9414);
#636=PLANE('',#9415);
#637=PLANE('',#9416);
#638=PLANE('',#9417);
#639=PLANE('',#9418);
#640=PLANE('',#9419);
#641=PLANE('',#9420);
#642=PLANE('',#9421);
#643=PLANE('',#9422);
#644=PLANE('',#9424);
#645=PLANE('',#9427);
#646=PLANE('',#9428);
#647=PLANE('',#9431);
#648=PLANE('',#9440);
#649=PLANE('',#9441);
#650=PLANE('',#9442);
#651=PLANE('',#9443);
#652=PLANE('',#9444);
#653=PLANE('',#9445);
#654=PLANE('',#9446);
#655=PLANE('',#9447);
#656=PLANE('',#9448);
#657=PLANE('',#9449);
#658=PLANE('',#9452);
#659=PLANE('',#9453);
#660=PLANE('',#9456);
#661=PLANE('',#9457);
#662=PLANE('',#9458);
#663=PLANE('',#9459);
#664=PLANE('',#9460);
#665=PLANE('',#9461);
#666=PLANE('',#9462);
#667=PLANE('',#9463);
#668=PLANE('',#9464);
#669=PLANE('',#9465);
#670=PLANE('',#9466);
#671=PLANE('',#9467);
#672=PLANE('',#9468);
#673=PLANE('',#9469);
#674=PLANE('',#9470);
#675=PLANE('',#9471);
#676=PLANE('',#9472);
#677=PLANE('',#9473);
#678=PLANE('',#9474);
#679=PLANE('',#9475);
#680=PLANE('',#9476);
#681=PLANE('',#9477);
#682=PLANE('',#9478);
#683=PLANE('',#9479);
#684=PLANE('',#9480);
#685=PLANE('',#9481);
#686=PLANE('',#9482);
#687=PLANE('',#9483);
#688=PLANE('',#9484);
#689=PLANE('',#9485);
#690=PLANE('',#9486);
#691=PLANE('',#9487);
#692=PLANE('',#9554);
#693=PLANE('',#9555);
#694=PLANE('',#9556);
#695=PLANE('',#9557);
#696=PLANE('',#9558);
#697=PLANE('',#9563);
#698=PLANE('',#9564);
#699=PLANE('',#9565);
#700=PLANE('',#9566);
#701=PLANE('',#9567);
#702=PLANE('',#9580);
#703=PLANE('',#9581);
#704=PLANE('',#9582);
#705=PLANE('',#9583);
#706=PLANE('',#9584);
#707=PLANE('',#9585);
#708=PLANE('',#9586);
#709=PLANE('',#9587);
#710=PLANE('',#9588);
#711=PLANE('',#9589);
#712=PLANE('',#9590);
#713=PLANE('',#9591);
#714=PLANE('',#9592);
#715=PLANE('',#9593);
#716=PLANE('',#9594);
#717=PLANE('',#9595);
#718=PLANE('',#9596);
#719=PLANE('',#9597);
#720=PLANE('',#9598);
#721=PLANE('',#9599);
#722=PLANE('',#9600);
#723=FACE_OUTER_BOUND('',#1224,.T.);
#724=FACE_OUTER_BOUND('',#1225,.T.);
#725=FACE_OUTER_BOUND('',#1227,.T.);
#726=FACE_OUTER_BOUND('',#1229,.T.);
#727=FACE_OUTER_BOUND('',#1230,.T.);
#728=FACE_OUTER_BOUND('',#1232,.T.);
#729=FACE_OUTER_BOUND('',#1234,.T.);
#730=FACE_OUTER_BOUND('',#1235,.T.);
#731=FACE_OUTER_BOUND('',#1237,.T.);
#732=FACE_OUTER_BOUND('',#1239,.T.);
#733=FACE_OUTER_BOUND('',#1240,.T.);
#734=FACE_OUTER_BOUND('',#1241,.T.);
#735=FACE_OUTER_BOUND('',#1242,.T.);
#736=FACE_OUTER_BOUND('',#1243,.T.);
#737=FACE_OUTER_BOUND('',#1245,.T.);
#738=FACE_OUTER_BOUND('',#1246,.T.);
#739=FACE_OUTER_BOUND('',#1247,.T.);
#740=FACE_OUTER_BOUND('',#1248,.T.);
#741=FACE_OUTER_BOUND('',#1249,.T.);
#742=FACE_OUTER_BOUND('',#1250,.T.);
#743=FACE_OUTER_BOUND('',#1252,.T.);
#744=FACE_OUTER_BOUND('',#1254,.T.);
#745=FACE_OUTER_BOUND('',#1255,.T.);
#746=FACE_OUTER_BOUND('',#1257,.T.);
#747=FACE_OUTER_BOUND('',#1258,.T.);
#748=FACE_OUTER_BOUND('',#1259,.T.);
#749=FACE_OUTER_BOUND('',#1260,.T.);
#750=FACE_OUTER_BOUND('',#1261,.T.);
#751=FACE_OUTER_BOUND('',#1262,.T.);
#752=FACE_OUTER_BOUND('',#1263,.T.);
#753=FACE_OUTER_BOUND('',#1264,.T.);
#754=FACE_OUTER_BOUND('',#1265,.T.);
#755=FACE_OUTER_BOUND('',#1266,.T.);
#756=FACE_OUTER_BOUND('',#1267,.T.);
#757=FACE_OUTER_BOUND('',#1268,.T.);
#758=FACE_OUTER_BOUND('',#1269,.T.);
#759=FACE_OUTER_BOUND('',#1270,.T.);
#760=FACE_OUTER_BOUND('',#1271,.T.);
#761=FACE_OUTER_BOUND('',#1272,.T.);
#762=FACE_OUTER_BOUND('',#1273,.T.);
#763=FACE_OUTER_BOUND('',#1274,.T.);
#764=FACE_OUTER_BOUND('',#1275,.T.);
#765=FACE_OUTER_BOUND('',#1276,.T.);
#766=FACE_OUTER_BOUND('',#1277,.T.);
#767=FACE_OUTER_BOUND('',#1278,.T.);
#768=FACE_OUTER_BOUND('',#1279,.T.);
#769=FACE_OUTER_BOUND('',#1280,.T.);
#770=FACE_OUTER_BOUND('',#1281,.T.);
#771=FACE_OUTER_BOUND('',#1282,.T.);
#772=FACE_OUTER_BOUND('',#1283,.T.);
#773=FACE_OUTER_BOUND('',#1284,.T.);
#774=FACE_OUTER_BOUND('',#1285,.T.);
#775=FACE_OUTER_BOUND('',#1286,.T.);
#776=FACE_OUTER_BOUND('',#1287,.T.);
#777=FACE_OUTER_BOUND('',#1288,.T.);
#778=FACE_OUTER_BOUND('',#1289,.T.);
#779=FACE_OUTER_BOUND('',#1290,.T.);
#780=FACE_OUTER_BOUND('',#1291,.T.);
#781=FACE_OUTER_BOUND('',#1292,.T.);
#782=FACE_OUTER_BOUND('',#1293,.T.);
#783=FACE_OUTER_BOUND('',#1294,.T.);
#784=FACE_OUTER_BOUND('',#1295,.T.);
#785=FACE_OUTER_BOUND('',#1296,.T.);
#786=FACE_OUTER_BOUND('',#1298,.T.);
#787=FACE_OUTER_BOUND('',#1300,.T.);
#788=FACE_OUTER_BOUND('',#1301,.T.);
#789=FACE_OUTER_BOUND('',#1302,.T.);
#790=FACE_OUTER_BOUND('',#1303,.T.);
#791=FACE_OUTER_BOUND('',#1306,.T.);
#792=FACE_OUTER_BOUND('',#1307,.T.);
#793=FACE_OUTER_BOUND('',#1308,.T.);
#794=FACE_OUTER_BOUND('',#1309,.T.);
#795=FACE_OUTER_BOUND('',#1310,.T.);
#796=FACE_OUTER_BOUND('',#1311,.T.);
#797=FACE_OUTER_BOUND('',#1312,.T.);
#798=FACE_OUTER_BOUND('',#1313,.T.);
#799=FACE_OUTER_BOUND('',#1314,.T.);
#800=FACE_OUTER_BOUND('',#1318,.T.);
#801=FACE_OUTER_BOUND('',#1319,.T.);
#802=FACE_OUTER_BOUND('',#1320,.T.);
#803=FACE_OUTER_BOUND('',#1321,.T.);
#804=FACE_OUTER_BOUND('',#1322,.T.);
#805=FACE_OUTER_BOUND('',#1323,.T.);
#806=FACE_OUTER_BOUND('',#1324,.T.);
#807=FACE_OUTER_BOUND('',#1325,.T.);
#808=FACE_OUTER_BOUND('',#1326,.T.);
#809=FACE_OUTER_BOUND('',#1327,.T.);
#810=FACE_OUTER_BOUND('',#1328,.T.);
#811=FACE_OUTER_BOUND('',#1329,.T.);
#812=FACE_OUTER_BOUND('',#1331,.T.);
#813=FACE_OUTER_BOUND('',#1333,.T.);
#814=FACE_OUTER_BOUND('',#1335,.T.);
#815=FACE_OUTER_BOUND('',#1336,.T.);
#816=FACE_OUTER_BOUND('',#1337,.T.);
#817=FACE_OUTER_BOUND('',#1338,.T.);
#818=FACE_OUTER_BOUND('',#1339,.T.);
#819=FACE_OUTER_BOUND('',#1340,.T.);
#820=FACE_OUTER_BOUND('',#1341,.T.);
#821=FACE_OUTER_BOUND('',#1343,.T.);
#822=FACE_OUTER_BOUND('',#1345,.T.);
#823=FACE_OUTER_BOUND('',#1346,.T.);
#824=FACE_OUTER_BOUND('',#1347,.T.);
#825=FACE_OUTER_BOUND('',#1348,.T.);
#826=FACE_OUTER_BOUND('',#1349,.T.);
#827=FACE_OUTER_BOUND('',#1350,.T.);
#828=FACE_OUTER_BOUND('',#1351,.T.);
#829=FACE_OUTER_BOUND('',#1353,.T.);
#830=FACE_OUTER_BOUND('',#1355,.T.);
#831=FACE_OUTER_BOUND('',#1356,.T.);
#832=FACE_OUTER_BOUND('',#1357,.T.);
#833=FACE_OUTER_BOUND('',#1358,.T.);
#834=FACE_OUTER_BOUND('',#1359,.T.);
#835=FACE_OUTER_BOUND('',#1361,.T.);
#836=FACE_OUTER_BOUND('',#1363,.T.);
#837=FACE_OUTER_BOUND('',#1365,.T.);
#838=FACE_OUTER_BOUND('',#1366,.T.);
#839=FACE_OUTER_BOUND('',#1367,.T.);
#840=FACE_OUTER_BOUND('',#1368,.T.);
#841=FACE_OUTER_BOUND('',#1369,.T.);
#842=FACE_OUTER_BOUND('',#1370,.T.);
#843=FACE_OUTER_BOUND('',#1371,.T.);
#844=FACE_OUTER_BOUND('',#1372,.T.);
#845=FACE_OUTER_BOUND('',#1373,.T.);
#846=FACE_OUTER_BOUND('',#1374,.T.);
#847=FACE_OUTER_BOUND('',#1375,.T.);
#848=FACE_OUTER_BOUND('',#1376,.T.);
#849=FACE_OUTER_BOUND('',#1377,.T.);
#850=FACE_OUTER_BOUND('',#1378,.T.);
#851=FACE_OUTER_BOUND('',#1379,.T.);
#852=FACE_OUTER_BOUND('',#1380,.T.);
#853=FACE_OUTER_BOUND('',#1381,.T.);
#854=FACE_OUTER_BOUND('',#1382,.T.);
#855=FACE_OUTER_BOUND('',#1383,.T.);
#856=FACE_OUTER_BOUND('',#1384,.T.);
#857=FACE_OUTER_BOUND('',#1385,.T.);
#858=FACE_OUTER_BOUND('',#1386,.T.);
#859=FACE_OUTER_BOUND('',#1387,.T.);
#860=FACE_OUTER_BOUND('',#1388,.T.);
#861=FACE_OUTER_BOUND('',#1389,.T.);
#862=FACE_OUTER_BOUND('',#1390,.T.);
#863=FACE_OUTER_BOUND('',#1391,.T.);
#864=FACE_OUTER_BOUND('',#1392,.T.);
#865=FACE_OUTER_BOUND('',#1393,.T.);
#866=FACE_OUTER_BOUND('',#1394,.T.);
#867=FACE_OUTER_BOUND('',#1395,.T.);
#868=FACE_OUTER_BOUND('',#1396,.T.);
#869=FACE_OUTER_BOUND('',#1397,.T.);
#870=FACE_OUTER_BOUND('',#1398,.T.);
#871=FACE_OUTER_BOUND('',#1399,.T.);
#872=FACE_OUTER_BOUND('',#1400,.T.);
#873=FACE_OUTER_BOUND('',#1401,.T.);
#874=FACE_OUTER_BOUND('',#1402,.T.);
#875=FACE_OUTER_BOUND('',#1403,.T.);
#876=FACE_OUTER_BOUND('',#1404,.T.);
#877=FACE_OUTER_BOUND('',#1405,.T.);
#878=FACE_OUTER_BOUND('',#1406,.T.);
#879=FACE_OUTER_BOUND('',#1407,.T.);
#880=FACE_OUTER_BOUND('',#1408,.T.);
#881=FACE_OUTER_BOUND('',#1409,.T.);
#882=FACE_OUTER_BOUND('',#1410,.T.);
#883=FACE_OUTER_BOUND('',#1411,.T.);
#884=FACE_OUTER_BOUND('',#1412,.T.);
#885=FACE_OUTER_BOUND('',#1413,.T.);
#886=FACE_OUTER_BOUND('',#1414,.T.);
#887=FACE_OUTER_BOUND('',#1415,.T.);
#888=FACE_OUTER_BOUND('',#1416,.T.);
#889=FACE_OUTER_BOUND('',#1417,.T.);
#890=FACE_OUTER_BOUND('',#1418,.T.);
#891=FACE_OUTER_BOUND('',#1419,.T.);
#892=FACE_OUTER_BOUND('',#1420,.T.);
#893=FACE_OUTER_BOUND('',#1422,.T.);
#894=FACE_OUTER_BOUND('',#1423,.T.);
#895=FACE_OUTER_BOUND('',#1425,.T.);
#896=FACE_OUTER_BOUND('',#1426,.T.);
#897=FACE_OUTER_BOUND('',#1427,.T.);
#898=FACE_OUTER_BOUND('',#1430,.T.);
#899=FACE_OUTER_BOUND('',#1431,.T.);
#900=FACE_OUTER_BOUND('',#1432,.T.);
#901=FACE_OUTER_BOUND('',#1433,.T.);
#902=FACE_OUTER_BOUND('',#1434,.T.);
#903=FACE_OUTER_BOUND('',#1435,.T.);
#904=FACE_OUTER_BOUND('',#1436,.T.);
#905=FACE_OUTER_BOUND('',#1437,.T.);
#906=FACE_OUTER_BOUND('',#1438,.T.);
#907=FACE_OUTER_BOUND('',#1439,.T.);
#908=FACE_OUTER_BOUND('',#1440,.T.);
#909=FACE_OUTER_BOUND('',#1441,.T.);
#910=FACE_OUTER_BOUND('',#1442,.T.);
#911=FACE_OUTER_BOUND('',#1443,.T.);
#912=FACE_OUTER_BOUND('',#1444,.T.);
#913=FACE_OUTER_BOUND('',#1445,.T.);
#914=FACE_OUTER_BOUND('',#1446,.T.);
#915=FACE_OUTER_BOUND('',#1447,.T.);
#916=FACE_OUTER_BOUND('',#1448,.T.);
#917=FACE_OUTER_BOUND('',#1449,.T.);
#918=FACE_OUTER_BOUND('',#1450,.T.);
#919=FACE_OUTER_BOUND('',#1451,.T.);
#920=FACE_OUTER_BOUND('',#1452,.T.);
#921=FACE_OUTER_BOUND('',#1453,.T.);
#922=FACE_OUTER_BOUND('',#1454,.T.);
#923=FACE_OUTER_BOUND('',#1456,.T.);
#924=FACE_OUTER_BOUND('',#1458,.T.);
#925=FACE_OUTER_BOUND('',#1460,.T.);
#926=FACE_OUTER_BOUND('',#1462,.T.);
#927=FACE_OUTER_BOUND('',#1464,.T.);
#928=FACE_OUTER_BOUND('',#1470,.T.);
#929=FACE_OUTER_BOUND('',#1471,.T.);
#930=FACE_OUTER_BOUND('',#1472,.T.);
#931=FACE_OUTER_BOUND('',#1473,.T.);
#932=FACE_OUTER_BOUND('',#1474,.T.);
#933=FACE_OUTER_BOUND('',#1475,.T.);
#934=FACE_OUTER_BOUND('',#1476,.T.);
#935=FACE_OUTER_BOUND('',#1477,.T.);
#936=FACE_OUTER_BOUND('',#1478,.T.);
#937=FACE_OUTER_BOUND('',#1479,.T.);
#938=FACE_OUTER_BOUND('',#1480,.T.);
#939=FACE_OUTER_BOUND('',#1481,.T.);
#940=FACE_OUTER_BOUND('',#1482,.T.);
#941=FACE_OUTER_BOUND('',#1483,.T.);
#942=FACE_OUTER_BOUND('',#1484,.T.);
#943=FACE_OUTER_BOUND('',#1490,.T.);
#944=FACE_OUTER_BOUND('',#1491,.T.);
#945=FACE_OUTER_BOUND('',#1492,.T.);
#946=FACE_OUTER_BOUND('',#1493,.T.);
#947=FACE_OUTER_BOUND('',#1494,.T.);
#948=FACE_OUTER_BOUND('',#1495,.T.);
#949=FACE_OUTER_BOUND('',#1496,.T.);
#950=FACE_OUTER_BOUND('',#1497,.T.);
#951=FACE_OUTER_BOUND('',#1498,.T.);
#952=FACE_OUTER_BOUND('',#1499,.T.);
#953=FACE_OUTER_BOUND('',#1500,.T.);
#954=FACE_OUTER_BOUND('',#1501,.T.);
#955=FACE_OUTER_BOUND('',#1502,.T.);
#956=FACE_OUTER_BOUND('',#1503,.T.);
#957=FACE_OUTER_BOUND('',#1504,.T.);
#958=FACE_OUTER_BOUND('',#1505,.T.);
#959=FACE_OUTER_BOUND('',#1506,.T.);
#960=FACE_OUTER_BOUND('',#1508,.T.);
#961=FACE_OUTER_BOUND('',#1510,.T.);
#962=FACE_OUTER_BOUND('',#1511,.T.);
#963=FACE_OUTER_BOUND('',#1512,.T.);
#964=FACE_OUTER_BOUND('',#1513,.T.);
#965=FACE_OUTER_BOUND('',#1515,.T.);
#966=FACE_OUTER_BOUND('',#1517,.T.);
#967=FACE_OUTER_BOUND('',#1518,.T.);
#968=FACE_OUTER_BOUND('',#1519,.T.);
#969=FACE_OUTER_BOUND('',#1520,.T.);
#970=FACE_OUTER_BOUND('',#1521,.T.);
#971=FACE_OUTER_BOUND('',#1522,.T.);
#972=FACE_OUTER_BOUND('',#1523,.T.);
#973=FACE_OUTER_BOUND('',#1524,.T.);
#974=FACE_OUTER_BOUND('',#1525,.T.);
#975=FACE_OUTER_BOUND('',#1526,.T.);
#976=FACE_OUTER_BOUND('',#1527,.T.);
#977=FACE_OUTER_BOUND('',#1528,.T.);
#978=FACE_OUTER_BOUND('',#1529,.T.);
#979=FACE_OUTER_BOUND('',#1530,.T.);
#980=FACE_OUTER_BOUND('',#1531,.T.);
#981=FACE_OUTER_BOUND('',#1532,.T.);
#982=FACE_OUTER_BOUND('',#1533,.T.);
#983=FACE_OUTER_BOUND('',#1534,.T.);
#984=FACE_OUTER_BOUND('',#1535,.T.);
#985=FACE_OUTER_BOUND('',#1536,.T.);
#986=FACE_OUTER_BOUND('',#1537,.T.);
#987=FACE_OUTER_BOUND('',#1538,.T.);
#988=FACE_OUTER_BOUND('',#1539,.T.);
#989=FACE_OUTER_BOUND('',#1540,.T.);
#990=FACE_OUTER_BOUND('',#1541,.T.);
#991=FACE_OUTER_BOUND('',#1542,.T.);
#992=FACE_OUTER_BOUND('',#1543,.T.);
#993=FACE_OUTER_BOUND('',#1544,.T.);
#994=FACE_OUTER_BOUND('',#1545,.T.);
#995=FACE_OUTER_BOUND('',#1546,.T.);
#996=FACE_OUTER_BOUND('',#1547,.T.);
#997=FACE_OUTER_BOUND('',#1548,.T.);
#998=FACE_OUTER_BOUND('',#1549,.T.);
#999=FACE_OUTER_BOUND('',#1550,.T.);
#1000=FACE_OUTER_BOUND('',#1551,.T.);
#1001=FACE_OUTER_BOUND('',#1552,.T.);
#1002=FACE_OUTER_BOUND('',#1553,.T.);
#1003=FACE_OUTER_BOUND('',#1554,.T.);
#1004=FACE_OUTER_BOUND('',#1555,.T.);
#1005=FACE_OUTER_BOUND('',#1556,.T.);
#1006=FACE_OUTER_BOUND('',#1557,.T.);
#1007=FACE_OUTER_BOUND('',#1558,.T.);
#1008=FACE_OUTER_BOUND('',#1559,.T.);
#1009=FACE_OUTER_BOUND('',#1560,.T.);
#1010=FACE_OUTER_BOUND('',#1561,.T.);
#1011=FACE_OUTER_BOUND('',#1562,.T.);
#1012=FACE_OUTER_BOUND('',#1563,.T.);
#1013=FACE_OUTER_BOUND('',#1564,.T.);
#1014=FACE_OUTER_BOUND('',#1565,.T.);
#1015=FACE_OUTER_BOUND('',#1566,.T.);
#1016=FACE_OUTER_BOUND('',#1567,.T.);
#1017=FACE_OUTER_BOUND('',#1568,.T.);
#1018=FACE_OUTER_BOUND('',#1569,.T.);
#1019=FACE_OUTER_BOUND('',#1570,.T.);
#1020=FACE_OUTER_BOUND('',#1571,.T.);
#1021=FACE_OUTER_BOUND('',#1572,.T.);
#1022=FACE_OUTER_BOUND('',#1573,.T.);
#1023=FACE_OUTER_BOUND('',#1574,.T.);
#1024=FACE_OUTER_BOUND('',#1575,.T.);
#1025=FACE_OUTER_BOUND('',#1576,.T.);
#1026=FACE_OUTER_BOUND('',#1577,.T.);
#1027=FACE_OUTER_BOUND('',#1578,.T.);
#1028=FACE_OUTER_BOUND('',#1579,.T.);
#1029=FACE_OUTER_BOUND('',#1580,.T.);
#1030=FACE_OUTER_BOUND('',#1581,.T.);
#1031=FACE_OUTER_BOUND('',#1582,.T.);
#1032=FACE_OUTER_BOUND('',#1583,.T.);
#1033=FACE_OUTER_BOUND('',#1584,.T.);
#1034=FACE_OUTER_BOUND('',#1585,.T.);
#1035=FACE_OUTER_BOUND('',#1586,.T.);
#1036=FACE_OUTER_BOUND('',#1587,.T.);
#1037=FACE_OUTER_BOUND('',#1588,.T.);
#1038=FACE_OUTER_BOUND('',#1589,.T.);
#1039=FACE_OUTER_BOUND('',#1590,.T.);
#1040=FACE_OUTER_BOUND('',#1591,.T.);
#1041=FACE_OUTER_BOUND('',#1592,.T.);
#1042=FACE_OUTER_BOUND('',#1593,.T.);
#1043=FACE_OUTER_BOUND('',#1594,.T.);
#1044=FACE_OUTER_BOUND('',#1595,.T.);
#1045=FACE_OUTER_BOUND('',#1596,.T.);
#1046=FACE_OUTER_BOUND('',#1597,.T.);
#1047=FACE_OUTER_BOUND('',#1598,.T.);
#1048=FACE_OUTER_BOUND('',#1599,.T.);
#1049=FACE_OUTER_BOUND('',#1600,.T.);
#1050=FACE_OUTER_BOUND('',#1601,.T.);
#1051=FACE_OUTER_BOUND('',#1602,.T.);
#1052=FACE_OUTER_BOUND('',#1603,.T.);
#1053=FACE_OUTER_BOUND('',#1604,.T.);
#1054=FACE_OUTER_BOUND('',#1605,.T.);
#1055=FACE_OUTER_BOUND('',#1606,.T.);
#1056=FACE_OUTER_BOUND('',#1607,.T.);
#1057=FACE_OUTER_BOUND('',#1608,.T.);
#1058=FACE_OUTER_BOUND('',#1609,.T.);
#1059=FACE_OUTER_BOUND('',#1610,.T.);
#1060=FACE_OUTER_BOUND('',#1611,.T.);
#1061=FACE_OUTER_BOUND('',#1612,.T.);
#1062=FACE_OUTER_BOUND('',#1613,.T.);
#1063=FACE_OUTER_BOUND('',#1614,.T.);
#1064=FACE_OUTER_BOUND('',#1615,.T.);
#1065=FACE_OUTER_BOUND('',#1616,.T.);
#1066=FACE_OUTER_BOUND('',#1617,.T.);
#1067=FACE_OUTER_BOUND('',#1618,.T.);
#1068=FACE_OUTER_BOUND('',#1619,.T.);
#1069=FACE_OUTER_BOUND('',#1620,.T.);
#1070=FACE_OUTER_BOUND('',#1621,.T.);
#1071=FACE_OUTER_BOUND('',#1622,.T.);
#1072=FACE_OUTER_BOUND('',#1623,.T.);
#1073=FACE_OUTER_BOUND('',#1624,.T.);
#1074=FACE_OUTER_BOUND('',#1625,.T.);
#1075=FACE_OUTER_BOUND('',#1626,.T.);
#1076=FACE_OUTER_BOUND('',#1627,.T.);
#1077=FACE_OUTER_BOUND('',#1628,.T.);
#1078=FACE_OUTER_BOUND('',#1629,.T.);
#1079=FACE_OUTER_BOUND('',#1630,.T.);
#1080=FACE_OUTER_BOUND('',#1631,.T.);
#1081=FACE_OUTER_BOUND('',#1632,.T.);
#1082=FACE_OUTER_BOUND('',#1633,.T.);
#1083=FACE_OUTER_BOUND('',#1634,.T.);
#1084=FACE_OUTER_BOUND('',#1635,.T.);
#1085=FACE_OUTER_BOUND('',#1636,.T.);
#1086=FACE_OUTER_BOUND('',#1637,.T.);
#1087=FACE_OUTER_BOUND('',#1638,.T.);
#1088=FACE_OUTER_BOUND('',#1639,.T.);
#1089=FACE_OUTER_BOUND('',#1640,.T.);
#1090=FACE_OUTER_BOUND('',#1641,.T.);
#1091=FACE_OUTER_BOUND('',#1642,.T.);
#1092=FACE_OUTER_BOUND('',#1643,.T.);
#1093=FACE_OUTER_BOUND('',#1644,.T.);
#1094=FACE_OUTER_BOUND('',#1645,.T.);
#1095=FACE_OUTER_BOUND('',#1646,.T.);
#1096=FACE_OUTER_BOUND('',#1647,.T.);
#1097=FACE_OUTER_BOUND('',#1648,.T.);
#1098=FACE_OUTER_BOUND('',#1649,.T.);
#1099=FACE_OUTER_BOUND('',#1652,.T.);
#1100=FACE_OUTER_BOUND('',#1653,.T.);
#1101=FACE_OUTER_BOUND('',#1654,.T.);
#1102=FACE_OUTER_BOUND('',#1655,.T.);
#1103=FACE_OUTER_BOUND('',#1656,.T.);
#1104=FACE_OUTER_BOUND('',#1657,.T.);
#1105=FACE_OUTER_BOUND('',#1658,.T.);
#1106=FACE_OUTER_BOUND('',#1659,.T.);
#1107=FACE_OUTER_BOUND('',#1660,.T.);
#1108=FACE_OUTER_BOUND('',#1661,.T.);
#1109=FACE_OUTER_BOUND('',#1662,.T.);
#1110=FACE_OUTER_BOUND('',#1663,.T.);
#1111=FACE_OUTER_BOUND('',#1664,.T.);
#1112=FACE_OUTER_BOUND('',#1665,.T.);
#1113=FACE_OUTER_BOUND('',#1666,.T.);
#1114=FACE_OUTER_BOUND('',#1667,.T.);
#1115=FACE_OUTER_BOUND('',#1668,.T.);
#1116=FACE_OUTER_BOUND('',#1669,.T.);
#1117=FACE_OUTER_BOUND('',#1670,.T.);
#1118=FACE_OUTER_BOUND('',#1671,.T.);
#1119=FACE_OUTER_BOUND('',#1672,.T.);
#1120=FACE_OUTER_BOUND('',#1673,.T.);
#1121=FACE_OUTER_BOUND('',#1674,.T.);
#1122=FACE_OUTER_BOUND('',#1675,.T.);
#1123=FACE_OUTER_BOUND('',#1676,.T.);
#1124=FACE_OUTER_BOUND('',#1677,.T.);
#1125=FACE_OUTER_BOUND('',#1678,.T.);
#1126=FACE_OUTER_BOUND('',#1679,.T.);
#1127=FACE_OUTER_BOUND('',#1680,.T.);
#1128=FACE_OUTER_BOUND('',#1681,.T.);
#1129=FACE_OUTER_BOUND('',#1682,.T.);
#1130=FACE_OUTER_BOUND('',#1683,.T.);
#1131=FACE_OUTER_BOUND('',#1684,.T.);
#1132=FACE_OUTER_BOUND('',#1685,.T.);
#1133=FACE_OUTER_BOUND('',#1686,.T.);
#1134=FACE_OUTER_BOUND('',#1687,.T.);
#1135=FACE_OUTER_BOUND('',#1688,.T.);
#1136=FACE_OUTER_BOUND('',#1689,.T.);
#1137=FACE_OUTER_BOUND('',#1690,.T.);
#1138=FACE_OUTER_BOUND('',#1691,.T.);
#1139=FACE_OUTER_BOUND('',#1692,.T.);
#1140=FACE_OUTER_BOUND('',#1693,.T.);
#1141=FACE_OUTER_BOUND('',#1694,.T.);
#1142=FACE_OUTER_BOUND('',#1695,.T.);
#1143=FACE_OUTER_BOUND('',#1696,.T.);
#1144=FACE_OUTER_BOUND('',#1697,.T.);
#1145=FACE_OUTER_BOUND('',#1698,.T.);
#1146=FACE_OUTER_BOUND('',#1699,.T.);
#1147=FACE_OUTER_BOUND('',#1700,.T.);
#1148=FACE_OUTER_BOUND('',#1701,.T.);
#1149=FACE_OUTER_BOUND('',#1702,.T.);
#1150=FACE_OUTER_BOUND('',#1703,.T.);
#1151=FACE_OUTER_BOUND('',#1704,.T.);
#1152=FACE_OUTER_BOUND('',#1705,.T.);
#1153=FACE_OUTER_BOUND('',#1706,.T.);
#1154=FACE_OUTER_BOUND('',#1707,.T.);
#1155=FACE_OUTER_BOUND('',#1708,.T.);
#1156=FACE_OUTER_BOUND('',#1709,.T.);
#1157=FACE_OUTER_BOUND('',#1710,.T.);
#1158=FACE_OUTER_BOUND('',#1711,.T.);
#1159=FACE_OUTER_BOUND('',#1712,.T.);
#1160=FACE_OUTER_BOUND('',#1713,.T.);
#1161=FACE_OUTER_BOUND('',#1714,.T.);
#1162=FACE_OUTER_BOUND('',#1715,.T.);
#1163=FACE_OUTER_BOUND('',#1716,.T.);
#1164=FACE_OUTER_BOUND('',#1717,.T.);
#1165=FACE_OUTER_BOUND('',#1718,.T.);
#1166=FACE_OUTER_BOUND('',#1719,.T.);
#1167=FACE_OUTER_BOUND('',#1720,.T.);
#1168=FACE_OUTER_BOUND('',#1721,.T.);
#1169=FACE_OUTER_BOUND('',#1722,.T.);
#1170=FACE_OUTER_BOUND('',#1723,.T.);
#1171=FACE_OUTER_BOUND('',#1724,.T.);
#1172=FACE_OUTER_BOUND('',#1725,.T.);
#1173=FACE_OUTER_BOUND('',#1726,.T.);
#1174=FACE_OUTER_BOUND('',#1727,.T.);
#1175=FACE_OUTER_BOUND('',#1728,.T.);
#1176=FACE_OUTER_BOUND('',#1729,.T.);
#1177=FACE_OUTER_BOUND('',#1730,.T.);
#1178=FACE_OUTER_BOUND('',#1731,.T.);
#1179=FACE_OUTER_BOUND('',#1732,.T.);
#1180=FACE_OUTER_BOUND('',#1733,.T.);
#1181=FACE_OUTER_BOUND('',#1734,.T.);
#1182=FACE_OUTER_BOUND('',#1735,.T.);
#1183=FACE_OUTER_BOUND('',#1736,.T.);
#1184=FACE_OUTER_BOUND('',#1737,.T.);
#1185=FACE_OUTER_BOUND('',#1738,.T.);
#1186=FACE_OUTER_BOUND('',#1739,.T.);
#1187=FACE_OUTER_BOUND('',#1740,.T.);
#1188=FACE_OUTER_BOUND('',#1741,.T.);
#1189=FACE_OUTER_BOUND('',#1742,.T.);
#1190=FACE_OUTER_BOUND('',#1743,.T.);
#1191=FACE_OUTER_BOUND('',#1744,.T.);
#1192=FACE_OUTER_BOUND('',#1745,.T.);
#1193=FACE_OUTER_BOUND('',#1746,.T.);
#1194=FACE_OUTER_BOUND('',#1747,.T.);
#1195=FACE_OUTER_BOUND('',#1748,.T.);
#1196=FACE_OUTER_BOUND('',#1749,.T.);
#1197=FACE_OUTER_BOUND('',#1750,.T.);
#1198=FACE_OUTER_BOUND('',#1751,.T.);
#1199=FACE_OUTER_BOUND('',#1752,.T.);
#1200=FACE_OUTER_BOUND('',#1754,.T.);
#1201=FACE_OUTER_BOUND('',#1755,.T.);
#1202=FACE_OUTER_BOUND('',#1756,.T.);
#1203=FACE_OUTER_BOUND('',#1757,.T.);
#1204=FACE_OUTER_BOUND('',#1758,.T.);
#1205=FACE_OUTER_BOUND('',#1759,.T.);
#1206=FACE_OUTER_BOUND('',#1760,.T.);
#1207=FACE_OUTER_BOUND('',#1761,.T.);
#1208=FACE_OUTER_BOUND('',#1762,.T.);
#1209=FACE_OUTER_BOUND('',#1763,.T.);
#1210=FACE_OUTER_BOUND('',#1765,.T.);
#1211=FACE_OUTER_BOUND('',#1766,.T.);
#1212=FACE_OUTER_BOUND('',#1767,.T.);
#1213=FACE_OUTER_BOUND('',#1768,.T.);
#1214=FACE_OUTER_BOUND('',#1770,.T.);
#1215=FACE_OUTER_BOUND('',#1771,.T.);
#1216=FACE_OUTER_BOUND('',#1773,.T.);
#1217=FACE_OUTER_BOUND('',#1774,.T.);
#1218=FACE_OUTER_BOUND('',#1776,.T.);
#1219=FACE_OUTER_BOUND('',#1777,.T.);
#1220=FACE_OUTER_BOUND('',#1778,.T.);
#1221=FACE_OUTER_BOUND('',#1779,.T.);
#1222=FACE_OUTER_BOUND('',#1780,.T.);
#1223=FACE_OUTER_BOUND('',#1781,.T.);
#1224=EDGE_LOOP('',(#5633,#5634,#5635,#5636));
#1225=EDGE_LOOP('',(#5637));
#1226=EDGE_LOOP('',(#5638));
#1227=EDGE_LOOP('',(#5639));
#1228=EDGE_LOOP('',(#5640));
#1229=EDGE_LOOP('',(#5641,#5642,#5643,#5644));
#1230=EDGE_LOOP('',(#5645));
#1231=EDGE_LOOP('',(#5646));
#1232=EDGE_LOOP('',(#5647));
#1233=EDGE_LOOP('',(#5648));
#1234=EDGE_LOOP('',(#5649,#5650,#5651,#5652));
#1235=EDGE_LOOP('',(#5653));
#1236=EDGE_LOOP('',(#5654));
#1237=EDGE_LOOP('',(#5655));
#1238=EDGE_LOOP('',(#5656));
#1239=EDGE_LOOP('',(#5657,#5658,#5659,#5660));
#1240=EDGE_LOOP('',(#5661,#5662,#5663,#5664));
#1241=EDGE_LOOP('',(#5665,#5666,#5667,#5668));
#1242=EDGE_LOOP('',(#5669,#5670,#5671,#5672));
#1243=EDGE_LOOP('',(#5673));
#1244=EDGE_LOOP('',(#5674));
#1245=EDGE_LOOP('',(#5675,#5676,#5677,#5678));
#1246=EDGE_LOOP('',(#5679));
#1247=EDGE_LOOP('',(#5680,#5681,#5682,#5683));
#1248=EDGE_LOOP('',(#5684));
#1249=EDGE_LOOP('',(#5685,#5686,#5687,#5688));
#1250=EDGE_LOOP('',(#5689));
#1251=EDGE_LOOP('',(#5690));
#1252=EDGE_LOOP('',(#5691));
#1253=EDGE_LOOP('',(#5692));
#1254=EDGE_LOOP('',(#5693,#5694,#5695,#5696));
#1255=EDGE_LOOP('',(#5697));
#1256=EDGE_LOOP('',(#5698));
#1257=EDGE_LOOP('',(#5699,#5700,#5701,#5702));
#1258=EDGE_LOOP('',(#5703));
#1259=EDGE_LOOP('',(#5704,#5705,#5706,#5707));
#1260=EDGE_LOOP('',(#5708));
#1261=EDGE_LOOP('',(#5709,#5710,#5711,#5712));
#1262=EDGE_LOOP('',(#5713));
#1263=EDGE_LOOP('',(#5714,#5715,#5716,#5717));
#1264=EDGE_LOOP('',(#5718));
#1265=EDGE_LOOP('',(#5719,#5720,#5721,#5722));
#1266=EDGE_LOOP('',(#5723,#5724,#5725,#5726));
#1267=EDGE_LOOP('',(#5727,#5728,#5729,#5730));
#1268=EDGE_LOOP('',(#5731,#5732,#5733,#5734));
#1269=EDGE_LOOP('',(#5735,#5736,#5737,#5738));
#1270=EDGE_LOOP('',(#5739,#5740,#5741,#5742));
#1271=EDGE_LOOP('',(#5743,#5744,#5745,#5746));
#1272=EDGE_LOOP('',(#5747,#5748,#5749,#5750));
#1273=EDGE_LOOP('',(#5751,#5752,#5753,#5754));
#1274=EDGE_LOOP('',(#5755,#5756,#5757,#5758));
#1275=EDGE_LOOP('',(#5759,#5760,#5761,#5762));
#1276=EDGE_LOOP('',(#5763,#5764,#5765,#5766,#5767,#5768,#5769,#5770));
#1277=EDGE_LOOP('',(#5771,#5772,#5773,#5774));
#1278=EDGE_LOOP('',(#5775,#5776,#5777,#5778));
#1279=EDGE_LOOP('',(#5779,#5780,#5781,#5782));
#1280=EDGE_LOOP('',(#5783,#5784,#5785,#5786));
#1281=EDGE_LOOP('',(#5787,#5788,#5789,#5790,#5791,#5792,#5793,#5794));
#1282=EDGE_LOOP('',(#5795,#5796,#5797,#5798,#5799,#5800,#5801,#5802,#5803,
#5804,#5805,#5806,#5807));
#1283=EDGE_LOOP('',(#5808,#5809,#5810,#5811));
#1284=EDGE_LOOP('',(#5812,#5813,#5814,#5815,#5816,#5817,#5818,#5819,#5820,
#5821,#5822,#5823,#5824,#5825,#5826,#5827,#5828));
#1285=EDGE_LOOP('',(#5829,#5830,#5831,#5832));
#1286=EDGE_LOOP('',(#5833,#5834,#5835,#5836));
#1287=EDGE_LOOP('',(#5837,#5838,#5839,#5840));
#1288=EDGE_LOOP('',(#5841,#5842,#5843,#5844));
#1289=EDGE_LOOP('',(#5845,#5846,#5847,#5848));
#1290=EDGE_LOOP('',(#5849,#5850,#5851,#5852));
#1291=EDGE_LOOP('',(#5853,#5854,#5855,#5856,#5857,#5858,#5859,#5860));
#1292=EDGE_LOOP('',(#5861,#5862,#5863,#5864));
#1293=EDGE_LOOP('',(#5865,#5866,#5867,#5868));
#1294=EDGE_LOOP('',(#5869,#5870,#5871,#5872));
#1295=EDGE_LOOP('',(#5873,#5874,#5875,#5876));
#1296=EDGE_LOOP('',(#5877,#5878,#5879,#5880,#5881,#5882));
#1297=EDGE_LOOP('',(#5883));
#1298=EDGE_LOOP('',(#5884,#5885,#5886,#5887));
#1299=EDGE_LOOP('',(#5888));
#1300=EDGE_LOOP('',(#5889,#5890,#5891,#5892));
#1301=EDGE_LOOP('',(#5893,#5894,#5895,#5896));
#1302=EDGE_LOOP('',(#5897,#5898,#5899,#5900));
#1303=EDGE_LOOP('',(#5901,#5902,#5903,#5904,#5905,#5906,#5907,#5908));
#1304=EDGE_LOOP('',(#5909));
#1305=EDGE_LOOP('',(#5910));
#1306=EDGE_LOOP('',(#5911,#5912,#5913,#5914,#5915,#5916));
#1307=EDGE_LOOP('',(#5917,#5918,#5919,#5920));
#1308=EDGE_LOOP('',(#5921,#5922,#5923,#5924,#5925,#5926,#5927,#5928,#5929,
#5930,#5931,#5932));
#1309=EDGE_LOOP('',(#5933,#5934,#5935,#5936,#5937,#5938,#5939,#5940));
#1310=EDGE_LOOP('',(#5941,#5942,#5943,#5944));
#1311=EDGE_LOOP('',(#5945,#5946,#5947,#5948));
#1312=EDGE_LOOP('',(#5949,#5950,#5951,#5952,#5953,#5954,#5955,#5956,#5957,
#5958,#5959,#5960));
#1313=EDGE_LOOP('',(#5961,#5962,#5963,#5964));
#1314=EDGE_LOOP('',(#5965,#5966,#5967,#5968));
#1315=EDGE_LOOP('',(#5969,#5970,#5971,#5972));
#1316=EDGE_LOOP('',(#5973,#5974,#5975,#5976));
#1317=EDGE_LOOP('',(#5977,#5978,#5979,#5980));
#1318=EDGE_LOOP('',(#5981,#5982));
#1319=EDGE_LOOP('',(#5983,#5984));
#1320=EDGE_LOOP('',(#5985,#5986));
#1321=EDGE_LOOP('',(#5987,#5988));
#1322=EDGE_LOOP('',(#5989,#5990));
#1323=EDGE_LOOP('',(#5991,#5992));
#1324=EDGE_LOOP('',(#5993,#5994));
#1325=EDGE_LOOP('',(#5995,#5996,#5997,#5998));
#1326=EDGE_LOOP('',(#5999,#6000,#6001,#6002));
#1327=EDGE_LOOP('',(#6003,#6004,#6005,#6006));
#1328=EDGE_LOOP('',(#6007,#6008,#6009,#6010));
#1329=EDGE_LOOP('',(#6011));
#1330=EDGE_LOOP('',(#6012));
#1331=EDGE_LOOP('',(#6013));
#1332=EDGE_LOOP('',(#6014));
#1333=EDGE_LOOP('',(#6015));
#1334=EDGE_LOOP('',(#6016));
#1335=EDGE_LOOP('',(#6017,#6018,#6019,#6020,#6021));
#1336=EDGE_LOOP('',(#6022,#6023,#6024,#6025));
#1337=EDGE_LOOP('',(#6026,#6027,#6028,#6029));
#1338=EDGE_LOOP('',(#6030,#6031,#6032,#6033));
#1339=EDGE_LOOP('',(#6034,#6035,#6036,#6037));
#1340=EDGE_LOOP('',(#6038,#6039,#6040,#6041,#6042));
#1341=EDGE_LOOP('',(#6043));
#1342=EDGE_LOOP('',(#6044));
#1343=EDGE_LOOP('',(#6045));
#1344=EDGE_LOOP('',(#6046));
#1345=EDGE_LOOP('',(#6047,#6048,#6049,#6050));
#1346=EDGE_LOOP('',(#6051,#6052,#6053,#6054));
#1347=EDGE_LOOP('',(#6055,#6056,#6057,#6058));
#1348=EDGE_LOOP('',(#6059,#6060,#6061,#6062,#6063));
#1349=EDGE_LOOP('',(#6064,#6065,#6066,#6067,#6068));
#1350=EDGE_LOOP('',(#6069,#6070,#6071,#6072));
#1351=EDGE_LOOP('',(#6073));
#1352=EDGE_LOOP('',(#6074));
#1353=EDGE_LOOP('',(#6075));
#1354=EDGE_LOOP('',(#6076));
#1355=EDGE_LOOP('',(#6077,#6078,#6079,#6080));
#1356=EDGE_LOOP('',(#6081,#6082,#6083,#6084));
#1357=EDGE_LOOP('',(#6085,#6086,#6087,#6088));
#1358=EDGE_LOOP('',(#6089,#6090,#6091,#6092));
#1359=EDGE_LOOP('',(#6093));
#1360=EDGE_LOOP('',(#6094));
#1361=EDGE_LOOP('',(#6095));
#1362=EDGE_LOOP('',(#6096));
#1363=EDGE_LOOP('',(#6097));
#1364=EDGE_LOOP('',(#6098));
#1365=EDGE_LOOP('',(#6099,#6100,#6101,#6102));
#1366=EDGE_LOOP('',(#6103,#6104,#6105,#6106));
#1367=EDGE_LOOP('',(#6107,#6108,#6109,#6110));
#1368=EDGE_LOOP('',(#6111,#6112,#6113,#6114));
#1369=EDGE_LOOP('',(#6115,#6116,#6117,#6118));
#1370=EDGE_LOOP('',(#6119,#6120,#6121,#6122,#6123));
#1371=EDGE_LOOP('',(#6124,#6125,#6126,#6127));
#1372=EDGE_LOOP('',(#6128,#6129,#6130,#6131,#6132));
#1373=EDGE_LOOP('',(#6133,#6134,#6135,#6136));
#1374=EDGE_LOOP('',(#6137,#6138,#6139,#6140,#6141));
#1375=EDGE_LOOP('',(#6142,#6143,#6144,#6145));
#1376=EDGE_LOOP('',(#6146,#6147,#6148,#6149,#6150,#6151,#6152));
#1377=EDGE_LOOP('',(#6153,#6154,#6155,#6156,#6157,#6158,#6159,#6160,#6161,
#6162,#6163,#6164,#6165,#6166,#6167,#6168,#6169,#6170,#6171,#6172,#6173,
#6174,#6175,#6176,#6177));
#1378=EDGE_LOOP('',(#6178,#6179,#6180,#6181,#6182,#6183,#6184,#6185,#6186,
#6187,#6188,#6189,#6190,#6191,#6192,#6193,#6194,#6195,#6196,#6197,#6198,
#6199,#6200,#6201,#6202));
#1379=EDGE_LOOP('',(#6203,#6204,#6205,#6206,#6207,#6208,#6209,#6210,#6211,
#6212,#6213,#6214,#6215,#6216,#6217,#6218,#6219,#6220,#6221,#6222,#6223,
#6224,#6225,#6226,#6227));
#1380=EDGE_LOOP('',(#6228,#6229,#6230,#6231,#6232,#6233,#6234,#6235,#6236,
#6237,#6238,#6239,#6240,#6241,#6242,#6243,#6244,#6245,#6246,#6247,#6248,
#6249,#6250,#6251,#6252));
#1381=EDGE_LOOP('',(#6253,#6254,#6255,#6256,#6257));
#1382=EDGE_LOOP('',(#6258,#6259,#6260,#6261));
#1383=EDGE_LOOP('',(#6262,#6263,#6264,#6265));
#1384=EDGE_LOOP('',(#6266,#6267,#6268,#6269));
#1385=EDGE_LOOP('',(#6270,#6271,#6272,#6273));
#1386=EDGE_LOOP('',(#6274,#6275,#6276,#6277));
#1387=EDGE_LOOP('',(#6278,#6279,#6280,#6281));
#1388=EDGE_LOOP('',(#6282,#6283,#6284,#6285));
#1389=EDGE_LOOP('',(#6286,#6287,#6288,#6289,#6290));
#1390=EDGE_LOOP('',(#6291,#6292,#6293,#6294,#6295));
#1391=EDGE_LOOP('',(#6296,#6297,#6298,#6299,#6300));
#1392=EDGE_LOOP('',(#6301,#6302,#6303,#6304,#6305));
#1393=EDGE_LOOP('',(#6306,#6307,#6308,#6309,#6310));
#1394=EDGE_LOOP('',(#6311,#6312,#6313,#6314));
#1395=EDGE_LOOP('',(#6315,#6316,#6317,#6318));
#1396=EDGE_LOOP('',(#6319,#6320,#6321,#6322));
#1397=EDGE_LOOP('',(#6323,#6324,#6325,#6326));
#1398=EDGE_LOOP('',(#6327,#6328,#6329,#6330,#6331));
#1399=EDGE_LOOP('',(#6332,#6333,#6334,#6335));
#1400=EDGE_LOOP('',(#6336,#6337,#6338,#6339));
#1401=EDGE_LOOP('',(#6340,#6341,#6342,#6343,#6344,#6345,#6346,#6347));
#1402=EDGE_LOOP('',(#6348,#6349,#6350,#6351));
#1403=EDGE_LOOP('',(#6352,#6353,#6354,#6355));
#1404=EDGE_LOOP('',(#6356,#6357,#6358,#6359));
#1405=EDGE_LOOP('',(#6360,#6361,#6362));
#1406=EDGE_LOOP('',(#6363,#6364,#6365,#6366));
#1407=EDGE_LOOP('',(#6367,#6368,#6369));
#1408=EDGE_LOOP('',(#6370,#6371,#6372,#6373));
#1409=EDGE_LOOP('',(#6374,#6375,#6376));
#1410=EDGE_LOOP('',(#6377,#6378,#6379,#6380));
#1411=EDGE_LOOP('',(#6381,#6382,#6383));
#1412=EDGE_LOOP('',(#6384,#6385,#6386,#6387,#6388));
#1413=EDGE_LOOP('',(#6389,#6390,#6391,#6392,#6393));
#1414=EDGE_LOOP('',(#6394,#6395,#6396,#6397));
#1415=EDGE_LOOP('',(#6398,#6399,#6400,#6401));
#1416=EDGE_LOOP('',(#6402,#6403,#6404,#6405,#6406,#6407,#6408,#6409,#6410,
#6411,#6412,#6413,#6414,#6415,#6416,#6417,#6418,#6419,#6420,#6421));
#1417=EDGE_LOOP('',(#6422,#6423,#6424,#6425,#6426,#6427,#6428));
#1418=EDGE_LOOP('',(#6429,#6430,#6431,#6432,#6433,#6434,#6435));
#1419=EDGE_LOOP('',(#6436,#6437,#6438,#6439));
#1420=EDGE_LOOP('',(#6440,#6441,#6442,#6443));
#1421=EDGE_LOOP('',(#6444));
#1422=EDGE_LOOP('',(#6445,#6446,#6447,#6448,#6449,#6450,#6451));
#1423=EDGE_LOOP('',(#6452,#6453,#6454,#6455));
#1424=EDGE_LOOP('',(#6456));
#1425=EDGE_LOOP('',(#6457,#6458,#6459,#6460,#6461,#6462,#6463,#6464,#6465,
#6466));
#1426=EDGE_LOOP('',(#6467,#6468,#6469,#6470,#6471,#6472,#6473,#6474));
#1427=EDGE_LOOP('',(#6475,#6476,#6477,#6478));
#1428=EDGE_LOOP('',(#6479,#6480,#6481,#6482,#6483,#6484,#6485,#6486));
#1429=EDGE_LOOP('',(#6487,#6488,#6489,#6490,#6491,#6492,#6493,#6494,#6495,
#6496,#6497,#6498,#6499,#6500,#6501,#6502,#6503,#6504));
#1430=EDGE_LOOP('',(#6505,#6506,#6507,#6508,#6509,#6510,#6511,#6512,#6513));
#1431=EDGE_LOOP('',(#6514,#6515,#6516,#6517,#6518,#6519,#6520,#6521,#6522));
#1432=EDGE_LOOP('',(#6523,#6524,#6525,#6526,#6527,#6528,#6529,#6530,#6531));
#1433=EDGE_LOOP('',(#6532,#6533,#6534,#6535,#6536,#6537,#6538,#6539,#6540));
#1434=EDGE_LOOP('',(#6541,#6542,#6543));
#1435=EDGE_LOOP('',(#6544,#6545,#6546));
#1436=EDGE_LOOP('',(#6547,#6548));
#1437=EDGE_LOOP('',(#6549,#6550,#6551));
#1438=EDGE_LOOP('',(#6552,#6553,#6554));
#1439=EDGE_LOOP('',(#6555,#6556,#6557));
#1440=EDGE_LOOP('',(#6558,#6559));
#1441=EDGE_LOOP('',(#6560,#6561,#6562));
#1442=EDGE_LOOP('',(#6563,#6564,#6565));
#1443=EDGE_LOOP('',(#6566,#6567));
#1444=EDGE_LOOP('',(#6568,#6569,#6570));
#1445=EDGE_LOOP('',(#6571,#6572,#6573));
#1446=EDGE_LOOP('',(#6574,#6575));
#1447=EDGE_LOOP('',(#6576,#6577,#6578));
#1448=EDGE_LOOP('',(#6579,#6580,#6581));
#1449=EDGE_LOOP('',(#6582,#6583,#6584));
#1450=EDGE_LOOP('',(#6585,#6586));
#1451=EDGE_LOOP('',(#6587,#6588,#6589));
#1452=EDGE_LOOP('',(#6590,#6591,#6592));
#1453=EDGE_LOOP('',(#6593,#6594));
#1454=EDGE_LOOP('',(#6595));
#1455=EDGE_LOOP('',(#6596));
#1456=EDGE_LOOP('',(#6597));
#1457=EDGE_LOOP('',(#6598));
#1458=EDGE_LOOP('',(#6599));
#1459=EDGE_LOOP('',(#6600));
#1460=EDGE_LOOP('',(#6601));
#1461=EDGE_LOOP('',(#6602));
#1462=EDGE_LOOP('',(#6603));
#1463=EDGE_LOOP('',(#6604));
#1464=EDGE_LOOP('',(#6605,#6606,#6607,#6608,#6609,#6610,#6611,#6612));
#1465=EDGE_LOOP('',(#6613));
#1466=EDGE_LOOP('',(#6614));
#1467=EDGE_LOOP('',(#6615));
#1468=EDGE_LOOP('',(#6616));
#1469=EDGE_LOOP('',(#6617));
#1470=EDGE_LOOP('',(#6618,#6619,#6620,#6621,#6622,#6623,#6624,#6625,#6626,
#6627,#6628,#6629));
#1471=EDGE_LOOP('',(#6630,#6631,#6632,#6633,#6634,#6635,#6636,#6637,#6638,
#6639,#6640,#6641));
#1472=EDGE_LOOP('',(#6642,#6643,#6644,#6645,#6646,#6647,#6648,#6649,#6650,
#6651,#6652,#6653));
#1473=EDGE_LOOP('',(#6654,#6655,#6656,#6657,#6658,#6659,#6660,#6661,#6662,
#6663,#6664,#6665));
#1474=EDGE_LOOP('',(#6666,#6667,#6668,#6669));
#1475=EDGE_LOOP('',(#6670,#6671,#6672,#6673));
#1476=EDGE_LOOP('',(#6674,#6675,#6676,#6677));
#1477=EDGE_LOOP('',(#6678,#6679,#6680,#6681,#6682,#6683));
#1478=EDGE_LOOP('',(#6684,#6685,#6686,#6687,#6688,#6689));
#1479=EDGE_LOOP('',(#6690,#6691,#6692,#6693,#6694,#6695));
#1480=EDGE_LOOP('',(#6696,#6697,#6698,#6699,#6700,#6701,#6702,#6703));
#1481=EDGE_LOOP('',(#6704,#6705,#6706,#6707,#6708,#6709,#6710,#6711));
#1482=EDGE_LOOP('',(#6712,#6713,#6714,#6715,#6716,#6717,#6718,#6719));
#1483=EDGE_LOOP('',(#6720,#6721,#6722,#6723,#6724,#6725));
#1484=EDGE_LOOP('',(#6726,#6727,#6728,#6729,#6730,#6731,#6732,#6733,#6734,
#6735,#6736,#6737));
#1485=EDGE_LOOP('',(#6738));
#1486=EDGE_LOOP('',(#6739));
#1487=EDGE_LOOP('',(#6740));
#1488=EDGE_LOOP('',(#6741));
#1489=EDGE_LOOP('',(#6742));
#1490=EDGE_LOOP('',(#6743,#6744,#6745,#6746));
#1491=EDGE_LOOP('',(#6747,#6748,#6749,#6750,#6751,#6752,#6753,#6754));
#1492=EDGE_LOOP('',(#6755,#6756,#6757,#6758));
#1493=EDGE_LOOP('',(#6759,#6760,#6761,#6762));
#1494=EDGE_LOOP('',(#6763,#6764,#6765,#6766));
#1495=EDGE_LOOP('',(#6767,#6768,#6769,#6770));
#1496=EDGE_LOOP('',(#6771,#6772,#6773,#6774));
#1497=EDGE_LOOP('',(#6775,#6776,#6777,#6778));
#1498=EDGE_LOOP('',(#6779,#6780,#6781,#6782,#6783,#6784));
#1499=EDGE_LOOP('',(#6785,#6786,#6787,#6788,#6789));
#1500=EDGE_LOOP('',(#6790,#6791,#6792,#6793,#6794,#6795));
#1501=EDGE_LOOP('',(#6796,#6797,#6798,#6799,#6800,#6801,#6802,#6803));
#1502=EDGE_LOOP('',(#6804,#6805,#6806,#6807,#6808,#6809,#6810,#6811));
#1503=EDGE_LOOP('',(#6812,#6813,#6814,#6815,#6816,#6817,#6818,#6819));
#1504=EDGE_LOOP('',(#6820,#6821,#6822,#6823,#6824,#6825,#6826,#6827));
#1505=EDGE_LOOP('',(#6828,#6829,#6830,#6831,#6832,#6833));
#1506=EDGE_LOOP('',(#6834));
#1507=EDGE_LOOP('',(#6835));
#1508=EDGE_LOOP('',(#6836));
#1509=EDGE_LOOP('',(#6837));
#1510=EDGE_LOOP('',(#6838,#6839));
#1511=EDGE_LOOP('',(#6840,#6841,#6842,#6843,#6844));
#1512=EDGE_LOOP('',(#6845,#6846));
#1513=EDGE_LOOP('',(#6847));
#1514=EDGE_LOOP('',(#6848));
#1515=EDGE_LOOP('',(#6849));
#1516=EDGE_LOOP('',(#6850));
#1517=EDGE_LOOP('',(#6851));
#1518=EDGE_LOOP('',(#6852,#6853,#6854));
#1519=EDGE_LOOP('',(#6855,#6856,#6857));
#1520=EDGE_LOOP('',(#6858,#6859,#6860));
#1521=EDGE_LOOP('',(#6861,#6862,#6863));
#1522=EDGE_LOOP('',(#6864,#6865,#6866,#6867));
#1523=EDGE_LOOP('',(#6868,#6869,#6870,#6871));
#1524=EDGE_LOOP('',(#6872,#6873,#6874,#6875));
#1525=EDGE_LOOP('',(#6876,#6877,#6878,#6879));
#1526=EDGE_LOOP('',(#6880,#6881,#6882,#6883));
#1527=EDGE_LOOP('',(#6884,#6885,#6886,#6887));
#1528=EDGE_LOOP('',(#6888,#6889,#6890,#6891));
#1529=EDGE_LOOP('',(#6892,#6893,#6894,#6895));
#1530=EDGE_LOOP('',(#6896,#6897,#6898,#6899));
#1531=EDGE_LOOP('',(#6900,#6901,#6902,#6903));
#1532=EDGE_LOOP('',(#6904,#6905,#6906,#6907));
#1533=EDGE_LOOP('',(#6908,#6909,#6910));
#1534=EDGE_LOOP('',(#6911,#6912,#6913,#6914));
#1535=EDGE_LOOP('',(#6915,#6916,#6917,#6918));
#1536=EDGE_LOOP('',(#6919,#6920,#6921,#6922));
#1537=EDGE_LOOP('',(#6923,#6924,#6925));
#1538=EDGE_LOOP('',(#6926,#6927,#6928,#6929));
#1539=EDGE_LOOP('',(#6930,#6931,#6932,#6933));
#1540=EDGE_LOOP('',(#6934,#6935,#6936,#6937));
#1541=EDGE_LOOP('',(#6938,#6939,#6940,#6941));
#1542=EDGE_LOOP('',(#6942,#6943,#6944));
#1543=EDGE_LOOP('',(#6945,#6946,#6947));
#1544=EDGE_LOOP('',(#6948,#6949,#6950,#6951));
#1545=EDGE_LOOP('',(#6952,#6953,#6954,#6955));
#1546=EDGE_LOOP('',(#6956,#6957,#6958,#6959));
#1547=EDGE_LOOP('',(#6960,#6961,#6962,#6963));
#1548=EDGE_LOOP('',(#6964,#6965,#6966));
#1549=EDGE_LOOP('',(#6967,#6968,#6969));
#1550=EDGE_LOOP('',(#6970,#6971,#6972,#6973));
#1551=EDGE_LOOP('',(#6974,#6975,#6976,#6977));
#1552=EDGE_LOOP('',(#6978,#6979,#6980));
#1553=EDGE_LOOP('',(#6981,#6982,#6983,#6984));
#1554=EDGE_LOOP('',(#6985,#6986,#6987,#6988));
#1555=EDGE_LOOP('',(#6989,#6990,#6991,#6992));
#1556=EDGE_LOOP('',(#6993,#6994,#6995,#6996));
#1557=EDGE_LOOP('',(#6997,#6998,#6999));
#1558=EDGE_LOOP('',(#7000,#7001,#7002));
#1559=EDGE_LOOP('',(#7003,#7004,#7005,#7006));
#1560=EDGE_LOOP('',(#7007,#7008,#7009,#7010));
#1561=EDGE_LOOP('',(#7011,#7012,#7013,#7014));
#1562=EDGE_LOOP('',(#7015,#7016,#7017,#7018));
#1563=EDGE_LOOP('',(#7019,#7020,#7021));
#1564=EDGE_LOOP('',(#7022,#7023,#7024));
#1565=EDGE_LOOP('',(#7025,#7026,#7027,#7028));
#1566=EDGE_LOOP('',(#7029,#7030,#7031,#7032));
#1567=EDGE_LOOP('',(#7033,#7034,#7035,#7036));
#1568=EDGE_LOOP('',(#7037,#7038,#7039));
#1569=EDGE_LOOP('',(#7040,#7041,#7042,#7043));
#1570=EDGE_LOOP('',(#7044,#7045,#7046,#7047));
#1571=EDGE_LOOP('',(#7048,#7049,#7050));
#1572=EDGE_LOOP('',(#7051,#7052,#7053,#7054));
#1573=EDGE_LOOP('',(#7055,#7056,#7057,#7058));
#1574=EDGE_LOOP('',(#7059,#7060,#7061,#7062,#7063));
#1575=EDGE_LOOP('',(#7064,#7065,#7066,#7067,#7068));
#1576=EDGE_LOOP('',(#7069,#7070,#7071,#7072));
#1577=EDGE_LOOP('',(#7073,#7074,#7075,#7076,#7077));
#1578=EDGE_LOOP('',(#7078,#7079,#7080,#7081,#7082));
#1579=EDGE_LOOP('',(#7083,#7084,#7085,#7086,#7087,#7088));
#1580=EDGE_LOOP('',(#7089,#7090,#7091,#7092,#7093));
#1581=EDGE_LOOP('',(#7094,#7095,#7096,#7097,#7098));
#1582=EDGE_LOOP('',(#7099,#7100,#7101,#7102));
#1583=EDGE_LOOP('',(#7103,#7104,#7105,#7106,#7107));
#1584=EDGE_LOOP('',(#7108,#7109,#7110,#7111,#7112));
#1585=EDGE_LOOP('',(#7113,#7114,#7115,#7116,#7117,#7118));
#1586=EDGE_LOOP('',(#7119,#7120,#7121,#7122,#7123,#7124,#7125,#7126,#7127,
#7128,#7129,#7130));
#1587=EDGE_LOOP('',(#7131,#7132,#7133,#7134,#7135));
#1588=EDGE_LOOP('',(#7136,#7137,#7138,#7139,#7140));
#1589=EDGE_LOOP('',(#7141,#7142,#7143,#7144,#7145));
#1590=EDGE_LOOP('',(#7146,#7147,#7148,#7149,#7150));
#1591=EDGE_LOOP('',(#7151,#7152,#7153,#7154,#7155));
#1592=EDGE_LOOP('',(#7156,#7157,#7158,#7159,#7160,#7161));
#1593=EDGE_LOOP('',(#7162,#7163,#7164,#7165,#7166));
#1594=EDGE_LOOP('',(#7167,#7168,#7169,#7170,#7171));
#1595=EDGE_LOOP('',(#7172,#7173,#7174,#7175));
#1596=EDGE_LOOP('',(#7176,#7177,#7178,#7179,#7180));
#1597=EDGE_LOOP('',(#7181,#7182,#7183,#7184,#7185));
#1598=EDGE_LOOP('',(#7186,#7187,#7188,#7189,#7190,#7191));
#1599=EDGE_LOOP('',(#7192,#7193,#7194,#7195,#7196,#7197,#7198,#7199,#7200,
#7201,#7202,#7203));
#1600=EDGE_LOOP('',(#7204,#7205,#7206,#7207,#7208));
#1601=EDGE_LOOP('',(#7209,#7210,#7211,#7212,#7213));
#1602=EDGE_LOOP('',(#7214,#7215,#7216,#7217));
#1603=EDGE_LOOP('',(#7218,#7219,#7220,#7221,#7222));
#1604=EDGE_LOOP('',(#7223,#7224,#7225,#7226,#7227));
#1605=EDGE_LOOP('',(#7228,#7229,#7230,#7231,#7232,#7233));
#1606=EDGE_LOOP('',(#7234,#7235,#7236,#7237,#7238));
#1607=EDGE_LOOP('',(#7239,#7240,#7241,#7242,#7243));
#1608=EDGE_LOOP('',(#7244,#7245,#7246,#7247));
#1609=EDGE_LOOP('',(#7248,#7249,#7250,#7251,#7252));
#1610=EDGE_LOOP('',(#7253,#7254,#7255,#7256,#7257));
#1611=EDGE_LOOP('',(#7258,#7259,#7260,#7261,#7262,#7263));
#1612=EDGE_LOOP('',(#7264,#7265,#7266,#7267,#7268,#7269,#7270,#7271,#7272,
#7273,#7274,#7275));
#1613=EDGE_LOOP('',(#7276,#7277,#7278,#7279,#7280));
#1614=EDGE_LOOP('',(#7281,#7282,#7283,#7284,#7285));
#1615=EDGE_LOOP('',(#7286,#7287,#7288,#7289));
#1616=EDGE_LOOP('',(#7290,#7291,#7292,#7293,#7294));
#1617=EDGE_LOOP('',(#7295,#7296,#7297,#7298,#7299));
#1618=EDGE_LOOP('',(#7300,#7301,#7302,#7303,#7304,#7305));
#1619=EDGE_LOOP('',(#7306,#7307,#7308,#7309,#7310));
#1620=EDGE_LOOP('',(#7311,#7312,#7313,#7314,#7315));
#1621=EDGE_LOOP('',(#7316,#7317,#7318,#7319,#7320));
#1622=EDGE_LOOP('',(#7321,#7322,#7323,#7324,#7325));
#1623=EDGE_LOOP('',(#7326,#7327,#7328,#7329,#7330));
#1624=EDGE_LOOP('',(#7331,#7332,#7333,#7334,#7335,#7336));
#1625=EDGE_LOOP('',(#7337,#7338,#7339,#7340,#7341,#7342,#7343,#7344,#7345,
#7346,#7347,#7348));
#1626=EDGE_LOOP('',(#7349,#7350,#7351,#7352));
#1627=EDGE_LOOP('',(#7353,#7354,#7355,#7356,#7357,#7358,#7359,#7360));
#1628=EDGE_LOOP('',(#7361,#7362,#7363,#7364));
#1629=EDGE_LOOP('',(#7365,#7366,#7367,#7368));
#1630=EDGE_LOOP('',(#7369,#7370,#7371,#7372));
#1631=EDGE_LOOP('',(#7373,#7374,#7375,#7376));
#1632=EDGE_LOOP('',(#7377,#7378,#7379,#7380,#7381,#7382,#7383,#7384));
#1633=EDGE_LOOP('',(#7385,#7386,#7387,#7388));
#1634=EDGE_LOOP('',(#7389,#7390,#7391,#7392));
#1635=EDGE_LOOP('',(#7393,#7394,#7395,#7396));
#1636=EDGE_LOOP('',(#7397,#7398,#7399,#7400));
#1637=EDGE_LOOP('',(#7401,#7402,#7403,#7404,#7405,#7406));
#1638=EDGE_LOOP('',(#7407,#7408,#7409,#7410));
#1639=EDGE_LOOP('',(#7411,#7412,#7413,#7414));
#1640=EDGE_LOOP('',(#7415,#7416,#7417,#7418));
#1641=EDGE_LOOP('',(#7419,#7420,#7421,#7422));
#1642=EDGE_LOOP('',(#7423,#7424,#7425,#7426));
#1643=EDGE_LOOP('',(#7427,#7428,#7429,#7430));
#1644=EDGE_LOOP('',(#7431,#7432,#7433,#7434));
#1645=EDGE_LOOP('',(#7435,#7436,#7437,#7438,#7439,#7440,#7441,#7442,#7443));
#1646=EDGE_LOOP('',(#7444,#7445,#7446,#7447,#7448,#7449,#7450,#7451,#7452,
#7453));
#1647=EDGE_LOOP('',(#7454,#7455,#7456,#7457));
#1648=EDGE_LOOP('',(#7458,#7459,#7460,#7461,#7462,#7463,#7464,#7465,#7466,
#7467));
#1649=EDGE_LOOP('',(#7468,#7469,#7470,#7471,#7472,#7473,#7474,#7475));
#1650=EDGE_LOOP('',(#7476,#7477,#7478,#7479,#7480,#7481,#7482,#7483));
#1651=EDGE_LOOP('',(#7484,#7485,#7486,#7487,#7488,#7489,#7490,#7491));
#1652=EDGE_LOOP('',(#7492,#7493,#7494,#7495));
#1653=EDGE_LOOP('',(#7496,#7497,#7498,#7499));
#1654=EDGE_LOOP('',(#7500,#7501,#7502,#7503));
#1655=EDGE_LOOP('',(#7504,#7505,#7506,#7507));
#1656=EDGE_LOOP('',(#7508,#7509,#7510,#7511));
#1657=EDGE_LOOP('',(#7512,#7513,#7514,#7515));
#1658=EDGE_LOOP('',(#7516,#7517,#7518,#7519));
#1659=EDGE_LOOP('',(#7520,#7521,#7522,#7523));
#1660=EDGE_LOOP('',(#7524,#7525,#7526,#7527));
#1661=EDGE_LOOP('',(#7528,#7529,#7530,#7531,#7532,#7533,#7534,#7535,#7536,
#7537));
#1662=EDGE_LOOP('',(#7538,#7539,#7540,#7541));
#1663=EDGE_LOOP('',(#7542,#7543,#7544,#7545,#7546,#7547,#7548,#7549,#7550,
#7551));
#1664=EDGE_LOOP('',(#7552,#7553,#7554,#7555));
#1665=EDGE_LOOP('',(#7556,#7557,#7558,#7559));
#1666=EDGE_LOOP('',(#7560,#7561,#7562,#7563));
#1667=EDGE_LOOP('',(#7564,#7565,#7566,#7567));
#1668=EDGE_LOOP('',(#7568,#7569,#7570,#7571));
#1669=EDGE_LOOP('',(#7572,#7573,#7574,#7575,#7576));
#1670=EDGE_LOOP('',(#7577,#7578,#7579,#7580));
#1671=EDGE_LOOP('',(#7581,#7582,#7583,#7584,#7585,#7586,#7587,#7588,#7589,
#7590,#7591,#7592,#7593,#7594,#7595,#7596,#7597,#7598,#7599,#7600,#7601,
#7602,#7603,#7604,#7605,#7606,#7607,#7608));
#1672=EDGE_LOOP('',(#7609,#7610,#7611,#7612));
#1673=EDGE_LOOP('',(#7613,#7614,#7615,#7616));
#1674=EDGE_LOOP('',(#7617,#7618,#7619,#7620));
#1675=EDGE_LOOP('',(#7621,#7622,#7623,#7624,#7625));
#1676=EDGE_LOOP('',(#7626,#7627,#7628,#7629));
#1677=EDGE_LOOP('',(#7630,#7631,#7632,#7633,#7634));
#1678=EDGE_LOOP('',(#7635,#7636,#7637,#7638));
#1679=EDGE_LOOP('',(#7639,#7640,#7641,#7642));
#1680=EDGE_LOOP('',(#7643,#7644,#7645,#7646));
#1681=EDGE_LOOP('',(#7647,#7648,#7649,#7650));
#1682=EDGE_LOOP('',(#7651,#7652,#7653,#7654));
#1683=EDGE_LOOP('',(#7655,#7656,#7657,#7658));
#1684=EDGE_LOOP('',(#7659,#7660,#7661,#7662,#7663));
#1685=EDGE_LOOP('',(#7664,#7665,#7666,#7667));
#1686=EDGE_LOOP('',(#7668,#7669,#7670,#7671));
#1687=EDGE_LOOP('',(#7672,#7673,#7674,#7675));
#1688=EDGE_LOOP('',(#7676,#7677,#7678,#7679));
#1689=EDGE_LOOP('',(#7680,#7681,#7682,#7683,#7684,#7685));
#1690=EDGE_LOOP('',(#7686,#7687,#7688,#7689));
#1691=EDGE_LOOP('',(#7690,#7691,#7692,#7693));
#1692=EDGE_LOOP('',(#7694,#7695,#7696,#7697));
#1693=EDGE_LOOP('',(#7698,#7699,#7700,#7701));
#1694=EDGE_LOOP('',(#7702,#7703,#7704,#7705));
#1695=EDGE_LOOP('',(#7706,#7707,#7708,#7709));
#1696=EDGE_LOOP('',(#7710,#7711,#7712,#7713));
#1697=EDGE_LOOP('',(#7714,#7715,#7716,#7717));
#1698=EDGE_LOOP('',(#7718,#7719,#7720,#7721));
#1699=EDGE_LOOP('',(#7722,#7723,#7724,#7725));
#1700=EDGE_LOOP('',(#7726,#7727,#7728,#7729));
#1701=EDGE_LOOP('',(#7730,#7731,#7732,#7733));
#1702=EDGE_LOOP('',(#7734,#7735,#7736));
#1703=EDGE_LOOP('',(#7737,#7738,#7739,#7740));
#1704=EDGE_LOOP('',(#7741,#7742,#7743,#7744));
#1705=EDGE_LOOP('',(#7745,#7746,#7747,#7748));
#1706=EDGE_LOOP('',(#7749,#7750,#7751,#7752));
#1707=EDGE_LOOP('',(#7753,#7754,#7755,#7756));
#1708=EDGE_LOOP('',(#7757,#7758,#7759));
#1709=EDGE_LOOP('',(#7760,#7761,#7762,#7763));
#1710=EDGE_LOOP('',(#7764,#7765,#7766,#7767));
#1711=EDGE_LOOP('',(#7768,#7769,#7770,#7771));
#1712=EDGE_LOOP('',(#7772,#7773,#7774));
#1713=EDGE_LOOP('',(#7775,#7776,#7777,#7778));
#1714=EDGE_LOOP('',(#7779,#7780,#7781));
#1715=EDGE_LOOP('',(#7782,#7783,#7784));
#1716=EDGE_LOOP('',(#7785,#7786,#7787,#7788));
#1717=EDGE_LOOP('',(#7789,#7790,#7791));
#1718=EDGE_LOOP('',(#7792,#7793,#7794,#7795));
#1719=EDGE_LOOP('',(#7796,#7797,#7798,#7799));
#1720=EDGE_LOOP('',(#7800,#7801,#7802,#7803));
#1721=EDGE_LOOP('',(#7804,#7805,#7806,#7807));
#1722=EDGE_LOOP('',(#7808,#7809,#7810,#7811));
#1723=EDGE_LOOP('',(#7812,#7813,#7814));
#1724=EDGE_LOOP('',(#7815,#7816,#7817,#7818));
#1725=EDGE_LOOP('',(#7819,#7820,#7821,#7822));
#1726=EDGE_LOOP('',(#7823,#7824,#7825));
#1727=EDGE_LOOP('',(#7826,#7827,#7828,#7829));
#1728=EDGE_LOOP('',(#7830,#7831,#7832,#7833));
#1729=EDGE_LOOP('',(#7834,#7835,#7836,#7837));
#1730=EDGE_LOOP('',(#7838,#7839,#7840,#7841));
#1731=EDGE_LOOP('',(#7842,#7843,#7844,#7845));
#1732=EDGE_LOOP('',(#7846,#7847,#7848,#7849));
#1733=EDGE_LOOP('',(#7850,#7851,#7852,#7853));
#1734=EDGE_LOOP('',(#7854,#7855,#7856,#7857));
#1735=EDGE_LOOP('',(#7858,#7859,#7860,#7861));
#1736=EDGE_LOOP('',(#7862,#7863,#7864,#7865));
#1737=EDGE_LOOP('',(#7866,#7867,#7868,#7869));
#1738=EDGE_LOOP('',(#7870,#7871,#7872,#7873,#7874,#7875,#7876,#7877));
#1739=EDGE_LOOP('',(#7878,#7879,#7880,#7881));
#1740=EDGE_LOOP('',(#7882,#7883,#7884,#7885));
#1741=EDGE_LOOP('',(#7886,#7887,#7888,#7889));
#1742=EDGE_LOOP('',(#7890,#7891,#7892,#7893));
#1743=EDGE_LOOP('',(#7894,#7895,#7896,#7897,#7898,#7899,#7900,#7901));
#1744=EDGE_LOOP('',(#7902,#7903,#7904,#7905));
#1745=EDGE_LOOP('',(#7906,#7907,#7908,#7909));
#1746=EDGE_LOOP('',(#7910,#7911,#7912,#7913));
#1747=EDGE_LOOP('',(#7914,#7915,#7916,#7917));
#1748=EDGE_LOOP('',(#7918,#7919,#7920,#7921));
#1749=EDGE_LOOP('',(#7922,#7923,#7924,#7925));
#1750=EDGE_LOOP('',(#7926,#7927,#7928,#7929));
#1751=EDGE_LOOP('',(#7930,#7931,#7932,#7933));
#1752=EDGE_LOOP('',(#7934,#7935,#7936,#7937,#7938,#7939,#7940));
#1753=EDGE_LOOP('',(#7941,#7942,#7943,#7944));
#1754=EDGE_LOOP('',(#7945,#7946,#7947,#7948,#7949));
#1755=EDGE_LOOP('',(#7950,#7951,#7952,#7953,#7954));
#1756=EDGE_LOOP('',(#7955,#7956,#7957,#7958));
#1757=EDGE_LOOP('',(#7959,#7960,#7961,#7962,#7963));
#1758=EDGE_LOOP('',(#7964,#7965,#7966,#7967));
#1759=EDGE_LOOP('',(#7968,#7969,#7970,#7971,#7972));
#1760=EDGE_LOOP('',(#7973,#7974,#7975,#7976));
#1761=EDGE_LOOP('',(#7977,#7978,#7979,#7980));
#1762=EDGE_LOOP('',(#7981,#7982,#7983,#7984));
#1763=EDGE_LOOP('',(#7985));
#1764=EDGE_LOOP('',(#7986));
#1765=EDGE_LOOP('',(#7987,#7988));
#1766=EDGE_LOOP('',(#7989));
#1767=EDGE_LOOP('',(#7990));
#1768=EDGE_LOOP('',(#7991));
#1769=EDGE_LOOP('',(#7992));
#1770=EDGE_LOOP('',(#7993));
#1771=EDGE_LOOP('',(#7994));
#1772=EDGE_LOOP('',(#7995));
#1773=EDGE_LOOP('',(#7996));
#1774=EDGE_LOOP('',(#7997));
#1775=EDGE_LOOP('',(#7998));
#1776=EDGE_LOOP('',(#7999));
#1777=EDGE_LOOP('',(#8000));
#1778=EDGE_LOOP('',(#8001,#8002,#8003,#8004));
#1779=EDGE_LOOP('',(#8005,#8006,#8007,#8008));
#1780=EDGE_LOOP('',(#8009,#8010,#8011,#8012));
#1781=EDGE_LOOP('',(#8013,#8014,#8015,#8016));
#1782=LINE('',#12160,#2554);
#1783=LINE('',#12172,#2555);
#1784=LINE('',#12184,#2556);
#1785=LINE('',#12193,#2557);
#1786=LINE('',#12195,#2558);
#1787=LINE('',#12198,#2559);
#1788=LINE('',#12204,#2560);
#1789=LINE('',#12213,#2561);
#1790=LINE('',#12220,#2562);
#1791=LINE('',#12226,#2563);
#1792=LINE('',#12232,#2564);
#1793=LINE('',#12239,#2565);
#1794=LINE('',#12246,#2566);
#1795=LINE('',#12253,#2567);
#1796=LINE('',#12260,#2568);
#1797=LINE('',#12266,#2569);
#1798=LINE('',#12268,#2570);
#1799=LINE('',#12270,#2571);
#1800=LINE('',#12271,#2572);
#1801=LINE('',#12274,#2573);
#1802=LINE('',#12276,#2574);
#1803=LINE('',#12277,#2575);
#1804=LINE('',#12280,#2576);
#1805=LINE('',#12282,#2577);
#1806=LINE('',#12283,#2578);
#1807=LINE('',#12285,#2579);
#1808=LINE('',#12286,#2580);
#1809=LINE('',#12291,#2581);
#1810=LINE('',#12293,#2582);
#1811=LINE('',#12295,#2583);
#1812=LINE('',#12296,#2584);
#1813=LINE('',#12299,#2585);
#1814=LINE('',#12301,#2586);
#1815=LINE('',#12302,#2587);
#1816=LINE('',#12305,#2588);
#1817=LINE('',#12307,#2589);
#1818=LINE('',#12308,#2590);
#1819=LINE('',#12310,#2591);
#1820=LINE('',#12311,#2592);
#1821=LINE('',#12316,#2593);
#1822=LINE('',#12318,#2594);
#1823=LINE('',#12320,#2595);
#1824=LINE('',#12321,#2596);
#1825=LINE('',#12324,#2597);
#1826=LINE('',#12326,#2598);
#1827=LINE('',#12328,#2599);
#1828=LINE('',#12330,#2600);
#1829=LINE('',#12332,#2601);
#1830=LINE('',#12334,#2602);
#1831=LINE('',#12335,#2603);
#1832=LINE('',#12338,#2604);
#1833=LINE('',#12340,#2605);
#1834=LINE('',#12341,#2606);
#1835=LINE('',#12344,#2607);
#1836=LINE('',#12345,#2608);
#1837=LINE('',#12348,#2609);
#1838=LINE('',#12350,#2610);
#1839=LINE('',#12351,#2611);
#1840=LINE('',#12354,#2612);
#1841=LINE('',#12355,#2613);
#1842=LINE('',#12357,#2614);
#1843=LINE('',#12359,#2615);
#1844=LINE('',#12361,#2616);
#1845=LINE('',#12362,#2617);
#1846=LINE('',#12365,#2618);
#1847=LINE('',#12367,#2619);
#1848=LINE('',#12371,#2620);
#1849=LINE('',#12373,#2621);
#1850=LINE('',#12375,#2622);
#1851=LINE('',#12377,#2623);
#1852=LINE('',#12379,#2624);
#1853=LINE('',#12380,#2625);
#1854=LINE('',#12383,#2626);
#1855=LINE('',#12384,#2627);
#1856=LINE('',#12387,#2628);
#1857=LINE('',#12389,#2629);
#1858=LINE('',#12391,#2630);
#1859=LINE('',#12393,#2631);
#1860=LINE('',#12395,#2632);
#1861=LINE('',#12399,#2633);
#1862=LINE('',#12401,#2634);
#1863=LINE('',#12403,#2635);
#1864=LINE('',#12407,#2636);
#1865=LINE('',#12408,#2637);
#1866=LINE('',#12410,#2638);
#1867=LINE('',#12412,#2639);
#1868=LINE('',#12414,#2640);
#1869=LINE('',#12417,#2641);
#1870=LINE('',#12419,#2642);
#1871=LINE('',#12420,#2643);
#1872=LINE('',#12424,#2644);
#1873=LINE('',#12427,#2645);
#1874=LINE('',#12428,#2646);
#1875=LINE('',#12431,#2647);
#1876=LINE('',#12433,#2648);
#1877=LINE('',#12437,#2649);
#1878=LINE('',#12438,#2650);
#1879=LINE('',#12441,#2651);
#1880=LINE('',#12443,#2652);
#1881=LINE('',#12444,#2653);
#1882=LINE('',#12447,#2654);
#1883=LINE('',#12451,#2655);
#1884=LINE('',#12452,#2656);
#1885=LINE('',#12455,#2657);
#1886=LINE('',#12457,#2658);
#1887=LINE('',#12458,#2659);
#1888=LINE('',#12461,#2660);
#1889=LINE('',#12462,#2661);
#1890=LINE('',#12465,#2662);
#1891=LINE('',#12466,#2663);
#1892=LINE('',#12469,#2664);
#1893=LINE('',#12470,#2665);
#1894=LINE('',#12473,#2666);
#1895=LINE('',#12474,#2667);
#1896=LINE('',#12477,#2668);
#1897=LINE('',#12479,#2669);
#1898=LINE('',#12480,#2670);
#1899=LINE('',#12483,#2671);
#1900=LINE('',#12485,#2672);
#1901=LINE('',#12486,#2673);
#1902=LINE('',#12491,#2674);
#1903=LINE('',#12493,#2675);
#1904=LINE('',#12494,#2676);
#1905=LINE('',#12497,#2677);
#1906=LINE('',#12499,#2678);
#1907=LINE('',#12501,#2679);
#1908=LINE('',#12503,#2680);
#1909=LINE('',#12504,#2681);
#1910=LINE('',#12507,#2682);
#1911=LINE('',#12508,#2683);
#1912=LINE('',#12511,#2684);
#1913=LINE('',#12512,#2685);
#1914=LINE('',#12515,#2686);
#1915=LINE('',#12516,#2687);
#1916=LINE('',#12519,#2688);
#1917=LINE('',#12520,#2689);
#1918=LINE('',#12522,#2690);
#1919=LINE('',#12557,#2691);
#1920=LINE('',#12568,#2692);
#1921=LINE('',#12573,#2693);
#1922=LINE('',#12584,#2694);
#1923=LINE('',#12588,#2695);
#1924=LINE('',#12594,#2696);
#1925=LINE('',#12602,#2697);
#1926=LINE('',#12606,#2698);
#1927=LINE('',#12619,#2699);
#1928=LINE('',#12622,#2700);
#1929=LINE('',#12629,#2701);
#1930=LINE('',#12634,#2702);
#1931=LINE('',#12638,#2703);
#1932=LINE('',#12646,#2704);
#1933=LINE('',#12652,#2705);
#1934=LINE('',#12658,#2706);
#1935=LINE('',#12676,#2707);
#1936=LINE('',#12688,#2708);
#1937=LINE('',#12694,#2709);
#1938=LINE('',#12700,#2710);
#1939=LINE('',#12706,#2711);
#1940=LINE('',#12714,#2712);
#1941=LINE('',#12720,#2713);
#1942=LINE('',#12728,#2714);
#1943=LINE('',#12734,#2715);
#1944=LINE('',#12742,#2716);
#1945=LINE('',#12748,#2717);
#1946=LINE('',#13143,#2718);
#1947=LINE('',#13148,#2719);
#1948=LINE('',#13152,#2720);
#1949=LINE('',#13156,#2721);
#1950=LINE('',#13160,#2722);
#1951=LINE('',#13164,#2723);
#1952=LINE('',#13168,#2724);
#1953=LINE('',#13172,#2725);
#1954=LINE('',#13176,#2726);
#1955=LINE('',#13179,#2727);
#1956=LINE('',#13185,#2728);
#1957=LINE('',#13190,#2729);
#1958=LINE('',#13194,#2730);
#1959=LINE('',#13196,#2731);
#1960=LINE('',#13199,#2732);
#1961=LINE('',#13204,#2733);
#1962=LINE('',#13209,#2734);
#1963=LINE('',#13214,#2735);
#1964=LINE('',#13218,#2736);
#1965=LINE('',#13223,#2737);
#1966=LINE('',#13227,#2738);
#1967=LINE('',#13232,#2739);
#1968=LINE('',#13236,#2740);
#1969=LINE('',#13241,#2741);
#1970=LINE('',#13245,#2742);
#1971=LINE('',#13249,#2743);
#1972=LINE('',#13252,#2744);
#1973=LINE('',#13254,#2745);
#1974=LINE('',#13255,#2746);
#1975=LINE('',#13259,#2747);
#1976=LINE('',#13261,#2748);
#1977=LINE('',#13263,#2749);
#1978=LINE('',#13264,#2750);
#1979=LINE('',#13268,#2751);
#1980=LINE('',#13270,#2752);
#1981=LINE('',#13272,#2753);
#1982=LINE('',#13273,#2754);
#1983=LINE('',#13276,#2755);
#1984=LINE('',#13278,#2756);
#1985=LINE('',#13279,#2757);
#1986=LINE('',#13281,#2758);
#1987=LINE('',#13283,#2759);
#1988=LINE('',#13285,#2760);
#1989=LINE('',#13287,#2761);
#1990=LINE('',#13289,#2762);
#1991=LINE('',#13291,#2763);
#1992=LINE('',#13293,#2764);
#1993=LINE('',#13295,#2765);
#1994=LINE('',#13297,#2766);
#1995=LINE('',#13299,#2767);
#1996=LINE('',#13301,#2768);
#1997=LINE('',#13303,#2769);
#1998=LINE('',#13305,#2770);
#1999=LINE('',#13307,#2771);
#2000=LINE('',#13308,#2772);
#2001=LINE('',#13310,#2773);
#2002=LINE('',#13312,#2774);
#2003=LINE('',#13314,#2775);
#2004=LINE('',#13315,#2776);
#2005=LINE('',#13318,#2777);
#2006=LINE('',#13319,#2778);
#2007=LINE('',#13321,#2779);
#2008=LINE('',#13322,#2780);
#2009=LINE('',#13324,#2781);
#2010=LINE('',#13325,#2782);
#2011=LINE('',#13329,#2783);
#2012=LINE('',#13330,#2784);
#2013=LINE('',#13331,#2785);
#2014=LINE('',#13333,#2786);
#2015=LINE('',#13335,#2787);
#2016=LINE('',#13337,#2788);
#2017=LINE('',#13338,#2789);
#2018=LINE('',#13342,#2790);
#2019=LINE('',#13343,#2791);
#2020=LINE('',#13344,#2792);
#2021=LINE('',#13348,#2793);
#2022=LINE('',#13352,#2794);
#2023=LINE('',#13354,#2795);
#2024=LINE('',#13356,#2796);
#2025=LINE('',#13358,#2797);
#2026=LINE('',#13360,#2798);
#2027=LINE('',#13362,#2799);
#2028=LINE('',#13364,#2800);
#2029=LINE('',#13369,#2801);
#2030=LINE('',#13373,#2802);
#2031=LINE('',#13375,#2803);
#2032=LINE('',#13376,#2804);
#2033=LINE('',#13378,#2805);
#2034=LINE('',#13379,#2806);
#2035=LINE('',#13383,#2807);
#2036=LINE('',#13385,#2808);
#2037=LINE('',#13387,#2809);
#2038=LINE('',#13388,#2810);
#2039=LINE('',#13391,#2811);
#2040=LINE('',#13395,#2812);
#2041=LINE('',#13399,#2813);
#2042=LINE('',#13403,#2814);
#2043=LINE('',#13407,#2815);
#2044=LINE('',#13411,#2816);
#2045=LINE('',#13415,#2817);
#2046=LINE('',#13419,#2818);
#2047=LINE('',#13425,#2819);
#2048=LINE('',#13427,#2820);
#2049=LINE('',#13429,#2821);
#2050=LINE('',#13431,#2822);
#2051=LINE('',#13433,#2823);
#2052=LINE('',#13439,#2824);
#2053=LINE('',#13448,#2825);
#2054=LINE('',#13450,#2826);
#2055=LINE('',#13452,#2827);
#2056=LINE('',#13454,#2828);
#2057=LINE('',#13456,#2829);
#2058=LINE('',#13459,#2830);
#2059=LINE('',#13463,#2831);
#2060=LINE('',#13469,#2832);
#2061=LINE('',#13473,#2833);
#2062=LINE('',#13475,#2834);
#2063=LINE('',#13477,#2835);
#2064=LINE('',#13478,#2836);
#2065=LINE('',#13482,#2837);
#2066=LINE('',#13484,#2838);
#2067=LINE('',#13486,#2839);
#2068=LINE('',#13490,#2840);
#2069=LINE('',#13492,#2841);
#2070=LINE('',#13494,#2842);
#2071=LINE('',#13496,#2843);
#2072=LINE('',#13497,#2844);
#2073=LINE('',#13501,#2845);
#2074=LINE('',#13503,#2846);
#2075=LINE('',#13505,#2847);
#2076=LINE('',#13507,#2848);
#2077=LINE('',#13509,#2849);
#2078=LINE('',#13511,#2850);
#2079=LINE('',#13513,#2851);
#2080=LINE('',#13515,#2852);
#2081=LINE('',#13519,#2853);
#2082=LINE('',#13520,#2854);
#2083=LINE('',#13523,#2855);
#2084=LINE('',#13524,#2856);
#2085=LINE('',#13526,#2857);
#2086=LINE('',#13529,#2858);
#2087=LINE('',#13530,#2859);
#2088=LINE('',#13533,#2860);
#2089=LINE('',#13534,#2861);
#2090=LINE('',#13537,#2862);
#2091=LINE('',#13538,#2863);
#2092=LINE('',#13540,#2864);
#2093=LINE('',#13543,#2865);
#2094=LINE('',#13544,#2866);
#2095=LINE('',#13547,#2867);
#2096=LINE('',#13548,#2868);
#2097=LINE('',#13550,#2869);
#2098=LINE('',#13553,#2870);
#2099=LINE('',#13554,#2871);
#2100=LINE('',#13557,#2872);
#2101=LINE('',#13558,#2873);
#2102=LINE('',#13560,#2874);
#2103=LINE('',#13563,#2875);
#2104=LINE('',#13564,#2876);
#2105=LINE('',#13567,#2877);
#2106=LINE('',#13568,#2878);
#2107=LINE('',#13571,#2879);
#2108=LINE('',#13572,#2880);
#2109=LINE('',#13574,#2881);
#2110=LINE('',#13577,#2882);
#2111=LINE('',#13578,#2883);
#2112=LINE('',#13581,#2884);
#2113=LINE('',#13582,#2885);
#2114=LINE('',#13584,#2886);
#2115=LINE('',#13593,#2887);
#2116=LINE('',#13595,#2888);
#2117=LINE('',#13597,#2889);
#2118=LINE('',#13599,#2890);
#2119=LINE('',#13601,#2891);
#2120=LINE('',#13603,#2892);
#2121=LINE('',#13605,#2893);
#2122=LINE('',#13606,#2894);
#2123=LINE('',#13610,#2895);
#2124=LINE('',#13614,#2896);
#2125=LINE('',#13618,#2897);
#2126=LINE('',#13622,#2898);
#2127=LINE('',#13626,#2899);
#2128=LINE('',#13630,#2900);
#2129=LINE('',#13635,#2901);
#2130=LINE('',#13639,#2902);
#2131=LINE('',#13643,#2903);
#2132=LINE('',#13648,#2904);
#2133=LINE('',#13652,#2905);
#2134=LINE('',#13657,#2906);
#2135=LINE('',#13661,#2907);
#2136=LINE('',#13670,#2908);
#2137=LINE('',#13674,#2909);
#2138=LINE('',#13679,#2910);
#2139=LINE('',#13684,#2911);
#2140=LINE('',#13688,#2912);
#2141=LINE('',#13692,#2913);
#2142=LINE('',#13696,#2914);
#2143=LINE('',#13700,#2915);
#2144=LINE('',#13704,#2916);
#2145=LINE('',#13712,#2917);
#2146=LINE('',#13713,#2918);
#2147=LINE('',#13715,#2919);
#2148=LINE('',#13716,#2920);
#2149=LINE('',#13718,#2921);
#2150=LINE('',#13719,#2922);
#2151=LINE('',#13723,#2923);
#2152=LINE('',#13726,#2924);
#2153=LINE('',#13728,#2925);
#2154=LINE('',#13733,#2926);
#2155=LINE('',#13736,#2927);
#2156=LINE('',#13740,#2928);
#2157=LINE('',#13744,#2929);
#2158=LINE('',#13748,#2930);
#2159=LINE('',#13750,#2931);
#2160=LINE('',#13751,#2932);
#2161=LINE('',#13752,#2933);
#2162=LINE('',#13756,#2934);
#2163=LINE('',#13757,#2935);
#2164=LINE('',#13758,#2936);
#2165=LINE('',#13760,#2937);
#2166=LINE('',#13761,#2938);
#2167=LINE('',#13764,#2939);
#2168=LINE('',#13766,#2940);
#2169=LINE('',#13768,#2941);
#2170=LINE('',#13769,#2942);
#2171=LINE('',#13770,#2943);
#2172=LINE('',#13774,#2944);
#2173=LINE('',#13780,#2945);
#2174=LINE('',#13782,#2946);
#2175=LINE('',#13784,#2947);
#2176=LINE('',#13786,#2948);
#2177=LINE('',#13788,#2949);
#2178=LINE('',#13790,#2950);
#2179=LINE('',#13792,#2951);
#2180=LINE('',#13794,#2952);
#2181=LINE('',#13796,#2953);
#2182=LINE('',#13798,#2954);
#2183=LINE('',#13800,#2955);
#2184=LINE('',#13801,#2956);
#2185=LINE('',#13803,#2957);
#2186=LINE('',#13805,#2958);
#2187=LINE('',#13806,#2959);
#2188=LINE('',#13807,#2960);
#2189=LINE('',#13809,#2961);
#2190=LINE('',#13811,#2962);
#2191=LINE('',#13815,#2963);
#2192=LINE('',#13820,#2964);
#2193=LINE('',#13823,#2965);
#2194=LINE('',#13825,#2966);
#2195=LINE('',#13829,#2967);
#2196=LINE('',#13833,#2968);
#2197=LINE('',#13834,#2969);
#2198=LINE('',#13837,#2970);
#2199=LINE('',#13841,#2971);
#2200=LINE('',#13844,#2972);
#2201=LINE('',#13848,#2973);
#2202=LINE('',#13849,#2974);
#2203=LINE('',#13850,#2975);
#2204=LINE('',#13854,#2976);
#2205=LINE('',#13855,#2977);
#2206=LINE('',#13856,#2978);
#2207=LINE('',#13858,#2979);
#2208=LINE('',#13860,#2980);
#2209=LINE('',#13862,#2981);
#2210=LINE('',#13864,#2982);
#2211=LINE('',#13865,#2983);
#2212=LINE('',#13869,#2984);
#2213=LINE('',#13870,#2985);
#2214=LINE('',#13872,#2986);
#2215=LINE('',#13873,#2987);
#2216=LINE('',#13878,#2988);
#2217=LINE('',#13883,#2989);
#2218=LINE('',#13890,#2990);
#2219=LINE('',#13893,#2991);
#2220=LINE('',#13894,#2992);
#2221=LINE('',#13897,#2993);
#2222=LINE('',#13898,#2994);
#2223=LINE('',#13900,#2995);
#2224=LINE('',#13904,#2996);
#2225=LINE('',#13905,#2997);
#2226=LINE('',#13906,#2998);
#2227=LINE('',#13909,#2999);
#2228=LINE('',#13910,#3000);
#2229=LINE('',#13913,#3001);
#2230=LINE('',#13915,#3002);
#2231=LINE('',#13916,#3003);
#2232=LINE('',#13919,#3004);
#2233=LINE('',#13921,#3005);
#2234=LINE('',#13922,#3006);
#2235=LINE('',#13926,#3007);
#2236=LINE('',#13927,#3008);
#2237=LINE('',#13928,#3009);
#2238=LINE('',#13931,#3010);
#2239=LINE('',#13933,#3011);
#2240=LINE('',#13934,#3012);
#2241=LINE('',#13938,#3013);
#2242=LINE('',#13939,#3014);
#2243=LINE('',#13940,#3015);
#2244=LINE('',#13944,#3016);
#2245=LINE('',#13945,#3017);
#2246=LINE('',#13946,#3018);
#2247=LINE('',#14037,#3019);
#2248=LINE('',#14039,#3020);
#2249=LINE('',#14040,#3021);
#2250=LINE('',#14043,#3022);
#2251=LINE('',#14044,#3023);
#2252=LINE('',#14047,#3024);
#2253=LINE('',#14048,#3025);
#2254=LINE('',#14051,#3026);
#2255=LINE('',#14052,#3027);
#2256=LINE('',#14055,#3028);
#2257=LINE('',#14056,#3029);
#2258=LINE('',#14059,#3030);
#2259=LINE('',#14060,#3031);
#2260=LINE('',#14063,#3032);
#2261=LINE('',#14064,#3033);
#2262=LINE('',#14067,#3034);
#2263=LINE('',#14068,#3035);
#2264=LINE('',#14071,#3036);
#2265=LINE('',#14072,#3037);
#2266=LINE('',#14075,#3038);
#2267=LINE('',#14076,#3039);
#2268=LINE('',#14079,#3040);
#2269=LINE('',#14080,#3041);
#2270=LINE('',#14082,#3042);
#2271=LINE('',#14086,#3043);
#2272=LINE('',#14088,#3044);
#2273=LINE('',#14089,#3045);
#2274=LINE('',#14092,#3046);
#2275=LINE('',#14093,#3047);
#2276=LINE('',#14096,#3048);
#2277=LINE('',#14097,#3049);
#2278=LINE('',#14100,#3050);
#2279=LINE('',#14101,#3051);
#2280=LINE('',#14104,#3052);
#2281=LINE('',#14105,#3053);
#2282=LINE('',#14108,#3054);
#2283=LINE('',#14109,#3055);
#2284=LINE('',#14112,#3056);
#2285=LINE('',#14113,#3057);
#2286=LINE('',#14116,#3058);
#2287=LINE('',#14117,#3059);
#2288=LINE('',#14120,#3060);
#2289=LINE('',#14121,#3061);
#2290=LINE('',#14124,#3062);
#2291=LINE('',#14125,#3063);
#2292=LINE('',#14128,#3064);
#2293=LINE('',#14129,#3065);
#2294=LINE('',#14131,#3066);
#2295=LINE('',#14135,#3067);
#2296=LINE('',#14137,#3068);
#2297=LINE('',#14138,#3069);
#2298=LINE('',#14141,#3070);
#2299=LINE('',#14142,#3071);
#2300=LINE('',#14145,#3072);
#2301=LINE('',#14146,#3073);
#2302=LINE('',#14149,#3074);
#2303=LINE('',#14150,#3075);
#2304=LINE('',#14153,#3076);
#2305=LINE('',#14154,#3077);
#2306=LINE('',#14157,#3078);
#2307=LINE('',#14158,#3079);
#2308=LINE('',#14161,#3080);
#2309=LINE('',#14162,#3081);
#2310=LINE('',#14165,#3082);
#2311=LINE('',#14166,#3083);
#2312=LINE('',#14169,#3084);
#2313=LINE('',#14170,#3085);
#2314=LINE('',#14173,#3086);
#2315=LINE('',#14174,#3087);
#2316=LINE('',#14177,#3088);
#2317=LINE('',#14178,#3089);
#2318=LINE('',#14180,#3090);
#2319=LINE('',#14184,#3091);
#2320=LINE('',#14186,#3092);
#2321=LINE('',#14187,#3093);
#2322=LINE('',#14190,#3094);
#2323=LINE('',#14191,#3095);
#2324=LINE('',#14194,#3096);
#2325=LINE('',#14195,#3097);
#2326=LINE('',#14198,#3098);
#2327=LINE('',#14199,#3099);
#2328=LINE('',#14202,#3100);
#2329=LINE('',#14203,#3101);
#2330=LINE('',#14206,#3102);
#2331=LINE('',#14207,#3103);
#2332=LINE('',#14210,#3104);
#2333=LINE('',#14211,#3105);
#2334=LINE('',#14214,#3106);
#2335=LINE('',#14215,#3107);
#2336=LINE('',#14218,#3108);
#2337=LINE('',#14219,#3109);
#2338=LINE('',#14222,#3110);
#2339=LINE('',#14223,#3111);
#2340=LINE('',#14226,#3112);
#2341=LINE('',#14227,#3113);
#2342=LINE('',#14229,#3114);
#2343=LINE('',#14233,#3115);
#2344=LINE('',#14235,#3116);
#2345=LINE('',#14236,#3117);
#2346=LINE('',#14239,#3118);
#2347=LINE('',#14240,#3119);
#2348=LINE('',#14241,#3120);
#2349=LINE('',#14243,#3121);
#2350=LINE('',#14244,#3122);
#2351=LINE('',#14247,#3123);
#2352=LINE('',#14249,#3124);
#2353=LINE('',#14250,#3125);
#2354=LINE('',#14254,#3126);
#2355=LINE('',#14256,#3127);
#2356=LINE('',#14258,#3128);
#2357=LINE('',#14259,#3129);
#2358=LINE('',#14265,#3130);
#2359=LINE('',#14266,#3131);
#2360=LINE('',#14268,#3132);
#2361=LINE('',#14270,#3133);
#2362=LINE('',#14272,#3134);
#2363=LINE('',#14274,#3135);
#2364=LINE('',#14275,#3136);
#2365=LINE('',#14277,#3137);
#2366=LINE('',#14278,#3138);
#2367=LINE('',#14280,#3139);
#2368=LINE('',#14281,#3140);
#2369=LINE('',#14283,#3141);
#2370=LINE('',#14284,#3142);
#2371=LINE('',#14286,#3143);
#2372=LINE('',#14289,#3144);
#2373=LINE('',#14291,#3145);
#2374=LINE('',#14292,#3146);
#2375=LINE('',#14293,#3147);
#2376=LINE('',#14295,#3148);
#2377=LINE('',#14297,#3149);
#2378=LINE('',#14299,#3150);
#2379=LINE('',#14300,#3151);
#2380=LINE('',#14302,#3152);
#2381=LINE('',#14303,#3153);
#2382=LINE('',#14306,#3154);
#2383=LINE('',#14307,#3155);
#2384=LINE('',#14310,#3156);
#2385=LINE('',#14311,#3157);
#2386=LINE('',#14315,#3158);
#2387=LINE('',#14317,#3159);
#2388=LINE('',#14319,#3160);
#2389=LINE('',#14320,#3161);
#2390=LINE('',#14324,#3162);
#2391=LINE('',#14326,#3163);
#2392=LINE('',#14328,#3164);
#2393=LINE('',#14332,#3165);
#2394=LINE('',#14334,#3166);
#2395=LINE('',#14335,#3167);
#2396=LINE('',#14336,#3168);
#2397=LINE('',#14338,#3169);
#2398=LINE('',#14340,#3170);
#2399=LINE('',#14344,#3171);
#2400=LINE('',#14347,#3172);
#2401=LINE('',#14348,#3173);
#2402=LINE('',#14350,#3174);
#2403=LINE('',#14351,#3175);
#2404=LINE('',#14353,#3176);
#2405=LINE('',#14354,#3177);
#2406=LINE('',#14356,#3178);
#2407=LINE('',#14360,#3179);
#2408=LINE('',#14363,#3180);
#2409=LINE('',#14365,#3181);
#2410=LINE('',#14367,#3182);
#2411=LINE('',#14369,#3183);
#2412=LINE('',#14370,#3184);
#2413=LINE('',#14371,#3185);
#2414=LINE('',#14374,#3186);
#2415=LINE('',#14378,#3187);
#2416=LINE('',#14382,#3188);
#2417=LINE('',#14386,#3189);
#2418=LINE('',#14390,#3190);
#2419=LINE('',#14394,#3191);
#2420=LINE('',#14398,#3192);
#2421=LINE('',#14402,#3193);
#2422=LINE('',#14406,#3194);
#2423=LINE('',#14407,#3195);
#2424=LINE('',#14410,#3196);
#2425=LINE('',#14411,#3197);
#2426=LINE('',#14413,#3198);
#2427=LINE('',#14417,#3199);
#2428=LINE('',#14418,#3200);
#2429=LINE('',#14419,#3201);
#2430=LINE('',#14422,#3202);
#2431=LINE('',#14423,#3203);
#2432=LINE('',#14426,#3204);
#2433=LINE('',#14427,#3205);
#2434=LINE('',#14430,#3206);
#2435=LINE('',#14431,#3207);
#2436=LINE('',#14434,#3208);
#2437=LINE('',#14435,#3209);
#2438=LINE('',#14438,#3210);
#2439=LINE('',#14440,#3211);
#2440=LINE('',#14441,#3212);
#2441=LINE('',#14445,#3213);
#2442=LINE('',#14446,#3214);
#2443=LINE('',#14450,#3215);
#2444=LINE('',#14451,#3216);
#2445=LINE('',#14455,#3217);
#2446=LINE('',#14458,#3218);
#2447=LINE('',#14459,#3219);
#2448=LINE('',#14462,#3220);
#2449=LINE('',#14463,#3221);
#2450=LINE('',#14465,#3222);
#2451=LINE('',#14468,#3223);
#2452=LINE('',#14470,#3224);
#2453=LINE('',#14471,#3225);
#2454=LINE('',#14474,#3226);
#2455=LINE('',#14476,#3227);
#2456=LINE('',#14477,#3228);
#2457=LINE('',#14481,#3229);
#2458=LINE('',#14482,#3230);
#2459=LINE('',#14483,#3231);
#2460=LINE('',#14485,#3232);
#2461=LINE('',#14488,#3233);
#2462=LINE('',#14490,#3234);
#2463=LINE('',#14492,#3235);
#2464=LINE('',#14494,#3236);
#2465=LINE('',#14496,#3237);
#2466=LINE('',#14498,#3238);
#2467=LINE('',#14500,#3239);
#2468=LINE('',#14502,#3240);
#2469=LINE('',#14504,#3241);
#2470=LINE('',#14506,#3242);
#2471=LINE('',#14508,#3243);
#2472=LINE('',#14510,#3244);
#2473=LINE('',#14512,#3245);
#2474=LINE('',#14514,#3246);
#2475=LINE('',#14516,#3247);
#2476=LINE('',#14518,#3248);
#2477=LINE('',#14520,#3249);
#2478=LINE('',#14522,#3250);
#2479=LINE('',#14524,#3251);
#2480=LINE('',#14525,#3252);
#2481=LINE('',#14527,#3253);
#2482=LINE('',#14529,#3254);
#2483=LINE('',#14531,#3255);
#2484=LINE('',#14532,#3256);
#2485=LINE('',#14534,#3257);
#2486=LINE('',#14535,#3258);
#2487=LINE('',#14537,#3259);
#2488=LINE('',#14538,#3260);
#2489=LINE('',#14541,#3261);
#2490=LINE('',#14542,#3262);
#2491=LINE('',#14544,#3263);
#2492=LINE('',#14546,#3264);
#2493=LINE('',#14548,#3265);
#2494=LINE('',#14549,#3266);
#2495=LINE('',#14551,#3267);
#2496=LINE('',#14552,#3268);
#2497=LINE('',#14555,#3269);
#2498=LINE('',#14556,#3270);
#2499=LINE('',#14558,#3271);
#2500=LINE('',#14559,#3272);
#2501=LINE('',#14562,#3273);
#2502=LINE('',#14563,#3274);
#2503=LINE('',#14565,#3275);
#2504=LINE('',#14568,#3276);
#2505=LINE('',#14570,#3277);
#2506=LINE('',#14572,#3278);
#2507=LINE('',#14573,#3279);
#2508=LINE('',#14643,#3280);
#2509=LINE('',#14646,#3281);
#2510=LINE('',#14651,#3282);
#2511=LINE('',#14652,#3283);
#2512=LINE('',#14653,#3284);
#2513=LINE('',#14657,#3285);
#2514=LINE('',#14658,#3286);
#2515=LINE('',#14659,#3287);
#2516=LINE('',#14663,#3288);
#2517=LINE('',#14664,#3289);
#2518=LINE('',#14665,#3290);
#2519=LINE('',#14668,#3291);
#2520=LINE('',#14670,#3292);
#2521=LINE('',#14671,#3293);
#2522=LINE('',#14680,#3294);
#2523=LINE('',#14681,#3295);
#2524=LINE('',#14682,#3296);
#2525=LINE('',#14686,#3297);
#2526=LINE('',#14687,#3298);
#2527=LINE('',#14688,#3299);
#2528=LINE('',#14691,#3300);
#2529=LINE('',#14693,#3301);
#2530=LINE('',#14694,#3302);
#2531=LINE('',#14698,#3303);
#2532=LINE('',#14699,#3304);
#2533=LINE('',#14700,#3305);
#2534=LINE('',#14716,#3306);
#2535=LINE('',#14718,#3307);
#2536=LINE('',#14719,#3308);
#2537=LINE('',#14722,#3309);
#2538=LINE('',#14724,#3310);
#2539=LINE('',#14726,#3311);
#2540=LINE('',#14727,#3312);
#2541=LINE('',#14729,#3313);
#2542=LINE('',#14731,#3314);
#2543=LINE('',#14735,#3315);
#2544=LINE('',#14737,#3316);
#2545=LINE('',#14739,#3317);
#2546=LINE('',#14740,#3318);
#2547=LINE('',#14743,#3319);
#2548=LINE('',#14744,#3320);
#2549=LINE('',#14748,#3321);
#2550=LINE('',#14749,#3322);
#2551=LINE('',#14750,#3323);
#2552=LINE('',#14752,#3324);
#2553=LINE('',#14754,#3325);
#2554=VECTOR('',#9618,11.);
#2555=VECTOR('',#9633,10.9999999850988);
#2556=VECTOR('',#9648,10.9999999850988);
#2557=VECTOR('',#9661,11.5);
#2558=VECTOR('',#9664,11.5);
#2559=VECTOR('',#9667,11.5);
#2560=VECTOR('',#9674,5.00000001490116);
#2561=VECTOR('',#9685,1.5);
#2562=VECTOR('',#9694,4.);
#2563=VECTOR('',#9703,4.);
#2564=VECTOR('',#9712,11.5);
#2565=VECTOR('',#9721,2.);
#2566=VECTOR('',#9730,2.);
#2567=VECTOR('',#9739,2.);
#2568=VECTOR('',#9748,2.);
#2569=VECTOR('',#9755,10.);
#2570=VECTOR('',#9756,10.);
#2571=VECTOR('',#9757,10.);
#2572=VECTOR('',#9758,10.);
#2573=VECTOR('',#9761,10.);
#2574=VECTOR('',#9762,10.);
#2575=VECTOR('',#9763,10.);
#2576=VECTOR('',#9766,10.);
#2577=VECTOR('',#9767,10.);
#2578=VECTOR('',#9768,10.);
#2579=VECTOR('',#9771,10.);
#2580=VECTOR('',#9772,10.);
#2581=VECTOR('',#9777,10.);
#2582=VECTOR('',#9778,10.);
#2583=VECTOR('',#9779,10.);
#2584=VECTOR('',#9780,10.);
#2585=VECTOR('',#9783,10.);
#2586=VECTOR('',#9784,10.);
#2587=VECTOR('',#9785,10.);
#2588=VECTOR('',#9788,10.);
#2589=VECTOR('',#9789,10.);
#2590=VECTOR('',#9790,10.);
#2591=VECTOR('',#9793,10.);
#2592=VECTOR('',#9794,10.);
#2593=VECTOR('',#9799,10.);
#2594=VECTOR('',#9800,10.);
#2595=VECTOR('',#9801,10.);
#2596=VECTOR('',#9802,10.);
#2597=VECTOR('',#9805,10.);
#2598=VECTOR('',#9806,10.);
#2599=VECTOR('',#9807,10.);
#2600=VECTOR('',#9808,10.);
#2601=VECTOR('',#9809,10.);
#2602=VECTOR('',#9810,10.);
#2603=VECTOR('',#9811,10.);
#2604=VECTOR('',#9814,10.);
#2605=VECTOR('',#9815,10.);
#2606=VECTOR('',#9816,10.);
#2607=VECTOR('',#9819,10.);
#2608=VECTOR('',#9820,10.);
#2609=VECTOR('',#9823,10.);
#2610=VECTOR('',#9824,10.);
#2611=VECTOR('',#9825,10.);
#2612=VECTOR('',#9828,10.);
#2613=VECTOR('',#9829,10.);
#2614=VECTOR('',#9832,10.);
#2615=VECTOR('',#9833,10.);
#2616=VECTOR('',#9834,10.);
#2617=VECTOR('',#9835,10.);
#2618=VECTOR('',#9838,10.);
#2619=VECTOR('',#9839,10.);
#2620=VECTOR('',#9842,10.);
#2621=VECTOR('',#9843,10.);
#2622=VECTOR('',#9844,10.);
#2623=VECTOR('',#9845,10.);
#2624=VECTOR('',#9846,10.);
#2625=VECTOR('',#9847,10.);
#2626=VECTOR('',#9850,10.);
#2627=VECTOR('',#9851,10.);
#2628=VECTOR('',#9854,10.);
#2629=VECTOR('',#9855,10.);
#2630=VECTOR('',#9856,10.);
#2631=VECTOR('',#9857,10.);
#2632=VECTOR('',#9858,10.);
#2633=VECTOR('',#9861,10.);
#2634=VECTOR('',#9862,10.);
#2635=VECTOR('',#9863,10.);
#2636=VECTOR('',#9866,10.);
#2637=VECTOR('',#9867,10.);
#2638=VECTOR('',#9870,10.);
#2639=VECTOR('',#9873,10.);
#2640=VECTOR('',#9876,10.);
#2641=VECTOR('',#9879,10.);
#2642=VECTOR('',#9880,10.);
#2643=VECTOR('',#9881,10.);
#2644=VECTOR('',#9886,10.);
#2645=VECTOR('',#9889,10.);
#2646=VECTOR('',#9890,10.);
#2647=VECTOR('',#9893,10.);
#2648=VECTOR('',#9894,10.);
#2649=VECTOR('',#9897,10.);
#2650=VECTOR('',#9898,10.);
#2651=VECTOR('',#9901,10.);
#2652=VECTOR('',#9902,10.);
#2653=VECTOR('',#9903,10.);
#2654=VECTOR('',#9906,10.);
#2655=VECTOR('',#9911,10.);
#2656=VECTOR('',#9912,10.);
#2657=VECTOR('',#9915,10.);
#2658=VECTOR('',#9916,10.);
#2659=VECTOR('',#9917,10.);
#2660=VECTOR('',#9920,10.);
#2661=VECTOR('',#9921,10.);
#2662=VECTOR('',#9924,10.);
#2663=VECTOR('',#9925,10.);
#2664=VECTOR('',#9928,10.);
#2665=VECTOR('',#9929,10.);
#2666=VECTOR('',#9932,10.);
#2667=VECTOR('',#9933,10.);
#2668=VECTOR('',#9936,10.);
#2669=VECTOR('',#9937,10.);
#2670=VECTOR('',#9938,10.);
#2671=VECTOR('',#9941,10.);
#2672=VECTOR('',#9942,10.);
#2673=VECTOR('',#9943,10.);
#2674=VECTOR('',#9950,10.);
#2675=VECTOR('',#9951,10.);
#2676=VECTOR('',#9952,10.);
#2677=VECTOR('',#9955,10.);
#2678=VECTOR('',#9956,10.);
#2679=VECTOR('',#9957,10.);
#2680=VECTOR('',#9958,10.);
#2681=VECTOR('',#9959,10.);
#2682=VECTOR('',#9962,10.);
#2683=VECTOR('',#9963,10.);
#2684=VECTOR('',#9966,10.);
#2685=VECTOR('',#9967,10.);
#2686=VECTOR('',#9970,10.);
#2687=VECTOR('',#9971,10.);
#2688=VECTOR('',#9974,10.);
#2689=VECTOR('',#9975,10.);
#2690=VECTOR('',#9978,10.);
#2691=VECTOR('',#10015,9.10999999999999);
#2692=VECTOR('',#10030,5.40000000000001);
#2693=VECTOR('',#10035,9.59999999999999);
#2694=VECTOR('',#10050,11.);
#2695=VECTOR('',#10055,10.65);
#2696=VECTOR('',#10062,9.6);
#2697=VECTOR('',#10073,9.6);
#2698=VECTOR('',#10078,11.);
#2699=VECTOR('',#10097,5.4);
#2700=VECTOR('',#10100,5.4);
#2701=VECTOR('',#10107,4.);
#2702=VECTOR('',#10114,4.);
#2703=VECTOR('',#10119,4.35);
#2704=VECTOR('',#10130,5.40000000000001);
#2705=VECTOR('',#10137,9.59999999999999);
#2706=VECTOR('',#10144,9.10999999999999);
#2707=VECTOR('',#10171,2.00000000000002);
#2708=VECTOR('',#10180,0.6);
#2709=VECTOR('',#10187,0.6);
#2710=VECTOR('',#10194,0.558724753090448);
#2711=VECTOR('',#10201,0.627596414882865);
#2712=VECTOR('',#10210,0.558724753090462);
#2713=VECTOR('',#10217,0.583103692721125);
#2714=VECTOR('',#10226,0.560000000000001);
#2715=VECTOR('',#10233,0.583103692721128);
#2716=VECTOR('',#10242,0.573112486083827);
#2717=VECTOR('',#10249,0.643294943143701);
#2718=VECTOR('',#10444,2.00000000000001);
#2719=VECTOR('',#10451,2.3);
#2720=VECTOR('',#10456,2.3);
#2721=VECTOR('',#10461,2.3);
#2722=VECTOR('',#10466,2.3);
#2723=VECTOR('',#10471,3.00000000000093);
#2724=VECTOR('',#10476,3.00000000000064);
#2725=VECTOR('',#10481,2.99999999999978);
#2726=VECTOR('',#10486,3.);
#2727=VECTOR('',#10489,2.5);
#2728=VECTOR('',#10496,2.8);
#2729=VECTOR('',#10503,3.5);
#2730=VECTOR('',#10508,2.5);
#2731=VECTOR('',#10509,1000.);
#2732=VECTOR('',#10512,1000.);
#2733=VECTOR('',#10517,2.8);
#2734=VECTOR('',#10524,3.5);
#2735=VECTOR('',#10529,1.25);
#2736=VECTOR('',#10534,1.25);
#2737=VECTOR('',#10539,1.25);
#2738=VECTOR('',#10544,1.25);
#2739=VECTOR('',#10549,1.25);
#2740=VECTOR('',#10554,1.25);
#2741=VECTOR('',#10559,1.25);
#2742=VECTOR('',#10564,1.25);
#2743=VECTOR('',#10569,11.);
#2744=VECTOR('',#10572,1000.);
#2745=VECTOR('',#10573,1000.);
#2746=VECTOR('',#10574,1000.);
#2747=VECTOR('',#10577,1000.);
#2748=VECTOR('',#10578,1000.);
#2749=VECTOR('',#10579,1000.);
#2750=VECTOR('',#10580,1000.);
#2751=VECTOR('',#10583,1000.);
#2752=VECTOR('',#10584,1000.);
#2753=VECTOR('',#10585,1000.);
#2754=VECTOR('',#10586,1000.);
#2755=VECTOR('',#10589,1000.);
#2756=VECTOR('',#10590,1000.);
#2757=VECTOR('',#10591,1000.);
#2758=VECTOR('',#10592,1000.);
#2759=VECTOR('',#10593,10.);
#2760=VECTOR('',#10594,1000.);
#2761=VECTOR('',#10595,10.);
#2762=VECTOR('',#10596,1000.);
#2763=VECTOR('',#10597,10.);
#2764=VECTOR('',#10598,1000.);
#2765=VECTOR('',#10599,10.);
#2766=VECTOR('',#10600,1000.);
#2767=VECTOR('',#10601,10.);
#2768=VECTOR('',#10602,1000.);
#2769=VECTOR('',#10603,10.);
#2770=VECTOR('',#10604,1000.);
#2771=VECTOR('',#10605,1000.);
#2772=VECTOR('',#10606,1000.);
#2773=VECTOR('',#10609,1000.);
#2774=VECTOR('',#10610,1000.);
#2775=VECTOR('',#10611,1000.);
#2776=VECTOR('',#10612,1000.);
#2777=VECTOR('',#10615,1000.);
#2778=VECTOR('',#10616,1000.);
#2779=VECTOR('',#10617,1000.);
#2780=VECTOR('',#10618,1000.);
#2781=VECTOR('',#10621,1000.);
#2782=VECTOR('',#10622,1000.);
#2783=VECTOR('',#10625,1000.);
#2784=VECTOR('',#10626,1000.);
#2785=VECTOR('',#10627,1000.);
#2786=VECTOR('',#10630,1000.);
#2787=VECTOR('',#10631,1000.);
#2788=VECTOR('',#10632,1000.);
#2789=VECTOR('',#10633,1000.);
#2790=VECTOR('',#10636,1000.);
#2791=VECTOR('',#10637,1000.);
#2792=VECTOR('',#10638,1000.);
#2793=VECTOR('',#10641,1000.);
#2794=VECTOR('',#10644,1000.);
#2795=VECTOR('',#10645,1000.);
#2796=VECTOR('',#10646,1000.);
#2797=VECTOR('',#10647,1000.);
#2798=VECTOR('',#10648,1000.);
#2799=VECTOR('',#10649,1000.);
#2800=VECTOR('',#10650,1000.);
#2801=VECTOR('',#10655,1000.);
#2802=VECTOR('',#10658,1000.);
#2803=VECTOR('',#10659,1000.);
#2804=VECTOR('',#10660,1000.);
#2805=VECTOR('',#10661,1000.);
#2806=VECTOR('',#10662,1000.);
#2807=VECTOR('',#10665,1000.);
#2808=VECTOR('',#10666,1000.);
#2809=VECTOR('',#10667,1000.);
#2810=VECTOR('',#10668,1000.);
#2811=VECTOR('',#10669,1000.);
#2812=VECTOR('',#10672,1000.);
#2813=VECTOR('',#10675,1000.);
#2814=VECTOR('',#10678,1000.);
#2815=VECTOR('',#10681,1000.);
#2816=VECTOR('',#10684,1000.);
#2817=VECTOR('',#10687,1000.);
#2818=VECTOR('',#10690,1000.);
#2819=VECTOR('',#10695,1000.);
#2820=VECTOR('',#10696,1000.);
#2821=VECTOR('',#10697,1000.);
#2822=VECTOR('',#10698,1000.);
#2823=VECTOR('',#10699,1000.);
#2824=VECTOR('',#10704,1000.);
#2825=VECTOR('',#10713,1000.);
#2826=VECTOR('',#10714,1000.);
#2827=VECTOR('',#10715,1000.);
#2828=VECTOR('',#10716,1000.);
#2829=VECTOR('',#10717,1000.);
#2830=VECTOR('',#10720,1000.);
#2831=VECTOR('',#10723,1000.);
#2832=VECTOR('',#10728,1000.);
#2833=VECTOR('',#10731,1000.);
#2834=VECTOR('',#10732,1000.);
#2835=VECTOR('',#10733,1000.);
#2836=VECTOR('',#10734,1000.);
#2837=VECTOR('',#10737,1000.);
#2838=VECTOR('',#10738,1000.);
#2839=VECTOR('',#10739,1000.);
#2840=VECTOR('',#10742,1000.);
#2841=VECTOR('',#10743,1000.);
#2842=VECTOR('',#10744,1000.);
#2843=VECTOR('',#10745,1000.);
#2844=VECTOR('',#10746,1000.);
#2845=VECTOR('',#10749,1000.);
#2846=VECTOR('',#10750,1000.);
#2847=VECTOR('',#10751,1000.);
#2848=VECTOR('',#10752,1000.);
#2849=VECTOR('',#10753,1000.);
#2850=VECTOR('',#10754,1000.);
#2851=VECTOR('',#10755,1000.);
#2852=VECTOR('',#10756,1000.);
#2853=VECTOR('',#10761,1000.);
#2854=VECTOR('',#10762,1000.);
#2855=VECTOR('',#10765,1000.);
#2856=VECTOR('',#10766,1000.);
#2857=VECTOR('',#10769,1000.);
#2858=VECTOR('',#10772,1000.);
#2859=VECTOR('',#10773,1000.);
#2860=VECTOR('',#10776,1000.);
#2861=VECTOR('',#10777,1000.);
#2862=VECTOR('',#10780,1000.);
#2863=VECTOR('',#10781,1000.);
#2864=VECTOR('',#10784,1000.);
#2865=VECTOR('',#10787,1000.);
#2866=VECTOR('',#10788,1000.);
#2867=VECTOR('',#10791,1000.);
#2868=VECTOR('',#10792,1000.);
#2869=VECTOR('',#10795,1000.);
#2870=VECTOR('',#10798,1000.);
#2871=VECTOR('',#10799,1000.);
#2872=VECTOR('',#10802,1000.);
#2873=VECTOR('',#10803,1000.);
#2874=VECTOR('',#10806,1000.);
#2875=VECTOR('',#10809,1000.);
#2876=VECTOR('',#10810,1000.);
#2877=VECTOR('',#10813,1000.);
#2878=VECTOR('',#10814,1000.);
#2879=VECTOR('',#10817,1000.);
#2880=VECTOR('',#10818,1000.);
#2881=VECTOR('',#10821,1000.);
#2882=VECTOR('',#10824,1000.);
#2883=VECTOR('',#10825,1000.);
#2884=VECTOR('',#10828,1000.);
#2885=VECTOR('',#10829,1000.);
#2886=VECTOR('',#10832,1000.);
#2887=VECTOR('',#10845,1000.);
#2888=VECTOR('',#10846,1000.);
#2889=VECTOR('',#10847,1000.);
#2890=VECTOR('',#10848,1000.);
#2891=VECTOR('',#10849,1000.);
#2892=VECTOR('',#10850,1000.);
#2893=VECTOR('',#10851,1000.);
#2894=VECTOR('',#10852,1000.);
#2895=VECTOR('',#10855,1000.);
#2896=VECTOR('',#10858,1000.);
#2897=VECTOR('',#10861,1000.);
#2898=VECTOR('',#10864,1000.);
#2899=VECTOR('',#10867,1000.);
#2900=VECTOR('',#10870,1000.);
#2901=VECTOR('',#10875,1000.);
#2902=VECTOR('',#10878,1000.);
#2903=VECTOR('',#10881,1000.);
#2904=VECTOR('',#10886,1000.);
#2905=VECTOR('',#10889,1000.);
#2906=VECTOR('',#10894,1000.);
#2907=VECTOR('',#10897,1000.);
#2908=VECTOR('',#10898,1000.);
#2909=VECTOR('',#10901,1000.);
#2910=VECTOR('',#10906,1000.);
#2911=VECTOR('',#10911,1000.);
#2912=VECTOR('',#10914,1000.);
#2913=VECTOR('',#10917,1000.);
#2914=VECTOR('',#10920,1000.);
#2915=VECTOR('',#10923,1000.);
#2916=VECTOR('',#10926,1000.);
#2917=VECTOR('',#10929,1000.);
#2918=VECTOR('',#10930,1000.);
#2919=VECTOR('',#10933,1000.);
#2920=VECTOR('',#10934,1000.);
#2921=VECTOR('',#10937,1000.);
#2922=VECTOR('',#10938,1000.);
#2923=VECTOR('',#10941,1000.);
#2924=VECTOR('',#10944,1000.);
#2925=VECTOR('',#10945,1000.);
#2926=VECTOR('',#10950,1000.);
#2927=VECTOR('',#10953,1000.);
#2928=VECTOR('',#10958,1000.);
#2929=VECTOR('',#10961,1000.);
#2930=VECTOR('',#10966,1000.);
#2931=VECTOR('',#10967,1000.);
#2932=VECTOR('',#10968,1000.);
#2933=VECTOR('',#10969,1000.);
#2934=VECTOR('',#10972,1000.);
#2935=VECTOR('',#10973,1000.);
#2936=VECTOR('',#10974,1000.);
#2937=VECTOR('',#10975,1000.);
#2938=VECTOR('',#10976,1000.);
#2939=VECTOR('',#10979,1000.);
#2940=VECTOR('',#10980,1000.);
#2941=VECTOR('',#10981,1000.);
#2942=VECTOR('',#10982,1000.);
#2943=VECTOR('',#10983,1000.);
#2944=VECTOR('',#10986,1000.);
#2945=VECTOR('',#10993,1000.);
#2946=VECTOR('',#10994,1000.);
#2947=VECTOR('',#10995,1000.);
#2948=VECTOR('',#10996,1000.);
#2949=VECTOR('',#10997,1000.);
#2950=VECTOR('',#10998,1000.);
#2951=VECTOR('',#10999,1000.);
#2952=VECTOR('',#11000,1000.);
#2953=VECTOR('',#11001,1000.);
#2954=VECTOR('',#11002,1000.);
#2955=VECTOR('',#11003,1000.);
#2956=VECTOR('',#11004,1000.);
#2957=VECTOR('',#11007,1000.);
#2958=VECTOR('',#11010,1000.);
#2959=VECTOR('',#11011,1000.);
#2960=VECTOR('',#11012,1000.);
#2961=VECTOR('',#11015,1000.);
#2962=VECTOR('',#11018,1000.);
#2963=VECTOR('',#11025,1000.);
#2964=VECTOR('',#11030,1000.);
#2965=VECTOR('',#11033,1000.);
#2966=VECTOR('',#11034,1000.);
#2967=VECTOR('',#11039,1000.);
#2968=VECTOR('',#11042,1000.);
#2969=VECTOR('',#11043,1000.);
#2970=VECTOR('',#11046,1000.);
#2971=VECTOR('',#11049,1000.);
#2972=VECTOR('',#11052,1000.);
#2973=VECTOR('',#11055,1000.);
#2974=VECTOR('',#11056,1000.);
#2975=VECTOR('',#11057,1000.);
#2976=VECTOR('',#11060,1000.);
#2977=VECTOR('',#11061,1000.);
#2978=VECTOR('',#11062,1000.);
#2979=VECTOR('',#11065,1000.);
#2980=VECTOR('',#11066,1000.);
#2981=VECTOR('',#11067,1000.);
#2982=VECTOR('',#11068,1000.);
#2983=VECTOR('',#11069,1000.);
#2984=VECTOR('',#11072,1000.);
#2985=VECTOR('',#11073,1000.);
#2986=VECTOR('',#11074,1000.);
#2987=VECTOR('',#11075,1000.);
#2988=VECTOR('',#11080,1000.);
#2989=VECTOR('',#11089,1000.);
#2990=VECTOR('',#11102,1000.);
#2991=VECTOR('',#11105,1000.);
#2992=VECTOR('',#11106,1000.);
#2993=VECTOR('',#11109,1000.);
#2994=VECTOR('',#11110,1000.);
#2995=VECTOR('',#11113,1000.);
#2996=VECTOR('',#11116,1000.);
#2997=VECTOR('',#11117,1000.);
#2998=VECTOR('',#11118,1000.);
#2999=VECTOR('',#11121,1000.);
#3000=VECTOR('',#11122,1000.);
#3001=VECTOR('',#11125,1000.);
#3002=VECTOR('',#11126,1000.);
#3003=VECTOR('',#11127,1000.);
#3004=VECTOR('',#11130,1000.);
#3005=VECTOR('',#11131,1000.);
#3006=VECTOR('',#11132,1000.);
#3007=VECTOR('',#11135,1000.);
#3008=VECTOR('',#11136,1000.);
#3009=VECTOR('',#11137,1000.);
#3010=VECTOR('',#11140,1000.);
#3011=VECTOR('',#11141,1000.);
#3012=VECTOR('',#11142,1000.);
#3013=VECTOR('',#11145,1000.);
#3014=VECTOR('',#11146,1000.);
#3015=VECTOR('',#11147,1000.);
#3016=VECTOR('',#11150,1000.);
#3017=VECTOR('',#11151,1000.);
#3018=VECTOR('',#11152,1000.);
#3019=VECTOR('',#11331,1000.);
#3020=VECTOR('',#11332,1000.);
#3021=VECTOR('',#11333,1000.);
#3022=VECTOR('',#11336,1000.);
#3023=VECTOR('',#11337,1000.);
#3024=VECTOR('',#11340,1000.);
#3025=VECTOR('',#11341,1000.);
#3026=VECTOR('',#11344,1000.);
#3027=VECTOR('',#11345,1000.);
#3028=VECTOR('',#11348,1000.);
#3029=VECTOR('',#11349,1000.);
#3030=VECTOR('',#11352,1000.);
#3031=VECTOR('',#11353,1000.);
#3032=VECTOR('',#11356,1000.);
#3033=VECTOR('',#11357,1000.);
#3034=VECTOR('',#11360,1000.);
#3035=VECTOR('',#11361,1000.);
#3036=VECTOR('',#11364,1000.);
#3037=VECTOR('',#11365,1000.);
#3038=VECTOR('',#11368,1000.);
#3039=VECTOR('',#11369,1000.);
#3040=VECTOR('',#11372,1000.);
#3041=VECTOR('',#11373,1000.);
#3042=VECTOR('',#11376,1000.);
#3043=VECTOR('',#11381,1000.);
#3044=VECTOR('',#11382,1000.);
#3045=VECTOR('',#11383,1000.);
#3046=VECTOR('',#11386,1000.);
#3047=VECTOR('',#11387,1000.);
#3048=VECTOR('',#11390,1000.);
#3049=VECTOR('',#11391,1000.);
#3050=VECTOR('',#11394,1000.);
#3051=VECTOR('',#11395,1000.);
#3052=VECTOR('',#11398,1000.);
#3053=VECTOR('',#11399,1000.);
#3054=VECTOR('',#11402,1000.);
#3055=VECTOR('',#11403,1000.);
#3056=VECTOR('',#11406,1000.);
#3057=VECTOR('',#11407,1000.);
#3058=VECTOR('',#11410,1000.);
#3059=VECTOR('',#11411,1000.);
#3060=VECTOR('',#11414,1000.);
#3061=VECTOR('',#11415,1000.);
#3062=VECTOR('',#11418,1000.);
#3063=VECTOR('',#11419,1000.);
#3064=VECTOR('',#11422,1000.);
#3065=VECTOR('',#11423,1000.);
#3066=VECTOR('',#11426,1000.);
#3067=VECTOR('',#11431,1000.);
#3068=VECTOR('',#11432,1000.);
#3069=VECTOR('',#11433,1000.);
#3070=VECTOR('',#11436,1000.);
#3071=VECTOR('',#11437,1000.);
#3072=VECTOR('',#11440,1000.);
#3073=VECTOR('',#11441,1000.);
#3074=VECTOR('',#11444,1000.);
#3075=VECTOR('',#11445,1000.);
#3076=VECTOR('',#11448,1000.);
#3077=VECTOR('',#11449,1000.);
#3078=VECTOR('',#11452,1000.);
#3079=VECTOR('',#11453,1000.);
#3080=VECTOR('',#11456,1000.);
#3081=VECTOR('',#11457,1000.);
#3082=VECTOR('',#11460,1000.);
#3083=VECTOR('',#11461,1000.);
#3084=VECTOR('',#11464,1000.);
#3085=VECTOR('',#11465,1000.);
#3086=VECTOR('',#11468,1000.);
#3087=VECTOR('',#11469,1000.);
#3088=VECTOR('',#11472,1000.);
#3089=VECTOR('',#11473,1000.);
#3090=VECTOR('',#11476,1000.);
#3091=VECTOR('',#11481,1000.);
#3092=VECTOR('',#11482,1000.);
#3093=VECTOR('',#11483,1000.);
#3094=VECTOR('',#11486,1000.);
#3095=VECTOR('',#11487,1000.);
#3096=VECTOR('',#11490,1000.);
#3097=VECTOR('',#11491,1000.);
#3098=VECTOR('',#11494,1000.);
#3099=VECTOR('',#11495,1000.);
#3100=VECTOR('',#11498,1000.);
#3101=VECTOR('',#11499,1000.);
#3102=VECTOR('',#11502,1000.);
#3103=VECTOR('',#11503,1000.);
#3104=VECTOR('',#11506,1000.);
#3105=VECTOR('',#11507,1000.);
#3106=VECTOR('',#11510,1000.);
#3107=VECTOR('',#11511,1000.);
#3108=VECTOR('',#11514,1000.);
#3109=VECTOR('',#11515,1000.);
#3110=VECTOR('',#11518,1000.);
#3111=VECTOR('',#11519,1000.);
#3112=VECTOR('',#11522,1000.);
#3113=VECTOR('',#11523,1000.);
#3114=VECTOR('',#11526,1000.);
#3115=VECTOR('',#11531,1000.);
#3116=VECTOR('',#11532,1000.);
#3117=VECTOR('',#11533,1000.);
#3118=VECTOR('',#11536,1000.);
#3119=VECTOR('',#11537,1000.);
#3120=VECTOR('',#11538,1000.);
#3121=VECTOR('',#11539,1000.);
#3122=VECTOR('',#11540,1000.);
#3123=VECTOR('',#11543,1000.);
#3124=VECTOR('',#11544,1000.);
#3125=VECTOR('',#11545,1000.);
#3126=VECTOR('',#11548,1000.);
#3127=VECTOR('',#11549,1000.);
#3128=VECTOR('',#11550,1000.);
#3129=VECTOR('',#11551,1000.);
#3130=VECTOR('',#11558,1000.);
#3131=VECTOR('',#11559,1000.);
#3132=VECTOR('',#11560,1000.);
#3133=VECTOR('',#11561,1000.);
#3134=VECTOR('',#11562,1000.);
#3135=VECTOR('',#11563,1000.);
#3136=VECTOR('',#11564,1000.);
#3137=VECTOR('',#11567,1000.);
#3138=VECTOR('',#11568,1000.);
#3139=VECTOR('',#11571,1000.);
#3140=VECTOR('',#11572,1000.);
#3141=VECTOR('',#11575,1000.);
#3142=VECTOR('',#11576,1000.);
#3143=VECTOR('',#11579,1000.);
#3144=VECTOR('',#11582,1000.);
#3145=VECTOR('',#11583,1000.);
#3146=VECTOR('',#11584,1000.);
#3147=VECTOR('',#11585,1000.);
#3148=VECTOR('',#11588,1000.);
#3149=VECTOR('',#11591,1000.);
#3150=VECTOR('',#11594,1000.);
#3151=VECTOR('',#11595,1000.);
#3152=VECTOR('',#11598,1000.);
#3153=VECTOR('',#11599,1000.);
#3154=VECTOR('',#11602,1000.);
#3155=VECTOR('',#11603,1000.);
#3156=VECTOR('',#11606,1000.);
#3157=VECTOR('',#11607,1000.);
#3158=VECTOR('',#11610,1000.);
#3159=VECTOR('',#11611,1000.);
#3160=VECTOR('',#11612,1000.);
#3161=VECTOR('',#11613,1000.);
#3162=VECTOR('',#11616,1000.);
#3163=VECTOR('',#11617,1000.);
#3164=VECTOR('',#11618,1000.);
#3165=VECTOR('',#11621,1000.);
#3166=VECTOR('',#11622,1000.);
#3167=VECTOR('',#11623,1000.);
#3168=VECTOR('',#11624,1000.);
#3169=VECTOR('',#11627,1000.);
#3170=VECTOR('',#11628,1000.);
#3171=VECTOR('',#11631,1000.);
#3172=VECTOR('',#11634,1000.);
#3173=VECTOR('',#11635,1000.);
#3174=VECTOR('',#11638,1000.);
#3175=VECTOR('',#11639,1000.);
#3176=VECTOR('',#11642,1000.);
#3177=VECTOR('',#11643,1000.);
#3178=VECTOR('',#11644,1000.);
#3179=VECTOR('',#11647,1000.);
#3180=VECTOR('',#11650,1000.);
#3181=VECTOR('',#11653,1000.);
#3182=VECTOR('',#11654,1000.);
#3183=VECTOR('',#11655,1000.);
#3184=VECTOR('',#11656,1000.);
#3185=VECTOR('',#11657,1000.);
#3186=VECTOR('',#11658,1000.);
#3187=VECTOR('',#11661,1000.);
#3188=VECTOR('',#11664,1000.);
#3189=VECTOR('',#11667,1000.);
#3190=VECTOR('',#11670,1000.);
#3191=VECTOR('',#11673,1000.);
#3192=VECTOR('',#11676,1000.);
#3193=VECTOR('',#11679,1000.);
#3194=VECTOR('',#11684,1000.);
#3195=VECTOR('',#11685,1000.);
#3196=VECTOR('',#11688,1000.);
#3197=VECTOR('',#11689,1000.);
#3198=VECTOR('',#11692,1000.);
#3199=VECTOR('',#11695,1000.);
#3200=VECTOR('',#11696,1000.);
#3201=VECTOR('',#11697,1000.);
#3202=VECTOR('',#11700,1000.);
#3203=VECTOR('',#11701,1000.);
#3204=VECTOR('',#11704,1000.);
#3205=VECTOR('',#11705,1000.);
#3206=VECTOR('',#11708,1000.);
#3207=VECTOR('',#11709,1000.);
#3208=VECTOR('',#11712,1000.);
#3209=VECTOR('',#11713,1000.);
#3210=VECTOR('',#11716,1000.);
#3211=VECTOR('',#11717,1000.);
#3212=VECTOR('',#11718,1000.);
#3213=VECTOR('',#11723,1000.);
#3214=VECTOR('',#11724,1000.);
#3215=VECTOR('',#11729,1000.);
#3216=VECTOR('',#11730,1000.);
#3217=VECTOR('',#11737,1000.);
#3218=VECTOR('',#11740,1000.);
#3219=VECTOR('',#11741,1000.);
#3220=VECTOR('',#11744,1000.);
#3221=VECTOR('',#11745,10.);
#3222=VECTOR('',#11748,1000.);
#3223=VECTOR('',#11751,1000.);
#3224=VECTOR('',#11752,1000.);
#3225=VECTOR('',#11753,1000.);
#3226=VECTOR('',#11756,1000.);
#3227=VECTOR('',#11757,1000.);
#3228=VECTOR('',#11758,1000.);
#3229=VECTOR('',#11761,1000.);
#3230=VECTOR('',#11762,1000.);
#3231=VECTOR('',#11763,1000.);
#3232=VECTOR('',#11766,10.);
#3233=VECTOR('',#11769,1000.);
#3234=VECTOR('',#11770,1000.);
#3235=VECTOR('',#11771,10.);
#3236=VECTOR('',#11772,1000.);
#3237=VECTOR('',#11773,1000.);
#3238=VECTOR('',#11774,1000.);
#3239=VECTOR('',#11775,10.);
#3240=VECTOR('',#11776,1000.);
#3241=VECTOR('',#11777,1000.);
#3242=VECTOR('',#11778,1000.);
#3243=VECTOR('',#11779,10.);
#3244=VECTOR('',#11780,1000.);
#3245=VECTOR('',#11781,1000.);
#3246=VECTOR('',#11782,1000.);
#3247=VECTOR('',#11783,10.);
#3248=VECTOR('',#11784,1000.);
#3249=VECTOR('',#11785,1000.);
#3250=VECTOR('',#11786,1000.);
#3251=VECTOR('',#11787,10.);
#3252=VECTOR('',#11788,10.);
#3253=VECTOR('',#11789,1000.);
#3254=VECTOR('',#11790,1000.);
#3255=VECTOR('',#11791,1000.);
#3256=VECTOR('',#11792,1000.);
#3257=VECTOR('',#11795,1000.);
#3258=VECTOR('',#11796,1000.);
#3259=VECTOR('',#11799,1000.);
#3260=VECTOR('',#11800,1000.);
#3261=VECTOR('',#11805,1000.);
#3262=VECTOR('',#11806,1000.);
#3263=VECTOR('',#11809,1000.);
#3264=VECTOR('',#11812,1000.);
#3265=VECTOR('',#11815,1000.);
#3266=VECTOR('',#11816,1000.);
#3267=VECTOR('',#11819,1000.);
#3268=VECTOR('',#11820,1000.);
#3269=VECTOR('',#11825,1000.);
#3270=VECTOR('',#11826,1000.);
#3271=VECTOR('',#11829,1000.);
#3272=VECTOR('',#11830,1000.);
#3273=VECTOR('',#11835,1000.);
#3274=VECTOR('',#11836,1000.);
#3275=VECTOR('',#11839,1000.);
#3276=VECTOR('',#11844,1000.);
#3277=VECTOR('',#11847,1000.);
#3278=VECTOR('',#11850,1000.);
#3279=VECTOR('',#11851,1000.);
#3280=VECTOR('',#11990,1000.);
#3281=VECTOR('',#11995,1000.);
#3282=VECTOR('',#12000,1000.);
#3283=VECTOR('',#12001,1000.);
#3284=VECTOR('',#12002,1000.);
#3285=VECTOR('',#12005,1000.);
#3286=VECTOR('',#12006,1000.);
#3287=VECTOR('',#12007,1000.);
#3288=VECTOR('',#12010,1000.);
#3289=VECTOR('',#12011,1000.);
#3290=VECTOR('',#12012,1000.);
#3291=VECTOR('',#12015,1000.);
#3292=VECTOR('',#12016,1000.);
#3293=VECTOR('',#12017,1000.);
#3294=VECTOR('',#12030,1000.);
#3295=VECTOR('',#12031,1000.);
#3296=VECTOR('',#12032,1000.);
#3297=VECTOR('',#12035,1000.);
#3298=VECTOR('',#12036,1000.);
#3299=VECTOR('',#12037,1000.);
#3300=VECTOR('',#12040,1000.);
#3301=VECTOR('',#12041,1000.);
#3302=VECTOR('',#12042,1000.);
#3303=VECTOR('',#12045,1000.);
#3304=VECTOR('',#12046,1000.);
#3305=VECTOR('',#12047,1000.);
#3306=VECTOR('',#12076,1000.);
#3307=VECTOR('',#12077,1000.);
#3308=VECTOR('',#12078,1000.);
#3309=VECTOR('',#12079,1000.);
#3310=VECTOR('',#12080,1000.);
#3311=VECTOR('',#12081,1000.);
#3312=VECTOR('',#12082,1000.);
#3313=VECTOR('',#12085,1000.);
#3314=VECTOR('',#12088,1000.);
#3315=VECTOR('',#12093,1000.);
#3316=VECTOR('',#12094,1000.);
#3317=VECTOR('',#12095,1000.);
#3318=VECTOR('',#12096,1000.);
#3319=VECTOR('',#12099,1000.);
#3320=VECTOR('',#12100,1000.);
#3321=VECTOR('',#12103,1000.);
#3322=VECTOR('',#12104,1000.);
#3323=VECTOR('',#12105,1000.);
#3324=VECTOR('',#12108,1000.);
#3325=VECTOR('',#12111,1000.);
#3326=CIRCLE('',#8727,11.);
#3327=CIRCLE('',#8728,11.);
#3328=CIRCLE('',#8730,11.5);
#3329=CIRCLE('',#8732,11.5);
#3330=CIRCLE('',#8734,10.9999999850988);
#3331=CIRCLE('',#8735,10.9999999850988);
#3332=CIRCLE('',#8737,11.5);
#3333=CIRCLE('',#8739,11.5);
#3334=CIRCLE('',#8741,10.9999999850988);
#3335=CIRCLE('',#8742,10.9999999850988);
#3336=CIRCLE('',#8744,11.5);
#3337=CIRCLE('',#8746,11.5);
#3338=CIRCLE('',#8750,11.5);
#3339=CIRCLE('',#8752,5.00000001490116);
#3340=CIRCLE('',#8753,5.00000001490116);
#3341=CIRCLE('',#8755,4.);
#3342=CIRCLE('',#8757,1.5);
#3343=CIRCLE('',#8758,1.76246599057777);
#3344=CIRCLE('',#8761,4.);
#3345=CIRCLE('',#8762,4.);
#3346=CIRCLE('',#8765,4.);
#3347=CIRCLE('',#8769,11.5);
#3348=CIRCLE('',#8773,2.);
#3349=CIRCLE('',#8774,2.);
#3350=CIRCLE('',#8777,2.);
#3351=CIRCLE('',#8778,2.);
#3352=CIRCLE('',#8781,2.);
#3353=CIRCLE('',#8782,2.);
#3354=CIRCLE('',#8785,2.);
#3355=CIRCLE('',#8786,2.);
#3356=CIRCLE('',#8806,11.);
#3357=CIRCLE('',#8809,5.25);
#3358=CIRCLE('',#8810,11.);
#3359=CIRCLE('',#8816,5.25);
#3360=CIRCLE('',#8819,11.);
#3361=CIRCLE('',#8822,11.);
#3362=CIRCLE('',#8832,11.);
#3363=CIRCLE('',#8843,2.61337962921956);
#3364=CIRCLE('',#8845,2.61337962921956);
#3365=CIRCLE('',#8847,2.61337962921956);
#3366=CIRCLE('',#8849,2.61337962921956);
#3367=CIRCLE('',#8851,2.61337962921956);
#3368=CIRCLE('',#8853,2.61337962921956);
#3369=CIRCLE('',#8855,2.61337962921956);
#3370=CIRCLE('',#8857,9.10999999999999);
#3371=CIRCLE('',#8858,9.10999999999999);
#3372=CIRCLE('',#8860,5.40000000000001);
#3373=CIRCLE('',#8861,1.46609131336349);
#3374=CIRCLE('',#8862,6.80000000000001);
#3375=CIRCLE('',#8864,5.40000000000001);
#3376=CIRCLE('',#8866,9.59999999999999);
#3377=CIRCLE('',#8867,9.59999999999999);
#3378=CIRCLE('',#8872,11.);
#3379=CIRCLE('',#8873,11.);
#3380=CIRCLE('',#8874,11.);
#3381=CIRCLE('',#8876,10.65);
#3382=CIRCLE('',#8878,9.59999999999999);
#3383=CIRCLE('',#8879,9.6);
#3384=CIRCLE('',#8881,2.61337962921956);
#3385=CIRCLE('',#8882,9.6);
#3386=CIRCLE('',#8884,9.59999999999999);
#3387=CIRCLE('',#8886,10.65);
#3388=CIRCLE('',#8890,5.4);
#3389=CIRCLE('',#8891,2.61337962921956);
#3390=CIRCLE('',#8892,5.4);
#3391=CIRCLE('',#8894,5.40000000000001);
#3392=CIRCLE('',#8896,5.40000000000001);
#3393=CIRCLE('',#8898,4.);
#3394=CIRCLE('',#8899,4.35);
#3395=CIRCLE('',#8900,4.);
#3396=CIRCLE('',#8902,4.);
#3397=CIRCLE('',#8904,4.35);
#3398=CIRCLE('',#8908,5.40000000000001);
#3399=CIRCLE('',#8909,5.40000000000001);
#3400=CIRCLE('',#8911,9.59999999999999);
#3401=CIRCLE('',#8912,9.59999999999999);
#3402=CIRCLE('',#8914,9.10999999999999);
#3403=CIRCLE('',#8915,9.10999999999999);
#3404=CIRCLE('',#8917,6.80000000000001);
#3405=CIRCLE('',#8918,1.46609131336349);
#3406=CIRCLE('',#8924,1.);
#3407=CIRCLE('',#8925,10.5);
#3408=CIRCLE('',#8928,2.5);
#3409=CIRCLE('',#8929,2.00000000000002);
#3410=CIRCLE('',#8931,0.6);
#3411=CIRCLE('',#8932,0.6);
#3412=CIRCLE('',#8934,0.6);
#3413=CIRCLE('',#8935,0.6);
#3414=CIRCLE('',#8937,0.558724753090448);
#3415=CIRCLE('',#8938,0.558724753090448);
#3416=CIRCLE('',#8940,0.627596414882865);
#3417=CIRCLE('',#8941,0.627596414882865);
#3418=CIRCLE('',#8942,0.627596414882865);
#3419=CIRCLE('',#8944,0.558724753090462);
#3420=CIRCLE('',#8945,0.558724753090462);
#3421=CIRCLE('',#8947,0.583103692721125);
#3422=CIRCLE('',#8948,0.583103692721125);
#3423=CIRCLE('',#8949,0.583103692721125);
#3424=CIRCLE('',#8951,0.560000000000001);
#3425=CIRCLE('',#8952,0.560000000000001);
#3426=CIRCLE('',#8954,0.583103692721128);
#3427=CIRCLE('',#8955,0.583103692721128);
#3428=CIRCLE('',#8956,0.583103692721128);
#3429=CIRCLE('',#8958,0.573112486083827);
#3430=CIRCLE('',#8959,0.573112486083827);
#3431=CIRCLE('',#8961,0.643294943143701);
#3432=CIRCLE('',#8962,0.643294943143701);
#3433=CIRCLE('',#8963,0.643294943143701);
#3434=CIRCLE('',#8964,0.643294943143701);
#3435=CIRCLE('',#8965,0.643294943143701);
#3436=CIRCLE('',#8967,1.3);
#3437=CIRCLE('',#8969,1.3);
#3438=CIRCLE('',#8970,1.3);
#3439=CIRCLE('',#8972,1.3);
#3440=CIRCLE('',#8973,1.);
#3441=CIRCLE('',#8974,2.3);
#3442=CIRCLE('',#8975,2.3);
#3443=CIRCLE('',#8976,1.3);
#3444=CIRCLE('',#8978,1.3);
#3445=CIRCLE('',#8979,1.3);
#3446=CIRCLE('',#8982,1.3);
#3447=CIRCLE('',#8984,1.3);
#3448=CIRCLE('',#8986,1.3);
#3449=CIRCLE('',#8987,1.);
#3450=CIRCLE('',#8988,2.3);
#3451=CIRCLE('',#8989,2.3);
#3452=CIRCLE('',#8990,1.3);
#3453=CIRCLE('',#8992,1.3);
#3454=CIRCLE('',#8994,1.3);
#3455=CIRCLE('',#8996,1.3);
#3456=CIRCLE('',#8998,1.3);
#3457=CIRCLE('',#8999,1.3);
#3458=CIRCLE('',#9001,1.3);
#3459=CIRCLE('',#9002,1.);
#3460=CIRCLE('',#9003,2.3);
#3461=CIRCLE('',#9004,2.3);
#3462=CIRCLE('',#9005,1.3);
#3463=CIRCLE('',#9007,1.3);
#3464=CIRCLE('',#9008,1.3);
#3465=CIRCLE('',#9011,1.3);
#3466=CIRCLE('',#9013,1.3);
#3467=CIRCLE('',#9015,1.3);
#3468=CIRCLE('',#9016,1.);
#3469=CIRCLE('',#9017,2.3);
#3470=CIRCLE('',#9018,2.3);
#3471=CIRCLE('',#9019,1.3);
#3472=CIRCLE('',#9021,1.3);
#3473=CIRCLE('',#9023,1.3);
#3474=CIRCLE('',#9025,10.5);
#3475=CIRCLE('',#9026,0.5);
#3476=CIRCLE('',#9027,11.);
#3477=CIRCLE('',#9028,11.);
#3478=CIRCLE('',#9030,3.5);
#3479=CIRCLE('',#9031,0.5);
#3480=CIRCLE('',#9032,4.);
#3481=CIRCLE('',#9034,3.00000000000093);
#3482=CIRCLE('',#9035,0.5);
#3483=CIRCLE('',#9036,3.50000000000093);
#3484=CIRCLE('',#9038,3.);
#3485=CIRCLE('',#9039,0.5);
#3486=CIRCLE('',#9040,3.5);
#3487=CIRCLE('',#9042,2.99999999999978);
#3488=CIRCLE('',#9043,0.5);
#3489=CIRCLE('',#9044,3.49999999999978);
#3490=CIRCLE('',#9046,3.00000000000064);
#3491=CIRCLE('',#9047,0.5);
#3492=CIRCLE('',#9048,3.50000000000064);
#3493=CIRCLE('',#9050,3.5);
#3494=CIRCLE('',#9051,0.5);
#3495=CIRCLE('',#9052,4.);
#3496=CIRCLE('',#9054,2.00000000000002);
#3497=CIRCLE('',#9055,2.5);
#3498=CIRCLE('',#9057,2.5);
#3499=CIRCLE('',#9058,2.5);
#3500=CIRCLE('',#9059,2.00000000000001);
#3501=CIRCLE('',#9061,2.3);
#3502=CIRCLE('',#9063,2.3);
#3503=CIRCLE('',#9065,2.3);
#3504=CIRCLE('',#9067,2.3);
#3505=CIRCLE('',#9069,3.00000000000093);
#3506=CIRCLE('',#9071,3.00000000000064);
#3507=CIRCLE('',#9073,2.99999999999978);
#3508=CIRCLE('',#9075,3.);
#3509=CIRCLE('',#9077,2.5);
#3510=CIRCLE('',#9079,2.8);
#3511=CIRCLE('',#9080,2.8);
#3512=CIRCLE('',#9082,3.5);
#3513=CIRCLE('',#9084,2.5);
#3514=CIRCLE('',#9085,2.5);
#3515=CIRCLE('',#9087,2.8);
#3516=CIRCLE('',#9088,2.8);
#3517=CIRCLE('',#9090,3.5);
#3518=CIRCLE('',#9092,1.25);
#3519=CIRCLE('',#9093,1.25);
#3520=CIRCLE('',#9096,1.25);
#3521=CIRCLE('',#9097,1.25);
#3522=CIRCLE('',#9100,1.25);
#3523=CIRCLE('',#9101,1.25);
#3524=CIRCLE('',#9104,1.25);
#3525=CIRCLE('',#9105,1.25);
#3526=CIRCLE('',#9108,11.);
#3527=CIRCLE('',#9120,0.199999999999999);
#3528=CIRCLE('',#9121,0.199999999999999);
#3529=CIRCLE('',#9123,0.199999999999999);
#3530=CIRCLE('',#9125,0.199999999999999);
#3531=CIRCLE('',#9126,0.199999999999999);
#3532=CIRCLE('',#9127,0.199999999999999);
#3533=CIRCLE('',#9128,0.199999999999999);
#3534=CIRCLE('',#9129,0.0999999999999994);
#3535=CIRCLE('',#9130,0.0999999999999994);
#3536=CIRCLE('',#9131,0.200000000000001);
#3537=CIRCLE('',#9132,0.200000000000001);
#3538=CIRCLE('',#9133,0.200000000000001);
#3539=CIRCLE('',#9134,0.200000000000001);
#3540=CIRCLE('',#9135,0.200000000000001);
#3541=CIRCLE('',#9136,0.200000000000001);
#3542=CIRCLE('',#9138,0.200000000000001);
#3543=CIRCLE('',#9139,0.200000000000001);
#3544=CIRCLE('',#9140,0.200000000000001);
#3545=CIRCLE('',#9142,0.200000000000001);
#3546=CIRCLE('',#9143,0.200000000000001);
#3547=CIRCLE('',#9144,0.200000000000001);
#3548=CIRCLE('',#9146,0.5);
#3549=CIRCLE('',#9148,0.5);
#3550=CIRCLE('',#9176,25.);
#3551=CIRCLE('',#9177,25.);
#3552=CIRCLE('',#9178,25.);
#3553=CIRCLE('',#9179,25.);
#3554=CIRCLE('',#9180,25.);
#3555=CIRCLE('',#9181,25.);
#3556=CIRCLE('',#9183,25.);
#3557=CIRCLE('',#9184,25.);
#3558=CIRCLE('',#9185,25.);
#3559=CIRCLE('',#9186,25.);
#3560=CIRCLE('',#9187,25.);
#3561=CIRCLE('',#9188,25.);
#3562=CIRCLE('',#9190,25.);
#3563=CIRCLE('',#9191,25.);
#3564=CIRCLE('',#9192,25.);
#3565=CIRCLE('',#9193,25.);
#3566=CIRCLE('',#9194,25.);
#3567=CIRCLE('',#9196,25.);
#3568=CIRCLE('',#9197,25.);
#3569=CIRCLE('',#9198,25.);
#3570=CIRCLE('',#9199,25.);
#3571=CIRCLE('',#9200,25.);
#3572=CIRCLE('',#9205,0.5);
#3573=CIRCLE('',#9206,0.5);
#3574=CIRCLE('',#9208,0.5);
#3575=CIRCLE('',#9209,0.5);
#3576=CIRCLE('',#9211,0.5);
#3577=CIRCLE('',#9212,0.5);
#3578=CIRCLE('',#9217,0.5);
#3579=CIRCLE('',#9218,0.5);
#3580=CIRCLE('',#9229,0.5);
#3581=CIRCLE('',#9230,0.5);
#3582=CIRCLE('',#9232,0.5);
#3583=CIRCLE('',#9234,0.5);
#3584=CIRCLE('',#9235,0.5);
#3585=CIRCLE('',#9241,0.5);
#3586=CIRCLE('',#9242,0.5);
#3587=CIRCLE('',#9264,0.5);
#3588=CIRCLE('',#9266,0.500000000000001);
#3589=CIRCLE('',#9267,0.500000000000001);
#3590=CIRCLE('',#9269,0.5);
#3591=CIRCLE('',#9271,0.5);
#3592=CIRCLE('',#9273,0.5);
#3593=CIRCLE('',#9275,0.5);
#3594=CIRCLE('',#9277,0.5);
#3595=CIRCLE('',#9279,0.499999999999998);
#3596=CIRCLE('',#9281,0.5);
#3597=CIRCLE('',#9283,0.500000000000001);
#3598=CIRCLE('',#9284,0.499999999999998);
#3599=CIRCLE('',#9286,0.500000000000001);
#3600=CIRCLE('',#9288,0.5);
#3601=CIRCLE('',#9290,0.5);
#3602=CIRCLE('',#9292,0.5);
#3603=CIRCLE('',#9294,0.5);
#3604=CIRCLE('',#9296,0.5);
#3605=CIRCLE('',#9298,0.5);
#3606=CIRCLE('',#9300,0.5);
#3607=CIRCLE('',#9302,0.500000000000001);
#3608=CIRCLE('',#9304,0.500000000000001);
#3609=CIRCLE('',#9307,0.5);
#3610=CIRCLE('',#9309,0.5);
#3611=CIRCLE('',#9310,0.499999999999998);
#3612=CIRCLE('',#9312,0.500000000000001);
#3613=CIRCLE('',#9314,0.5);
#3614=CIRCLE('',#9316,0.5);
#3615=CIRCLE('',#9318,0.5);
#3616=CIRCLE('',#9320,0.5);
#3617=CIRCLE('',#9322,0.499999999999998);
#3618=CIRCLE('',#9324,0.5);
#3619=CIRCLE('',#9326,0.5);
#3620=CIRCLE('',#9328,0.5);
#3621=CIRCLE('',#9330,0.499999999999998);
#3622=CIRCLE('',#9332,0.499999999999998);
#3623=CIRCLE('',#9334,0.5);
#3624=CIRCLE('',#9336,0.500000000000001);
#3625=CIRCLE('',#9338,0.5);
#3626=CIRCLE('',#9342,0.5);
#3627=CIRCLE('',#9344,0.500000000000001);
#3628=CIRCLE('',#9346,0.5);
#3629=CIRCLE('',#9348,0.5);
#3630=CIRCLE('',#9423,0.199999999999999);
#3631=CIRCLE('',#9425,0.199999999999999);
#3632=CIRCLE('',#9426,0.199999999999999);
#3633=CIRCLE('',#9429,0.199999999999999);
#3634=CIRCLE('',#9430,0.199999999999999);
#3635=CIRCLE('',#9432,0.2);
#3636=CIRCLE('',#9433,0.2);
#3637=CIRCLE('',#9434,0.2);
#3638=CIRCLE('',#9435,0.2);
#3639=CIRCLE('',#9436,0.2);
#3640=CIRCLE('',#9437,0.2);
#3641=CIRCLE('',#9438,0.2);
#3642=CIRCLE('',#9439,0.2);
#3643=CIRCLE('',#9450,0.199999999999999);
#3644=CIRCLE('',#9451,0.199999999999999);
#3645=CIRCLE('',#9454,0.199999999999999);
#3646=CIRCLE('',#9455,0.199999999999999);
#3647=CIRCLE('',#9495,0.5);
#3648=CIRCLE('',#9499,0.5);
#3649=CIRCLE('',#9501,0.5);
#3650=CIRCLE('',#9502,0.5);
#3651=CIRCLE('',#9504,0.5);
#3652=CIRCLE('',#9507,0.5);
#3653=CIRCLE('',#9510,0.5);
#3654=CIRCLE('',#9512,0.5);
#3655=CIRCLE('',#9513,0.5);
#3656=CIRCLE('',#9515,0.5);
#3657=CIRCLE('',#9517,0.5);
#3658=CIRCLE('',#9519,0.5);
#3659=CIRCLE('',#9522,0.5);
#3660=CIRCLE('',#9524,0.5);
#3661=CIRCLE('',#9531,0.1);
#3662=CIRCLE('',#9534,0.0999999999999994);
#3663=CIRCLE('',#9538,0.0999999999999994);
#3664=CIRCLE('',#9540,0.1);
#3665=CIRCLE('',#9542,0.0999999999999994);
#3666=CIRCLE('',#9544,0.0999999999999994);
#3667=CIRCLE('',#9559,0.2);
#3668=CIRCLE('',#9560,0.2);
#3669=CIRCLE('',#9561,0.2);
#3670=CIRCLE('',#9562,0.2);
#3671=CIRCLE('',#9568,0.2);
#3672=CIRCLE('',#9569,0.2);
#3673=CIRCLE('',#9570,0.2);
#3674=CIRCLE('',#9571,0.2);
#3675=VERTEX_POINT('',#12157);
#3676=VERTEX_POINT('',#12159);
#3677=VERTEX_POINT('',#12163);
#3678=VERTEX_POINT('',#12166);
#3679=VERTEX_POINT('',#12169);
#3680=VERTEX_POINT('',#12171);
#3681=VERTEX_POINT('',#12175);
#3682=VERTEX_POINT('',#12178);
#3683=VERTEX_POINT('',#12181);
#3684=VERTEX_POINT('',#12183);
#3685=VERTEX_POINT('',#12187);
#3686=VERTEX_POINT('',#12190);
#3687=VERTEX_POINT('',#12197);
#3688=VERTEX_POINT('',#12201);
#3689=VERTEX_POINT('',#12203);
#3690=VERTEX_POINT('',#12207);
#3691=VERTEX_POINT('',#12210);
#3692=VERTEX_POINT('',#12212);
#3693=VERTEX_POINT('',#12217);
#3694=VERTEX_POINT('',#12219);
#3695=VERTEX_POINT('',#12224);
#3696=VERTEX_POINT('',#12230);
#3697=VERTEX_POINT('',#12236);
#3698=VERTEX_POINT('',#12238);
#3699=VERTEX_POINT('',#12243);
#3700=VERTEX_POINT('',#12245);
#3701=VERTEX_POINT('',#12250);
#3702=VERTEX_POINT('',#12252);
#3703=VERTEX_POINT('',#12257);
#3704=VERTEX_POINT('',#12259);
#3705=VERTEX_POINT('',#12264);
#3706=VERTEX_POINT('',#12265);
#3707=VERTEX_POINT('',#12267);
#3708=VERTEX_POINT('',#12269);
#3709=VERTEX_POINT('',#12273);
#3710=VERTEX_POINT('',#12275);
#3711=VERTEX_POINT('',#12279);
#3712=VERTEX_POINT('',#12281);
#3713=VERTEX_POINT('',#12289);
#3714=VERTEX_POINT('',#12290);
#3715=VERTEX_POINT('',#12292);
#3716=VERTEX_POINT('',#12294);
#3717=VERTEX_POINT('',#12298);
#3718=VERTEX_POINT('',#12300);
#3719=VERTEX_POINT('',#12304);
#3720=VERTEX_POINT('',#12306);
#3721=VERTEX_POINT('',#12314);
#3722=VERTEX_POINT('',#12315);
#3723=VERTEX_POINT('',#12317);
#3724=VERTEX_POINT('',#12319);
#3725=VERTEX_POINT('',#12323);
#3726=VERTEX_POINT('',#12325);
#3727=VERTEX_POINT('',#12327);
#3728=VERTEX_POINT('',#12329);
#3729=VERTEX_POINT('',#12331);
#3730=VERTEX_POINT('',#12333);
#3731=VERTEX_POINT('',#12337);
#3732=VERTEX_POINT('',#12339);
#3733=VERTEX_POINT('',#12343);
#3734=VERTEX_POINT('',#12347);
#3735=VERTEX_POINT('',#12349);
#3736=VERTEX_POINT('',#12353);
#3737=VERTEX_POINT('',#12358);
#3738=VERTEX_POINT('',#12360);
#3739=VERTEX_POINT('',#12364);
#3740=VERTEX_POINT('',#12366);
#3741=VERTEX_POINT('',#12368);
#3742=VERTEX_POINT('',#12370);
#3743=VERTEX_POINT('',#12372);
#3744=VERTEX_POINT('',#12374);
#3745=VERTEX_POINT('',#12376);
#3746=VERTEX_POINT('',#12378);
#3747=VERTEX_POINT('',#12382);
#3748=VERTEX_POINT('',#12386);
#3749=VERTEX_POINT('',#12388);
#3750=VERTEX_POINT('',#12390);
#3751=VERTEX_POINT('',#12392);
#3752=VERTEX_POINT('',#12394);
#3753=VERTEX_POINT('',#12396);
#3754=VERTEX_POINT('',#12398);
#3755=VERTEX_POINT('',#12400);
#3756=VERTEX_POINT('',#12402);
#3757=VERTEX_POINT('',#12404);
#3758=VERTEX_POINT('',#12406);
#3759=VERTEX_POINT('',#12416);
#3760=VERTEX_POINT('',#12418);
#3761=VERTEX_POINT('',#12422);
#3762=VERTEX_POINT('',#12426);
#3763=VERTEX_POINT('',#12430);
#3764=VERTEX_POINT('',#12432);
#3765=VERTEX_POINT('',#12434);
#3766=VERTEX_POINT('',#12436);
#3767=VERTEX_POINT('',#12440);
#3768=VERTEX_POINT('',#12442);
#3769=VERTEX_POINT('',#12446);
#3770=VERTEX_POINT('',#12450);
#3771=VERTEX_POINT('',#12454);
#3772=VERTEX_POINT('',#12456);
#3773=VERTEX_POINT('',#12460);
#3774=VERTEX_POINT('',#12464);
#3775=VERTEX_POINT('',#12468);
#3776=VERTEX_POINT('',#12472);
#3777=VERTEX_POINT('',#12476);
#3778=VERTEX_POINT('',#12478);
#3779=VERTEX_POINT('',#12482);
#3780=VERTEX_POINT('',#12484);
#3781=VERTEX_POINT('',#12490);
#3782=VERTEX_POINT('',#12492);
#3783=VERTEX_POINT('',#12496);
#3784=VERTEX_POINT('',#12498);
#3785=VERTEX_POINT('',#12500);
#3786=VERTEX_POINT('',#12502);
#3787=VERTEX_POINT('',#12506);
#3788=VERTEX_POINT('',#12510);
#3789=VERTEX_POINT('',#12514);
#3790=VERTEX_POINT('',#12518);
#3791=VERTEX_POINT('',#12526);
#3792=VERTEX_POINT('',#12527);
#3793=VERTEX_POINT('',#12530);
#3794=VERTEX_POINT('',#12531);
#3795=VERTEX_POINT('',#12534);
#3796=VERTEX_POINT('',#12535);
#3797=VERTEX_POINT('',#12538);
#3798=VERTEX_POINT('',#12539);
#3799=VERTEX_POINT('',#12542);
#3800=VERTEX_POINT('',#12543);
#3801=VERTEX_POINT('',#12546);
#3802=VERTEX_POINT('',#12547);
#3803=VERTEX_POINT('',#12550);
#3804=VERTEX_POINT('',#12551);
#3805=VERTEX_POINT('',#12554);
#3806=VERTEX_POINT('',#12556);
#3807=VERTEX_POINT('',#12560);
#3808=VERTEX_POINT('',#12562);
#3809=VERTEX_POINT('',#12566);
#3810=VERTEX_POINT('',#12570);
#3811=VERTEX_POINT('',#12572);
#3812=VERTEX_POINT('',#12579);
#3813=VERTEX_POINT('',#12580);
#3814=VERTEX_POINT('',#12583);
#3815=VERTEX_POINT('',#12587);
#3816=VERTEX_POINT('',#12591);
#3817=VERTEX_POINT('',#12593);
#3818=VERTEX_POINT('',#12597);
#3819=VERTEX_POINT('',#12601);
#3820=VERTEX_POINT('',#12605);
#3821=VERTEX_POINT('',#12611);
#3822=VERTEX_POINT('',#12613);
#3823=VERTEX_POINT('',#12617);
#3824=VERTEX_POINT('',#12621);
#3825=VERTEX_POINT('',#12625);
#3826=VERTEX_POINT('',#12626);
#3827=VERTEX_POINT('',#12628);
#3828=VERTEX_POINT('',#12633);
#3829=VERTEX_POINT('',#12637);
#3830=VERTEX_POINT('',#12643);
#3831=VERTEX_POINT('',#12645);
#3832=VERTEX_POINT('',#12649);
#3833=VERTEX_POINT('',#12651);
#3834=VERTEX_POINT('',#12655);
#3835=VERTEX_POINT('',#12657);
#3836=VERTEX_POINT('',#12661);
#3837=VERTEX_POINT('',#12669);
#3838=VERTEX_POINT('',#12674);
#3839=VERTEX_POINT('',#12675);
#3840=VERTEX_POINT('',#12677);
#3841=VERTEX_POINT('',#12679);
#3842=VERTEX_POINT('',#12685);
#3843=VERTEX_POINT('',#12687);
#3844=VERTEX_POINT('',#12691);
#3845=VERTEX_POINT('',#12693);
#3846=VERTEX_POINT('',#12697);
#3847=VERTEX_POINT('',#12699);
#3848=VERTEX_POINT('',#12703);
#3849=VERTEX_POINT('',#12705);
#3850=VERTEX_POINT('',#12707);
#3851=VERTEX_POINT('',#12711);
#3852=VERTEX_POINT('',#12713);
#3853=VERTEX_POINT('',#12717);
#3854=VERTEX_POINT('',#12719);
#3855=VERTEX_POINT('',#12721);
#3856=VERTEX_POINT('',#12725);
#3857=VERTEX_POINT('',#12727);
#3858=VERTEX_POINT('',#12731);
#3859=VERTEX_POINT('',#12733);
#3860=VERTEX_POINT('',#12735);
#3861=VERTEX_POINT('',#12739);
#3862=VERTEX_POINT('',#12741);
#3863=VERTEX_POINT('',#12745);
#3864=VERTEX_POINT('',#12747);
#3865=VERTEX_POINT('',#12749);
#3866=VERTEX_POINT('',#12751);
#3867=VERTEX_POINT('',#12753);
#3868=VERTEX_POINT('',#12757);
#3869=VERTEX_POINT('',#12758);
#3870=VERTEX_POINT('',#12760);
#3871=VERTEX_POINT('',#12765);
#3872=VERTEX_POINT('',#12767);
#3873=VERTEX_POINT('',#12769);
#3874=VERTEX_POINT('',#12774);
#3875=VERTEX_POINT('',#12781);
#3876=VERTEX_POINT('',#12786);
#3877=VERTEX_POINT('',#12788);
#3878=VERTEX_POINT('',#12790);
#3879=VERTEX_POINT('',#12795);
#3880=VERTEX_POINT('',#12797);
#3881=VERTEX_POINT('',#12799);
#3882=VERTEX_POINT('',#12802);
#3883=VERTEX_POINT('',#12804);
#3884=VERTEX_POINT('',#12809);
#3885=VERTEX_POINT('',#12811);
#3886=VERTEX_POINT('',#12813);
#3887=VERTEX_POINT('',#12818);
#3888=VERTEX_POINT('',#12825);
#3889=VERTEX_POINT('',#12830);
#3890=VERTEX_POINT('',#12832);
#3891=VERTEX_POINT('',#12839);
#3892=VERTEX_POINT('',#12840);
#3893=VERTEX_POINT('',#12847);
#3894=VERTEX_POINT('',#12852);
#3895=VERTEX_POINT('',#12854);
#3896=VERTEX_POINT('',#12856);
#3897=VERTEX_POINT('',#12861);
#3898=VERTEX_POINT('',#12863);
#3899=VERTEX_POINT('',#12868);
#3900=VERTEX_POINT('',#12870);
#3901=VERTEX_POINT('',#12872);
#3902=VERTEX_POINT('',#12877);
#3903=VERTEX_POINT('',#12882);
#3904=VERTEX_POINT('',#12884);
#3905=VERTEX_POINT('',#12887);
#3906=VERTEX_POINT('',#12892);
#3907=VERTEX_POINT('',#12897);
#3908=VERTEX_POINT('',#12899);
#3909=VERTEX_POINT('',#12901);
#3910=VERTEX_POINT('',#12906);
#3911=VERTEX_POINT('',#12908);
#3912=VERTEX_POINT('',#12913);
#3913=VERTEX_POINT('',#12915);
#3914=VERTEX_POINT('',#12922);
#3915=VERTEX_POINT('',#12923);
#3916=VERTEX_POINT('',#12925);
#3917=VERTEX_POINT('',#12930);
#3918=VERTEX_POINT('',#12932);
#3919=VERTEX_POINT('',#12934);
#3920=VERTEX_POINT('',#12939);
#3921=VERTEX_POINT('',#12946);
#3922=VERTEX_POINT('',#12951);
#3923=VERTEX_POINT('',#12953);
#3924=VERTEX_POINT('',#12955);
#3925=VERTEX_POINT('',#12960);
#3926=VERTEX_POINT('',#12962);
#3927=VERTEX_POINT('',#12964);
#3928=VERTEX_POINT('',#12967);
#3929=VERTEX_POINT('',#12969);
#3930=VERTEX_POINT('',#12974);
#3931=VERTEX_POINT('',#12976);
#3932=VERTEX_POINT('',#12978);
#3933=VERTEX_POINT('',#12983);
#3934=VERTEX_POINT('',#12990);
#3935=VERTEX_POINT('',#12995);
#3936=VERTEX_POINT('',#12997);
#3937=VERTEX_POINT('',#13004);
#3938=VERTEX_POINT('',#13005);
#3939=VERTEX_POINT('',#13012);
#3940=VERTEX_POINT('',#13017);
#3941=VERTEX_POINT('',#13019);
#3942=VERTEX_POINT('',#13021);
#3943=VERTEX_POINT('',#13026);
#3944=VERTEX_POINT('',#13028);
#3945=VERTEX_POINT('',#13033);
#3946=VERTEX_POINT('',#13035);
#3947=VERTEX_POINT('',#13037);
#3948=VERTEX_POINT('',#13042);
#3949=VERTEX_POINT('',#13047);
#3950=VERTEX_POINT('',#13049);
#3951=VERTEX_POINT('',#13052);
#3952=VERTEX_POINT('',#13057);
#3953=VERTEX_POINT('',#13062);
#3954=VERTEX_POINT('',#13064);
#3955=VERTEX_POINT('',#13066);
#3956=VERTEX_POINT('',#13071);
#3957=VERTEX_POINT('',#13073);
#3958=VERTEX_POINT('',#13078);
#3959=VERTEX_POINT('',#13080);
#3960=VERTEX_POINT('',#13087);
#3961=VERTEX_POINT('',#13089);
#3962=VERTEX_POINT('',#13091);
#3963=VERTEX_POINT('',#13095);
#3964=VERTEX_POINT('',#13097);
#3965=VERTEX_POINT('',#13101);
#3966=VERTEX_POINT('',#13103);
#3967=VERTEX_POINT('',#13107);
#3968=VERTEX_POINT('',#13109);
#3969=VERTEX_POINT('',#13113);
#3970=VERTEX_POINT('',#13115);
#3971=VERTEX_POINT('',#13119);
#3972=VERTEX_POINT('',#13121);
#3973=VERTEX_POINT('',#13125);
#3974=VERTEX_POINT('',#13127);
#3975=VERTEX_POINT('',#13132);
#3976=VERTEX_POINT('',#13138);
#3977=VERTEX_POINT('',#13139);
#3978=VERTEX_POINT('',#13142);
#3979=VERTEX_POINT('',#13146);
#3980=VERTEX_POINT('',#13150);
#3981=VERTEX_POINT('',#13154);
#3982=VERTEX_POINT('',#13158);
#3983=VERTEX_POINT('',#13162);
#3984=VERTEX_POINT('',#13166);
#3985=VERTEX_POINT('',#13170);
#3986=VERTEX_POINT('',#13174);
#3987=VERTEX_POINT('',#13178);
#3988=VERTEX_POINT('',#13182);
#3989=VERTEX_POINT('',#13184);
#3990=VERTEX_POINT('',#13188);
#3991=VERTEX_POINT('',#13192);
#3992=VERTEX_POINT('',#13195);
#3993=VERTEX_POINT('',#13197);
#3994=VERTEX_POINT('',#13201);
#3995=VERTEX_POINT('',#13203);
#3996=VERTEX_POINT('',#13207);
#3997=VERTEX_POINT('',#13211);
#3998=VERTEX_POINT('',#13213);
#3999=VERTEX_POINT('',#13217);
#4000=VERTEX_POINT('',#13220);
#4001=VERTEX_POINT('',#13222);
#4002=VERTEX_POINT('',#13226);
#4003=VERTEX_POINT('',#13229);
#4004=VERTEX_POINT('',#13231);
#4005=VERTEX_POINT('',#13235);
#4006=VERTEX_POINT('',#13238);
#4007=VERTEX_POINT('',#13240);
#4008=VERTEX_POINT('',#13244);
#4009=VERTEX_POINT('',#13247);
#4010=VERTEX_POINT('',#13251);
#4011=VERTEX_POINT('',#13253);
#4012=VERTEX_POINT('',#13257);
#4013=VERTEX_POINT('',#13258);
#4014=VERTEX_POINT('',#13260);
#4015=VERTEX_POINT('',#13262);
#4016=VERTEX_POINT('',#13266);
#4017=VERTEX_POINT('',#13267);
#4018=VERTEX_POINT('',#13269);
#4019=VERTEX_POINT('',#13271);
#4020=VERTEX_POINT('',#13275);
#4021=VERTEX_POINT('',#13277);
#4022=VERTEX_POINT('',#13280);
#4023=VERTEX_POINT('',#13282);
#4024=VERTEX_POINT('',#13284);
#4025=VERTEX_POINT('',#13286);
#4026=VERTEX_POINT('',#13288);
#4027=VERTEX_POINT('',#13290);
#4028=VERTEX_POINT('',#13292);
#4029=VERTEX_POINT('',#13294);
#4030=VERTEX_POINT('',#13296);
#4031=VERTEX_POINT('',#13298);
#4032=VERTEX_POINT('',#13300);
#4033=VERTEX_POINT('',#13302);
#4034=VERTEX_POINT('',#13304);
#4035=VERTEX_POINT('',#13306);
#4036=VERTEX_POINT('',#13311);
#4037=VERTEX_POINT('',#13313);
#4038=VERTEX_POINT('',#13317);
#4039=VERTEX_POINT('',#13320);
#4040=VERTEX_POINT('',#13327);
#4041=VERTEX_POINT('',#13328);
#4042=VERTEX_POINT('',#13334);
#4043=VERTEX_POINT('',#13336);
#4044=VERTEX_POINT('',#13340);
#4045=VERTEX_POINT('',#13341);
#4046=VERTEX_POINT('',#13346);
#4047=VERTEX_POINT('',#13347);
#4048=VERTEX_POINT('',#13349);
#4049=VERTEX_POINT('',#13351);
#4050=VERTEX_POINT('',#13353);
#4051=VERTEX_POINT('',#13355);
#4052=VERTEX_POINT('',#13357);
#4053=VERTEX_POINT('',#13359);
#4054=VERTEX_POINT('',#13361);
#4055=VERTEX_POINT('',#13363);
#4056=VERTEX_POINT('',#13367);
#4057=VERTEX_POINT('',#13368);
#4058=VERTEX_POINT('',#13370);
#4059=VERTEX_POINT('',#13372);
#4060=VERTEX_POINT('',#13374);
#4061=VERTEX_POINT('',#13377);
#4062=VERTEX_POINT('',#13381);
#4063=VERTEX_POINT('',#13382);
#4064=VERTEX_POINT('',#13384);
#4065=VERTEX_POINT('',#13386);
#4066=VERTEX_POINT('',#13389);
#4067=VERTEX_POINT('',#13390);
#4068=VERTEX_POINT('',#13392);
#4069=VERTEX_POINT('',#13394);
#4070=VERTEX_POINT('',#13396);
#4071=VERTEX_POINT('',#13398);
#4072=VERTEX_POINT('',#13400);
#4073=VERTEX_POINT('',#13402);
#4074=VERTEX_POINT('',#13405);
#4075=VERTEX_POINT('',#13406);
#4076=VERTEX_POINT('',#13408);
#4077=VERTEX_POINT('',#13410);
#4078=VERTEX_POINT('',#13412);
#4079=VERTEX_POINT('',#13414);
#4080=VERTEX_POINT('',#13416);
#4081=VERTEX_POINT('',#13418);
#4082=VERTEX_POINT('',#13420);
#4083=VERTEX_POINT('',#13422);
#4084=VERTEX_POINT('',#13424);
#4085=VERTEX_POINT('',#13426);
#4086=VERTEX_POINT('',#13428);
#4087=VERTEX_POINT('',#13430);
#4088=VERTEX_POINT('',#13432);
#4089=VERTEX_POINT('',#13434);
#4090=VERTEX_POINT('',#13436);
#4091=VERTEX_POINT('',#13438);
#4092=VERTEX_POINT('',#13442);
#4093=VERTEX_POINT('',#13443);
#4094=VERTEX_POINT('',#13445);
#4095=VERTEX_POINT('',#13447);
#4096=VERTEX_POINT('',#13449);
#4097=VERTEX_POINT('',#13451);
#4098=VERTEX_POINT('',#13453);
#4099=VERTEX_POINT('',#13455);
#4100=VERTEX_POINT('',#13457);
#4101=VERTEX_POINT('',#13461);
#4102=VERTEX_POINT('',#13462);
#4103=VERTEX_POINT('',#13464);
#4104=VERTEX_POINT('',#13466);
#4105=VERTEX_POINT('',#13468);
#4106=VERTEX_POINT('',#13470);
#4107=VERTEX_POINT('',#13472);
#4108=VERTEX_POINT('',#13474);
#4109=VERTEX_POINT('',#13476);
#4110=VERTEX_POINT('',#13480);
#4111=VERTEX_POINT('',#13481);
#4112=VERTEX_POINT('',#13483);
#4113=VERTEX_POINT('',#13485);
#4114=VERTEX_POINT('',#13487);
#4115=VERTEX_POINT('',#13489);
#4116=VERTEX_POINT('',#13491);
#4117=VERTEX_POINT('',#13493);
#4118=VERTEX_POINT('',#13495);
#4119=VERTEX_POINT('',#13499);
#4120=VERTEX_POINT('',#13500);
#4121=VERTEX_POINT('',#13502);
#4122=VERTEX_POINT('',#13504);
#4123=VERTEX_POINT('',#13506);
#4124=VERTEX_POINT('',#13508);
#4125=VERTEX_POINT('',#13510);
#4126=VERTEX_POINT('',#13512);
#4127=VERTEX_POINT('',#13514);
#4128=VERTEX_POINT('',#13518);
#4129=VERTEX_POINT('',#13522);
#4130=VERTEX_POINT('',#13528);
#4131=VERTEX_POINT('',#13532);
#4132=VERTEX_POINT('',#13536);
#4133=VERTEX_POINT('',#13542);
#4134=VERTEX_POINT('',#13546);
#4135=VERTEX_POINT('',#13552);
#4136=VERTEX_POINT('',#13556);
#4137=VERTEX_POINT('',#13562);
#4138=VERTEX_POINT('',#13566);
#4139=VERTEX_POINT('',#13570);
#4140=VERTEX_POINT('',#13576);
#4141=VERTEX_POINT('',#13580);
#4142=VERTEX_POINT('',#13591);
#4143=VERTEX_POINT('',#13592);
#4144=VERTEX_POINT('',#13594);
#4145=VERTEX_POINT('',#13596);
#4146=VERTEX_POINT('',#13598);
#4147=VERTEX_POINT('',#13600);
#4148=VERTEX_POINT('',#13602);
#4149=VERTEX_POINT('',#13604);
#4150=VERTEX_POINT('',#13608);
#4151=VERTEX_POINT('',#13609);
#4152=VERTEX_POINT('',#13611);
#4153=VERTEX_POINT('',#13613);
#4154=VERTEX_POINT('',#13615);
#4155=VERTEX_POINT('',#13617);
#4156=VERTEX_POINT('',#13619);
#4157=VERTEX_POINT('',#13621);
#4158=VERTEX_POINT('',#13623);
#4159=VERTEX_POINT('',#13625);
#4160=VERTEX_POINT('',#13627);
#4161=VERTEX_POINT('',#13629);
#4162=VERTEX_POINT('',#13633);
#4163=VERTEX_POINT('',#13634);
#4164=VERTEX_POINT('',#13636);
#4165=VERTEX_POINT('',#13638);
#4166=VERTEX_POINT('',#13640);
#4167=VERTEX_POINT('',#13642);
#4168=VERTEX_POINT('',#13645);
#4169=VERTEX_POINT('',#13647);
#4170=VERTEX_POINT('',#13649);
#4171=VERTEX_POINT('',#13651);
#4172=VERTEX_POINT('',#13655);
#4173=VERTEX_POINT('',#13656);
#4174=VERTEX_POINT('',#13658);
#4175=VERTEX_POINT('',#13660);
#4176=VERTEX_POINT('',#13662);
#4177=VERTEX_POINT('',#13669);
#4178=VERTEX_POINT('',#13671);
#4179=VERTEX_POINT('',#13673);
#4180=VERTEX_POINT('',#13676);
#4181=VERTEX_POINT('',#13678);
#4182=VERTEX_POINT('',#13682);
#4183=VERTEX_POINT('',#13683);
#4184=VERTEX_POINT('',#13685);
#4185=VERTEX_POINT('',#13687);
#4186=VERTEX_POINT('',#13689);
#4187=VERTEX_POINT('',#13691);
#4188=VERTEX_POINT('',#13693);
#4189=VERTEX_POINT('',#13695);
#4190=VERTEX_POINT('',#13697);
#4191=VERTEX_POINT('',#13699);
#4192=VERTEX_POINT('',#13701);
#4193=VERTEX_POINT('',#13703);
#4194=VERTEX_POINT('',#13721);
#4195=VERTEX_POINT('',#13722);
#4196=VERTEX_POINT('',#13724);
#4197=VERTEX_POINT('',#13727);
#4198=VERTEX_POINT('',#13731);
#4199=VERTEX_POINT('',#13732);
#4200=VERTEX_POINT('',#13734);
#4201=VERTEX_POINT('',#13739);
#4202=VERTEX_POINT('',#13741);
#4203=VERTEX_POINT('',#13743);
#4204=VERTEX_POINT('',#13747);
#4205=VERTEX_POINT('',#13749);
#4206=VERTEX_POINT('',#13754);
#4207=VERTEX_POINT('',#13755);
#4208=VERTEX_POINT('',#13759);
#4209=VERTEX_POINT('',#13763);
#4210=VERTEX_POINT('',#13765);
#4211=VERTEX_POINT('',#13767);
#4212=VERTEX_POINT('',#13772);
#4213=VERTEX_POINT('',#13773);
#4214=VERTEX_POINT('',#13778);
#4215=VERTEX_POINT('',#13779);
#4216=VERTEX_POINT('',#13781);
#4217=VERTEX_POINT('',#13783);
#4218=VERTEX_POINT('',#13785);
#4219=VERTEX_POINT('',#13787);
#4220=VERTEX_POINT('',#13789);
#4221=VERTEX_POINT('',#13791);
#4222=VERTEX_POINT('',#13793);
#4223=VERTEX_POINT('',#13795);
#4224=VERTEX_POINT('',#13797);
#4225=VERTEX_POINT('',#13799);
#4226=VERTEX_POINT('',#13818);
#4227=VERTEX_POINT('',#13819);
#4228=VERTEX_POINT('',#13821);
#4229=VERTEX_POINT('',#13824);
#4230=VERTEX_POINT('',#13828);
#4231=VERTEX_POINT('',#13830);
#4232=VERTEX_POINT('',#13832);
#4233=VERTEX_POINT('',#13836);
#4234=VERTEX_POINT('',#13838);
#4235=VERTEX_POINT('',#13840);
#4236=VERTEX_POINT('',#13842);
#4237=VERTEX_POINT('',#13846);
#4238=VERTEX_POINT('',#13847);
#4239=VERTEX_POINT('',#13852);
#4240=VERTEX_POINT('',#13853);
#4241=VERTEX_POINT('',#13859);
#4242=VERTEX_POINT('',#13861);
#4243=VERTEX_POINT('',#13863);
#4244=VERTEX_POINT('',#13867);
#4245=VERTEX_POINT('',#13868);
#4246=VERTEX_POINT('',#13871);
#4247=VERTEX_POINT('',#13875);
#4248=VERTEX_POINT('',#13877);
#4249=VERTEX_POINT('',#13892);
#4250=VERTEX_POINT('',#13896);
#4251=VERTEX_POINT('',#13902);
#4252=VERTEX_POINT('',#13903);
#4253=VERTEX_POINT('',#13908);
#4254=VERTEX_POINT('',#13912);
#4255=VERTEX_POINT('',#13914);
#4256=VERTEX_POINT('',#13918);
#4257=VERTEX_POINT('',#13920);
#4258=VERTEX_POINT('',#13924);
#4259=VERTEX_POINT('',#13925);
#4260=VERTEX_POINT('',#13930);
#4261=VERTEX_POINT('',#13932);
#4262=VERTEX_POINT('',#13936);
#4263=VERTEX_POINT('',#13937);
#4264=VERTEX_POINT('',#13942);
#4265=VERTEX_POINT('',#13943);
#4266=VERTEX_POINT('',#14036);
#4267=VERTEX_POINT('',#14038);
#4268=VERTEX_POINT('',#14042);
#4269=VERTEX_POINT('',#14046);
#4270=VERTEX_POINT('',#14050);
#4271=VERTEX_POINT('',#14054);
#4272=VERTEX_POINT('',#14058);
#4273=VERTEX_POINT('',#14062);
#4274=VERTEX_POINT('',#14066);
#4275=VERTEX_POINT('',#14070);
#4276=VERTEX_POINT('',#14074);
#4277=VERTEX_POINT('',#14078);
#4278=VERTEX_POINT('',#14085);
#4279=VERTEX_POINT('',#14087);
#4280=VERTEX_POINT('',#14091);
#4281=VERTEX_POINT('',#14095);
#4282=VERTEX_POINT('',#14099);
#4283=VERTEX_POINT('',#14103);
#4284=VERTEX_POINT('',#14107);
#4285=VERTEX_POINT('',#14111);
#4286=VERTEX_POINT('',#14115);
#4287=VERTEX_POINT('',#14119);
#4288=VERTEX_POINT('',#14123);
#4289=VERTEX_POINT('',#14127);
#4290=VERTEX_POINT('',#14134);
#4291=VERTEX_POINT('',#14136);
#4292=VERTEX_POINT('',#14140);
#4293=VERTEX_POINT('',#14144);
#4294=VERTEX_POINT('',#14148);
#4295=VERTEX_POINT('',#14152);
#4296=VERTEX_POINT('',#14156);
#4297=VERTEX_POINT('',#14160);
#4298=VERTEX_POINT('',#14164);
#4299=VERTEX_POINT('',#14168);
#4300=VERTEX_POINT('',#14172);
#4301=VERTEX_POINT('',#14176);
#4302=VERTEX_POINT('',#14183);
#4303=VERTEX_POINT('',#14185);
#4304=VERTEX_POINT('',#14189);
#4305=VERTEX_POINT('',#14193);
#4306=VERTEX_POINT('',#14197);
#4307=VERTEX_POINT('',#14201);
#4308=VERTEX_POINT('',#14205);
#4309=VERTEX_POINT('',#14209);
#4310=VERTEX_POINT('',#14213);
#4311=VERTEX_POINT('',#14217);
#4312=VERTEX_POINT('',#14221);
#4313=VERTEX_POINT('',#14225);
#4314=VERTEX_POINT('',#14232);
#4315=VERTEX_POINT('',#14234);
#4316=VERTEX_POINT('',#14238);
#4317=VERTEX_POINT('',#14242);
#4318=VERTEX_POINT('',#14246);
#4319=VERTEX_POINT('',#14248);
#4320=VERTEX_POINT('',#14252);
#4321=VERTEX_POINT('',#14253);
#4322=VERTEX_POINT('',#14255);
#4323=VERTEX_POINT('',#14257);
#4324=VERTEX_POINT('',#14263);
#4325=VERTEX_POINT('',#14264);
#4326=VERTEX_POINT('',#14267);
#4327=VERTEX_POINT('',#14269);
#4328=VERTEX_POINT('',#14271);
#4329=VERTEX_POINT('',#14273);
#4330=VERTEX_POINT('',#14288);
#4331=VERTEX_POINT('',#14290);
#4332=VERTEX_POINT('',#14305);
#4333=VERTEX_POINT('',#14309);
#4334=VERTEX_POINT('',#14313);
#4335=VERTEX_POINT('',#14314);
#4336=VERTEX_POINT('',#14316);
#4337=VERTEX_POINT('',#14318);
#4338=VERTEX_POINT('',#14322);
#4339=VERTEX_POINT('',#14323);
#4340=VERTEX_POINT('',#14325);
#4341=VERTEX_POINT('',#14327);
#4342=VERTEX_POINT('',#14329);
#4343=VERTEX_POINT('',#14331);
#4344=VERTEX_POINT('',#14333);
#4345=VERTEX_POINT('',#14339);
#4346=VERTEX_POINT('',#14341);
#4347=VERTEX_POINT('',#14343);
#4348=VERTEX_POINT('',#14345);
#4349=VERTEX_POINT('',#14355);
#4350=VERTEX_POINT('',#14357);
#4351=VERTEX_POINT('',#14359);
#4352=VERTEX_POINT('',#14361);
#4353=VERTEX_POINT('',#14366);
#4354=VERTEX_POINT('',#14368);
#4355=VERTEX_POINT('',#14372);
#4356=VERTEX_POINT('',#14373);
#4357=VERTEX_POINT('',#14375);
#4358=VERTEX_POINT('',#14377);
#4359=VERTEX_POINT('',#14379);
#4360=VERTEX_POINT('',#14381);
#4361=VERTEX_POINT('',#14383);
#4362=VERTEX_POINT('',#14385);
#4363=VERTEX_POINT('',#14388);
#4364=VERTEX_POINT('',#14389);
#4365=VERTEX_POINT('',#14391);
#4366=VERTEX_POINT('',#14393);
#4367=VERTEX_POINT('',#14395);
#4368=VERTEX_POINT('',#14397);
#4369=VERTEX_POINT('',#14399);
#4370=VERTEX_POINT('',#14401);
#4371=VERTEX_POINT('',#14405);
#4372=VERTEX_POINT('',#14409);
#4373=VERTEX_POINT('',#14415);
#4374=VERTEX_POINT('',#14416);
#4375=VERTEX_POINT('',#14421);
#4376=VERTEX_POINT('',#14425);
#4377=VERTEX_POINT('',#14429);
#4378=VERTEX_POINT('',#14433);
#4379=VERTEX_POINT('',#14437);
#4380=VERTEX_POINT('',#14439);
#4381=VERTEX_POINT('',#14444);
#4382=VERTEX_POINT('',#14449);
#4383=VERTEX_POINT('',#14457);
#4384=VERTEX_POINT('',#14461);
#4385=VERTEX_POINT('',#14467);
#4386=VERTEX_POINT('',#14469);
#4387=VERTEX_POINT('',#14473);
#4388=VERTEX_POINT('',#14475);
#4389=VERTEX_POINT('',#14479);
#4390=VERTEX_POINT('',#14480);
#4391=VERTEX_POINT('',#14487);
#4392=VERTEX_POINT('',#14489);
#4393=VERTEX_POINT('',#14491);
#4394=VERTEX_POINT('',#14493);
#4395=VERTEX_POINT('',#14495);
#4396=VERTEX_POINT('',#14497);
#4397=VERTEX_POINT('',#14499);
#4398=VERTEX_POINT('',#14501);
#4399=VERTEX_POINT('',#14503);
#4400=VERTEX_POINT('',#14505);
#4401=VERTEX_POINT('',#14507);
#4402=VERTEX_POINT('',#14509);
#4403=VERTEX_POINT('',#14511);
#4404=VERTEX_POINT('',#14513);
#4405=VERTEX_POINT('',#14515);
#4406=VERTEX_POINT('',#14517);
#4407=VERTEX_POINT('',#14519);
#4408=VERTEX_POINT('',#14521);
#4409=VERTEX_POINT('',#14523);
#4410=VERTEX_POINT('',#14526);
#4411=VERTEX_POINT('',#14528);
#4412=VERTEX_POINT('',#14530);
#4413=VERTEX_POINT('',#14649);
#4414=VERTEX_POINT('',#14650);
#4415=VERTEX_POINT('',#14655);
#4416=VERTEX_POINT('',#14656);
#4417=VERTEX_POINT('',#14661);
#4418=VERTEX_POINT('',#14662);
#4419=VERTEX_POINT('',#14667);
#4420=VERTEX_POINT('',#14669);
#4421=VERTEX_POINT('',#14678);
#4422=VERTEX_POINT('',#14679);
#4423=VERTEX_POINT('',#14684);
#4424=VERTEX_POINT('',#14685);
#4425=VERTEX_POINT('',#14690);
#4426=VERTEX_POINT('',#14692);
#4427=VERTEX_POINT('',#14696);
#4428=VERTEX_POINT('',#14697);
#4429=VERTEX_POINT('',#14715);
#4430=VERTEX_POINT('',#14717);
#4431=VERTEX_POINT('',#14720);
#4432=VERTEX_POINT('',#14721);
#4433=VERTEX_POINT('',#14723);
#4434=VERTEX_POINT('',#14725);
#4435=VERTEX_POINT('',#14734);
#4436=VERTEX_POINT('',#14736);
#4437=VERTEX_POINT('',#14738);
#4438=VERTEX_POINT('',#14742);
#4439=VERTEX_POINT('',#14746);
#4440=VERTEX_POINT('',#14747);
#4441=EDGE_CURVE('',#3675,#3675,#3326,.T.);
#4442=EDGE_CURVE('',#3675,#3676,#1782,.T.);
#4443=EDGE_CURVE('',#3676,#3676,#3327,.T.);
#4444=EDGE_CURVE('',#3677,#3677,#3328,.T.);
#4445=EDGE_CURVE('',#3678,#3678,#3329,.T.);
#4446=EDGE_CURVE('',#3679,#3679,#3330,.T.);
#4447=EDGE_CURVE('',#3679,#3680,#1783,.T.);
#4448=EDGE_CURVE('',#3680,#3680,#3331,.T.);
#4449=EDGE_CURVE('',#3681,#3681,#3332,.T.);
#4450=EDGE_CURVE('',#3682,#3682,#3333,.T.);
#4451=EDGE_CURVE('',#3683,#3683,#3334,.T.);
#4452=EDGE_CURVE('',#3683,#3684,#1784,.T.);
#4453=EDGE_CURVE('',#3684,#3684,#3335,.T.);
#4454=EDGE_CURVE('',#3685,#3685,#3336,.T.);
#4455=EDGE_CURVE('',#3686,#3686,#3337,.T.);
#4456=EDGE_CURVE('',#3686,#3681,#1785,.T.);
#4457=EDGE_CURVE('',#3682,#3677,#1786,.T.);
#4458=EDGE_CURVE('',#3678,#3687,#1787,.T.);
#4459=EDGE_CURVE('',#3687,#3687,#3338,.T.);
#4460=EDGE_CURVE('',#3688,#3688,#3339,.T.);
#4461=EDGE_CURVE('',#3688,#3689,#1788,.T.);
#4462=EDGE_CURVE('',#3689,#3689,#3340,.T.);
#4463=EDGE_CURVE('',#3690,#3690,#3341,.T.);
#4464=EDGE_CURVE('',#3691,#3691,#3342,.T.);
#4465=EDGE_CURVE('',#3691,#3692,#1789,.T.);
#4466=EDGE_CURVE('',#3692,#3692,#3343,.T.);
#4467=EDGE_CURVE('',#3693,#3693,#3344,.T.);
#4468=EDGE_CURVE('',#3693,#3694,#1790,.T.);
#4469=EDGE_CURVE('',#3694,#3694,#3345,.T.);
#4470=EDGE_CURVE('',#3695,#3695,#3346,.T.);
#4471=EDGE_CURVE('',#3695,#3690,#1791,.T.);
#4472=EDGE_CURVE('',#3696,#3696,#3347,.T.);
#4473=EDGE_CURVE('',#3696,#3685,#1792,.T.);
#4474=EDGE_CURVE('',#3697,#3697,#3348,.T.);
#4475=EDGE_CURVE('',#3697,#3698,#1793,.T.);
#4476=EDGE_CURVE('',#3698,#3698,#3349,.T.);
#4477=EDGE_CURVE('',#3699,#3699,#3350,.T.);
#4478=EDGE_CURVE('',#3699,#3700,#1794,.T.);
#4479=EDGE_CURVE('',#3700,#3700,#3351,.T.);
#4480=EDGE_CURVE('',#3701,#3701,#3352,.T.);
#4481=EDGE_CURVE('',#3701,#3702,#1795,.T.);
#4482=EDGE_CURVE('',#3702,#3702,#3353,.T.);
#4483=EDGE_CURVE('',#3703,#3703,#3354,.T.);
#4484=EDGE_CURVE('',#3703,#3704,#1796,.T.);
#4485=EDGE_CURVE('',#3704,#3704,#3355,.T.);
#4486=EDGE_CURVE('',#3705,#3706,#1797,.T.);
#4487=EDGE_CURVE('',#3705,#3707,#1798,.T.);
#4488=EDGE_CURVE('',#3708,#3707,#1799,.T.);
#4489=EDGE_CURVE('',#3706,#3708,#1800,.T.);
#4490=EDGE_CURVE('',#3706,#3709,#1801,.T.);
#4491=EDGE_CURVE('',#3710,#3708,#1802,.T.);
#4492=EDGE_CURVE('',#3709,#3710,#1803,.T.);
#4493=EDGE_CURVE('',#3709,#3711,#1804,.T.);
#4494=EDGE_CURVE('',#3712,#3710,#1805,.T.);
#4495=EDGE_CURVE('',#3711,#3712,#1806,.T.);
#4496=EDGE_CURVE('',#3711,#3705,#1807,.T.);
#4497=EDGE_CURVE('',#3707,#3712,#1808,.T.);
#4498=EDGE_CURVE('',#3713,#3714,#1809,.T.);
#4499=EDGE_CURVE('',#3713,#3715,#1810,.T.);
#4500=EDGE_CURVE('',#3716,#3715,#1811,.T.);
#4501=EDGE_CURVE('',#3714,#3716,#1812,.T.);
#4502=EDGE_CURVE('',#3714,#3717,#1813,.T.);
#4503=EDGE_CURVE('',#3718,#3716,#1814,.T.);
#4504=EDGE_CURVE('',#3717,#3718,#1815,.T.);
#4505=EDGE_CURVE('',#3717,#3719,#1816,.T.);
#4506=EDGE_CURVE('',#3720,#3718,#1817,.T.);
#4507=EDGE_CURVE('',#3719,#3720,#1818,.T.);
#4508=EDGE_CURVE('',#3719,#3713,#1819,.T.);
#4509=EDGE_CURVE('',#3715,#3720,#1820,.T.);
#4510=EDGE_CURVE('',#3721,#3722,#1821,.T.);
#4511=EDGE_CURVE('',#3721,#3723,#1822,.T.);
#4512=EDGE_CURVE('',#3723,#3724,#1823,.F.);
#4513=EDGE_CURVE('',#3724,#3722,#1824,.T.);
#4514=EDGE_CURVE('',#3725,#3721,#1825,.T.);
#4515=EDGE_CURVE('',#3725,#3726,#1826,.T.);
#4516=EDGE_CURVE('',#3726,#3727,#1827,.T.);
#4517=EDGE_CURVE('',#3727,#3728,#1828,.T.);
#4518=EDGE_CURVE('',#3728,#3729,#1829,.T.);
#4519=EDGE_CURVE('',#3729,#3730,#1830,.T.);
#4520=EDGE_CURVE('',#3723,#3730,#1831,.T.);
#4521=EDGE_CURVE('',#3731,#3728,#1832,.T.);
#4522=EDGE_CURVE('',#3732,#3731,#1833,.T.);
#4523=EDGE_CURVE('',#3729,#3732,#1834,.T.);
#4524=EDGE_CURVE('',#3730,#3733,#1835,.T.);
#4525=EDGE_CURVE('',#3733,#3732,#1836,.T.);
#4526=EDGE_CURVE('',#3734,#3727,#1837,.T.);
#4527=EDGE_CURVE('',#3735,#3726,#1838,.T.);
#4528=EDGE_CURVE('',#3734,#3735,#1839,.T.);
#4529=EDGE_CURVE('',#3736,#3725,#1840,.T.);
#4530=EDGE_CURVE('',#3735,#3736,#1841,.T.);
#4531=EDGE_CURVE('',#3734,#3731,#1842,.T.);
#4532=EDGE_CURVE('',#3737,#3736,#1843,.T.);
#4533=EDGE_CURVE('',#3738,#3737,#1844,.T.);
#4534=EDGE_CURVE('',#3733,#3738,#1845,.T.);
#4535=EDGE_CURVE('',#3722,#3739,#1846,.T.);
#4536=EDGE_CURVE('',#3739,#3740,#1847,.T.);
#4537=EDGE_CURVE('',#3740,#3741,#3356,.T.);
#4538=EDGE_CURVE('',#3741,#3742,#1848,.T.);
#4539=EDGE_CURVE('',#3742,#3743,#1849,.T.);
#4540=EDGE_CURVE('',#3743,#3744,#1850,.T.);
#4541=EDGE_CURVE('',#3745,#3744,#1851,.T.);
#4542=EDGE_CURVE('',#3746,#3745,#1852,.T.);
#4543=EDGE_CURVE('',#3746,#3737,#1853,.T.);
#4544=EDGE_CURVE('',#3747,#3746,#1854,.T.);
#4545=EDGE_CURVE('',#3738,#3747,#1855,.T.);
#4546=EDGE_CURVE('',#3747,#3748,#1856,.T.);
#4547=EDGE_CURVE('',#3749,#3748,#1857,.T.);
#4548=EDGE_CURVE('',#3749,#3750,#1858,.T.);
#4549=EDGE_CURVE('',#3751,#3750,#1859,.T.);
#4550=EDGE_CURVE('',#3752,#3751,#1860,.T.);
#4551=EDGE_CURVE('',#3753,#3752,#3357,.T.);
#4552=EDGE_CURVE('',#3753,#3754,#1861,.T.);
#4553=EDGE_CURVE('',#3755,#3754,#1862,.T.);
#4554=EDGE_CURVE('',#3756,#3755,#1863,.T.);
#4555=EDGE_CURVE('',#3757,#3756,#3358,.T.);
#4556=EDGE_CURVE('',#3758,#3757,#1864,.T.);
#4557=EDGE_CURVE('',#3758,#3724,#1865,.T.);
#4558=EDGE_CURVE('',#3748,#3745,#1866,.T.);
#4559=EDGE_CURVE('',#3739,#3758,#1867,.T.);
#4560=EDGE_CURVE('',#3757,#3740,#1868,.T.);
#4561=EDGE_CURVE('',#3751,#3759,#1869,.T.);
#4562=EDGE_CURVE('',#3760,#3759,#1870,.T.);
#4563=EDGE_CURVE('',#3752,#3760,#1871,.T.);
#4564=EDGE_CURVE('',#3761,#3760,#3359,.T.);
#4565=EDGE_CURVE('',#3753,#3761,#1872,.T.);
#4566=EDGE_CURVE('',#3762,#3761,#1873,.T.);
#4567=EDGE_CURVE('',#3754,#3762,#1874,.T.);
#4568=EDGE_CURVE('',#3759,#3763,#1875,.T.);
#4569=EDGE_CURVE('',#3764,#3763,#1876,.T.);
#4570=EDGE_CURVE('',#3765,#3764,#3360,.T.);
#4571=EDGE_CURVE('',#3766,#3765,#1877,.T.);
#4572=EDGE_CURVE('',#3766,#3762,#1878,.T.);
#4573=EDGE_CURVE('',#3767,#3765,#1879,.T.);
#4574=EDGE_CURVE('',#3768,#3767,#1880,.T.);
#4575=EDGE_CURVE('',#3768,#3766,#1881,.T.);
#4576=EDGE_CURVE('',#3769,#3764,#1882,.T.);
#4577=EDGE_CURVE('',#3767,#3769,#3361,.T.);
#4578=EDGE_CURVE('',#3770,#3763,#1883,.T.);
#4579=EDGE_CURVE('',#3769,#3770,#1884,.T.);
#4580=EDGE_CURVE('',#3741,#3771,#1885,.T.);
#4581=EDGE_CURVE('',#3772,#3771,#1886,.T.);
#4582=EDGE_CURVE('',#3742,#3772,#1887,.T.);
#4583=EDGE_CURVE('',#3773,#3750,#1888,.T.);
#4584=EDGE_CURVE('',#3770,#3773,#1889,.T.);
#4585=EDGE_CURVE('',#3774,#3772,#1890,.T.);
#4586=EDGE_CURVE('',#3743,#3774,#1891,.T.);
#4587=EDGE_CURVE('',#3775,#3749,#1892,.T.);
#4588=EDGE_CURVE('',#3773,#3775,#1893,.T.);
#4589=EDGE_CURVE('',#3776,#3774,#1894,.T.);
#4590=EDGE_CURVE('',#3744,#3776,#1895,.T.);
#4591=EDGE_CURVE('',#3755,#3777,#1896,.T.);
#4592=EDGE_CURVE('',#3778,#3777,#1897,.T.);
#4593=EDGE_CURVE('',#3756,#3778,#1898,.T.);
#4594=EDGE_CURVE('',#3777,#3779,#1899,.T.);
#4595=EDGE_CURVE('',#3780,#3768,#1900,.T.);
#4596=EDGE_CURVE('',#3780,#3779,#1901,.T.);
#4597=EDGE_CURVE('',#3771,#3778,#3362,.T.);
#4598=EDGE_CURVE('',#3779,#3781,#1902,.T.);
#4599=EDGE_CURVE('',#3782,#3780,#1903,.T.);
#4600=EDGE_CURVE('',#3781,#3782,#1904,.T.);
#4601=EDGE_CURVE('',#3783,#3775,#1905,.T.);
#4602=EDGE_CURVE('',#3784,#3783,#1906,.T.);
#4603=EDGE_CURVE('',#3784,#3785,#1907,.T.);
#4604=EDGE_CURVE('',#3785,#3786,#1908,.T.);
#4605=EDGE_CURVE('',#3782,#3786,#1909,.T.);
#4606=EDGE_CURVE('',#3776,#3787,#1910,.T.);
#4607=EDGE_CURVE('',#3787,#3783,#1911,.T.);
#4608=EDGE_CURVE('',#3786,#3788,#1912,.T.);
#4609=EDGE_CURVE('',#3788,#3781,#1913,.T.);
#4610=EDGE_CURVE('',#3789,#3784,#1914,.T.);
#4611=EDGE_CURVE('',#3789,#3787,#1915,.T.);
#4612=EDGE_CURVE('',#3790,#3788,#1916,.T.);
#4613=EDGE_CURVE('',#3790,#3789,#1917,.T.);
#4614=EDGE_CURVE('',#3785,#3790,#1918,.T.);
#4615=EDGE_CURVE('',#3791,#3792,#3363,.T.);
#4616=EDGE_CURVE('',#3793,#3794,#3364,.T.);
#4617=EDGE_CURVE('',#3795,#3796,#3365,.T.);
#4618=EDGE_CURVE('',#3797,#3798,#3366,.T.);
#4619=EDGE_CURVE('',#3799,#3800,#3367,.T.);
#4620=EDGE_CURVE('',#3801,#3802,#3368,.T.);
#4621=EDGE_CURVE('',#3803,#3804,#3369,.T.);
#4622=EDGE_CURVE('',#3805,#3805,#3370,.T.);
#4623=EDGE_CURVE('',#3805,#3806,#1919,.T.);
#4624=EDGE_CURVE('',#3806,#3806,#3371,.T.);
#4625=EDGE_CURVE('',#3807,#3807,#3372,.T.);
#4626=EDGE_CURVE('',#3807,#3808,#3373,.T.);
#4627=EDGE_CURVE('',#3808,#3808,#3374,.T.);
#4628=EDGE_CURVE('',#3809,#3809,#3375,.T.);
#4629=EDGE_CURVE('',#3809,#3807,#1920,.T.);
#4630=EDGE_CURVE('',#3810,#3810,#3376,.T.);
#4631=EDGE_CURVE('',#3810,#3811,#1921,.T.);
#4632=EDGE_CURVE('',#3811,#3811,#3377,.T.);
#4633=EDGE_CURVE('',#3812,#3813,#3378,.T.);
#4634=EDGE_CURVE('',#3813,#3812,#3379,.T.);
#4635=EDGE_CURVE('',#3813,#3814,#1922,.T.);
#4636=EDGE_CURVE('',#3814,#3814,#3380,.T.);
#4637=EDGE_CURVE('',#3814,#3815,#1923,.T.);
#4638=EDGE_CURVE('',#3815,#3815,#3381,.T.);
#4639=EDGE_CURVE('',#3816,#3816,#3382,.T.);
#4640=EDGE_CURVE('',#3816,#3817,#1924,.T.);
#4641=EDGE_CURVE('',#3817,#3817,#3383,.T.);
#4642=EDGE_CURVE('',#3817,#3818,#3384,.T.);
#4643=EDGE_CURVE('',#3818,#3818,#3385,.T.);
#4644=EDGE_CURVE('',#3818,#3819,#1925,.T.);
#4645=EDGE_CURVE('',#3819,#3819,#3386,.T.);
#4646=EDGE_CURVE('',#3812,#3820,#1926,.T.);
#4647=EDGE_CURVE('',#3820,#3820,#3387,.T.);
#4648=EDGE_CURVE('',#3821,#3821,#3388,.T.);
#4649=EDGE_CURVE('',#3821,#3822,#3389,.T.);
#4650=EDGE_CURVE('',#3822,#3822,#3390,.T.);
#4651=EDGE_CURVE('',#3823,#3823,#3391,.T.);
#4652=EDGE_CURVE('',#3823,#3821,#1927,.T.);
#4653=EDGE_CURVE('',#3822,#3824,#1928,.T.);
#4654=EDGE_CURVE('',#3824,#3824,#3392,.T.);
#4655=EDGE_CURVE('',#3825,#3826,#3393,.T.);
#4656=EDGE_CURVE('',#3826,#3827,#1929,.T.);
#4657=EDGE_CURVE('',#3827,#3827,#3394,.T.);
#4658=EDGE_CURVE('',#3826,#3825,#3395,.T.);
#4659=EDGE_CURVE('',#3825,#3828,#1930,.T.);
#4660=EDGE_CURVE('',#3828,#3828,#3396,.T.);
#4661=EDGE_CURVE('',#3828,#3829,#1931,.T.);
#4662=EDGE_CURVE('',#3829,#3829,#3397,.T.);
#4663=EDGE_CURVE('',#3830,#3830,#3398,.T.);
#4664=EDGE_CURVE('',#3830,#3831,#1932,.T.);
#4665=EDGE_CURVE('',#3831,#3831,#3399,.T.);
#4666=EDGE_CURVE('',#3832,#3832,#3400,.T.);
#4667=EDGE_CURVE('',#3832,#3833,#1933,.T.);
#4668=EDGE_CURVE('',#3833,#3833,#3401,.T.);
#4669=EDGE_CURVE('',#3834,#3834,#3402,.T.);
#4670=EDGE_CURVE('',#3834,#3835,#1934,.T.);
#4671=EDGE_CURVE('',#3835,#3835,#3403,.T.);
#4672=EDGE_CURVE('',#3836,#3836,#3404,.T.);
#4673=EDGE_CURVE('',#3836,#3830,#3405,.T.);
#4674=EDGE_CURVE('',#3837,#3837,#3406,.T.);
#4675=EDGE_CURVE('',#3837,#3837,#3407,.T.);
#4676=EDGE_CURVE('',#3838,#3839,#1935,.T.);
#4677=EDGE_CURVE('',#3840,#3838,#3408,.T.);
#4678=EDGE_CURVE('',#3841,#3840,#100,.T.);
#4679=EDGE_CURVE('',#3839,#3841,#3409,.T.);
#4680=EDGE_CURVE('',#3842,#3842,#3410,.T.);
#4681=EDGE_CURVE('',#3842,#3843,#1936,.T.);
#4682=EDGE_CURVE('',#3843,#3843,#3411,.T.);
#4683=EDGE_CURVE('',#3844,#3844,#3412,.T.);
#4684=EDGE_CURVE('',#3844,#3845,#1937,.T.);
#4685=EDGE_CURVE('',#3845,#3845,#3413,.T.);
#4686=EDGE_CURVE('',#3846,#3846,#3414,.T.);
#4687=EDGE_CURVE('',#3846,#3847,#1938,.T.);
#4688=EDGE_CURVE('',#3847,#3847,#3415,.T.);
#4689=EDGE_CURVE('',#3848,#3848,#3416,.T.);
#4690=EDGE_CURVE('',#3848,#3849,#1939,.T.);
#4691=EDGE_CURVE('',#3849,#3850,#3417,.T.);
#4692=EDGE_CURVE('',#3850,#3849,#3418,.T.);
#4693=EDGE_CURVE('',#3851,#3851,#3419,.T.);
#4694=EDGE_CURVE('',#3851,#3852,#1940,.T.);
#4695=EDGE_CURVE('',#3852,#3852,#3420,.T.);
#4696=EDGE_CURVE('',#3853,#3853,#3421,.T.);
#4697=EDGE_CURVE('',#3853,#3854,#1941,.T.);
#4698=EDGE_CURVE('',#3854,#3855,#3422,.T.);
#4699=EDGE_CURVE('',#3855,#3854,#3423,.T.);
#4700=EDGE_CURVE('',#3856,#3856,#3424,.T.);
#4701=EDGE_CURVE('',#3856,#3857,#1942,.T.);
#4702=EDGE_CURVE('',#3857,#3857,#3425,.T.);
#4703=EDGE_CURVE('',#3858,#3858,#3426,.T.);
#4704=EDGE_CURVE('',#3858,#3859,#1943,.T.);
#4705=EDGE_CURVE('',#3859,#3860,#3427,.T.);
#4706=EDGE_CURVE('',#3860,#3859,#3428,.T.);
#4707=EDGE_CURVE('',#3861,#3861,#3429,.T.);
#4708=EDGE_CURVE('',#3861,#3862,#1944,.T.);
#4709=EDGE_CURVE('',#3862,#3862,#3430,.T.);
#4710=EDGE_CURVE('',#3863,#3863,#3431,.T.);
#4711=EDGE_CURVE('',#3863,#3864,#1945,.T.);
#4712=EDGE_CURVE('',#3864,#3865,#3432,.T.);
#4713=EDGE_CURVE('',#3865,#3866,#3433,.T.);
#4714=EDGE_CURVE('',#3866,#3867,#3434,.T.);
#4715=EDGE_CURVE('',#3867,#3864,#3435,.T.);
#4716=EDGE_CURVE('',#3868,#3869,#3436,.T.);
#4717=EDGE_CURVE('',#3870,#3868,#56,.T.);
#4718=EDGE_CURVE('',#3871,#3870,#31,.T.);
#4719=EDGE_CURVE('',#3872,#3871,#3437,.T.);
#4720=EDGE_CURVE('',#3873,#3872,#57,.T.);
#4721=EDGE_CURVE('',#3874,#3873,#58,.T.);
#4722=EDGE_CURVE('',#3875,#3874,#59,.T.);
#4723=EDGE_CURVE('',#3876,#3875,#3438,.T.);
#4724=EDGE_CURVE('',#3877,#3876,#32,.T.);
#4725=EDGE_CURVE('',#3878,#3877,#60,.T.);
#4726=EDGE_CURVE('',#3879,#3878,#3439,.T.);
#4727=EDGE_CURVE('',#3879,#3880,#3440,.T.);
#4728=EDGE_CURVE('',#3881,#3880,#3441,.T.);
#4729=EDGE_CURVE('',#3880,#3881,#3442,.T.);
#4730=EDGE_CURVE('',#3882,#3879,#3443,.T.);
#4731=EDGE_CURVE('',#3883,#3882,#61,.T.);
#4732=EDGE_CURVE('',#3884,#3883,#33,.T.);
#4733=EDGE_CURVE('',#3885,#3884,#3444,.T.);
#4734=EDGE_CURVE('',#3886,#3885,#62,.T.);
#4735=EDGE_CURVE('',#3887,#3886,#63,.T.);
#4736=EDGE_CURVE('',#3888,#3887,#64,.T.);
#4737=EDGE_CURVE('',#3889,#3888,#3445,.T.);
#4738=EDGE_CURVE('',#3890,#3889,#34,.T.);
#4739=EDGE_CURVE('',#3869,#3890,#65,.T.);
#4740=EDGE_CURVE('',#3891,#3892,#66,.T.);
#4741=EDGE_CURVE('',#3893,#3891,#67,.T.);
#4742=EDGE_CURVE('',#3894,#3893,#3446,.T.);
#4743=EDGE_CURVE('',#3895,#3894,#35,.T.);
#4744=EDGE_CURVE('',#3896,#3895,#68,.T.);
#4745=EDGE_CURVE('',#3897,#3896,#3447,.T.);
#4746=EDGE_CURVE('',#3898,#3897,#69,.T.);
#4747=EDGE_CURVE('',#3899,#3898,#36,.T.);
#4748=EDGE_CURVE('',#3900,#3899,#3448,.T.);
#4749=EDGE_CURVE('',#3901,#3900,#70,.T.);
#4750=EDGE_CURVE('',#3902,#3901,#71,.F.);
#4751=EDGE_CURVE('',#3902,#3903,#3449,.T.);
#4752=EDGE_CURVE('',#3904,#3903,#3450,.T.);
#4753=EDGE_CURVE('',#3903,#3904,#3451,.T.);
#4754=EDGE_CURVE('',#3905,#3902,#72,.F.);
#4755=EDGE_CURVE('',#3906,#3905,#73,.T.);
#4756=EDGE_CURVE('',#3907,#3906,#3452,.T.);
#4757=EDGE_CURVE('',#3908,#3907,#37,.T.);
#4758=EDGE_CURVE('',#3909,#3908,#74,.T.);
#4759=EDGE_CURVE('',#3910,#3909,#3453,.T.);
#4760=EDGE_CURVE('',#3911,#3910,#75,.T.);
#4761=EDGE_CURVE('',#3912,#3911,#38,.T.);
#4762=EDGE_CURVE('',#3913,#3912,#3454,.T.);
#4763=EDGE_CURVE('',#3892,#3913,#76,.T.);
#4764=EDGE_CURVE('',#3914,#3915,#3455,.T.);
#4765=EDGE_CURVE('',#3916,#3914,#77,.T.);
#4766=EDGE_CURVE('',#3917,#3916,#39,.T.);
#4767=EDGE_CURVE('',#3918,#3917,#3456,.T.);
#4768=EDGE_CURVE('',#3919,#3918,#78,.T.);
#4769=EDGE_CURVE('',#3920,#3919,#79,.T.);
#4770=EDGE_CURVE('',#3921,#3920,#80,.T.);
#4771=EDGE_CURVE('',#3922,#3921,#3457,.T.);
#4772=EDGE_CURVE('',#3923,#3922,#40,.T.);
#4773=EDGE_CURVE('',#3924,#3923,#81,.T.);
#4774=EDGE_CURVE('',#3925,#3924,#3458,.T.);
#4775=EDGE_CURVE('',#3925,#3926,#3459,.T.);
#4776=EDGE_CURVE('',#3927,#3926,#3460,.T.);
#4777=EDGE_CURVE('',#3926,#3927,#3461,.T.);
#4778=EDGE_CURVE('',#3928,#3925,#3462,.T.);
#4779=EDGE_CURVE('',#3929,#3928,#82,.T.);
#4780=EDGE_CURVE('',#3930,#3929,#41,.T.);
#4781=EDGE_CURVE('',#3931,#3930,#3463,.T.);
#4782=EDGE_CURVE('',#3932,#3931,#83,.T.);
#4783=EDGE_CURVE('',#3933,#3932,#84,.T.);
#4784=EDGE_CURVE('',#3934,#3933,#85,.T.);
#4785=EDGE_CURVE('',#3935,#3934,#3464,.T.);
#4786=EDGE_CURVE('',#3936,#3935,#42,.T.);
#4787=EDGE_CURVE('',#3915,#3936,#86,.T.);
#4788=EDGE_CURVE('',#3937,#3938,#87,.T.);
#4789=EDGE_CURVE('',#3939,#3937,#88,.T.);
#4790=EDGE_CURVE('',#3940,#3939,#3465,.T.);
#4791=EDGE_CURVE('',#3941,#3940,#43,.T.);
#4792=EDGE_CURVE('',#3942,#3941,#89,.T.);
#4793=EDGE_CURVE('',#3943,#3942,#3466,.T.);
#4794=EDGE_CURVE('',#3944,#3943,#90,.T.);
#4795=EDGE_CURVE('',#3945,#3944,#44,.T.);
#4796=EDGE_CURVE('',#3946,#3945,#3467,.T.);
#4797=EDGE_CURVE('',#3947,#3946,#91,.T.);
#4798=EDGE_CURVE('',#3948,#3947,#92,.F.);
#4799=EDGE_CURVE('',#3948,#3949,#3468,.T.);
#4800=EDGE_CURVE('',#3950,#3949,#3469,.T.);
#4801=EDGE_CURVE('',#3949,#3950,#3470,.T.);
#4802=EDGE_CURVE('',#3951,#3948,#93,.F.);
#4803=EDGE_CURVE('',#3952,#3951,#94,.T.);
#4804=EDGE_CURVE('',#3953,#3952,#3471,.T.);
#4805=EDGE_CURVE('',#3954,#3953,#45,.T.);
#4806=EDGE_CURVE('',#3955,#3954,#95,.T.);
#4807=EDGE_CURVE('',#3956,#3955,#3472,.T.);
#4808=EDGE_CURVE('',#3957,#3956,#96,.T.);
#4809=EDGE_CURVE('',#3958,#3957,#46,.T.);
#4810=EDGE_CURVE('',#3959,#3958,#3473,.T.);
#4811=EDGE_CURVE('',#3938,#3959,#97,.T.);
#4812=EDGE_CURVE('',#3960,#3960,#3474,.T.);
#4813=EDGE_CURVE('',#3960,#3961,#3475,.T.);
#4814=EDGE_CURVE('',#3962,#3961,#3476,.T.);
#4815=EDGE_CURVE('',#3961,#3962,#3477,.T.);
#4816=EDGE_CURVE('',#3963,#3963,#3478,.T.);
#4817=EDGE_CURVE('',#3963,#3964,#3479,.T.);
#4818=EDGE_CURVE('',#3964,#3964,#3480,.T.);
#4819=EDGE_CURVE('',#3965,#3965,#3481,.T.);
#4820=EDGE_CURVE('',#3965,#3966,#3482,.T.);
#4821=EDGE_CURVE('',#3966,#3966,#3483,.T.);
#4822=EDGE_CURVE('',#3967,#3967,#3484,.T.);
#4823=EDGE_CURVE('',#3967,#3968,#3485,.T.);
#4824=EDGE_CURVE('',#3968,#3968,#3486,.T.);
#4825=EDGE_CURVE('',#3969,#3969,#3487,.T.);
#4826=EDGE_CURVE('',#3969,#3970,#3488,.T.);
#4827=EDGE_CURVE('',#3970,#3970,#3489,.T.);
#4828=EDGE_CURVE('',#3971,#3971,#3490,.T.);
#4829=EDGE_CURVE('',#3971,#3972,#3491,.T.);
#4830=EDGE_CURVE('',#3972,#3972,#3492,.T.);
#4831=EDGE_CURVE('',#3973,#3973,#3493,.T.);
#4832=EDGE_CURVE('',#3973,#3974,#3494,.T.);
#4833=EDGE_CURVE('',#3974,#3974,#3495,.T.);
#4834=EDGE_CURVE('',#3841,#3839,#3496,.T.);
#4835=EDGE_CURVE('',#3975,#3841,#101,.T.);
#4836=EDGE_CURVE('',#3838,#3975,#3497,.T.);
#4837=EDGE_CURVE('',#3976,#3977,#3498,.T.);
#4838=EDGE_CURVE('',#3977,#3976,#3499,.T.);
#4839=EDGE_CURVE('',#3977,#3978,#1946,.T.);
#4840=EDGE_CURVE('',#3978,#3978,#3500,.T.);
#4841=EDGE_CURVE('',#3979,#3979,#3501,.T.);
#4842=EDGE_CURVE('',#3979,#3927,#1947,.T.);
#4843=EDGE_CURVE('',#3980,#3980,#3502,.T.);
#4844=EDGE_CURVE('',#3980,#3950,#1948,.T.);
#4845=EDGE_CURVE('',#3981,#3981,#3503,.T.);
#4846=EDGE_CURVE('',#3981,#3904,#1949,.T.);
#4847=EDGE_CURVE('',#3982,#3982,#3504,.T.);
#4848=EDGE_CURVE('',#3982,#3881,#1950,.T.);
#4849=EDGE_CURVE('',#3983,#3983,#3505,.T.);
#4850=EDGE_CURVE('',#3983,#3965,#1951,.T.);
#4851=EDGE_CURVE('',#3984,#3984,#3506,.T.);
#4852=EDGE_CURVE('',#3984,#3971,#1952,.T.);
#4853=EDGE_CURVE('',#3985,#3985,#3507,.T.);
#4854=EDGE_CURVE('',#3985,#3969,#1953,.T.);
#4855=EDGE_CURVE('',#3986,#3986,#3508,.T.);
#4856=EDGE_CURVE('',#3986,#3967,#1954,.T.);
#4857=EDGE_CURVE('',#3976,#3987,#1955,.T.);
#4858=EDGE_CURVE('',#3987,#3987,#3509,.T.);
#4859=EDGE_CURVE('',#3988,#3988,#3510,.T.);
#4860=EDGE_CURVE('',#3988,#3989,#1956,.T.);
#4861=EDGE_CURVE('',#3989,#3989,#3511,.T.);
#4862=EDGE_CURVE('',#3990,#3990,#3512,.T.);
#4863=EDGE_CURVE('',#3990,#3973,#1957,.T.);
#4864=EDGE_CURVE('',#3991,#3991,#3513,.T.);
#4865=EDGE_CURVE('',#3991,#3838,#1958,.T.);
#4866=EDGE_CURVE('',#3975,#3992,#1959,.T.);
#4867=EDGE_CURVE('',#3993,#3992,#3514,.T.);
#4868=EDGE_CURVE('',#3993,#3840,#1960,.T.);
#4869=EDGE_CURVE('',#3994,#3994,#3515,.T.);
#4870=EDGE_CURVE('',#3994,#3995,#1961,.T.);
#4871=EDGE_CURVE('',#3995,#3995,#3516,.T.);
#4872=EDGE_CURVE('',#3996,#3996,#3517,.T.);
#4873=EDGE_CURVE('',#3996,#3963,#1962,.T.);
#4874=EDGE_CURVE('',#3997,#3997,#3518,.T.);
#4875=EDGE_CURVE('',#3997,#3998,#1963,.T.);
#4876=EDGE_CURVE('',#3998,#3998,#3519,.T.);
#4877=EDGE_CURVE('',#3999,#3997,#1964,.T.);
#4878=EDGE_CURVE('',#4000,#4000,#3520,.T.);
#4879=EDGE_CURVE('',#4000,#4001,#1965,.T.);
#4880=EDGE_CURVE('',#4001,#4001,#3521,.T.);
#4881=EDGE_CURVE('',#4002,#4000,#1966,.T.);
#4882=EDGE_CURVE('',#4003,#4003,#3522,.T.);
#4883=EDGE_CURVE('',#4003,#4004,#1967,.T.);
#4884=EDGE_CURVE('',#4004,#4004,#3523,.T.);
#4885=EDGE_CURVE('',#4005,#4003,#1968,.T.);
#4886=EDGE_CURVE('',#4006,#4006,#3524,.T.);
#4887=EDGE_CURVE('',#4006,#4007,#1969,.T.);
#4888=EDGE_CURVE('',#4007,#4007,#3525,.T.);
#4889=EDGE_CURVE('',#4008,#4006,#1970,.T.);
#4890=EDGE_CURVE('',#4009,#4009,#3526,.T.);
#4891=EDGE_CURVE('',#4009,#3962,#1971,.T.);
#4892=EDGE_CURVE('',#4010,#3867,#1972,.T.);
#4893=EDGE_CURVE('',#4011,#4010,#1973,.T.);
#4894=EDGE_CURVE('',#4011,#3865,#1974,.T.);
#4895=EDGE_CURVE('',#4012,#4013,#1975,.T.);
#4896=EDGE_CURVE('',#4014,#4012,#1976,.T.);
#4897=EDGE_CURVE('',#4014,#4015,#1977,.T.);
#4898=EDGE_CURVE('',#4015,#4013,#1978,.T.);
#4899=EDGE_CURVE('',#4016,#4017,#1979,.T.);
#4900=EDGE_CURVE('',#4016,#4018,#1980,.T.);
#4901=EDGE_CURVE('',#4019,#4018,#1981,.T.);
#4902=EDGE_CURVE('',#4017,#4019,#1982,.T.);
#4903=EDGE_CURVE('',#4012,#4020,#1983,.T.);
#4904=EDGE_CURVE('',#4020,#4021,#1984,.T.);
#4905=EDGE_CURVE('',#4021,#4017,#1985,.T.);
#4906=EDGE_CURVE('',#4022,#4019,#1986,.T.);
#4907=EDGE_CURVE('',#4023,#4022,#1987,.T.);
#4908=EDGE_CURVE('',#4024,#4023,#1988,.T.);
#4909=EDGE_CURVE('',#4025,#4024,#1989,.T.);
#4910=EDGE_CURVE('',#4026,#4025,#1990,.T.);
#4911=EDGE_CURVE('',#4027,#4026,#1991,.T.);
#4912=EDGE_CURVE('',#4028,#4027,#1992,.T.);
#4913=EDGE_CURVE('',#4029,#4028,#1993,.T.);
#4914=EDGE_CURVE('',#4030,#4029,#1994,.T.);
#4915=EDGE_CURVE('',#4031,#4030,#1995,.T.);
#4916=EDGE_CURVE('',#4032,#4031,#1996,.T.);
#4917=EDGE_CURVE('',#4033,#4032,#1997,.T.);
#4918=EDGE_CURVE('',#4034,#4033,#1998,.T.);
#4919=EDGE_CURVE('',#4035,#4034,#1999,.T.);
#4920=EDGE_CURVE('',#4035,#4014,#2000,.T.);
#4921=EDGE_CURVE('',#3850,#4023,#2001,.T.);
#4922=EDGE_CURVE('',#4036,#3850,#2002,.T.);
#4923=EDGE_CURVE('',#4037,#4036,#2003,.T.);
#4924=EDGE_CURVE('',#4037,#4024,#2004,.T.);
#4925=EDGE_CURVE('',#4038,#3855,#2005,.T.);
#4926=EDGE_CURVE('',#3855,#4028,#2006,.T.);
#4927=EDGE_CURVE('',#4039,#4027,#2007,.T.);
#4928=EDGE_CURVE('',#4038,#4039,#2008,.T.);
#4929=EDGE_CURVE('',#3866,#4034,#2009,.T.);
#4930=EDGE_CURVE('',#3867,#4033,#2010,.T.);
#4931=EDGE_CURVE('',#4040,#4041,#2011,.T.);
#4932=EDGE_CURVE('',#4040,#4026,#2012,.T.);
#4933=EDGE_CURVE('',#4041,#4025,#2013,.T.);
#4934=EDGE_CURVE('',#3860,#4029,#2014,.T.);
#4935=EDGE_CURVE('',#4042,#3860,#2015,.T.);
#4936=EDGE_CURVE('',#4043,#4042,#2016,.T.);
#4937=EDGE_CURVE('',#4043,#4030,#2017,.T.);
#4938=EDGE_CURVE('',#4044,#4045,#2018,.T.);
#4939=EDGE_CURVE('',#4044,#4032,#2019,.T.);
#4940=EDGE_CURVE('',#4045,#4031,#2020,.T.);
#4941=EDGE_CURVE('',#4046,#4047,#2021,.T.);
#4942=EDGE_CURVE('',#4047,#4048,#3527,.T.);
#4943=EDGE_CURVE('',#4048,#4049,#2022,.T.);
#4944=EDGE_CURVE('',#4050,#4049,#2023,.T.);
#4945=EDGE_CURVE('',#4051,#4050,#2024,.T.);
#4946=EDGE_CURVE('',#4052,#4051,#2025,.T.);
#4947=EDGE_CURVE('',#4053,#4052,#2026,.T.);
#4948=EDGE_CURVE('',#4054,#4053,#2027,.T.);
#4949=EDGE_CURVE('',#4054,#4055,#2028,.T.);
#4950=EDGE_CURVE('',#4055,#4046,#3528,.T.);
#4951=EDGE_CURVE('',#4056,#4057,#2029,.T.);
#4952=EDGE_CURVE('',#4057,#4058,#3529,.T.);
#4953=EDGE_CURVE('',#4058,#4059,#2030,.T.);
#4954=EDGE_CURVE('',#4060,#4059,#2031,.T.);
#4955=EDGE_CURVE('',#4013,#4060,#2032,.T.);
#4956=EDGE_CURVE('',#4061,#4015,#2033,.T.);
#4957=EDGE_CURVE('',#4056,#4061,#2034,.T.);
#4958=EDGE_CURVE('',#4062,#4063,#2035,.T.);
#4959=EDGE_CURVE('',#4063,#4064,#2036,.T.);
#4960=EDGE_CURVE('',#4064,#4065,#2037,.T.);
#4961=EDGE_CURVE('',#4065,#4062,#2038,.T.);
#4962=EDGE_CURVE('',#4066,#4067,#2039,.T.);
#4963=EDGE_CURVE('',#4066,#4068,#3530,.T.);
#4964=EDGE_CURVE('',#4069,#4068,#2040,.T.);
#4965=EDGE_CURVE('',#4069,#4070,#3531,.T.);
#4966=EDGE_CURVE('',#4071,#4070,#2041,.T.);
#4967=EDGE_CURVE('',#4071,#4072,#3532,.T.);
#4968=EDGE_CURVE('',#4073,#4072,#2042,.T.);
#4969=EDGE_CURVE('',#4073,#4067,#3533,.T.);
#4970=EDGE_CURVE('',#4074,#4075,#2043,.T.);
#4971=EDGE_CURVE('',#4074,#4076,#3534,.T.);
#4972=EDGE_CURVE('',#4077,#4076,#2044,.T.);
#4973=EDGE_CURVE('',#4077,#4078,#3535,.T.);
#4974=EDGE_CURVE('',#4079,#4078,#2045,.T.);
#4975=EDGE_CURVE('',#4079,#4080,#3536,.T.);
#4976=EDGE_CURVE('',#4081,#4080,#2046,.T.);
#4977=EDGE_CURVE('',#4081,#4082,#3537,.T.);
#4978=EDGE_CURVE('',#4082,#4083,#3538,.T.);
#4979=EDGE_CURVE('',#4084,#4083,#2047,.T.);
#4980=EDGE_CURVE('',#4085,#4084,#2048,.T.);
#4981=EDGE_CURVE('',#4086,#4085,#2049,.T.);
#4982=EDGE_CURVE('',#4087,#4086,#2050,.T.);
#4983=EDGE_CURVE('',#4088,#4087,#2051,.T.);
#4984=EDGE_CURVE('',#4088,#4089,#3539,.T.);
#4985=EDGE_CURVE('',#4089,#4090,#3540,.T.);
#4986=EDGE_CURVE('',#4091,#4090,#2052,.T.);
#4987=EDGE_CURVE('',#4091,#4075,#3541,.T.);
#4988=EDGE_CURVE('',#4092,#4093,#3542,.F.);
#4989=EDGE_CURVE('',#4093,#4094,#3543,.T.);
#4990=EDGE_CURVE('',#4094,#4095,#2053,.T.);
#4991=EDGE_CURVE('',#4095,#4096,#2054,.T.);
#4992=EDGE_CURVE('',#4097,#4096,#2055,.T.);
#4993=EDGE_CURVE('',#4097,#4098,#2056,.T.);
#4994=EDGE_CURVE('',#4098,#4099,#2057,.T.);
#4995=EDGE_CURVE('',#4099,#4100,#3544,.T.);
#4996=EDGE_CURVE('',#4100,#4092,#2058,.T.);
#4997=EDGE_CURVE('',#4101,#4102,#2059,.T.);
#4998=EDGE_CURVE('',#4102,#4103,#3545,.T.);
#4999=EDGE_CURVE('',#4103,#4104,#3546,.T.);
#5000=EDGE_CURVE('',#4104,#4105,#2060,.T.);
#5001=EDGE_CURVE('',#4105,#4106,#3547,.T.);
#5002=EDGE_CURVE('',#4106,#4107,#2061,.T.);
#5003=EDGE_CURVE('',#4107,#4108,#2062,.T.);
#5004=EDGE_CURVE('',#4109,#4108,#2063,.T.);
#5005=EDGE_CURVE('',#4109,#4101,#2064,.T.);
#5006=EDGE_CURVE('',#4110,#4111,#2065,.T.);
#5007=EDGE_CURVE('',#4111,#4112,#2066,.T.);
#5008=EDGE_CURVE('',#4113,#4112,#2067,.T.);
#5009=EDGE_CURVE('',#4113,#4114,#3548,.T.);
#5010=EDGE_CURVE('',#4115,#4114,#2068,.T.);
#5011=EDGE_CURVE('',#4116,#4115,#2069,.T.);
#5012=EDGE_CURVE('',#4117,#4116,#2070,.T.);
#5013=EDGE_CURVE('',#4117,#4118,#2071,.T.);
#5014=EDGE_CURVE('',#4118,#4110,#2072,.T.);
#5015=EDGE_CURVE('',#4119,#4120,#2073,.T.);
#5016=EDGE_CURVE('',#4119,#4121,#2074,.T.);
#5017=EDGE_CURVE('',#4121,#4122,#2075,.T.);
#5018=EDGE_CURVE('',#4122,#4123,#2076,.T.);
#5019=EDGE_CURVE('',#4123,#4124,#2077,.T.);
#5020=EDGE_CURVE('',#4125,#4124,#2078,.T.);
#5021=EDGE_CURVE('',#4126,#4125,#2079,.T.);
#5022=EDGE_CURVE('',#4127,#4126,#2080,.T.);
#5023=EDGE_CURVE('',#4127,#4120,#3549,.T.);
#5024=EDGE_CURVE('',#3876,#4128,#2081,.T.);
#5025=EDGE_CURVE('',#4128,#3875,#2082,.T.);
#5026=EDGE_CURVE('',#3872,#4129,#2083,.T.);
#5027=EDGE_CURVE('',#4129,#3871,#2084,.T.);
#5028=EDGE_CURVE('',#3868,#3869,#2085,.T.);
#5029=EDGE_CURVE('',#3889,#4130,#2086,.T.);
#5030=EDGE_CURVE('',#4130,#3888,#2087,.T.);
#5031=EDGE_CURVE('',#3885,#4131,#2088,.T.);
#5032=EDGE_CURVE('',#4131,#3884,#2089,.T.);
#5033=EDGE_CURVE('',#3900,#4132,#2090,.T.);
#5034=EDGE_CURVE('',#4132,#3899,#2091,.T.);
#5035=EDGE_CURVE('',#3897,#3896,#2092,.T.);
#5036=EDGE_CURVE('',#3894,#4133,#2093,.T.);
#5037=EDGE_CURVE('',#4133,#3893,#2094,.T.);
#5038=EDGE_CURVE('',#3913,#4134,#2095,.T.);
#5039=EDGE_CURVE('',#4134,#3912,#2096,.T.);
#5040=EDGE_CURVE('',#3910,#3909,#2097,.T.);
#5041=EDGE_CURVE('',#3922,#4135,#2098,.T.);
#5042=EDGE_CURVE('',#4135,#3921,#2099,.T.);
#5043=EDGE_CURVE('',#3918,#4136,#2100,.T.);
#5044=EDGE_CURVE('',#4136,#3917,#2101,.T.);
#5045=EDGE_CURVE('',#3914,#3915,#2102,.T.);
#5046=EDGE_CURVE('',#3935,#4137,#2103,.T.);
#5047=EDGE_CURVE('',#4137,#3934,#2104,.T.);
#5048=EDGE_CURVE('',#3931,#4138,#2105,.T.);
#5049=EDGE_CURVE('',#4138,#3930,#2106,.T.);
#5050=EDGE_CURVE('',#3946,#4139,#2107,.T.);
#5051=EDGE_CURVE('',#4139,#3945,#2108,.T.);
#5052=EDGE_CURVE('',#3943,#3942,#2109,.T.);
#5053=EDGE_CURVE('',#3940,#4140,#2110,.T.);
#5054=EDGE_CURVE('',#4140,#3939,#2111,.T.);
#5055=EDGE_CURVE('',#3959,#4141,#2112,.T.);
#5056=EDGE_CURVE('',#4141,#3958,#2113,.T.);
#5057=EDGE_CURVE('',#3956,#3955,#2114,.T.);
#5058=EDGE_CURVE('',#4142,#4143,#2115,.T.);
#5059=EDGE_CURVE('',#4143,#4144,#2116,.T.);
#5060=EDGE_CURVE('',#4144,#4145,#2117,.T.);
#5061=EDGE_CURVE('',#4145,#4146,#2118,.T.);
#5062=EDGE_CURVE('',#4146,#4147,#2119,.T.);
#5063=EDGE_CURVE('',#4147,#4148,#2120,.T.);
#5064=EDGE_CURVE('',#4148,#4149,#2121,.T.);
#5065=EDGE_CURVE('',#4149,#4142,#2122,.T.);
#5066=EDGE_CURVE('',#4150,#4151,#2123,.T.);
#5067=EDGE_CURVE('',#4150,#4152,#3550,.T.);
#5068=EDGE_CURVE('',#4152,#4153,#2124,.T.);
#5069=EDGE_CURVE('',#4154,#4153,#3551,.T.);
#5070=EDGE_CURVE('',#4155,#4154,#2125,.T.);
#5071=EDGE_CURVE('',#4156,#4155,#3552,.T.);
#5072=EDGE_CURVE('',#4157,#4156,#2126,.T.);
#5073=EDGE_CURVE('',#4158,#4157,#3553,.T.);
#5074=EDGE_CURVE('',#4159,#4158,#2127,.T.);
#5075=EDGE_CURVE('',#4159,#4160,#3554,.T.);
#5076=EDGE_CURVE('',#4161,#4160,#2128,.T.);
#5077=EDGE_CURVE('',#4161,#4151,#3555,.T.);
#5078=EDGE_CURVE('',#4162,#4163,#2129,.T.);
#5079=EDGE_CURVE('',#4162,#4164,#3556,.T.);
#5080=EDGE_CURVE('',#4165,#4164,#2130,.T.);
#5081=EDGE_CURVE('',#4165,#4166,#3557,.T.);
#5082=EDGE_CURVE('',#4166,#4167,#2131,.T.);
#5083=EDGE_CURVE('',#4124,#4167,#3558,.T.);
#5084=EDGE_CURVE('',#4168,#4123,#3559,.T.);
#5085=EDGE_CURVE('',#4169,#4168,#2132,.T.);
#5086=EDGE_CURVE('',#4170,#4169,#3560,.T.);
#5087=EDGE_CURVE('',#4171,#4170,#2133,.T.);
#5088=EDGE_CURVE('',#4171,#4163,#3561,.T.);
#5089=EDGE_CURVE('',#4172,#4173,#2134,.T.);
#5090=EDGE_CURVE('',#4172,#4174,#3562,.T.);
#5091=EDGE_CURVE('',#4175,#4174,#2135,.T.);
#5092=EDGE_CURVE('',#4175,#4176,#98,.T.);
#5093=EDGE_CURVE('',#4176,#4177,#2136,.T.);
#5094=EDGE_CURVE('',#4178,#4177,#3563,.T.);
#5095=EDGE_CURVE('',#4179,#4178,#2137,.T.);
#5096=EDGE_CURVE('',#4118,#4179,#3564,.T.);
#5097=EDGE_CURVE('',#4180,#4117,#3565,.T.);
#5098=EDGE_CURVE('',#4181,#4180,#2138,.T.);
#5099=EDGE_CURVE('',#4181,#4173,#3566,.T.);
#5100=EDGE_CURVE('',#4182,#4183,#2139,.T.);
#5101=EDGE_CURVE('',#4182,#4184,#3567,.T.);
#5102=EDGE_CURVE('',#4185,#4184,#2140,.T.);
#5103=EDGE_CURVE('',#4185,#4186,#3568,.T.);
#5104=EDGE_CURVE('',#4186,#4187,#2141,.T.);
#5105=EDGE_CURVE('',#4188,#4187,#3569,.T.);
#5106=EDGE_CURVE('',#4189,#4188,#2142,.T.);
#5107=EDGE_CURVE('',#4190,#4189,#3570,.T.);
#5108=EDGE_CURVE('',#4191,#4190,#2143,.T.);
#5109=EDGE_CURVE('',#4192,#4191,#3571,.T.);
#5110=EDGE_CURVE('',#4193,#4192,#2144,.T.);
#5111=EDGE_CURVE('',#4193,#4183,#99,.T.);
#5112=EDGE_CURVE('',#4150,#4163,#2145,.T.);
#5113=EDGE_CURVE('',#4171,#4152,#2146,.T.);
#5114=EDGE_CURVE('',#4165,#4173,#2147,.T.);
#5115=EDGE_CURVE('',#4166,#4181,#2148,.T.);
#5116=EDGE_CURVE('',#4185,#4160,#2149,.T.);
#5117=EDGE_CURVE('',#4159,#4186,#2150,.T.);
#5118=EDGE_CURVE('',#4194,#4195,#2151,.T.);
#5119=EDGE_CURVE('',#4195,#4196,#3572,.T.);
#5120=EDGE_CURVE('',#4156,#4196,#2152,.T.);
#5121=EDGE_CURVE('',#4197,#4155,#2153,.T.);
#5122=EDGE_CURVE('',#4197,#4194,#3573,.T.);
#5123=EDGE_CURVE('',#4198,#4199,#2154,.T.);
#5124=EDGE_CURVE('',#4199,#4200,#3574,.T.);
#5125=EDGE_CURVE('',#4168,#4200,#2155,.T.);
#5126=EDGE_CURVE('',#4122,#4198,#3575,.T.);
#5127=EDGE_CURVE('',#4201,#4179,#2156,.T.);
#5128=EDGE_CURVE('',#4201,#4202,#3576,.T.);
#5129=EDGE_CURVE('',#4202,#4203,#2157,.T.);
#5130=EDGE_CURVE('',#4203,#4110,#3577,.T.);
#5131=EDGE_CURVE('',#4200,#4204,#2158,.T.);
#5132=EDGE_CURVE('',#4204,#4205,#2159,.T.);
#5133=EDGE_CURVE('',#4205,#4197,#2160,.T.);
#5134=EDGE_CURVE('',#4169,#4154,#2161,.T.);
#5135=EDGE_CURVE('',#4206,#4207,#2162,.T.);
#5136=EDGE_CURVE('',#4207,#4201,#2163,.T.);
#5137=EDGE_CURVE('',#4191,#4178,#2164,.T.);
#5138=EDGE_CURVE('',#4190,#4208,#2165,.T.);
#5139=EDGE_CURVE('',#4208,#4206,#2166,.T.);
#5140=EDGE_CURVE('',#4196,#4209,#2167,.T.);
#5141=EDGE_CURVE('',#4209,#4210,#2168,.T.);
#5142=EDGE_CURVE('',#4210,#4211,#2169,.T.);
#5143=EDGE_CURVE('',#4211,#4189,#2170,.T.);
#5144=EDGE_CURVE('',#4157,#4188,#2171,.T.);
#5145=EDGE_CURVE('',#4212,#4213,#2172,.T.);
#5146=EDGE_CURVE('',#4213,#4208,#3578,.T.);
#5147=EDGE_CURVE('',#4211,#4212,#3579,.T.);
#5148=EDGE_CURVE('',#4214,#4215,#2173,.T.);
#5149=EDGE_CURVE('',#4215,#4216,#2174,.T.);
#5150=EDGE_CURVE('',#4216,#4217,#2175,.T.);
#5151=EDGE_CURVE('',#4217,#4218,#2176,.T.);
#5152=EDGE_CURVE('',#4218,#4219,#2177,.T.);
#5153=EDGE_CURVE('',#4219,#4220,#2178,.T.);
#5154=EDGE_CURVE('',#4220,#4221,#2179,.T.);
#5155=EDGE_CURVE('',#4221,#4222,#2180,.T.);
#5156=EDGE_CURVE('',#4222,#4223,#2181,.T.);
#5157=EDGE_CURVE('',#4223,#4224,#2182,.T.);
#5158=EDGE_CURVE('',#4224,#4225,#2183,.T.);
#5159=EDGE_CURVE('',#4225,#4214,#2184,.T.);
#5160=EDGE_CURVE('',#4170,#4153,#2185,.T.);
#5161=EDGE_CURVE('',#4065,#4116,#2186,.T.);
#5162=EDGE_CURVE('',#4064,#4125,#2187,.T.);
#5163=EDGE_CURVE('',#4167,#4180,#2188,.T.);
#5164=EDGE_CURVE('',#4192,#4177,#2189,.T.);
#5165=EDGE_CURVE('',#4158,#4187,#2190,.T.);
#5166=EDGE_CURVE('',#4193,#4176,#2191,.T.);
#5167=EDGE_CURVE('',#4226,#4227,#2192,.T.);
#5168=EDGE_CURVE('',#4227,#4228,#3580,.T.);
#5169=EDGE_CURVE('',#4228,#4151,#2193,.T.);
#5170=EDGE_CURVE('',#4161,#4229,#2194,.T.);
#5171=EDGE_CURVE('',#4229,#4226,#3581,.T.);
#5172=EDGE_CURVE('',#4162,#4230,#2195,.T.);
#5173=EDGE_CURVE('',#4230,#4231,#3582,.T.);
#5174=EDGE_CURVE('',#4231,#4232,#2196,.T.);
#5175=EDGE_CURVE('',#4232,#4164,#2197,.T.);
#5176=EDGE_CURVE('',#4172,#4233,#2198,.T.);
#5177=EDGE_CURVE('',#4233,#4234,#3583,.T.);
#5178=EDGE_CURVE('',#4234,#4235,#2199,.T.);
#5179=EDGE_CURVE('',#4235,#4236,#3584,.T.);
#5180=EDGE_CURVE('',#4236,#4174,#2200,.T.);
#5181=EDGE_CURVE('',#4237,#4238,#2201,.T.);
#5182=EDGE_CURVE('',#4238,#4230,#2202,.T.);
#5183=EDGE_CURVE('',#4228,#4237,#2203,.T.);
#5184=EDGE_CURVE('',#4239,#4240,#2204,.T.);
#5185=EDGE_CURVE('',#4240,#4233,#2205,.T.);
#5186=EDGE_CURVE('',#4232,#4239,#2206,.T.);
#5187=EDGE_CURVE('',#4183,#4175,#2207,.T.);
#5188=EDGE_CURVE('',#4236,#4241,#2208,.T.);
#5189=EDGE_CURVE('',#4241,#4242,#2209,.T.);
#5190=EDGE_CURVE('',#4242,#4243,#2210,.T.);
#5191=EDGE_CURVE('',#4182,#4243,#2211,.T.);
#5192=EDGE_CURVE('',#4244,#4245,#2212,.T.);
#5193=EDGE_CURVE('',#4245,#4229,#2213,.T.);
#5194=EDGE_CURVE('',#4246,#4184,#2214,.T.);
#5195=EDGE_CURVE('',#4246,#4244,#2215,.T.);
#5196=EDGE_CURVE('',#4243,#4247,#3585,.T.);
#5197=EDGE_CURVE('',#4247,#4248,#2216,.T.);
#5198=EDGE_CURVE('',#4248,#4246,#3586,.T.);
#5199=EDGE_CURVE('',#3993,#3992,#2217,.T.);
#5200=EDGE_CURVE('',#3882,#3878,#2218,.T.);
#5201=EDGE_CURVE('',#3907,#4249,#2219,.T.);
#5202=EDGE_CURVE('',#4249,#3906,#2220,.T.);
#5203=EDGE_CURVE('',#3953,#4250,#2221,.T.);
#5204=EDGE_CURVE('',#4250,#3952,#2222,.T.);
#5205=EDGE_CURVE('',#3928,#3924,#2223,.T.);
#5206=EDGE_CURVE('',#4251,#4252,#2224,.T.);
#5207=EDGE_CURVE('',#4252,#4199,#2225,.T.);
#5208=EDGE_CURVE('',#4198,#4251,#2226,.T.);
#5209=EDGE_CURVE('',#4231,#4253,#2227,.T.);
#5210=EDGE_CURVE('',#4253,#4239,#2228,.T.);
#5211=EDGE_CURVE('',#4202,#4254,#2229,.T.);
#5212=EDGE_CURVE('',#4254,#4255,#2230,.T.);
#5213=EDGE_CURVE('',#4255,#4203,#2231,.T.);
#5214=EDGE_CURVE('',#4234,#4256,#2232,.T.);
#5215=EDGE_CURVE('',#4256,#4257,#2233,.T.);
#5216=EDGE_CURVE('',#4257,#4235,#2234,.T.);
#5217=EDGE_CURVE('',#4258,#4259,#2235,.T.);
#5218=EDGE_CURVE('',#4259,#4213,#2236,.T.);
#5219=EDGE_CURVE('',#4212,#4258,#2237,.T.);
#5220=EDGE_CURVE('',#4247,#4260,#2238,.T.);
#5221=EDGE_CURVE('',#4260,#4261,#2239,.T.);
#5222=EDGE_CURVE('',#4261,#4248,#2240,.T.);
#5223=EDGE_CURVE('',#4262,#4263,#2241,.T.);
#5224=EDGE_CURVE('',#4263,#4195,#2242,.T.);
#5225=EDGE_CURVE('',#4194,#4262,#2243,.T.);
#5226=EDGE_CURVE('',#4264,#4265,#2244,.T.);
#5227=EDGE_CURVE('',#4265,#4227,#2245,.T.);
#5228=EDGE_CURVE('',#4226,#4264,#2246,.T.);
#5229=EDGE_CURVE('',#4121,#4251,#3587,.T.);
#5230=EDGE_CURVE('',#4251,#4223,#3588,.T.);
#5231=EDGE_CURVE('',#4252,#4222,#3589,.T.);
#5232=EDGE_CURVE('',#4204,#4252,#3590,.T.);
#5233=EDGE_CURVE('',#4204,#4222,#3591,.T.);
#5234=EDGE_CURVE('',#4205,#4221,#3592,.T.);
#5235=EDGE_CURVE('',#4262,#4205,#3593,.T.);
#5236=EDGE_CURVE('',#4255,#4111,#3594,.T.);
#5237=EDGE_CURVE('',#4262,#4221,#3595,.T.);
#5238=EDGE_CURVE('',#4254,#4207,#3596,.T.);
#5239=EDGE_CURVE('',#4216,#4255,#3597,.T.);
#5240=EDGE_CURVE('',#4217,#4254,#3598,.T.);
#5241=EDGE_CURVE('',#4263,#4220,#3599,.T.);
#5242=EDGE_CURVE('',#4209,#4263,#3600,.T.);
#5243=EDGE_CURVE('',#4217,#4207,#3601,.T.);
#5244=EDGE_CURVE('',#4209,#4220,#3602,.T.);
#5245=EDGE_CURVE('',#4206,#4259,#3603,.T.);
#5246=EDGE_CURVE('',#4218,#4206,#3604,.T.);
#5247=EDGE_CURVE('',#4210,#4219,#3605,.T.);
#5248=EDGE_CURVE('',#4258,#4210,#3606,.T.);
#5249=EDGE_CURVE('',#4218,#4259,#3607,.T.);
#5250=EDGE_CURVE('',#4258,#4219,#3608,.T.);
#5251=EDGE_CURVE('',#4260,#4242,#3609,.T.);
#5252=EDGE_CURVE('',#4142,#4242,#3610,.T.);
#5253=EDGE_CURVE('',#4260,#4142,#3611,.T.);
#5254=EDGE_CURVE('',#4261,#4149,#3612,.T.);
#5255=EDGE_CURVE('',#4244,#4261,#3613,.T.);
#5256=EDGE_CURVE('',#4241,#4257,#3614,.T.);
#5257=EDGE_CURVE('',#4143,#4241,#3615,.T.);
#5258=EDGE_CURVE('',#4244,#4149,#3616,.T.);
#5259=EDGE_CURVE('',#4143,#4257,#3617,.T.);
#5260=EDGE_CURVE('',#4245,#4148,#3618,.T.);
#5261=EDGE_CURVE('',#4264,#4245,#3619,.T.);
#5262=EDGE_CURVE('',#4256,#4240,#3620,.T.);
#5263=EDGE_CURVE('',#4144,#4256,#3621,.T.);
#5264=EDGE_CURVE('',#4264,#4148,#3622,.T.);
#5265=EDGE_CURVE('',#4144,#4240,#3623,.T.);
#5266=EDGE_CURVE('',#4265,#4147,#3624,.T.);
#5267=EDGE_CURVE('',#4237,#4265,#3625,.T.);
#5268=EDGE_CURVE('',#4145,#4239,#47,.T.);
#5269=EDGE_CURVE('',#4237,#4147,#3626,.T.);
#5270=EDGE_CURVE('',#4146,#4253,#3627,.T.);
#5271=EDGE_CURVE('',#4238,#4146,#3628,.T.);
#5272=EDGE_CURVE('',#4238,#4253,#3629,.T.);
#5273=EDGE_CURVE('',#4266,#3870,#2247,.T.);
#5274=EDGE_CURVE('',#4267,#4266,#2248,.T.);
#5275=EDGE_CURVE('',#4267,#4129,#2249,.T.);
#5276=EDGE_CURVE('',#4268,#3873,#2250,.T.);
#5277=EDGE_CURVE('',#4268,#4267,#2251,.T.);
#5278=EDGE_CURVE('',#4269,#3874,#2252,.T.);
#5279=EDGE_CURVE('',#4269,#4268,#2253,.T.);
#5280=EDGE_CURVE('',#4270,#4269,#2254,.T.);
#5281=EDGE_CURVE('',#4270,#4128,#2255,.T.);
#5282=EDGE_CURVE('',#4271,#3877,#2256,.T.);
#5283=EDGE_CURVE('',#4271,#4270,#2257,.T.);
#5284=EDGE_CURVE('',#4272,#3883,#2258,.T.);
#5285=EDGE_CURVE('',#4272,#4271,#2259,.T.);
#5286=EDGE_CURVE('',#4273,#4272,#2260,.T.);
#5287=EDGE_CURVE('',#4273,#4131,#2261,.T.);
#5288=EDGE_CURVE('',#4274,#3886,#2262,.T.);
#5289=EDGE_CURVE('',#4274,#4273,#2263,.T.);
#5290=EDGE_CURVE('',#4275,#3887,#2264,.T.);
#5291=EDGE_CURVE('',#4275,#4274,#2265,.T.);
#5292=EDGE_CURVE('',#4276,#4275,#2266,.T.);
#5293=EDGE_CURVE('',#4276,#4130,#2267,.T.);
#5294=EDGE_CURVE('',#4277,#3890,#2268,.T.);
#5295=EDGE_CURVE('',#4277,#4276,#2269,.T.);
#5296=EDGE_CURVE('',#4266,#4277,#2270,.T.);
#5297=EDGE_CURVE('',#4278,#3898,#2271,.T.);
#5298=EDGE_CURVE('',#4279,#4278,#2272,.T.);
#5299=EDGE_CURVE('',#4279,#4132,#2273,.T.);
#5300=EDGE_CURVE('',#4280,#3901,#2274,.T.);
#5301=EDGE_CURVE('',#4280,#4279,#2275,.T.);
#5302=EDGE_CURVE('',#4281,#3905,#2276,.T.);
#5303=EDGE_CURVE('',#4281,#4280,#2277,.T.);
#5304=EDGE_CURVE('',#4282,#4281,#2278,.T.);
#5305=EDGE_CURVE('',#4282,#4249,#2279,.T.);
#5306=EDGE_CURVE('',#4283,#3908,#2280,.T.);
#5307=EDGE_CURVE('',#4283,#4282,#2281,.T.);
#5308=EDGE_CURVE('',#4284,#3911,#2282,.T.);
#5309=EDGE_CURVE('',#4284,#4283,#2283,.T.);
#5310=EDGE_CURVE('',#4285,#4284,#2284,.T.);
#5311=EDGE_CURVE('',#4285,#4134,#2285,.T.);
#5312=EDGE_CURVE('',#4286,#3892,#2286,.T.);
#5313=EDGE_CURVE('',#4286,#4285,#2287,.T.);
#5314=EDGE_CURVE('',#4287,#3891,#2288,.T.);
#5315=EDGE_CURVE('',#4287,#4286,#2289,.T.);
#5316=EDGE_CURVE('',#4288,#4287,#2290,.T.);
#5317=EDGE_CURVE('',#4288,#4133,#2291,.T.);
#5318=EDGE_CURVE('',#4289,#3895,#2292,.T.);
#5319=EDGE_CURVE('',#4289,#4288,#2293,.T.);
#5320=EDGE_CURVE('',#4278,#4289,#2294,.T.);
#5321=EDGE_CURVE('',#4290,#3929,#2295,.T.);
#5322=EDGE_CURVE('',#4291,#4290,#2296,.T.);
#5323=EDGE_CURVE('',#4291,#4138,#2297,.T.);
#5324=EDGE_CURVE('',#4292,#3932,#2298,.T.);
#5325=EDGE_CURVE('',#4292,#4291,#2299,.T.);
#5326=EDGE_CURVE('',#4293,#3933,#2300,.T.);
#5327=EDGE_CURVE('',#4293,#4292,#2301,.T.);
#5328=EDGE_CURVE('',#4294,#4293,#2302,.T.);
#5329=EDGE_CURVE('',#4294,#4137,#2303,.T.);
#5330=EDGE_CURVE('',#4295,#3936,#2304,.T.);
#5331=EDGE_CURVE('',#4295,#4294,#2305,.T.);
#5332=EDGE_CURVE('',#4296,#3916,#2306,.T.);
#5333=EDGE_CURVE('',#4296,#4295,#2307,.T.);
#5334=EDGE_CURVE('',#4297,#4296,#2308,.T.);
#5335=EDGE_CURVE('',#4297,#4136,#2309,.T.);
#5336=EDGE_CURVE('',#4298,#3919,#2310,.T.);
#5337=EDGE_CURVE('',#4298,#4297,#2311,.T.);
#5338=EDGE_CURVE('',#4299,#3920,#2312,.T.);
#5339=EDGE_CURVE('',#4299,#4298,#2313,.T.);
#5340=EDGE_CURVE('',#4300,#4299,#2314,.T.);
#5341=EDGE_CURVE('',#4300,#4135,#2315,.T.);
#5342=EDGE_CURVE('',#4301,#3923,#2316,.T.);
#5343=EDGE_CURVE('',#4301,#4300,#2317,.T.);
#5344=EDGE_CURVE('',#4290,#4301,#2318,.T.);
#5345=EDGE_CURVE('',#4302,#3957,#2319,.T.);
#5346=EDGE_CURVE('',#4303,#4302,#2320,.T.);
#5347=EDGE_CURVE('',#4303,#4141,#2321,.T.);
#5348=EDGE_CURVE('',#4304,#3938,#2322,.T.);
#5349=EDGE_CURVE('',#4304,#4303,#2323,.T.);
#5350=EDGE_CURVE('',#4305,#3937,#2324,.T.);
#5351=EDGE_CURVE('',#4305,#4304,#2325,.T.);
#5352=EDGE_CURVE('',#4306,#4305,#2326,.T.);
#5353=EDGE_CURVE('',#4306,#4140,#2327,.T.);
#5354=EDGE_CURVE('',#4307,#3941,#2328,.T.);
#5355=EDGE_CURVE('',#4307,#4306,#2329,.T.);
#5356=EDGE_CURVE('',#4308,#3944,#2330,.T.);
#5357=EDGE_CURVE('',#4308,#4307,#2331,.T.);
#5358=EDGE_CURVE('',#4309,#4308,#2332,.T.);
#5359=EDGE_CURVE('',#4309,#4139,#2333,.T.);
#5360=EDGE_CURVE('',#4310,#3947,#2334,.T.);
#5361=EDGE_CURVE('',#4310,#4309,#2335,.T.);
#5362=EDGE_CURVE('',#4311,#3951,#2336,.T.);
#5363=EDGE_CURVE('',#4311,#4310,#2337,.T.);
#5364=EDGE_CURVE('',#4312,#4311,#2338,.T.);
#5365=EDGE_CURVE('',#4312,#4250,#2339,.T.);
#5366=EDGE_CURVE('',#4313,#3954,#2340,.T.);
#5367=EDGE_CURVE('',#4313,#4312,#2341,.T.);
#5368=EDGE_CURVE('',#4302,#4313,#2342,.T.);
#5369=EDGE_CURVE('',#4120,#4314,#2343,.T.);
#5370=EDGE_CURVE('',#4314,#4315,#2344,.T.);
#5371=EDGE_CURVE('',#4315,#4119,#2345,.T.);
#5372=EDGE_CURVE('',#4316,#4127,#2346,.T.);
#5373=EDGE_CURVE('',#4063,#4126,#2347,.T.);
#5374=EDGE_CURVE('',#4062,#4115,#2348,.T.);
#5375=EDGE_CURVE('',#4114,#4317,#2349,.T.);
#5376=EDGE_CURVE('',#4317,#4316,#2350,.T.);
#5377=EDGE_CURVE('',#4112,#4318,#2351,.T.);
#5378=EDGE_CURVE('',#4318,#4319,#2352,.T.);
#5379=EDGE_CURVE('',#4319,#4113,#2353,.T.);
#5380=EDGE_CURVE('',#4320,#4321,#2354,.T.);
#5381=EDGE_CURVE('',#4321,#4322,#2355,.T.);
#5382=EDGE_CURVE('',#4322,#4323,#2356,.T.);
#5383=EDGE_CURVE('',#4323,#4320,#2357,.T.);
#5384=EDGE_CURVE('',#4324,#4325,#2358,.T.);
#5385=EDGE_CURVE('',#4325,#4077,#2359,.T.);
#5386=EDGE_CURVE('',#4076,#4326,#2360,.T.);
#5387=EDGE_CURVE('',#4326,#4327,#2361,.T.);
#5388=EDGE_CURVE('',#4327,#4328,#2362,.T.);
#5389=EDGE_CURVE('',#4328,#4329,#2363,.T.);
#5390=EDGE_CURVE('',#4329,#4324,#2364,.T.);
#5391=EDGE_CURVE('',#4098,#4074,#2365,.T.);
#5392=EDGE_CURVE('',#4075,#4099,#2366,.T.);
#5393=EDGE_CURVE('',#4090,#4092,#2367,.T.);
#5394=EDGE_CURVE('',#4100,#4091,#2368,.T.);
#5395=EDGE_CURVE('',#4094,#4088,#2369,.T.);
#5396=EDGE_CURVE('',#4095,#4087,#2370,.T.);
#5397=EDGE_CURVE('',#4096,#4086,#2371,.T.);
#5398=EDGE_CURVE('',#4330,#4109,#2372,.T.);
#5399=EDGE_CURVE('',#4330,#4331,#2373,.T.);
#5400=EDGE_CURVE('',#4331,#4096,#2374,.T.);
#5401=EDGE_CURVE('',#4109,#4085,#2375,.T.);
#5402=EDGE_CURVE('',#4101,#4084,#2376,.T.);
#5403=EDGE_CURVE('',#4083,#4102,#2377,.T.);
#5404=EDGE_CURVE('',#4104,#4081,#2378,.T.);
#5405=EDGE_CURVE('',#4080,#4105,#2379,.T.);
#5406=EDGE_CURVE('',#4078,#4107,#2380,.T.);
#5407=EDGE_CURVE('',#4106,#4079,#2381,.T.);
#5408=EDGE_CURVE('',#4331,#4332,#2382,.T.);
#5409=EDGE_CURVE('',#4332,#4097,#2383,.T.);
#5410=EDGE_CURVE('',#4108,#4333,#2384,.T.);
#5411=EDGE_CURVE('',#4333,#4330,#2385,.T.);
#5412=EDGE_CURVE('',#4334,#4335,#2386,.T.);
#5413=EDGE_CURVE('',#4335,#4336,#2387,.T.);
#5414=EDGE_CURVE('',#4336,#4337,#2388,.T.);
#5415=EDGE_CURVE('',#4337,#4334,#2389,.T.);
#5416=EDGE_CURVE('',#4338,#4339,#2390,.T.);
#5417=EDGE_CURVE('',#4338,#4340,#2391,.T.);
#5418=EDGE_CURVE('',#4340,#4341,#2392,.T.);
#5419=EDGE_CURVE('',#4341,#4342,#3630,.T.);
#5420=EDGE_CURVE('',#4342,#4343,#2393,.T.);
#5421=EDGE_CURVE('',#4344,#4343,#2394,.T.);
#5422=EDGE_CURVE('',#4018,#4344,#2395,.T.);
#5423=EDGE_CURVE('',#4016,#4339,#2396,.T.);
#5424=EDGE_CURVE('',#4068,#4055,#2397,.T.);
#5425=EDGE_CURVE('',#4054,#4345,#2398,.T.);
#5426=EDGE_CURVE('',#4345,#4346,#3631,.T.);
#5427=EDGE_CURVE('',#4347,#4346,#2399,.T.);
#5428=EDGE_CURVE('',#4347,#4348,#3632,.T.);
#5429=EDGE_CURVE('',#4348,#4343,#2400,.T.);
#5430=EDGE_CURVE('',#4342,#4069,#2401,.T.);
#5431=EDGE_CURVE('',#4067,#4047,#2402,.T.);
#5432=EDGE_CURVE('',#4046,#4066,#2403,.T.);
#5433=EDGE_CURVE('',#4048,#4073,#2404,.T.);
#5434=EDGE_CURVE('',#4072,#4057,#2405,.T.);
#5435=EDGE_CURVE('',#4056,#4349,#2406,.T.);
#5436=EDGE_CURVE('',#4349,#4350,#3633,.T.);
#5437=EDGE_CURVE('',#4351,#4350,#2407,.T.);
#5438=EDGE_CURVE('',#4351,#4352,#3634,.T.);
#5439=EDGE_CURVE('',#4352,#4049,#2408,.T.);
#5440=EDGE_CURVE('',#4070,#4341,#2409,.T.);
#5441=EDGE_CURVE('',#4353,#4340,#2410,.T.);
#5442=EDGE_CURVE('',#4354,#4353,#2411,.T.);
#5443=EDGE_CURVE('',#4354,#4059,#2412,.T.);
#5444=EDGE_CURVE('',#4058,#4071,#2413,.T.);
#5445=EDGE_CURVE('',#4355,#4356,#2414,.T.);
#5446=EDGE_CURVE('',#4355,#4357,#3635,.T.);
#5447=EDGE_CURVE('',#4358,#4357,#2415,.T.);
#5448=EDGE_CURVE('',#4358,#4359,#3636,.T.);
#5449=EDGE_CURVE('',#4360,#4359,#2416,.T.);
#5450=EDGE_CURVE('',#4360,#4361,#3637,.T.);
#5451=EDGE_CURVE('',#4362,#4361,#2417,.T.);
#5452=EDGE_CURVE('',#4362,#4356,#3638,.T.);
#5453=EDGE_CURVE('',#4363,#4364,#2418,.T.);
#5454=EDGE_CURVE('',#4363,#4365,#3639,.T.);
#5455=EDGE_CURVE('',#4366,#4365,#2419,.T.);
#5456=EDGE_CURVE('',#4366,#4367,#3640,.T.);
#5457=EDGE_CURVE('',#4368,#4367,#2420,.T.);
#5458=EDGE_CURVE('',#4368,#4369,#3641,.T.);
#5459=EDGE_CURVE('',#4370,#4369,#2421,.T.);
#5460=EDGE_CURVE('',#4370,#4364,#3642,.T.);
#5461=EDGE_CURVE('',#4371,#4354,#2422,.T.);
#5462=EDGE_CURVE('',#4060,#4371,#2423,.T.);
#5463=EDGE_CURVE('',#4372,#4338,#2424,.T.);
#5464=EDGE_CURVE('',#4372,#4353,#2425,.T.);
#5465=EDGE_CURVE('',#4371,#4372,#2426,.T.);
#5466=EDGE_CURVE('',#4373,#4374,#2427,.T.);
#5467=EDGE_CURVE('',#4373,#4351,#2428,.T.);
#5468=EDGE_CURVE('',#4350,#4374,#2429,.T.);
#5469=EDGE_CURVE('',#4061,#4375,#2430,.T.);
#5470=EDGE_CURVE('',#4375,#4349,#2431,.T.);
#5471=EDGE_CURVE('',#4352,#4376,#2432,.T.);
#5472=EDGE_CURVE('',#4376,#4050,#2433,.T.);
#5473=EDGE_CURVE('',#4053,#4377,#2434,.T.);
#5474=EDGE_CURVE('',#4377,#4345,#2435,.T.);
#5475=EDGE_CURVE('',#4348,#4378,#2436,.T.);
#5476=EDGE_CURVE('',#4378,#4344,#2437,.T.);
#5477=EDGE_CURVE('',#4346,#4379,#2438,.T.);
#5478=EDGE_CURVE('',#4380,#4379,#2439,.T.);
#5479=EDGE_CURVE('',#4380,#4347,#2440,.T.);
#5480=EDGE_CURVE('',#4379,#4377,#3643,.T.);
#5481=EDGE_CURVE('',#4381,#4052,#2441,.T.);
#5482=EDGE_CURVE('',#4019,#4381,#2442,.T.);
#5483=EDGE_CURVE('',#4378,#4380,#3644,.T.);
#5484=EDGE_CURVE('',#4382,#4051,#2443,.T.);
#5485=EDGE_CURVE('',#4381,#4382,#2444,.T.);
#5486=EDGE_CURVE('',#4376,#4373,#3645,.T.);
#5487=EDGE_CURVE('',#4374,#4375,#3646,.T.);
#5488=EDGE_CURVE('',#4382,#4014,#2445,.T.);
#5489=EDGE_CURVE('',#4383,#4382,#2446,.T.);
#5490=EDGE_CURVE('',#4383,#4035,#2447,.T.);
#5491=EDGE_CURVE('',#4384,#4381,#2448,.T.);
#5492=EDGE_CURVE('',#4384,#4383,#2449,.T.);
#5493=EDGE_CURVE('',#4022,#4384,#2450,.T.);
#5494=EDGE_CURVE('',#4385,#4044,#2451,.T.);
#5495=EDGE_CURVE('',#4385,#4386,#2452,.T.);
#5496=EDGE_CURVE('',#4386,#4032,#2453,.T.);
#5497=EDGE_CURVE('',#4387,#4383,#2454,.T.);
#5498=EDGE_CURVE('',#4388,#4387,#2455,.T.);
#5499=EDGE_CURVE('',#4388,#4384,#2456,.T.);
#5500=EDGE_CURVE('',#4389,#4390,#2457,.T.);
#5501=EDGE_CURVE('',#4389,#4010,#2458,.T.);
#5502=EDGE_CURVE('',#4390,#4033,#2459,.T.);
#5503=EDGE_CURVE('',#4390,#4386,#2460,.T.);
#5504=EDGE_CURVE('',#4385,#4391,#2461,.T.);
#5505=EDGE_CURVE('',#4391,#4392,#2462,.T.);
#5506=EDGE_CURVE('',#4392,#4393,#2463,.T.);
#5507=EDGE_CURVE('',#4394,#4393,#2464,.T.);
#5508=EDGE_CURVE('',#4394,#4395,#2465,.T.);
#5509=EDGE_CURVE('',#4395,#4396,#2466,.T.);
#5510=EDGE_CURVE('',#4396,#4397,#2467,.T.);
#5511=EDGE_CURVE('',#4398,#4397,#2468,.T.);
#5512=EDGE_CURVE('',#4398,#4399,#2469,.T.);
#5513=EDGE_CURVE('',#4399,#4400,#2470,.T.);
#5514=EDGE_CURVE('',#4400,#4401,#2471,.T.);
#5515=EDGE_CURVE('',#4402,#4401,#2472,.T.);
#5516=EDGE_CURVE('',#4402,#4403,#2473,.T.);
#5517=EDGE_CURVE('',#4403,#4404,#2474,.T.);
#5518=EDGE_CURVE('',#4404,#4405,#2475,.T.);
#5519=EDGE_CURVE('',#4406,#4405,#2476,.T.);
#5520=EDGE_CURVE('',#4406,#4407,#2477,.T.);
#5521=EDGE_CURVE('',#4407,#4408,#2478,.T.);
#5522=EDGE_CURVE('',#4408,#4409,#2479,.T.);
#5523=EDGE_CURVE('',#4409,#4388,#2480,.T.);
#5524=EDGE_CURVE('',#4387,#4410,#2481,.T.);
#5525=EDGE_CURVE('',#4410,#4411,#2482,.T.);
#5526=EDGE_CURVE('',#4412,#4411,#2483,.T.);
#5527=EDGE_CURVE('',#4412,#4389,#2484,.T.);
#5528=EDGE_CURVE('',#4394,#4043,#2485,.T.);
#5529=EDGE_CURVE('',#4393,#4030,#2486,.T.);
#5530=EDGE_CURVE('',#4391,#4045,#2487,.T.);
#5531=EDGE_CURVE('',#4392,#4031,#2488,.T.);
#5532=EDGE_CURVE('',#4395,#4042,#2489,.T.);
#5533=EDGE_CURVE('',#4396,#4029,#2490,.T.);
#5534=EDGE_CURVE('',#4397,#4028,#2491,.T.);
#5535=EDGE_CURVE('',#4398,#4038,#2492,.T.);
#5536=EDGE_CURVE('',#4402,#4040,#2493,.T.);
#5537=EDGE_CURVE('',#4401,#4026,#2494,.T.);
#5538=EDGE_CURVE('',#4399,#4039,#2495,.T.);
#5539=EDGE_CURVE('',#4400,#4027,#2496,.T.);
#5540=EDGE_CURVE('',#4406,#4037,#2497,.T.);
#5541=EDGE_CURVE('',#4405,#4024,#2498,.T.);
#5542=EDGE_CURVE('',#4403,#4041,#2499,.T.);
#5543=EDGE_CURVE('',#4404,#4025,#2500,.T.);
#5544=EDGE_CURVE('',#4407,#4036,#2501,.T.);
#5545=EDGE_CURVE('',#4408,#4023,#2502,.T.);
#5546=EDGE_CURVE('',#4409,#4022,#2503,.T.);
#5547=EDGE_CURVE('',#4410,#4035,#2504,.T.);
#5548=EDGE_CURVE('',#4411,#4034,#2505,.T.);
#5549=EDGE_CURVE('',#4412,#4011,#2506,.T.);
#5550=EDGE_CURVE('',#3865,#3866,#2507,.T.);
#5551=EDGE_CURVE('',#4223,#4121,#3647,.T.);
#5552=EDGE_CURVE('',#4224,#4119,#48,.T.);
#5553=EDGE_CURVE('',#4315,#4225,#3648,.T.);
#5554=EDGE_CURVE('',#4225,#4321,#3649,.T.);
#5555=EDGE_CURVE('',#4320,#4214,#3650,.T.);
#5556=EDGE_CURVE('',#4214,#4318,#3651,.T.);
#5557=EDGE_CURVE('',#4215,#4112,#49,.T.);
#5558=EDGE_CURVE('',#4216,#4111,#3652,.T.);
#5559=EDGE_CURVE('',#4319,#4317,#3653,.T.);
#5560=EDGE_CURVE('',#4322,#4316,#3654,.T.);
#5561=EDGE_CURVE('',#4317,#4323,#3655,.T.);
#5562=EDGE_CURVE('',#4316,#4314,#3656,.T.);
#5563=EDGE_CURVE('',#4314,#4322,#3657,.T.);
#5564=EDGE_CURVE('',#4315,#4321,#3658,.T.);
#5565=EDGE_CURVE('',#4318,#4320,#3659,.T.);
#5566=EDGE_CURVE('',#4319,#4323,#3660,.T.);
#5567=EDGE_CURVE('',#4326,#4098,#50,.T.);
#5568=EDGE_CURVE('',#4327,#4097,#51,.T.);
#5569=EDGE_CURVE('',#4332,#4335,#3661,.T.);
#5570=EDGE_CURVE('',#4336,#4331,#52,.T.);
#5571=EDGE_CURVE('',#4328,#4332,#3662,.T.);
#5572=EDGE_CURVE('',#4337,#4330,#53,.T.);
#5573=EDGE_CURVE('',#4328,#4335,#3663,.T.);
#5574=EDGE_CURVE('',#4334,#4333,#3664,.T.);
#5575=EDGE_CURVE('',#4329,#4334,#3665,.T.);
#5576=EDGE_CURVE('',#4329,#4333,#3666,.T.);
#5577=EDGE_CURVE('',#4107,#4325,#54,.T.);
#5578=EDGE_CURVE('',#4324,#4108,#55,.T.);
#5579=EDGE_CURVE('',#4093,#4089,#2508,.T.);
#5580=EDGE_CURVE('',#4082,#4103,#2509,.T.);
#5581=EDGE_CURVE('',#4413,#4414,#2510,.T.);
#5582=EDGE_CURVE('',#4413,#4366,#2511,.T.);
#5583=EDGE_CURVE('',#4365,#4414,#2512,.T.);
#5584=EDGE_CURVE('',#4415,#4416,#2513,.T.);
#5585=EDGE_CURVE('',#4415,#4368,#2514,.T.);
#5586=EDGE_CURVE('',#4367,#4416,#2515,.T.);
#5587=EDGE_CURVE('',#4417,#4418,#2516,.T.);
#5588=EDGE_CURVE('',#4417,#4370,#2517,.T.);
#5589=EDGE_CURVE('',#4369,#4418,#2518,.T.);
#5590=EDGE_CURVE('',#4364,#4419,#2519,.T.);
#5591=EDGE_CURVE('',#4420,#4419,#2520,.T.);
#5592=EDGE_CURVE('',#4420,#4363,#2521,.T.);
#5593=EDGE_CURVE('',#4419,#4417,#3667,.T.);
#5594=EDGE_CURVE('',#4418,#4415,#3668,.T.);
#5595=EDGE_CURVE('',#4416,#4413,#3669,.T.);
#5596=EDGE_CURVE('',#4414,#4420,#3670,.T.);
#5597=EDGE_CURVE('',#4421,#4422,#2522,.T.);
#5598=EDGE_CURVE('',#4421,#4358,#2523,.T.);
#5599=EDGE_CURVE('',#4357,#4422,#2524,.T.);
#5600=EDGE_CURVE('',#4423,#4424,#2525,.T.);
#5601=EDGE_CURVE('',#4423,#4360,#2526,.T.);
#5602=EDGE_CURVE('',#4359,#4424,#2527,.T.);
#5603=EDGE_CURVE('',#4361,#4425,#2528,.T.);
#5604=EDGE_CURVE('',#4426,#4425,#2529,.T.);
#5605=EDGE_CURVE('',#4426,#4362,#2530,.T.);
#5606=EDGE_CURVE('',#4427,#4428,#2531,.T.);
#5607=EDGE_CURVE('',#4427,#4355,#2532,.T.);
#5608=EDGE_CURVE('',#4356,#4428,#2533,.T.);
#5609=EDGE_CURVE('',#4425,#4423,#3671,.T.);
#5610=EDGE_CURVE('',#4424,#4421,#3672,.T.);
#5611=EDGE_CURVE('',#4422,#4427,#3673,.T.);
#5612=EDGE_CURVE('',#4428,#4426,#3674,.T.);
#5613=EDGE_CURVE('',#4339,#4429,#2534,.T.);
#5614=EDGE_CURVE('',#4429,#4430,#2535,.T.);
#5615=EDGE_CURVE('',#4430,#4060,#2536,.T.);
#5616=EDGE_CURVE('',#4431,#4432,#2537,.T.);
#5617=EDGE_CURVE('',#4433,#4431,#2538,.T.);
#5618=EDGE_CURVE('',#4434,#4433,#2539,.T.);
#5619=EDGE_CURVE('',#4432,#4434,#2540,.T.);
#5620=EDGE_CURVE('',#4430,#4020,#2541,.T.);
#5621=EDGE_CURVE('',#4429,#4021,#2542,.T.);
#5622=EDGE_CURVE('',#4431,#4435,#2543,.T.);
#5623=EDGE_CURVE('',#4435,#4436,#2544,.T.);
#5624=EDGE_CURVE('',#4437,#4436,#2545,.T.);
#5625=EDGE_CURVE('',#4433,#4437,#2546,.T.);
#5626=EDGE_CURVE('',#4432,#4438,#2547,.T.);
#5627=EDGE_CURVE('',#4438,#4435,#2548,.T.);
#5628=EDGE_CURVE('',#4439,#4440,#2549,.T.);
#5629=EDGE_CURVE('',#4439,#4438,#2550,.T.);
#5630=EDGE_CURVE('',#4434,#4440,#2551,.T.);
#5631=EDGE_CURVE('',#4440,#4437,#2552,.T.);
#5632=EDGE_CURVE('',#4439,#4436,#2553,.T.);
#5633=ORIENTED_EDGE('',*,*,#4441,.T.);
#5634=ORIENTED_EDGE('',*,*,#4442,.T.);
#5635=ORIENTED_EDGE('',*,*,#4443,.F.);
#5636=ORIENTED_EDGE('',*,*,#4442,.F.);
#5637=ORIENTED_EDGE('',*,*,#4444,.F.);
#5638=ORIENTED_EDGE('',*,*,#4441,.F.);
#5639=ORIENTED_EDGE('',*,*,#4445,.F.);
#5640=ORIENTED_EDGE('',*,*,#4443,.T.);
#5641=ORIENTED_EDGE('',*,*,#4446,.T.);
#5642=ORIENTED_EDGE('',*,*,#4447,.T.);
#5643=ORIENTED_EDGE('',*,*,#4448,.F.);
#5644=ORIENTED_EDGE('',*,*,#4447,.F.);
#5645=ORIENTED_EDGE('',*,*,#4449,.F.);
#5646=ORIENTED_EDGE('',*,*,#4446,.F.);
#5647=ORIENTED_EDGE('',*,*,#4450,.F.);
#5648=ORIENTED_EDGE('',*,*,#4448,.T.);
#5649=ORIENTED_EDGE('',*,*,#4451,.T.);
#5650=ORIENTED_EDGE('',*,*,#4452,.T.);
#5651=ORIENTED_EDGE('',*,*,#4453,.F.);
#5652=ORIENTED_EDGE('',*,*,#4452,.F.);
#5653=ORIENTED_EDGE('',*,*,#4454,.F.);
#5654=ORIENTED_EDGE('',*,*,#4451,.F.);
#5655=ORIENTED_EDGE('',*,*,#4455,.F.);
#5656=ORIENTED_EDGE('',*,*,#4453,.T.);
#5657=ORIENTED_EDGE('',*,*,#4455,.T.);
#5658=ORIENTED_EDGE('',*,*,#4456,.T.);
#5659=ORIENTED_EDGE('',*,*,#4449,.T.);
#5660=ORIENTED_EDGE('',*,*,#4456,.F.);
#5661=ORIENTED_EDGE('',*,*,#4450,.T.);
#5662=ORIENTED_EDGE('',*,*,#4457,.T.);
#5663=ORIENTED_EDGE('',*,*,#4444,.T.);
#5664=ORIENTED_EDGE('',*,*,#4457,.F.);
#5665=ORIENTED_EDGE('',*,*,#4445,.T.);
#5666=ORIENTED_EDGE('',*,*,#4458,.T.);
#5667=ORIENTED_EDGE('',*,*,#4459,.F.);
#5668=ORIENTED_EDGE('',*,*,#4458,.F.);
#5669=ORIENTED_EDGE('',*,*,#4460,.F.);
#5670=ORIENTED_EDGE('',*,*,#4461,.T.);
#5671=ORIENTED_EDGE('',*,*,#4462,.F.);
#5672=ORIENTED_EDGE('',*,*,#4461,.F.);
#5673=ORIENTED_EDGE('',*,*,#4460,.T.);
#5674=ORIENTED_EDGE('',*,*,#4463,.F.);
#5675=ORIENTED_EDGE('',*,*,#4464,.F.);
#5676=ORIENTED_EDGE('',*,*,#4465,.T.);
#5677=ORIENTED_EDGE('',*,*,#4466,.F.);
#5678=ORIENTED_EDGE('',*,*,#4465,.F.);
#5679=ORIENTED_EDGE('',*,*,#4464,.T.);
#5680=ORIENTED_EDGE('',*,*,#4467,.T.);
#5681=ORIENTED_EDGE('',*,*,#4468,.T.);
#5682=ORIENTED_EDGE('',*,*,#4469,.F.);
#5683=ORIENTED_EDGE('',*,*,#4468,.F.);
#5684=ORIENTED_EDGE('',*,*,#4467,.F.);
#5685=ORIENTED_EDGE('',*,*,#4470,.F.);
#5686=ORIENTED_EDGE('',*,*,#4471,.T.);
#5687=ORIENTED_EDGE('',*,*,#4463,.T.);
#5688=ORIENTED_EDGE('',*,*,#4471,.F.);
#5689=ORIENTED_EDGE('',*,*,#4470,.T.);
#5690=ORIENTED_EDGE('',*,*,#4466,.T.);
#5691=ORIENTED_EDGE('',*,*,#4459,.T.);
#5692=ORIENTED_EDGE('',*,*,#4469,.T.);
#5693=ORIENTED_EDGE('',*,*,#4472,.F.);
#5694=ORIENTED_EDGE('',*,*,#4473,.T.);
#5695=ORIENTED_EDGE('',*,*,#4454,.T.);
#5696=ORIENTED_EDGE('',*,*,#4473,.F.);
#5697=ORIENTED_EDGE('',*,*,#4472,.T.);
#5698=ORIENTED_EDGE('',*,*,#4462,.T.);
#5699=ORIENTED_EDGE('',*,*,#4474,.F.);
#5700=ORIENTED_EDGE('',*,*,#4475,.T.);
#5701=ORIENTED_EDGE('',*,*,#4476,.T.);
#5702=ORIENTED_EDGE('',*,*,#4475,.F.);
#5703=ORIENTED_EDGE('',*,*,#4476,.F.);
#5704=ORIENTED_EDGE('',*,*,#4477,.F.);
#5705=ORIENTED_EDGE('',*,*,#4478,.T.);
#5706=ORIENTED_EDGE('',*,*,#4479,.T.);
#5707=ORIENTED_EDGE('',*,*,#4478,.F.);
#5708=ORIENTED_EDGE('',*,*,#4479,.F.);
#5709=ORIENTED_EDGE('',*,*,#4480,.F.);
#5710=ORIENTED_EDGE('',*,*,#4481,.T.);
#5711=ORIENTED_EDGE('',*,*,#4482,.T.);
#5712=ORIENTED_EDGE('',*,*,#4481,.F.);
#5713=ORIENTED_EDGE('',*,*,#4482,.F.);
#5714=ORIENTED_EDGE('',*,*,#4483,.F.);
#5715=ORIENTED_EDGE('',*,*,#4484,.T.);
#5716=ORIENTED_EDGE('',*,*,#4485,.T.);
#5717=ORIENTED_EDGE('',*,*,#4484,.F.);
#5718=ORIENTED_EDGE('',*,*,#4485,.F.);
#5719=ORIENTED_EDGE('',*,*,#4486,.F.);
#5720=ORIENTED_EDGE('',*,*,#4487,.T.);
#5721=ORIENTED_EDGE('',*,*,#4488,.F.);
#5722=ORIENTED_EDGE('',*,*,#4489,.F.);
#5723=ORIENTED_EDGE('',*,*,#4490,.F.);
#5724=ORIENTED_EDGE('',*,*,#4489,.T.);
#5725=ORIENTED_EDGE('',*,*,#4491,.F.);
#5726=ORIENTED_EDGE('',*,*,#4492,.F.);
#5727=ORIENTED_EDGE('',*,*,#4493,.F.);
#5728=ORIENTED_EDGE('',*,*,#4492,.T.);
#5729=ORIENTED_EDGE('',*,*,#4494,.F.);
#5730=ORIENTED_EDGE('',*,*,#4495,.F.);
#5731=ORIENTED_EDGE('',*,*,#4496,.F.);
#5732=ORIENTED_EDGE('',*,*,#4495,.T.);
#5733=ORIENTED_EDGE('',*,*,#4497,.F.);
#5734=ORIENTED_EDGE('',*,*,#4487,.F.);
#5735=ORIENTED_EDGE('',*,*,#4497,.T.);
#5736=ORIENTED_EDGE('',*,*,#4494,.T.);
#5737=ORIENTED_EDGE('',*,*,#4491,.T.);
#5738=ORIENTED_EDGE('',*,*,#4488,.T.);
#5739=ORIENTED_EDGE('',*,*,#4498,.F.);
#5740=ORIENTED_EDGE('',*,*,#4499,.T.);
#5741=ORIENTED_EDGE('',*,*,#4500,.F.);
#5742=ORIENTED_EDGE('',*,*,#4501,.F.);
#5743=ORIENTED_EDGE('',*,*,#4502,.F.);
#5744=ORIENTED_EDGE('',*,*,#4501,.T.);
#5745=ORIENTED_EDGE('',*,*,#4503,.F.);
#5746=ORIENTED_EDGE('',*,*,#4504,.F.);
#5747=ORIENTED_EDGE('',*,*,#4505,.F.);
#5748=ORIENTED_EDGE('',*,*,#4504,.T.);
#5749=ORIENTED_EDGE('',*,*,#4506,.F.);
#5750=ORIENTED_EDGE('',*,*,#4507,.F.);
#5751=ORIENTED_EDGE('',*,*,#4508,.F.);
#5752=ORIENTED_EDGE('',*,*,#4507,.T.);
#5753=ORIENTED_EDGE('',*,*,#4509,.F.);
#5754=ORIENTED_EDGE('',*,*,#4499,.F.);
#5755=ORIENTED_EDGE('',*,*,#4509,.T.);
#5756=ORIENTED_EDGE('',*,*,#4506,.T.);
#5757=ORIENTED_EDGE('',*,*,#4503,.T.);
#5758=ORIENTED_EDGE('',*,*,#4500,.T.);
#5759=ORIENTED_EDGE('',*,*,#4510,.F.);
#5760=ORIENTED_EDGE('',*,*,#4511,.T.);
#5761=ORIENTED_EDGE('',*,*,#4512,.T.);
#5762=ORIENTED_EDGE('',*,*,#4513,.T.);
#5763=ORIENTED_EDGE('',*,*,#4511,.F.);
#5764=ORIENTED_EDGE('',*,*,#4514,.F.);
#5765=ORIENTED_EDGE('',*,*,#4515,.T.);
#5766=ORIENTED_EDGE('',*,*,#4516,.T.);
#5767=ORIENTED_EDGE('',*,*,#4517,.T.);
#5768=ORIENTED_EDGE('',*,*,#4518,.T.);
#5769=ORIENTED_EDGE('',*,*,#4519,.T.);
#5770=ORIENTED_EDGE('',*,*,#4520,.F.);
#5771=ORIENTED_EDGE('',*,*,#4521,.F.);
#5772=ORIENTED_EDGE('',*,*,#4522,.F.);
#5773=ORIENTED_EDGE('',*,*,#4523,.F.);
#5774=ORIENTED_EDGE('',*,*,#4518,.F.);
#5775=ORIENTED_EDGE('',*,*,#4524,.F.);
#5776=ORIENTED_EDGE('',*,*,#4519,.F.);
#5777=ORIENTED_EDGE('',*,*,#4523,.T.);
#5778=ORIENTED_EDGE('',*,*,#4525,.F.);
#5779=ORIENTED_EDGE('',*,*,#4526,.T.);
#5780=ORIENTED_EDGE('',*,*,#4516,.F.);
#5781=ORIENTED_EDGE('',*,*,#4527,.F.);
#5782=ORIENTED_EDGE('',*,*,#4528,.F.);
#5783=ORIENTED_EDGE('',*,*,#4515,.F.);
#5784=ORIENTED_EDGE('',*,*,#4529,.F.);
#5785=ORIENTED_EDGE('',*,*,#4530,.F.);
#5786=ORIENTED_EDGE('',*,*,#4527,.T.);
#5787=ORIENTED_EDGE('',*,*,#4522,.T.);
#5788=ORIENTED_EDGE('',*,*,#4531,.F.);
#5789=ORIENTED_EDGE('',*,*,#4528,.T.);
#5790=ORIENTED_EDGE('',*,*,#4530,.T.);
#5791=ORIENTED_EDGE('',*,*,#4532,.F.);
#5792=ORIENTED_EDGE('',*,*,#4533,.F.);
#5793=ORIENTED_EDGE('',*,*,#4534,.F.);
#5794=ORIENTED_EDGE('',*,*,#4525,.T.);
#5795=ORIENTED_EDGE('',*,*,#4529,.T.);
#5796=ORIENTED_EDGE('',*,*,#4514,.T.);
#5797=ORIENTED_EDGE('',*,*,#4510,.T.);
#5798=ORIENTED_EDGE('',*,*,#4535,.T.);
#5799=ORIENTED_EDGE('',*,*,#4536,.T.);
#5800=ORIENTED_EDGE('',*,*,#4537,.T.);
#5801=ORIENTED_EDGE('',*,*,#4538,.T.);
#5802=ORIENTED_EDGE('',*,*,#4539,.T.);
#5803=ORIENTED_EDGE('',*,*,#4540,.T.);
#5804=ORIENTED_EDGE('',*,*,#4541,.F.);
#5805=ORIENTED_EDGE('',*,*,#4542,.F.);
#5806=ORIENTED_EDGE('',*,*,#4543,.T.);
#5807=ORIENTED_EDGE('',*,*,#4532,.T.);
#5808=ORIENTED_EDGE('',*,*,#4533,.T.);
#5809=ORIENTED_EDGE('',*,*,#4543,.F.);
#5810=ORIENTED_EDGE('',*,*,#4544,.F.);
#5811=ORIENTED_EDGE('',*,*,#4545,.F.);
#5812=ORIENTED_EDGE('',*,*,#4524,.T.);
#5813=ORIENTED_EDGE('',*,*,#4534,.T.);
#5814=ORIENTED_EDGE('',*,*,#4545,.T.);
#5815=ORIENTED_EDGE('',*,*,#4546,.T.);
#5816=ORIENTED_EDGE('',*,*,#4547,.F.);
#5817=ORIENTED_EDGE('',*,*,#4548,.T.);
#5818=ORIENTED_EDGE('',*,*,#4549,.F.);
#5819=ORIENTED_EDGE('',*,*,#4550,.F.);
#5820=ORIENTED_EDGE('',*,*,#4551,.F.);
#5821=ORIENTED_EDGE('',*,*,#4552,.T.);
#5822=ORIENTED_EDGE('',*,*,#4553,.F.);
#5823=ORIENTED_EDGE('',*,*,#4554,.F.);
#5824=ORIENTED_EDGE('',*,*,#4555,.F.);
#5825=ORIENTED_EDGE('',*,*,#4556,.F.);
#5826=ORIENTED_EDGE('',*,*,#4557,.T.);
#5827=ORIENTED_EDGE('',*,*,#4512,.F.);
#5828=ORIENTED_EDGE('',*,*,#4520,.T.);
#5829=ORIENTED_EDGE('',*,*,#4544,.T.);
#5830=ORIENTED_EDGE('',*,*,#4542,.T.);
#5831=ORIENTED_EDGE('',*,*,#4558,.F.);
#5832=ORIENTED_EDGE('',*,*,#4546,.F.);
#5833=ORIENTED_EDGE('',*,*,#4513,.F.);
#5834=ORIENTED_EDGE('',*,*,#4557,.F.);
#5835=ORIENTED_EDGE('',*,*,#4559,.F.);
#5836=ORIENTED_EDGE('',*,*,#4535,.F.);
#5837=ORIENTED_EDGE('',*,*,#4559,.T.);
#5838=ORIENTED_EDGE('',*,*,#4556,.T.);
#5839=ORIENTED_EDGE('',*,*,#4560,.T.);
#5840=ORIENTED_EDGE('',*,*,#4536,.F.);
#5841=ORIENTED_EDGE('',*,*,#4550,.T.);
#5842=ORIENTED_EDGE('',*,*,#4561,.T.);
#5843=ORIENTED_EDGE('',*,*,#4562,.F.);
#5844=ORIENTED_EDGE('',*,*,#4563,.F.);
#5845=ORIENTED_EDGE('',*,*,#4551,.T.);
#5846=ORIENTED_EDGE('',*,*,#4563,.T.);
#5847=ORIENTED_EDGE('',*,*,#4564,.F.);
#5848=ORIENTED_EDGE('',*,*,#4565,.F.);
#5849=ORIENTED_EDGE('',*,*,#4552,.F.);
#5850=ORIENTED_EDGE('',*,*,#4565,.T.);
#5851=ORIENTED_EDGE('',*,*,#4566,.F.);
#5852=ORIENTED_EDGE('',*,*,#4567,.F.);
#5853=ORIENTED_EDGE('',*,*,#4566,.T.);
#5854=ORIENTED_EDGE('',*,*,#4564,.T.);
#5855=ORIENTED_EDGE('',*,*,#4562,.T.);
#5856=ORIENTED_EDGE('',*,*,#4568,.T.);
#5857=ORIENTED_EDGE('',*,*,#4569,.F.);
#5858=ORIENTED_EDGE('',*,*,#4570,.F.);
#5859=ORIENTED_EDGE('',*,*,#4571,.F.);
#5860=ORIENTED_EDGE('',*,*,#4572,.T.);
#5861=ORIENTED_EDGE('',*,*,#4571,.T.);
#5862=ORIENTED_EDGE('',*,*,#4573,.F.);
#5863=ORIENTED_EDGE('',*,*,#4574,.F.);
#5864=ORIENTED_EDGE('',*,*,#4575,.T.);
#5865=ORIENTED_EDGE('',*,*,#4570,.T.);
#5866=ORIENTED_EDGE('',*,*,#4576,.F.);
#5867=ORIENTED_EDGE('',*,*,#4577,.F.);
#5868=ORIENTED_EDGE('',*,*,#4573,.T.);
#5869=ORIENTED_EDGE('',*,*,#4569,.T.);
#5870=ORIENTED_EDGE('',*,*,#4578,.F.);
#5871=ORIENTED_EDGE('',*,*,#4579,.F.);
#5872=ORIENTED_EDGE('',*,*,#4576,.T.);
#5873=ORIENTED_EDGE('',*,*,#4538,.F.);
#5874=ORIENTED_EDGE('',*,*,#4580,.T.);
#5875=ORIENTED_EDGE('',*,*,#4581,.F.);
#5876=ORIENTED_EDGE('',*,*,#4582,.F.);
#5877=ORIENTED_EDGE('',*,*,#4549,.T.);
#5878=ORIENTED_EDGE('',*,*,#4583,.F.);
#5879=ORIENTED_EDGE('',*,*,#4584,.F.);
#5880=ORIENTED_EDGE('',*,*,#4578,.T.);
#5881=ORIENTED_EDGE('',*,*,#4568,.F.);
#5882=ORIENTED_EDGE('',*,*,#4561,.F.);
#5883=ORIENTED_EDGE('',*,*,#4480,.T.);
#5884=ORIENTED_EDGE('',*,*,#4539,.F.);
#5885=ORIENTED_EDGE('',*,*,#4582,.T.);
#5886=ORIENTED_EDGE('',*,*,#4585,.F.);
#5887=ORIENTED_EDGE('',*,*,#4586,.F.);
#5888=ORIENTED_EDGE('',*,*,#4483,.T.);
#5889=ORIENTED_EDGE('',*,*,#4548,.F.);
#5890=ORIENTED_EDGE('',*,*,#4587,.F.);
#5891=ORIENTED_EDGE('',*,*,#4588,.F.);
#5892=ORIENTED_EDGE('',*,*,#4583,.T.);
#5893=ORIENTED_EDGE('',*,*,#4540,.F.);
#5894=ORIENTED_EDGE('',*,*,#4586,.T.);
#5895=ORIENTED_EDGE('',*,*,#4589,.F.);
#5896=ORIENTED_EDGE('',*,*,#4590,.F.);
#5897=ORIENTED_EDGE('',*,*,#4554,.T.);
#5898=ORIENTED_EDGE('',*,*,#4591,.T.);
#5899=ORIENTED_EDGE('',*,*,#4592,.F.);
#5900=ORIENTED_EDGE('',*,*,#4593,.F.);
#5901=ORIENTED_EDGE('',*,*,#4594,.F.);
#5902=ORIENTED_EDGE('',*,*,#4591,.F.);
#5903=ORIENTED_EDGE('',*,*,#4553,.T.);
#5904=ORIENTED_EDGE('',*,*,#4567,.T.);
#5905=ORIENTED_EDGE('',*,*,#4572,.F.);
#5906=ORIENTED_EDGE('',*,*,#4575,.F.);
#5907=ORIENTED_EDGE('',*,*,#4595,.F.);
#5908=ORIENTED_EDGE('',*,*,#4596,.T.);
#5909=ORIENTED_EDGE('',*,*,#4474,.T.);
#5910=ORIENTED_EDGE('',*,*,#4477,.T.);
#5911=ORIENTED_EDGE('',*,*,#4555,.T.);
#5912=ORIENTED_EDGE('',*,*,#4593,.T.);
#5913=ORIENTED_EDGE('',*,*,#4597,.F.);
#5914=ORIENTED_EDGE('',*,*,#4580,.F.);
#5915=ORIENTED_EDGE('',*,*,#4537,.F.);
#5916=ORIENTED_EDGE('',*,*,#4560,.F.);
#5917=ORIENTED_EDGE('',*,*,#4598,.F.);
#5918=ORIENTED_EDGE('',*,*,#4596,.F.);
#5919=ORIENTED_EDGE('',*,*,#4599,.F.);
#5920=ORIENTED_EDGE('',*,*,#4600,.F.);
#5921=ORIENTED_EDGE('',*,*,#4599,.T.);
#5922=ORIENTED_EDGE('',*,*,#4595,.T.);
#5923=ORIENTED_EDGE('',*,*,#4574,.T.);
#5924=ORIENTED_EDGE('',*,*,#4577,.T.);
#5925=ORIENTED_EDGE('',*,*,#4579,.T.);
#5926=ORIENTED_EDGE('',*,*,#4584,.T.);
#5927=ORIENTED_EDGE('',*,*,#4588,.T.);
#5928=ORIENTED_EDGE('',*,*,#4601,.F.);
#5929=ORIENTED_EDGE('',*,*,#4602,.F.);
#5930=ORIENTED_EDGE('',*,*,#4603,.T.);
#5931=ORIENTED_EDGE('',*,*,#4604,.T.);
#5932=ORIENTED_EDGE('',*,*,#4605,.F.);
#5933=ORIENTED_EDGE('',*,*,#4590,.T.);
#5934=ORIENTED_EDGE('',*,*,#4606,.T.);
#5935=ORIENTED_EDGE('',*,*,#4607,.T.);
#5936=ORIENTED_EDGE('',*,*,#4601,.T.);
#5937=ORIENTED_EDGE('',*,*,#4587,.T.);
#5938=ORIENTED_EDGE('',*,*,#4547,.T.);
#5939=ORIENTED_EDGE('',*,*,#4558,.T.);
#5940=ORIENTED_EDGE('',*,*,#4541,.T.);
#5941=ORIENTED_EDGE('',*,*,#4600,.T.);
#5942=ORIENTED_EDGE('',*,*,#4605,.T.);
#5943=ORIENTED_EDGE('',*,*,#4608,.T.);
#5944=ORIENTED_EDGE('',*,*,#4609,.T.);
#5945=ORIENTED_EDGE('',*,*,#4610,.T.);
#5946=ORIENTED_EDGE('',*,*,#4602,.T.);
#5947=ORIENTED_EDGE('',*,*,#4607,.F.);
#5948=ORIENTED_EDGE('',*,*,#4611,.F.);
#5949=ORIENTED_EDGE('',*,*,#4598,.T.);
#5950=ORIENTED_EDGE('',*,*,#4609,.F.);
#5951=ORIENTED_EDGE('',*,*,#4612,.F.);
#5952=ORIENTED_EDGE('',*,*,#4613,.T.);
#5953=ORIENTED_EDGE('',*,*,#4611,.T.);
#5954=ORIENTED_EDGE('',*,*,#4606,.F.);
#5955=ORIENTED_EDGE('',*,*,#4589,.T.);
#5956=ORIENTED_EDGE('',*,*,#4585,.T.);
#5957=ORIENTED_EDGE('',*,*,#4581,.T.);
#5958=ORIENTED_EDGE('',*,*,#4597,.T.);
#5959=ORIENTED_EDGE('',*,*,#4592,.T.);
#5960=ORIENTED_EDGE('',*,*,#4594,.T.);
#5961=ORIENTED_EDGE('',*,*,#4614,.T.);
#5962=ORIENTED_EDGE('',*,*,#4612,.T.);
#5963=ORIENTED_EDGE('',*,*,#4608,.F.);
#5964=ORIENTED_EDGE('',*,*,#4604,.F.);
#5965=ORIENTED_EDGE('',*,*,#4614,.F.);
#5966=ORIENTED_EDGE('',*,*,#4603,.F.);
#5967=ORIENTED_EDGE('',*,*,#4610,.F.);
#5968=ORIENTED_EDGE('',*,*,#4613,.F.);
#5969=ORIENTED_EDGE('',*,*,#4486,.T.);
#5970=ORIENTED_EDGE('',*,*,#4490,.T.);
#5971=ORIENTED_EDGE('',*,*,#4493,.T.);
#5972=ORIENTED_EDGE('',*,*,#4496,.T.);
#5973=ORIENTED_EDGE('',*,*,#4498,.T.);
#5974=ORIENTED_EDGE('',*,*,#4502,.T.);
#5975=ORIENTED_EDGE('',*,*,#4505,.T.);
#5976=ORIENTED_EDGE('',*,*,#4508,.T.);
#5977=ORIENTED_EDGE('',*,*,#4517,.F.);
#5978=ORIENTED_EDGE('',*,*,#4526,.F.);
#5979=ORIENTED_EDGE('',*,*,#4531,.T.);
#5980=ORIENTED_EDGE('',*,*,#4521,.T.);
#5981=ORIENTED_EDGE('',*,*,#4615,.T.);
#5982=ORIENTED_EDGE('',*,*,#4615,.F.);
#5983=ORIENTED_EDGE('',*,*,#4616,.T.);
#5984=ORIENTED_EDGE('',*,*,#4616,.F.);
#5985=ORIENTED_EDGE('',*,*,#4617,.T.);
#5986=ORIENTED_EDGE('',*,*,#4617,.F.);
#5987=ORIENTED_EDGE('',*,*,#4618,.T.);
#5988=ORIENTED_EDGE('',*,*,#4618,.F.);
#5989=ORIENTED_EDGE('',*,*,#4619,.T.);
#5990=ORIENTED_EDGE('',*,*,#4619,.F.);
#5991=ORIENTED_EDGE('',*,*,#4620,.T.);
#5992=ORIENTED_EDGE('',*,*,#4620,.F.);
#5993=ORIENTED_EDGE('',*,*,#4621,.T.);
#5994=ORIENTED_EDGE('',*,*,#4621,.F.);
#5995=ORIENTED_EDGE('',*,*,#4622,.F.);
#5996=ORIENTED_EDGE('',*,*,#4623,.T.);
#5997=ORIENTED_EDGE('',*,*,#4624,.T.);
#5998=ORIENTED_EDGE('',*,*,#4623,.F.);
#5999=ORIENTED_EDGE('',*,*,#4625,.F.);
#6000=ORIENTED_EDGE('',*,*,#4626,.T.);
#6001=ORIENTED_EDGE('',*,*,#4627,.T.);
#6002=ORIENTED_EDGE('',*,*,#4626,.F.);
#6003=ORIENTED_EDGE('',*,*,#4628,.F.);
#6004=ORIENTED_EDGE('',*,*,#4629,.T.);
#6005=ORIENTED_EDGE('',*,*,#4625,.T.);
#6006=ORIENTED_EDGE('',*,*,#4629,.F.);
#6007=ORIENTED_EDGE('',*,*,#4630,.F.);
#6008=ORIENTED_EDGE('',*,*,#4631,.T.);
#6009=ORIENTED_EDGE('',*,*,#4632,.T.);
#6010=ORIENTED_EDGE('',*,*,#4631,.F.);
#6011=ORIENTED_EDGE('',*,*,#4630,.T.);
#6012=ORIENTED_EDGE('',*,*,#4624,.F.);
#6013=ORIENTED_EDGE('',*,*,#4632,.F.);
#6014=ORIENTED_EDGE('',*,*,#4628,.T.);
#6015=ORIENTED_EDGE('',*,*,#4622,.T.);
#6016=ORIENTED_EDGE('',*,*,#4627,.F.);
#6017=ORIENTED_EDGE('',*,*,#4633,.F.);
#6018=ORIENTED_EDGE('',*,*,#4634,.F.);
#6019=ORIENTED_EDGE('',*,*,#4635,.T.);
#6020=ORIENTED_EDGE('',*,*,#4636,.T.);
#6021=ORIENTED_EDGE('',*,*,#4635,.F.);
#6022=ORIENTED_EDGE('',*,*,#4636,.F.);
#6023=ORIENTED_EDGE('',*,*,#4637,.T.);
#6024=ORIENTED_EDGE('',*,*,#4638,.T.);
#6025=ORIENTED_EDGE('',*,*,#4637,.F.);
#6026=ORIENTED_EDGE('',*,*,#4639,.F.);
#6027=ORIENTED_EDGE('',*,*,#4640,.T.);
#6028=ORIENTED_EDGE('',*,*,#4641,.T.);
#6029=ORIENTED_EDGE('',*,*,#4640,.F.);
#6030=ORIENTED_EDGE('',*,*,#4641,.F.);
#6031=ORIENTED_EDGE('',*,*,#4642,.T.);
#6032=ORIENTED_EDGE('',*,*,#4643,.T.);
#6033=ORIENTED_EDGE('',*,*,#4642,.F.);
#6034=ORIENTED_EDGE('',*,*,#4643,.F.);
#6035=ORIENTED_EDGE('',*,*,#4644,.T.);
#6036=ORIENTED_EDGE('',*,*,#4645,.T.);
#6037=ORIENTED_EDGE('',*,*,#4644,.F.);
#6038=ORIENTED_EDGE('',*,*,#4633,.T.);
#6039=ORIENTED_EDGE('',*,*,#4634,.T.);
#6040=ORIENTED_EDGE('',*,*,#4646,.T.);
#6041=ORIENTED_EDGE('',*,*,#4647,.F.);
#6042=ORIENTED_EDGE('',*,*,#4646,.F.);
#6043=ORIENTED_EDGE('',*,*,#4647,.T.);
#6044=ORIENTED_EDGE('',*,*,#4645,.F.);
#6045=ORIENTED_EDGE('',*,*,#4638,.F.);
#6046=ORIENTED_EDGE('',*,*,#4639,.T.);
#6047=ORIENTED_EDGE('',*,*,#4648,.F.);
#6048=ORIENTED_EDGE('',*,*,#4649,.T.);
#6049=ORIENTED_EDGE('',*,*,#4650,.T.);
#6050=ORIENTED_EDGE('',*,*,#4649,.F.);
#6051=ORIENTED_EDGE('',*,*,#4651,.F.);
#6052=ORIENTED_EDGE('',*,*,#4652,.T.);
#6053=ORIENTED_EDGE('',*,*,#4648,.T.);
#6054=ORIENTED_EDGE('',*,*,#4652,.F.);
#6055=ORIENTED_EDGE('',*,*,#4650,.F.);
#6056=ORIENTED_EDGE('',*,*,#4653,.T.);
#6057=ORIENTED_EDGE('',*,*,#4654,.T.);
#6058=ORIENTED_EDGE('',*,*,#4653,.F.);
#6059=ORIENTED_EDGE('',*,*,#4655,.T.);
#6060=ORIENTED_EDGE('',*,*,#4656,.T.);
#6061=ORIENTED_EDGE('',*,*,#4657,.F.);
#6062=ORIENTED_EDGE('',*,*,#4656,.F.);
#6063=ORIENTED_EDGE('',*,*,#4658,.T.);
#6064=ORIENTED_EDGE('',*,*,#4655,.F.);
#6065=ORIENTED_EDGE('',*,*,#4659,.T.);
#6066=ORIENTED_EDGE('',*,*,#4660,.T.);
#6067=ORIENTED_EDGE('',*,*,#4659,.F.);
#6068=ORIENTED_EDGE('',*,*,#4658,.F.);
#6069=ORIENTED_EDGE('',*,*,#4660,.F.);
#6070=ORIENTED_EDGE('',*,*,#4661,.T.);
#6071=ORIENTED_EDGE('',*,*,#4662,.T.);
#6072=ORIENTED_EDGE('',*,*,#4661,.F.);
#6073=ORIENTED_EDGE('',*,*,#4654,.F.);
#6074=ORIENTED_EDGE('',*,*,#4657,.T.);
#6075=ORIENTED_EDGE('',*,*,#4651,.T.);
#6076=ORIENTED_EDGE('',*,*,#4662,.F.);
#6077=ORIENTED_EDGE('',*,*,#4663,.F.);
#6078=ORIENTED_EDGE('',*,*,#4664,.T.);
#6079=ORIENTED_EDGE('',*,*,#4665,.T.);
#6080=ORIENTED_EDGE('',*,*,#4664,.F.);
#6081=ORIENTED_EDGE('',*,*,#4666,.F.);
#6082=ORIENTED_EDGE('',*,*,#4667,.T.);
#6083=ORIENTED_EDGE('',*,*,#4668,.T.);
#6084=ORIENTED_EDGE('',*,*,#4667,.F.);
#6085=ORIENTED_EDGE('',*,*,#4669,.F.);
#6086=ORIENTED_EDGE('',*,*,#4670,.T.);
#6087=ORIENTED_EDGE('',*,*,#4671,.T.);
#6088=ORIENTED_EDGE('',*,*,#4670,.F.);
#6089=ORIENTED_EDGE('',*,*,#4672,.F.);
#6090=ORIENTED_EDGE('',*,*,#4673,.T.);
#6091=ORIENTED_EDGE('',*,*,#4663,.T.);
#6092=ORIENTED_EDGE('',*,*,#4673,.F.);
#6093=ORIENTED_EDGE('',*,*,#4671,.F.);
#6094=ORIENTED_EDGE('',*,*,#4672,.T.);
#6095=ORIENTED_EDGE('',*,*,#4668,.F.);
#6096=ORIENTED_EDGE('',*,*,#4669,.T.);
#6097=ORIENTED_EDGE('',*,*,#4666,.T.);
#6098=ORIENTED_EDGE('',*,*,#4665,.F.);
#6099=ORIENTED_EDGE('',*,*,#4674,.F.);
#6100=ORIENTED_EDGE('',*,*,#4675,.T.);
#6101=ORIENTED_EDGE('',*,*,#4674,.T.);
#6102=ORIENTED_EDGE('',*,*,#4675,.F.);
#6103=ORIENTED_EDGE('',*,*,#4676,.F.);
#6104=ORIENTED_EDGE('',*,*,#4677,.F.);
#6105=ORIENTED_EDGE('',*,*,#4678,.F.);
#6106=ORIENTED_EDGE('',*,*,#4679,.F.);
#6107=ORIENTED_EDGE('',*,*,#4680,.F.);
#6108=ORIENTED_EDGE('',*,*,#4681,.T.);
#6109=ORIENTED_EDGE('',*,*,#4682,.T.);
#6110=ORIENTED_EDGE('',*,*,#4681,.F.);
#6111=ORIENTED_EDGE('',*,*,#4683,.F.);
#6112=ORIENTED_EDGE('',*,*,#4684,.T.);
#6113=ORIENTED_EDGE('',*,*,#4685,.T.);
#6114=ORIENTED_EDGE('',*,*,#4684,.F.);
#6115=ORIENTED_EDGE('',*,*,#4686,.T.);
#6116=ORIENTED_EDGE('',*,*,#4687,.T.);
#6117=ORIENTED_EDGE('',*,*,#4688,.F.);
#6118=ORIENTED_EDGE('',*,*,#4687,.F.);
#6119=ORIENTED_EDGE('',*,*,#4689,.F.);
#6120=ORIENTED_EDGE('',*,*,#4690,.T.);
#6121=ORIENTED_EDGE('',*,*,#4691,.T.);
#6122=ORIENTED_EDGE('',*,*,#4692,.T.);
#6123=ORIENTED_EDGE('',*,*,#4690,.F.);
#6124=ORIENTED_EDGE('',*,*,#4693,.T.);
#6125=ORIENTED_EDGE('',*,*,#4694,.T.);
#6126=ORIENTED_EDGE('',*,*,#4695,.F.);
#6127=ORIENTED_EDGE('',*,*,#4694,.F.);
#6128=ORIENTED_EDGE('',*,*,#4696,.F.);
#6129=ORIENTED_EDGE('',*,*,#4697,.T.);
#6130=ORIENTED_EDGE('',*,*,#4698,.T.);
#6131=ORIENTED_EDGE('',*,*,#4699,.T.);
#6132=ORIENTED_EDGE('',*,*,#4697,.F.);
#6133=ORIENTED_EDGE('',*,*,#4700,.T.);
#6134=ORIENTED_EDGE('',*,*,#4701,.T.);
#6135=ORIENTED_EDGE('',*,*,#4702,.F.);
#6136=ORIENTED_EDGE('',*,*,#4701,.F.);
#6137=ORIENTED_EDGE('',*,*,#4703,.F.);
#6138=ORIENTED_EDGE('',*,*,#4704,.T.);
#6139=ORIENTED_EDGE('',*,*,#4705,.T.);
#6140=ORIENTED_EDGE('',*,*,#4706,.T.);
#6141=ORIENTED_EDGE('',*,*,#4704,.F.);
#6142=ORIENTED_EDGE('',*,*,#4707,.T.);
#6143=ORIENTED_EDGE('',*,*,#4708,.T.);
#6144=ORIENTED_EDGE('',*,*,#4709,.F.);
#6145=ORIENTED_EDGE('',*,*,#4708,.F.);
#6146=ORIENTED_EDGE('',*,*,#4710,.F.);
#6147=ORIENTED_EDGE('',*,*,#4711,.T.);
#6148=ORIENTED_EDGE('',*,*,#4712,.T.);
#6149=ORIENTED_EDGE('',*,*,#4713,.T.);
#6150=ORIENTED_EDGE('',*,*,#4714,.T.);
#6151=ORIENTED_EDGE('',*,*,#4715,.T.);
#6152=ORIENTED_EDGE('',*,*,#4711,.F.);
#6153=ORIENTED_EDGE('',*,*,#4716,.F.);
#6154=ORIENTED_EDGE('',*,*,#4717,.F.);
#6155=ORIENTED_EDGE('',*,*,#4718,.F.);
#6156=ORIENTED_EDGE('',*,*,#4719,.F.);
#6157=ORIENTED_EDGE('',*,*,#4720,.F.);
#6158=ORIENTED_EDGE('',*,*,#4721,.F.);
#6159=ORIENTED_EDGE('',*,*,#4722,.F.);
#6160=ORIENTED_EDGE('',*,*,#4723,.F.);
#6161=ORIENTED_EDGE('',*,*,#4724,.F.);
#6162=ORIENTED_EDGE('',*,*,#4725,.F.);
#6163=ORIENTED_EDGE('',*,*,#4726,.F.);
#6164=ORIENTED_EDGE('',*,*,#4727,.T.);
#6165=ORIENTED_EDGE('',*,*,#4728,.F.);
#6166=ORIENTED_EDGE('',*,*,#4729,.F.);
#6167=ORIENTED_EDGE('',*,*,#4727,.F.);
#6168=ORIENTED_EDGE('',*,*,#4730,.F.);
#6169=ORIENTED_EDGE('',*,*,#4731,.F.);
#6170=ORIENTED_EDGE('',*,*,#4732,.F.);
#6171=ORIENTED_EDGE('',*,*,#4733,.F.);
#6172=ORIENTED_EDGE('',*,*,#4734,.F.);
#6173=ORIENTED_EDGE('',*,*,#4735,.F.);
#6174=ORIENTED_EDGE('',*,*,#4736,.F.);
#6175=ORIENTED_EDGE('',*,*,#4737,.F.);
#6176=ORIENTED_EDGE('',*,*,#4738,.F.);
#6177=ORIENTED_EDGE('',*,*,#4739,.F.);
#6178=ORIENTED_EDGE('',*,*,#4740,.F.);
#6179=ORIENTED_EDGE('',*,*,#4741,.F.);
#6180=ORIENTED_EDGE('',*,*,#4742,.F.);
#6181=ORIENTED_EDGE('',*,*,#4743,.F.);
#6182=ORIENTED_EDGE('',*,*,#4744,.F.);
#6183=ORIENTED_EDGE('',*,*,#4745,.F.);
#6184=ORIENTED_EDGE('',*,*,#4746,.F.);
#6185=ORIENTED_EDGE('',*,*,#4747,.F.);
#6186=ORIENTED_EDGE('',*,*,#4748,.F.);
#6187=ORIENTED_EDGE('',*,*,#4749,.F.);
#6188=ORIENTED_EDGE('',*,*,#4750,.F.);
#6189=ORIENTED_EDGE('',*,*,#4751,.T.);
#6190=ORIENTED_EDGE('',*,*,#4752,.F.);
#6191=ORIENTED_EDGE('',*,*,#4753,.F.);
#6192=ORIENTED_EDGE('',*,*,#4751,.F.);
#6193=ORIENTED_EDGE('',*,*,#4754,.F.);
#6194=ORIENTED_EDGE('',*,*,#4755,.F.);
#6195=ORIENTED_EDGE('',*,*,#4756,.F.);
#6196=ORIENTED_EDGE('',*,*,#4757,.F.);
#6197=ORIENTED_EDGE('',*,*,#4758,.F.);
#6198=ORIENTED_EDGE('',*,*,#4759,.F.);
#6199=ORIENTED_EDGE('',*,*,#4760,.F.);
#6200=ORIENTED_EDGE('',*,*,#4761,.F.);
#6201=ORIENTED_EDGE('',*,*,#4762,.F.);
#6202=ORIENTED_EDGE('',*,*,#4763,.F.);
#6203=ORIENTED_EDGE('',*,*,#4764,.F.);
#6204=ORIENTED_EDGE('',*,*,#4765,.F.);
#6205=ORIENTED_EDGE('',*,*,#4766,.F.);
#6206=ORIENTED_EDGE('',*,*,#4767,.F.);
#6207=ORIENTED_EDGE('',*,*,#4768,.F.);
#6208=ORIENTED_EDGE('',*,*,#4769,.F.);
#6209=ORIENTED_EDGE('',*,*,#4770,.F.);
#6210=ORIENTED_EDGE('',*,*,#4771,.F.);
#6211=ORIENTED_EDGE('',*,*,#4772,.F.);
#6212=ORIENTED_EDGE('',*,*,#4773,.F.);
#6213=ORIENTED_EDGE('',*,*,#4774,.F.);
#6214=ORIENTED_EDGE('',*,*,#4775,.T.);
#6215=ORIENTED_EDGE('',*,*,#4776,.F.);
#6216=ORIENTED_EDGE('',*,*,#4777,.F.);
#6217=ORIENTED_EDGE('',*,*,#4775,.F.);
#6218=ORIENTED_EDGE('',*,*,#4778,.F.);
#6219=ORIENTED_EDGE('',*,*,#4779,.F.);
#6220=ORIENTED_EDGE('',*,*,#4780,.F.);
#6221=ORIENTED_EDGE('',*,*,#4781,.F.);
#6222=ORIENTED_EDGE('',*,*,#4782,.F.);
#6223=ORIENTED_EDGE('',*,*,#4783,.F.);
#6224=ORIENTED_EDGE('',*,*,#4784,.F.);
#6225=ORIENTED_EDGE('',*,*,#4785,.F.);
#6226=ORIENTED_EDGE('',*,*,#4786,.F.);
#6227=ORIENTED_EDGE('',*,*,#4787,.F.);
#6228=ORIENTED_EDGE('',*,*,#4788,.F.);
#6229=ORIENTED_EDGE('',*,*,#4789,.F.);
#6230=ORIENTED_EDGE('',*,*,#4790,.F.);
#6231=ORIENTED_EDGE('',*,*,#4791,.F.);
#6232=ORIENTED_EDGE('',*,*,#4792,.F.);
#6233=ORIENTED_EDGE('',*,*,#4793,.F.);
#6234=ORIENTED_EDGE('',*,*,#4794,.F.);
#6235=ORIENTED_EDGE('',*,*,#4795,.F.);
#6236=ORIENTED_EDGE('',*,*,#4796,.F.);
#6237=ORIENTED_EDGE('',*,*,#4797,.F.);
#6238=ORIENTED_EDGE('',*,*,#4798,.F.);
#6239=ORIENTED_EDGE('',*,*,#4799,.T.);
#6240=ORIENTED_EDGE('',*,*,#4800,.F.);
#6241=ORIENTED_EDGE('',*,*,#4801,.F.);
#6242=ORIENTED_EDGE('',*,*,#4799,.F.);
#6243=ORIENTED_EDGE('',*,*,#4802,.F.);
#6244=ORIENTED_EDGE('',*,*,#4803,.F.);
#6245=ORIENTED_EDGE('',*,*,#4804,.F.);
#6246=ORIENTED_EDGE('',*,*,#4805,.F.);
#6247=ORIENTED_EDGE('',*,*,#4806,.F.);
#6248=ORIENTED_EDGE('',*,*,#4807,.F.);
#6249=ORIENTED_EDGE('',*,*,#4808,.F.);
#6250=ORIENTED_EDGE('',*,*,#4809,.F.);
#6251=ORIENTED_EDGE('',*,*,#4810,.F.);
#6252=ORIENTED_EDGE('',*,*,#4811,.F.);
#6253=ORIENTED_EDGE('',*,*,#4812,.F.);
#6254=ORIENTED_EDGE('',*,*,#4813,.T.);
#6255=ORIENTED_EDGE('',*,*,#4814,.F.);
#6256=ORIENTED_EDGE('',*,*,#4815,.F.);
#6257=ORIENTED_EDGE('',*,*,#4813,.F.);
#6258=ORIENTED_EDGE('',*,*,#4816,.F.);
#6259=ORIENTED_EDGE('',*,*,#4817,.T.);
#6260=ORIENTED_EDGE('',*,*,#4818,.F.);
#6261=ORIENTED_EDGE('',*,*,#4817,.F.);
#6262=ORIENTED_EDGE('',*,*,#4819,.F.);
#6263=ORIENTED_EDGE('',*,*,#4820,.T.);
#6264=ORIENTED_EDGE('',*,*,#4821,.F.);
#6265=ORIENTED_EDGE('',*,*,#4820,.F.);
#6266=ORIENTED_EDGE('',*,*,#4822,.F.);
#6267=ORIENTED_EDGE('',*,*,#4823,.T.);
#6268=ORIENTED_EDGE('',*,*,#4824,.F.);
#6269=ORIENTED_EDGE('',*,*,#4823,.F.);
#6270=ORIENTED_EDGE('',*,*,#4825,.F.);
#6271=ORIENTED_EDGE('',*,*,#4826,.T.);
#6272=ORIENTED_EDGE('',*,*,#4827,.F.);
#6273=ORIENTED_EDGE('',*,*,#4826,.F.);
#6274=ORIENTED_EDGE('',*,*,#4828,.F.);
#6275=ORIENTED_EDGE('',*,*,#4829,.T.);
#6276=ORIENTED_EDGE('',*,*,#4830,.F.);
#6277=ORIENTED_EDGE('',*,*,#4829,.F.);
#6278=ORIENTED_EDGE('',*,*,#4831,.F.);
#6279=ORIENTED_EDGE('',*,*,#4832,.T.);
#6280=ORIENTED_EDGE('',*,*,#4833,.F.);
#6281=ORIENTED_EDGE('',*,*,#4832,.F.);
#6282=ORIENTED_EDGE('',*,*,#4676,.T.);
#6283=ORIENTED_EDGE('',*,*,#4834,.F.);
#6284=ORIENTED_EDGE('',*,*,#4835,.F.);
#6285=ORIENTED_EDGE('',*,*,#4836,.F.);
#6286=ORIENTED_EDGE('',*,*,#4837,.F.);
#6287=ORIENTED_EDGE('',*,*,#4838,.F.);
#6288=ORIENTED_EDGE('',*,*,#4839,.T.);
#6289=ORIENTED_EDGE('',*,*,#4840,.F.);
#6290=ORIENTED_EDGE('',*,*,#4839,.F.);
#6291=ORIENTED_EDGE('',*,*,#4841,.T.);
#6292=ORIENTED_EDGE('',*,*,#4842,.T.);
#6293=ORIENTED_EDGE('',*,*,#4776,.T.);
#6294=ORIENTED_EDGE('',*,*,#4777,.T.);
#6295=ORIENTED_EDGE('',*,*,#4842,.F.);
#6296=ORIENTED_EDGE('',*,*,#4843,.T.);
#6297=ORIENTED_EDGE('',*,*,#4844,.T.);
#6298=ORIENTED_EDGE('',*,*,#4800,.T.);
#6299=ORIENTED_EDGE('',*,*,#4801,.T.);
#6300=ORIENTED_EDGE('',*,*,#4844,.F.);
#6301=ORIENTED_EDGE('',*,*,#4845,.T.);
#6302=ORIENTED_EDGE('',*,*,#4846,.T.);
#6303=ORIENTED_EDGE('',*,*,#4752,.T.);
#6304=ORIENTED_EDGE('',*,*,#4753,.T.);
#6305=ORIENTED_EDGE('',*,*,#4846,.F.);
#6306=ORIENTED_EDGE('',*,*,#4847,.T.);
#6307=ORIENTED_EDGE('',*,*,#4848,.T.);
#6308=ORIENTED_EDGE('',*,*,#4728,.T.);
#6309=ORIENTED_EDGE('',*,*,#4729,.T.);
#6310=ORIENTED_EDGE('',*,*,#4848,.F.);
#6311=ORIENTED_EDGE('',*,*,#4849,.F.);
#6312=ORIENTED_EDGE('',*,*,#4850,.T.);
#6313=ORIENTED_EDGE('',*,*,#4819,.T.);
#6314=ORIENTED_EDGE('',*,*,#4850,.F.);
#6315=ORIENTED_EDGE('',*,*,#4851,.F.);
#6316=ORIENTED_EDGE('',*,*,#4852,.T.);
#6317=ORIENTED_EDGE('',*,*,#4828,.T.);
#6318=ORIENTED_EDGE('',*,*,#4852,.F.);
#6319=ORIENTED_EDGE('',*,*,#4853,.F.);
#6320=ORIENTED_EDGE('',*,*,#4854,.T.);
#6321=ORIENTED_EDGE('',*,*,#4825,.T.);
#6322=ORIENTED_EDGE('',*,*,#4854,.F.);
#6323=ORIENTED_EDGE('',*,*,#4855,.F.);
#6324=ORIENTED_EDGE('',*,*,#4856,.T.);
#6325=ORIENTED_EDGE('',*,*,#4822,.T.);
#6326=ORIENTED_EDGE('',*,*,#4856,.F.);
#6327=ORIENTED_EDGE('',*,*,#4837,.T.);
#6328=ORIENTED_EDGE('',*,*,#4838,.T.);
#6329=ORIENTED_EDGE('',*,*,#4857,.T.);
#6330=ORIENTED_EDGE('',*,*,#4858,.T.);
#6331=ORIENTED_EDGE('',*,*,#4857,.F.);
#6332=ORIENTED_EDGE('',*,*,#4859,.F.);
#6333=ORIENTED_EDGE('',*,*,#4860,.T.);
#6334=ORIENTED_EDGE('',*,*,#4861,.T.);
#6335=ORIENTED_EDGE('',*,*,#4860,.F.);
#6336=ORIENTED_EDGE('',*,*,#4862,.F.);
#6337=ORIENTED_EDGE('',*,*,#4863,.T.);
#6338=ORIENTED_EDGE('',*,*,#4831,.T.);
#6339=ORIENTED_EDGE('',*,*,#4863,.F.);
#6340=ORIENTED_EDGE('',*,*,#4864,.T.);
#6341=ORIENTED_EDGE('',*,*,#4865,.T.);
#6342=ORIENTED_EDGE('',*,*,#4836,.T.);
#6343=ORIENTED_EDGE('',*,*,#4866,.T.);
#6344=ORIENTED_EDGE('',*,*,#4867,.F.);
#6345=ORIENTED_EDGE('',*,*,#4868,.T.);
#6346=ORIENTED_EDGE('',*,*,#4677,.T.);
#6347=ORIENTED_EDGE('',*,*,#4865,.F.);
#6348=ORIENTED_EDGE('',*,*,#4869,.F.);
#6349=ORIENTED_EDGE('',*,*,#4870,.T.);
#6350=ORIENTED_EDGE('',*,*,#4871,.T.);
#6351=ORIENTED_EDGE('',*,*,#4870,.F.);
#6352=ORIENTED_EDGE('',*,*,#4872,.F.);
#6353=ORIENTED_EDGE('',*,*,#4873,.T.);
#6354=ORIENTED_EDGE('',*,*,#4816,.T.);
#6355=ORIENTED_EDGE('',*,*,#4873,.F.);
#6356=ORIENTED_EDGE('',*,*,#4874,.F.);
#6357=ORIENTED_EDGE('',*,*,#4875,.T.);
#6358=ORIENTED_EDGE('',*,*,#4876,.T.);
#6359=ORIENTED_EDGE('',*,*,#4875,.F.);
#6360=ORIENTED_EDGE('',*,*,#4877,.T.);
#6361=ORIENTED_EDGE('',*,*,#4874,.T.);
#6362=ORIENTED_EDGE('',*,*,#4877,.F.);
#6363=ORIENTED_EDGE('',*,*,#4878,.F.);
#6364=ORIENTED_EDGE('',*,*,#4879,.T.);
#6365=ORIENTED_EDGE('',*,*,#4880,.T.);
#6366=ORIENTED_EDGE('',*,*,#4879,.F.);
#6367=ORIENTED_EDGE('',*,*,#4881,.T.);
#6368=ORIENTED_EDGE('',*,*,#4878,.T.);
#6369=ORIENTED_EDGE('',*,*,#4881,.F.);
#6370=ORIENTED_EDGE('',*,*,#4882,.F.);
#6371=ORIENTED_EDGE('',*,*,#4883,.T.);
#6372=ORIENTED_EDGE('',*,*,#4884,.T.);
#6373=ORIENTED_EDGE('',*,*,#4883,.F.);
#6374=ORIENTED_EDGE('',*,*,#4885,.T.);
#6375=ORIENTED_EDGE('',*,*,#4882,.T.);
#6376=ORIENTED_EDGE('',*,*,#4885,.F.);
#6377=ORIENTED_EDGE('',*,*,#4886,.F.);
#6378=ORIENTED_EDGE('',*,*,#4887,.T.);
#6379=ORIENTED_EDGE('',*,*,#4888,.T.);
#6380=ORIENTED_EDGE('',*,*,#4887,.F.);
#6381=ORIENTED_EDGE('',*,*,#4889,.T.);
#6382=ORIENTED_EDGE('',*,*,#4886,.T.);
#6383=ORIENTED_EDGE('',*,*,#4889,.F.);
#6384=ORIENTED_EDGE('',*,*,#4890,.T.);
#6385=ORIENTED_EDGE('',*,*,#4891,.T.);
#6386=ORIENTED_EDGE('',*,*,#4814,.T.);
#6387=ORIENTED_EDGE('',*,*,#4815,.T.);
#6388=ORIENTED_EDGE('',*,*,#4891,.F.);
#6389=ORIENTED_EDGE('',*,*,#4715,.F.);
#6390=ORIENTED_EDGE('',*,*,#4892,.F.);
#6391=ORIENTED_EDGE('',*,*,#4893,.F.);
#6392=ORIENTED_EDGE('',*,*,#4894,.T.);
#6393=ORIENTED_EDGE('',*,*,#4712,.F.);
#6394=ORIENTED_EDGE('',*,*,#4895,.F.);
#6395=ORIENTED_EDGE('',*,*,#4896,.F.);
#6396=ORIENTED_EDGE('',*,*,#4897,.T.);
#6397=ORIENTED_EDGE('',*,*,#4898,.T.);
#6398=ORIENTED_EDGE('',*,*,#4899,.F.);
#6399=ORIENTED_EDGE('',*,*,#4900,.T.);
#6400=ORIENTED_EDGE('',*,*,#4901,.F.);
#6401=ORIENTED_EDGE('',*,*,#4902,.F.);
#6402=ORIENTED_EDGE('',*,*,#4896,.T.);
#6403=ORIENTED_EDGE('',*,*,#4903,.T.);
#6404=ORIENTED_EDGE('',*,*,#4904,.T.);
#6405=ORIENTED_EDGE('',*,*,#4905,.T.);
#6406=ORIENTED_EDGE('',*,*,#4902,.T.);
#6407=ORIENTED_EDGE('',*,*,#4906,.F.);
#6408=ORIENTED_EDGE('',*,*,#4907,.F.);
#6409=ORIENTED_EDGE('',*,*,#4908,.F.);
#6410=ORIENTED_EDGE('',*,*,#4909,.F.);
#6411=ORIENTED_EDGE('',*,*,#4910,.F.);
#6412=ORIENTED_EDGE('',*,*,#4911,.F.);
#6413=ORIENTED_EDGE('',*,*,#4912,.F.);
#6414=ORIENTED_EDGE('',*,*,#4913,.F.);
#6415=ORIENTED_EDGE('',*,*,#4914,.F.);
#6416=ORIENTED_EDGE('',*,*,#4915,.F.);
#6417=ORIENTED_EDGE('',*,*,#4916,.F.);
#6418=ORIENTED_EDGE('',*,*,#4917,.F.);
#6419=ORIENTED_EDGE('',*,*,#4918,.F.);
#6420=ORIENTED_EDGE('',*,*,#4919,.F.);
#6421=ORIENTED_EDGE('',*,*,#4920,.T.);
#6422=ORIENTED_EDGE('',*,*,#4921,.F.);
#6423=ORIENTED_EDGE('',*,*,#4691,.F.);
#6424=ORIENTED_EDGE('',*,*,#4692,.F.);
#6425=ORIENTED_EDGE('',*,*,#4922,.F.);
#6426=ORIENTED_EDGE('',*,*,#4923,.F.);
#6427=ORIENTED_EDGE('',*,*,#4924,.T.);
#6428=ORIENTED_EDGE('',*,*,#4908,.T.);
#6429=ORIENTED_EDGE('',*,*,#4925,.T.);
#6430=ORIENTED_EDGE('',*,*,#4698,.F.);
#6431=ORIENTED_EDGE('',*,*,#4699,.F.);
#6432=ORIENTED_EDGE('',*,*,#4926,.T.);
#6433=ORIENTED_EDGE('',*,*,#4912,.T.);
#6434=ORIENTED_EDGE('',*,*,#4927,.F.);
#6435=ORIENTED_EDGE('',*,*,#4928,.F.);
#6436=ORIENTED_EDGE('',*,*,#4714,.F.);
#6437=ORIENTED_EDGE('',*,*,#4929,.T.);
#6438=ORIENTED_EDGE('',*,*,#4918,.T.);
#6439=ORIENTED_EDGE('',*,*,#4930,.F.);
#6440=ORIENTED_EDGE('',*,*,#4931,.F.);
#6441=ORIENTED_EDGE('',*,*,#4932,.T.);
#6442=ORIENTED_EDGE('',*,*,#4910,.T.);
#6443=ORIENTED_EDGE('',*,*,#4933,.F.);
#6444=ORIENTED_EDGE('',*,*,#4682,.F.);
#6445=ORIENTED_EDGE('',*,*,#4934,.F.);
#6446=ORIENTED_EDGE('',*,*,#4705,.F.);
#6447=ORIENTED_EDGE('',*,*,#4706,.F.);
#6448=ORIENTED_EDGE('',*,*,#4935,.F.);
#6449=ORIENTED_EDGE('',*,*,#4936,.F.);
#6450=ORIENTED_EDGE('',*,*,#4937,.T.);
#6451=ORIENTED_EDGE('',*,*,#4914,.T.);
#6452=ORIENTED_EDGE('',*,*,#4938,.F.);
#6453=ORIENTED_EDGE('',*,*,#4939,.T.);
#6454=ORIENTED_EDGE('',*,*,#4916,.T.);
#6455=ORIENTED_EDGE('',*,*,#4940,.F.);
#6456=ORIENTED_EDGE('',*,*,#4685,.F.);
#6457=ORIENTED_EDGE('',*,*,#4941,.T.);
#6458=ORIENTED_EDGE('',*,*,#4942,.T.);
#6459=ORIENTED_EDGE('',*,*,#4943,.T.);
#6460=ORIENTED_EDGE('',*,*,#4944,.F.);
#6461=ORIENTED_EDGE('',*,*,#4945,.F.);
#6462=ORIENTED_EDGE('',*,*,#4946,.F.);
#6463=ORIENTED_EDGE('',*,*,#4947,.F.);
#6464=ORIENTED_EDGE('',*,*,#4948,.F.);
#6465=ORIENTED_EDGE('',*,*,#4949,.T.);
#6466=ORIENTED_EDGE('',*,*,#4950,.T.);
#6467=ORIENTED_EDGE('',*,*,#4951,.T.);
#6468=ORIENTED_EDGE('',*,*,#4952,.T.);
#6469=ORIENTED_EDGE('',*,*,#4953,.T.);
#6470=ORIENTED_EDGE('',*,*,#4954,.F.);
#6471=ORIENTED_EDGE('',*,*,#4955,.F.);
#6472=ORIENTED_EDGE('',*,*,#4898,.F.);
#6473=ORIENTED_EDGE('',*,*,#4956,.F.);
#6474=ORIENTED_EDGE('',*,*,#4957,.F.);
#6475=ORIENTED_EDGE('',*,*,#4958,.T.);
#6476=ORIENTED_EDGE('',*,*,#4959,.T.);
#6477=ORIENTED_EDGE('',*,*,#4960,.T.);
#6478=ORIENTED_EDGE('',*,*,#4961,.T.);
#6479=ORIENTED_EDGE('',*,*,#4962,.F.);
#6480=ORIENTED_EDGE('',*,*,#4963,.T.);
#6481=ORIENTED_EDGE('',*,*,#4964,.F.);
#6482=ORIENTED_EDGE('',*,*,#4965,.T.);
#6483=ORIENTED_EDGE('',*,*,#4966,.F.);
#6484=ORIENTED_EDGE('',*,*,#4967,.T.);
#6485=ORIENTED_EDGE('',*,*,#4968,.F.);
#6486=ORIENTED_EDGE('',*,*,#4969,.T.);
#6487=ORIENTED_EDGE('',*,*,#4970,.F.);
#6488=ORIENTED_EDGE('',*,*,#4971,.T.);
#6489=ORIENTED_EDGE('',*,*,#4972,.F.);
#6490=ORIENTED_EDGE('',*,*,#4973,.T.);
#6491=ORIENTED_EDGE('',*,*,#4974,.F.);
#6492=ORIENTED_EDGE('',*,*,#4975,.T.);
#6493=ORIENTED_EDGE('',*,*,#4976,.F.);
#6494=ORIENTED_EDGE('',*,*,#4977,.T.);
#6495=ORIENTED_EDGE('',*,*,#4978,.T.);
#6496=ORIENTED_EDGE('',*,*,#4979,.F.);
#6497=ORIENTED_EDGE('',*,*,#4980,.F.);
#6498=ORIENTED_EDGE('',*,*,#4981,.F.);
#6499=ORIENTED_EDGE('',*,*,#4982,.F.);
#6500=ORIENTED_EDGE('',*,*,#4983,.F.);
#6501=ORIENTED_EDGE('',*,*,#4984,.T.);
#6502=ORIENTED_EDGE('',*,*,#4985,.T.);
#6503=ORIENTED_EDGE('',*,*,#4986,.F.);
#6504=ORIENTED_EDGE('',*,*,#4987,.T.);
#6505=ORIENTED_EDGE('',*,*,#4988,.T.);
#6506=ORIENTED_EDGE('',*,*,#4989,.T.);
#6507=ORIENTED_EDGE('',*,*,#4990,.T.);
#6508=ORIENTED_EDGE('',*,*,#4991,.T.);
#6509=ORIENTED_EDGE('',*,*,#4992,.F.);
#6510=ORIENTED_EDGE('',*,*,#4993,.T.);
#6511=ORIENTED_EDGE('',*,*,#4994,.T.);
#6512=ORIENTED_EDGE('',*,*,#4995,.T.);
#6513=ORIENTED_EDGE('',*,*,#4996,.T.);
#6514=ORIENTED_EDGE('',*,*,#4997,.T.);
#6515=ORIENTED_EDGE('',*,*,#4998,.T.);
#6516=ORIENTED_EDGE('',*,*,#4999,.T.);
#6517=ORIENTED_EDGE('',*,*,#5000,.T.);
#6518=ORIENTED_EDGE('',*,*,#5001,.T.);
#6519=ORIENTED_EDGE('',*,*,#5002,.T.);
#6520=ORIENTED_EDGE('',*,*,#5003,.T.);
#6521=ORIENTED_EDGE('',*,*,#5004,.F.);
#6522=ORIENTED_EDGE('',*,*,#5005,.T.);
#6523=ORIENTED_EDGE('',*,*,#5006,.T.);
#6524=ORIENTED_EDGE('',*,*,#5007,.T.);
#6525=ORIENTED_EDGE('',*,*,#5008,.F.);
#6526=ORIENTED_EDGE('',*,*,#5009,.T.);
#6527=ORIENTED_EDGE('',*,*,#5010,.F.);
#6528=ORIENTED_EDGE('',*,*,#5011,.F.);
#6529=ORIENTED_EDGE('',*,*,#5012,.F.);
#6530=ORIENTED_EDGE('',*,*,#5013,.T.);
#6531=ORIENTED_EDGE('',*,*,#5014,.T.);
#6532=ORIENTED_EDGE('',*,*,#5015,.F.);
#6533=ORIENTED_EDGE('',*,*,#5016,.T.);
#6534=ORIENTED_EDGE('',*,*,#5017,.T.);
#6535=ORIENTED_EDGE('',*,*,#5018,.T.);
#6536=ORIENTED_EDGE('',*,*,#5019,.T.);
#6537=ORIENTED_EDGE('',*,*,#5020,.F.);
#6538=ORIENTED_EDGE('',*,*,#5021,.F.);
#6539=ORIENTED_EDGE('',*,*,#5022,.F.);
#6540=ORIENTED_EDGE('',*,*,#5023,.T.);
#6541=ORIENTED_EDGE('',*,*,#5024,.F.);
#6542=ORIENTED_EDGE('',*,*,#4723,.T.);
#6543=ORIENTED_EDGE('',*,*,#5025,.F.);
#6544=ORIENTED_EDGE('',*,*,#5026,.F.);
#6545=ORIENTED_EDGE('',*,*,#4719,.T.);
#6546=ORIENTED_EDGE('',*,*,#5027,.F.);
#6547=ORIENTED_EDGE('',*,*,#5028,.F.);
#6548=ORIENTED_EDGE('',*,*,#4716,.T.);
#6549=ORIENTED_EDGE('',*,*,#5029,.F.);
#6550=ORIENTED_EDGE('',*,*,#4737,.T.);
#6551=ORIENTED_EDGE('',*,*,#5030,.F.);
#6552=ORIENTED_EDGE('',*,*,#5031,.F.);
#6553=ORIENTED_EDGE('',*,*,#4733,.T.);
#6554=ORIENTED_EDGE('',*,*,#5032,.F.);
#6555=ORIENTED_EDGE('',*,*,#5033,.F.);
#6556=ORIENTED_EDGE('',*,*,#4748,.T.);
#6557=ORIENTED_EDGE('',*,*,#5034,.F.);
#6558=ORIENTED_EDGE('',*,*,#5035,.F.);
#6559=ORIENTED_EDGE('',*,*,#4745,.T.);
#6560=ORIENTED_EDGE('',*,*,#5036,.F.);
#6561=ORIENTED_EDGE('',*,*,#4742,.T.);
#6562=ORIENTED_EDGE('',*,*,#5037,.F.);
#6563=ORIENTED_EDGE('',*,*,#5038,.F.);
#6564=ORIENTED_EDGE('',*,*,#4762,.T.);
#6565=ORIENTED_EDGE('',*,*,#5039,.F.);
#6566=ORIENTED_EDGE('',*,*,#5040,.F.);
#6567=ORIENTED_EDGE('',*,*,#4759,.T.);
#6568=ORIENTED_EDGE('',*,*,#5041,.F.);
#6569=ORIENTED_EDGE('',*,*,#4771,.T.);
#6570=ORIENTED_EDGE('',*,*,#5042,.F.);
#6571=ORIENTED_EDGE('',*,*,#5043,.F.);
#6572=ORIENTED_EDGE('',*,*,#4767,.T.);
#6573=ORIENTED_EDGE('',*,*,#5044,.F.);
#6574=ORIENTED_EDGE('',*,*,#5045,.F.);
#6575=ORIENTED_EDGE('',*,*,#4764,.T.);
#6576=ORIENTED_EDGE('',*,*,#5046,.F.);
#6577=ORIENTED_EDGE('',*,*,#4785,.T.);
#6578=ORIENTED_EDGE('',*,*,#5047,.F.);
#6579=ORIENTED_EDGE('',*,*,#5048,.F.);
#6580=ORIENTED_EDGE('',*,*,#4781,.T.);
#6581=ORIENTED_EDGE('',*,*,#5049,.F.);
#6582=ORIENTED_EDGE('',*,*,#5050,.F.);
#6583=ORIENTED_EDGE('',*,*,#4796,.T.);
#6584=ORIENTED_EDGE('',*,*,#5051,.F.);
#6585=ORIENTED_EDGE('',*,*,#5052,.F.);
#6586=ORIENTED_EDGE('',*,*,#4793,.T.);
#6587=ORIENTED_EDGE('',*,*,#5053,.F.);
#6588=ORIENTED_EDGE('',*,*,#4790,.T.);
#6589=ORIENTED_EDGE('',*,*,#5054,.F.);
#6590=ORIENTED_EDGE('',*,*,#5055,.F.);
#6591=ORIENTED_EDGE('',*,*,#4810,.T.);
#6592=ORIENTED_EDGE('',*,*,#5056,.F.);
#6593=ORIENTED_EDGE('',*,*,#5057,.F.);
#6594=ORIENTED_EDGE('',*,*,#4807,.T.);
#6595=ORIENTED_EDGE('',*,*,#4853,.T.);
#6596=ORIENTED_EDGE('',*,*,#4841,.F.);
#6597=ORIENTED_EDGE('',*,*,#4851,.T.);
#6598=ORIENTED_EDGE('',*,*,#4843,.F.);
#6599=ORIENTED_EDGE('',*,*,#4855,.T.);
#6600=ORIENTED_EDGE('',*,*,#4845,.F.);
#6601=ORIENTED_EDGE('',*,*,#4849,.T.);
#6602=ORIENTED_EDGE('',*,*,#4847,.F.);
#6603=ORIENTED_EDGE('',*,*,#4812,.T.);
#6604=ORIENTED_EDGE('',*,*,#4818,.T.);
#6605=ORIENTED_EDGE('',*,*,#5058,.T.);
#6606=ORIENTED_EDGE('',*,*,#5059,.T.);
#6607=ORIENTED_EDGE('',*,*,#5060,.T.);
#6608=ORIENTED_EDGE('',*,*,#5061,.T.);
#6609=ORIENTED_EDGE('',*,*,#5062,.T.);
#6610=ORIENTED_EDGE('',*,*,#5063,.T.);
#6611=ORIENTED_EDGE('',*,*,#5064,.T.);
#6612=ORIENTED_EDGE('',*,*,#5065,.T.);
#6613=ORIENTED_EDGE('',*,*,#4876,.F.);
#6614=ORIENTED_EDGE('',*,*,#4880,.F.);
#6615=ORIENTED_EDGE('',*,*,#4884,.F.);
#6616=ORIENTED_EDGE('',*,*,#4888,.F.);
#6617=ORIENTED_EDGE('',*,*,#4890,.F.);
#6618=ORIENTED_EDGE('',*,*,#5066,.F.);
#6619=ORIENTED_EDGE('',*,*,#5067,.T.);
#6620=ORIENTED_EDGE('',*,*,#5068,.T.);
#6621=ORIENTED_EDGE('',*,*,#5069,.F.);
#6622=ORIENTED_EDGE('',*,*,#5070,.F.);
#6623=ORIENTED_EDGE('',*,*,#5071,.F.);
#6624=ORIENTED_EDGE('',*,*,#5072,.F.);
#6625=ORIENTED_EDGE('',*,*,#5073,.F.);
#6626=ORIENTED_EDGE('',*,*,#5074,.F.);
#6627=ORIENTED_EDGE('',*,*,#5075,.T.);
#6628=ORIENTED_EDGE('',*,*,#5076,.F.);
#6629=ORIENTED_EDGE('',*,*,#5077,.T.);
#6630=ORIENTED_EDGE('',*,*,#5078,.F.);
#6631=ORIENTED_EDGE('',*,*,#5079,.T.);
#6632=ORIENTED_EDGE('',*,*,#5080,.F.);
#6633=ORIENTED_EDGE('',*,*,#5081,.T.);
#6634=ORIENTED_EDGE('',*,*,#5082,.T.);
#6635=ORIENTED_EDGE('',*,*,#5083,.F.);
#6636=ORIENTED_EDGE('',*,*,#5019,.F.);
#6637=ORIENTED_EDGE('',*,*,#5084,.F.);
#6638=ORIENTED_EDGE('',*,*,#5085,.F.);
#6639=ORIENTED_EDGE('',*,*,#5086,.F.);
#6640=ORIENTED_EDGE('',*,*,#5087,.F.);
#6641=ORIENTED_EDGE('',*,*,#5088,.T.);
#6642=ORIENTED_EDGE('',*,*,#5089,.F.);
#6643=ORIENTED_EDGE('',*,*,#5090,.T.);
#6644=ORIENTED_EDGE('',*,*,#5091,.F.);
#6645=ORIENTED_EDGE('',*,*,#5092,.T.);
#6646=ORIENTED_EDGE('',*,*,#5093,.T.);
#6647=ORIENTED_EDGE('',*,*,#5094,.F.);
#6648=ORIENTED_EDGE('',*,*,#5095,.F.);
#6649=ORIENTED_EDGE('',*,*,#5096,.F.);
#6650=ORIENTED_EDGE('',*,*,#5013,.F.);
#6651=ORIENTED_EDGE('',*,*,#5097,.F.);
#6652=ORIENTED_EDGE('',*,*,#5098,.F.);
#6653=ORIENTED_EDGE('',*,*,#5099,.T.);
#6654=ORIENTED_EDGE('',*,*,#5100,.F.);
#6655=ORIENTED_EDGE('',*,*,#5101,.T.);
#6656=ORIENTED_EDGE('',*,*,#5102,.F.);
#6657=ORIENTED_EDGE('',*,*,#5103,.T.);
#6658=ORIENTED_EDGE('',*,*,#5104,.T.);
#6659=ORIENTED_EDGE('',*,*,#5105,.F.);
#6660=ORIENTED_EDGE('',*,*,#5106,.F.);
#6661=ORIENTED_EDGE('',*,*,#5107,.F.);
#6662=ORIENTED_EDGE('',*,*,#5108,.F.);
#6663=ORIENTED_EDGE('',*,*,#5109,.F.);
#6664=ORIENTED_EDGE('',*,*,#5110,.F.);
#6665=ORIENTED_EDGE('',*,*,#5111,.T.);
#6666=ORIENTED_EDGE('',*,*,#5112,.T.);
#6667=ORIENTED_EDGE('',*,*,#5088,.F.);
#6668=ORIENTED_EDGE('',*,*,#5113,.T.);
#6669=ORIENTED_EDGE('',*,*,#5067,.F.);
#6670=ORIENTED_EDGE('',*,*,#5114,.T.);
#6671=ORIENTED_EDGE('',*,*,#5099,.F.);
#6672=ORIENTED_EDGE('',*,*,#5115,.F.);
#6673=ORIENTED_EDGE('',*,*,#5081,.F.);
#6674=ORIENTED_EDGE('',*,*,#5116,.T.);
#6675=ORIENTED_EDGE('',*,*,#5075,.F.);
#6676=ORIENTED_EDGE('',*,*,#5117,.T.);
#6677=ORIENTED_EDGE('',*,*,#5103,.F.);
#6678=ORIENTED_EDGE('',*,*,#5118,.T.);
#6679=ORIENTED_EDGE('',*,*,#5119,.T.);
#6680=ORIENTED_EDGE('',*,*,#5120,.F.);
#6681=ORIENTED_EDGE('',*,*,#5071,.T.);
#6682=ORIENTED_EDGE('',*,*,#5121,.F.);
#6683=ORIENTED_EDGE('',*,*,#5122,.T.);
#6684=ORIENTED_EDGE('',*,*,#5123,.T.);
#6685=ORIENTED_EDGE('',*,*,#5124,.T.);
#6686=ORIENTED_EDGE('',*,*,#5125,.F.);
#6687=ORIENTED_EDGE('',*,*,#5084,.T.);
#6688=ORIENTED_EDGE('',*,*,#5018,.F.);
#6689=ORIENTED_EDGE('',*,*,#5126,.T.);
#6690=ORIENTED_EDGE('',*,*,#5127,.F.);
#6691=ORIENTED_EDGE('',*,*,#5128,.T.);
#6692=ORIENTED_EDGE('',*,*,#5129,.T.);
#6693=ORIENTED_EDGE('',*,*,#5130,.T.);
#6694=ORIENTED_EDGE('',*,*,#5014,.F.);
#6695=ORIENTED_EDGE('',*,*,#5096,.T.);
#6696=ORIENTED_EDGE('',*,*,#5125,.T.);
#6697=ORIENTED_EDGE('',*,*,#5131,.T.);
#6698=ORIENTED_EDGE('',*,*,#5132,.T.);
#6699=ORIENTED_EDGE('',*,*,#5133,.T.);
#6700=ORIENTED_EDGE('',*,*,#5121,.T.);
#6701=ORIENTED_EDGE('',*,*,#5070,.T.);
#6702=ORIENTED_EDGE('',*,*,#5134,.F.);
#6703=ORIENTED_EDGE('',*,*,#5085,.T.);
#6704=ORIENTED_EDGE('',*,*,#5135,.T.);
#6705=ORIENTED_EDGE('',*,*,#5136,.T.);
#6706=ORIENTED_EDGE('',*,*,#5127,.T.);
#6707=ORIENTED_EDGE('',*,*,#5095,.T.);
#6708=ORIENTED_EDGE('',*,*,#5137,.F.);
#6709=ORIENTED_EDGE('',*,*,#5108,.T.);
#6710=ORIENTED_EDGE('',*,*,#5138,.T.);
#6711=ORIENTED_EDGE('',*,*,#5139,.T.);
#6712=ORIENTED_EDGE('',*,*,#5120,.T.);
#6713=ORIENTED_EDGE('',*,*,#5140,.T.);
#6714=ORIENTED_EDGE('',*,*,#5141,.T.);
#6715=ORIENTED_EDGE('',*,*,#5142,.T.);
#6716=ORIENTED_EDGE('',*,*,#5143,.T.);
#6717=ORIENTED_EDGE('',*,*,#5106,.T.);
#6718=ORIENTED_EDGE('',*,*,#5144,.F.);
#6719=ORIENTED_EDGE('',*,*,#5072,.T.);
#6720=ORIENTED_EDGE('',*,*,#5145,.T.);
#6721=ORIENTED_EDGE('',*,*,#5146,.T.);
#6722=ORIENTED_EDGE('',*,*,#5138,.F.);
#6723=ORIENTED_EDGE('',*,*,#5107,.T.);
#6724=ORIENTED_EDGE('',*,*,#5143,.F.);
#6725=ORIENTED_EDGE('',*,*,#5147,.T.);
#6726=ORIENTED_EDGE('',*,*,#5148,.T.);
#6727=ORIENTED_EDGE('',*,*,#5149,.T.);
#6728=ORIENTED_EDGE('',*,*,#5150,.T.);
#6729=ORIENTED_EDGE('',*,*,#5151,.T.);
#6730=ORIENTED_EDGE('',*,*,#5152,.T.);
#6731=ORIENTED_EDGE('',*,*,#5153,.T.);
#6732=ORIENTED_EDGE('',*,*,#5154,.T.);
#6733=ORIENTED_EDGE('',*,*,#5155,.T.);
#6734=ORIENTED_EDGE('',*,*,#5156,.T.);
#6735=ORIENTED_EDGE('',*,*,#5157,.T.);
#6736=ORIENTED_EDGE('',*,*,#5158,.T.);
#6737=ORIENTED_EDGE('',*,*,#5159,.T.);
#6738=ORIENTED_EDGE('',*,*,#4833,.T.);
#6739=ORIENTED_EDGE('',*,*,#4830,.T.);
#6740=ORIENTED_EDGE('',*,*,#4827,.T.);
#6741=ORIENTED_EDGE('',*,*,#4824,.T.);
#6742=ORIENTED_EDGE('',*,*,#4821,.T.);
#6743=ORIENTED_EDGE('',*,*,#5086,.T.);
#6744=ORIENTED_EDGE('',*,*,#5134,.T.);
#6745=ORIENTED_EDGE('',*,*,#5069,.T.);
#6746=ORIENTED_EDGE('',*,*,#5160,.F.);
#6747=ORIENTED_EDGE('',*,*,#5097,.T.);
#6748=ORIENTED_EDGE('',*,*,#5012,.T.);
#6749=ORIENTED_EDGE('',*,*,#5161,.F.);
#6750=ORIENTED_EDGE('',*,*,#4960,.F.);
#6751=ORIENTED_EDGE('',*,*,#5162,.T.);
#6752=ORIENTED_EDGE('',*,*,#5020,.T.);
#6753=ORIENTED_EDGE('',*,*,#5083,.T.);
#6754=ORIENTED_EDGE('',*,*,#5163,.T.);
#6755=ORIENTED_EDGE('',*,*,#5109,.T.);
#6756=ORIENTED_EDGE('',*,*,#5137,.T.);
#6757=ORIENTED_EDGE('',*,*,#5094,.T.);
#6758=ORIENTED_EDGE('',*,*,#5164,.F.);
#6759=ORIENTED_EDGE('',*,*,#5073,.T.);
#6760=ORIENTED_EDGE('',*,*,#5144,.T.);
#6761=ORIENTED_EDGE('',*,*,#5105,.T.);
#6762=ORIENTED_EDGE('',*,*,#5165,.F.);
#6763=ORIENTED_EDGE('',*,*,#5113,.F.);
#6764=ORIENTED_EDGE('',*,*,#5087,.T.);
#6765=ORIENTED_EDGE('',*,*,#5160,.T.);
#6766=ORIENTED_EDGE('',*,*,#5068,.F.);
#6767=ORIENTED_EDGE('',*,*,#5082,.F.);
#6768=ORIENTED_EDGE('',*,*,#5115,.T.);
#6769=ORIENTED_EDGE('',*,*,#5098,.T.);
#6770=ORIENTED_EDGE('',*,*,#5163,.F.);
#6771=ORIENTED_EDGE('',*,*,#5166,.F.);
#6772=ORIENTED_EDGE('',*,*,#5110,.T.);
#6773=ORIENTED_EDGE('',*,*,#5164,.T.);
#6774=ORIENTED_EDGE('',*,*,#5093,.F.);
#6775=ORIENTED_EDGE('',*,*,#5117,.F.);
#6776=ORIENTED_EDGE('',*,*,#5074,.T.);
#6777=ORIENTED_EDGE('',*,*,#5165,.T.);
#6778=ORIENTED_EDGE('',*,*,#5104,.F.);
#6779=ORIENTED_EDGE('',*,*,#5167,.T.);
#6780=ORIENTED_EDGE('',*,*,#5168,.T.);
#6781=ORIENTED_EDGE('',*,*,#5169,.T.);
#6782=ORIENTED_EDGE('',*,*,#5077,.F.);
#6783=ORIENTED_EDGE('',*,*,#5170,.T.);
#6784=ORIENTED_EDGE('',*,*,#5171,.T.);
#6785=ORIENTED_EDGE('',*,*,#5172,.T.);
#6786=ORIENTED_EDGE('',*,*,#5173,.T.);
#6787=ORIENTED_EDGE('',*,*,#5174,.T.);
#6788=ORIENTED_EDGE('',*,*,#5175,.T.);
#6789=ORIENTED_EDGE('',*,*,#5079,.F.);
#6790=ORIENTED_EDGE('',*,*,#5176,.T.);
#6791=ORIENTED_EDGE('',*,*,#5177,.T.);
#6792=ORIENTED_EDGE('',*,*,#5178,.T.);
#6793=ORIENTED_EDGE('',*,*,#5179,.T.);
#6794=ORIENTED_EDGE('',*,*,#5180,.T.);
#6795=ORIENTED_EDGE('',*,*,#5090,.F.);
#6796=ORIENTED_EDGE('',*,*,#5181,.T.);
#6797=ORIENTED_EDGE('',*,*,#5182,.T.);
#6798=ORIENTED_EDGE('',*,*,#5172,.F.);
#6799=ORIENTED_EDGE('',*,*,#5078,.T.);
#6800=ORIENTED_EDGE('',*,*,#5112,.F.);
#6801=ORIENTED_EDGE('',*,*,#5066,.T.);
#6802=ORIENTED_EDGE('',*,*,#5169,.F.);
#6803=ORIENTED_EDGE('',*,*,#5183,.T.);
#6804=ORIENTED_EDGE('',*,*,#5184,.T.);
#6805=ORIENTED_EDGE('',*,*,#5185,.T.);
#6806=ORIENTED_EDGE('',*,*,#5176,.F.);
#6807=ORIENTED_EDGE('',*,*,#5089,.T.);
#6808=ORIENTED_EDGE('',*,*,#5114,.F.);
#6809=ORIENTED_EDGE('',*,*,#5080,.T.);
#6810=ORIENTED_EDGE('',*,*,#5175,.F.);
#6811=ORIENTED_EDGE('',*,*,#5186,.T.);
#6812=ORIENTED_EDGE('',*,*,#5100,.T.);
#6813=ORIENTED_EDGE('',*,*,#5187,.T.);
#6814=ORIENTED_EDGE('',*,*,#5091,.T.);
#6815=ORIENTED_EDGE('',*,*,#5180,.F.);
#6816=ORIENTED_EDGE('',*,*,#5188,.T.);
#6817=ORIENTED_EDGE('',*,*,#5189,.T.);
#6818=ORIENTED_EDGE('',*,*,#5190,.T.);
#6819=ORIENTED_EDGE('',*,*,#5191,.F.);
#6820=ORIENTED_EDGE('',*,*,#5192,.T.);
#6821=ORIENTED_EDGE('',*,*,#5193,.T.);
#6822=ORIENTED_EDGE('',*,*,#5170,.F.);
#6823=ORIENTED_EDGE('',*,*,#5076,.T.);
#6824=ORIENTED_EDGE('',*,*,#5116,.F.);
#6825=ORIENTED_EDGE('',*,*,#5102,.T.);
#6826=ORIENTED_EDGE('',*,*,#5194,.F.);
#6827=ORIENTED_EDGE('',*,*,#5195,.T.);
#6828=ORIENTED_EDGE('',*,*,#5191,.T.);
#6829=ORIENTED_EDGE('',*,*,#5196,.T.);
#6830=ORIENTED_EDGE('',*,*,#5197,.T.);
#6831=ORIENTED_EDGE('',*,*,#5198,.T.);
#6832=ORIENTED_EDGE('',*,*,#5194,.T.);
#6833=ORIENTED_EDGE('',*,*,#5101,.F.);
#6834=ORIENTED_EDGE('',*,*,#4872,.T.);
#6835=ORIENTED_EDGE('',*,*,#4871,.F.);
#6836=ORIENTED_EDGE('',*,*,#4869,.T.);
#6837=ORIENTED_EDGE('',*,*,#4864,.F.);
#6838=ORIENTED_EDGE('',*,*,#4867,.T.);
#6839=ORIENTED_EDGE('',*,*,#5199,.F.);
#6840=ORIENTED_EDGE('',*,*,#4835,.T.);
#6841=ORIENTED_EDGE('',*,*,#4678,.T.);
#6842=ORIENTED_EDGE('',*,*,#4868,.F.);
#6843=ORIENTED_EDGE('',*,*,#5199,.T.);
#6844=ORIENTED_EDGE('',*,*,#4866,.F.);
#6845=ORIENTED_EDGE('',*,*,#4834,.T.);
#6846=ORIENTED_EDGE('',*,*,#4679,.T.);
#6847=ORIENTED_EDGE('',*,*,#4862,.T.);
#6848=ORIENTED_EDGE('',*,*,#4861,.F.);
#6849=ORIENTED_EDGE('',*,*,#4859,.T.);
#6850=ORIENTED_EDGE('',*,*,#4858,.F.);
#6851=ORIENTED_EDGE('',*,*,#4840,.T.);
#6852=ORIENTED_EDGE('',*,*,#5200,.F.);
#6853=ORIENTED_EDGE('',*,*,#4730,.T.);
#6854=ORIENTED_EDGE('',*,*,#4726,.T.);
#6855=ORIENTED_EDGE('',*,*,#5201,.F.);
#6856=ORIENTED_EDGE('',*,*,#4756,.T.);
#6857=ORIENTED_EDGE('',*,*,#5202,.F.);
#6858=ORIENTED_EDGE('',*,*,#5203,.F.);
#6859=ORIENTED_EDGE('',*,*,#4804,.T.);
#6860=ORIENTED_EDGE('',*,*,#5204,.F.);
#6861=ORIENTED_EDGE('',*,*,#5205,.F.);
#6862=ORIENTED_EDGE('',*,*,#4778,.T.);
#6863=ORIENTED_EDGE('',*,*,#4774,.T.);
#6864=ORIENTED_EDGE('',*,*,#5206,.T.);
#6865=ORIENTED_EDGE('',*,*,#5207,.T.);
#6866=ORIENTED_EDGE('',*,*,#5123,.F.);
#6867=ORIENTED_EDGE('',*,*,#5208,.T.);
#6868=ORIENTED_EDGE('',*,*,#5174,.F.);
#6869=ORIENTED_EDGE('',*,*,#5209,.T.);
#6870=ORIENTED_EDGE('',*,*,#5210,.T.);
#6871=ORIENTED_EDGE('',*,*,#5186,.F.);
#6872=ORIENTED_EDGE('',*,*,#5129,.F.);
#6873=ORIENTED_EDGE('',*,*,#5211,.T.);
#6874=ORIENTED_EDGE('',*,*,#5212,.T.);
#6875=ORIENTED_EDGE('',*,*,#5213,.T.);
#6876=ORIENTED_EDGE('',*,*,#5178,.F.);
#6877=ORIENTED_EDGE('',*,*,#5214,.T.);
#6878=ORIENTED_EDGE('',*,*,#5215,.T.);
#6879=ORIENTED_EDGE('',*,*,#5216,.T.);
#6880=ORIENTED_EDGE('',*,*,#5217,.T.);
#6881=ORIENTED_EDGE('',*,*,#5218,.T.);
#6882=ORIENTED_EDGE('',*,*,#5145,.F.);
#6883=ORIENTED_EDGE('',*,*,#5219,.T.);
#6884=ORIENTED_EDGE('',*,*,#5197,.F.);
#6885=ORIENTED_EDGE('',*,*,#5220,.T.);
#6886=ORIENTED_EDGE('',*,*,#5221,.T.);
#6887=ORIENTED_EDGE('',*,*,#5222,.T.);
#6888=ORIENTED_EDGE('',*,*,#5223,.T.);
#6889=ORIENTED_EDGE('',*,*,#5224,.T.);
#6890=ORIENTED_EDGE('',*,*,#5118,.F.);
#6891=ORIENTED_EDGE('',*,*,#5225,.T.);
#6892=ORIENTED_EDGE('',*,*,#5226,.T.);
#6893=ORIENTED_EDGE('',*,*,#5227,.T.);
#6894=ORIENTED_EDGE('',*,*,#5167,.F.);
#6895=ORIENTED_EDGE('',*,*,#5228,.T.);
#6896=ORIENTED_EDGE('',*,*,#5017,.F.);
#6897=ORIENTED_EDGE('',*,*,#5229,.T.);
#6898=ORIENTED_EDGE('',*,*,#5208,.F.);
#6899=ORIENTED_EDGE('',*,*,#5126,.F.);
#6900=ORIENTED_EDGE('',*,*,#5206,.F.);
#6901=ORIENTED_EDGE('',*,*,#5230,.T.);
#6902=ORIENTED_EDGE('',*,*,#5156,.F.);
#6903=ORIENTED_EDGE('',*,*,#5231,.F.);
#6904=ORIENTED_EDGE('',*,*,#5124,.F.);
#6905=ORIENTED_EDGE('',*,*,#5207,.F.);
#6906=ORIENTED_EDGE('',*,*,#5232,.F.);
#6907=ORIENTED_EDGE('',*,*,#5131,.F.);
#6908=ORIENTED_EDGE('',*,*,#5232,.T.);
#6909=ORIENTED_EDGE('',*,*,#5231,.T.);
#6910=ORIENTED_EDGE('',*,*,#5233,.F.);
#6911=ORIENTED_EDGE('',*,*,#5233,.T.);
#6912=ORIENTED_EDGE('',*,*,#5155,.F.);
#6913=ORIENTED_EDGE('',*,*,#5234,.F.);
#6914=ORIENTED_EDGE('',*,*,#5132,.F.);
#6915=ORIENTED_EDGE('',*,*,#5122,.F.);
#6916=ORIENTED_EDGE('',*,*,#5133,.F.);
#6917=ORIENTED_EDGE('',*,*,#5235,.F.);
#6918=ORIENTED_EDGE('',*,*,#5225,.F.);
#6919=ORIENTED_EDGE('',*,*,#5213,.F.);
#6920=ORIENTED_EDGE('',*,*,#5236,.T.);
#6921=ORIENTED_EDGE('',*,*,#5006,.F.);
#6922=ORIENTED_EDGE('',*,*,#5130,.F.);
#6923=ORIENTED_EDGE('',*,*,#5235,.T.);
#6924=ORIENTED_EDGE('',*,*,#5234,.T.);
#6925=ORIENTED_EDGE('',*,*,#5237,.F.);
#6926=ORIENTED_EDGE('',*,*,#5128,.F.);
#6927=ORIENTED_EDGE('',*,*,#5136,.F.);
#6928=ORIENTED_EDGE('',*,*,#5238,.F.);
#6929=ORIENTED_EDGE('',*,*,#5211,.F.);
#6930=ORIENTED_EDGE('',*,*,#5150,.F.);
#6931=ORIENTED_EDGE('',*,*,#5239,.T.);
#6932=ORIENTED_EDGE('',*,*,#5212,.F.);
#6933=ORIENTED_EDGE('',*,*,#5240,.F.);
#6934=ORIENTED_EDGE('',*,*,#5237,.T.);
#6935=ORIENTED_EDGE('',*,*,#5154,.F.);
#6936=ORIENTED_EDGE('',*,*,#5241,.F.);
#6937=ORIENTED_EDGE('',*,*,#5223,.F.);
#6938=ORIENTED_EDGE('',*,*,#5119,.F.);
#6939=ORIENTED_EDGE('',*,*,#5224,.F.);
#6940=ORIENTED_EDGE('',*,*,#5242,.F.);
#6941=ORIENTED_EDGE('',*,*,#5140,.F.);
#6942=ORIENTED_EDGE('',*,*,#5240,.T.);
#6943=ORIENTED_EDGE('',*,*,#5238,.T.);
#6944=ORIENTED_EDGE('',*,*,#5243,.F.);
#6945=ORIENTED_EDGE('',*,*,#5242,.T.);
#6946=ORIENTED_EDGE('',*,*,#5241,.T.);
#6947=ORIENTED_EDGE('',*,*,#5244,.F.);
#6948=ORIENTED_EDGE('',*,*,#5146,.F.);
#6949=ORIENTED_EDGE('',*,*,#5218,.F.);
#6950=ORIENTED_EDGE('',*,*,#5245,.F.);
#6951=ORIENTED_EDGE('',*,*,#5139,.F.);
#6952=ORIENTED_EDGE('',*,*,#5243,.T.);
#6953=ORIENTED_EDGE('',*,*,#5135,.F.);
#6954=ORIENTED_EDGE('',*,*,#5246,.F.);
#6955=ORIENTED_EDGE('',*,*,#5151,.F.);
#6956=ORIENTED_EDGE('',*,*,#5244,.T.);
#6957=ORIENTED_EDGE('',*,*,#5153,.F.);
#6958=ORIENTED_EDGE('',*,*,#5247,.F.);
#6959=ORIENTED_EDGE('',*,*,#5141,.F.);
#6960=ORIENTED_EDGE('',*,*,#5147,.F.);
#6961=ORIENTED_EDGE('',*,*,#5142,.F.);
#6962=ORIENTED_EDGE('',*,*,#5248,.F.);
#6963=ORIENTED_EDGE('',*,*,#5219,.F.);
#6964=ORIENTED_EDGE('',*,*,#5246,.T.);
#6965=ORIENTED_EDGE('',*,*,#5245,.T.);
#6966=ORIENTED_EDGE('',*,*,#5249,.F.);
#6967=ORIENTED_EDGE('',*,*,#5248,.T.);
#6968=ORIENTED_EDGE('',*,*,#5247,.T.);
#6969=ORIENTED_EDGE('',*,*,#5250,.F.);
#6970=ORIENTED_EDGE('',*,*,#5249,.T.);
#6971=ORIENTED_EDGE('',*,*,#5217,.F.);
#6972=ORIENTED_EDGE('',*,*,#5250,.T.);
#6973=ORIENTED_EDGE('',*,*,#5152,.F.);
#6974=ORIENTED_EDGE('',*,*,#5251,.F.);
#6975=ORIENTED_EDGE('',*,*,#5220,.F.);
#6976=ORIENTED_EDGE('',*,*,#5196,.F.);
#6977=ORIENTED_EDGE('',*,*,#5190,.F.);
#6978=ORIENTED_EDGE('',*,*,#5252,.F.);
#6979=ORIENTED_EDGE('',*,*,#5253,.F.);
#6980=ORIENTED_EDGE('',*,*,#5251,.T.);
#6981=ORIENTED_EDGE('',*,*,#5253,.T.);
#6982=ORIENTED_EDGE('',*,*,#5065,.F.);
#6983=ORIENTED_EDGE('',*,*,#5254,.F.);
#6984=ORIENTED_EDGE('',*,*,#5221,.F.);
#6985=ORIENTED_EDGE('',*,*,#5198,.F.);
#6986=ORIENTED_EDGE('',*,*,#5222,.F.);
#6987=ORIENTED_EDGE('',*,*,#5255,.F.);
#6988=ORIENTED_EDGE('',*,*,#5195,.F.);
#6989=ORIENTED_EDGE('',*,*,#5179,.F.);
#6990=ORIENTED_EDGE('',*,*,#5216,.F.);
#6991=ORIENTED_EDGE('',*,*,#5256,.F.);
#6992=ORIENTED_EDGE('',*,*,#5188,.F.);
#6993=ORIENTED_EDGE('',*,*,#5252,.T.);
#6994=ORIENTED_EDGE('',*,*,#5189,.F.);
#6995=ORIENTED_EDGE('',*,*,#5257,.F.);
#6996=ORIENTED_EDGE('',*,*,#5058,.F.);
#6997=ORIENTED_EDGE('',*,*,#5255,.T.);
#6998=ORIENTED_EDGE('',*,*,#5254,.T.);
#6999=ORIENTED_EDGE('',*,*,#5258,.F.);
#7000=ORIENTED_EDGE('',*,*,#5257,.T.);
#7001=ORIENTED_EDGE('',*,*,#5256,.T.);
#7002=ORIENTED_EDGE('',*,*,#5259,.F.);
#7003=ORIENTED_EDGE('',*,*,#5258,.T.);
#7004=ORIENTED_EDGE('',*,*,#5064,.F.);
#7005=ORIENTED_EDGE('',*,*,#5260,.F.);
#7006=ORIENTED_EDGE('',*,*,#5192,.F.);
#7007=ORIENTED_EDGE('',*,*,#5171,.F.);
#7008=ORIENTED_EDGE('',*,*,#5193,.F.);
#7009=ORIENTED_EDGE('',*,*,#5261,.F.);
#7010=ORIENTED_EDGE('',*,*,#5228,.F.);
#7011=ORIENTED_EDGE('',*,*,#5177,.F.);
#7012=ORIENTED_EDGE('',*,*,#5185,.F.);
#7013=ORIENTED_EDGE('',*,*,#5262,.F.);
#7014=ORIENTED_EDGE('',*,*,#5214,.F.);
#7015=ORIENTED_EDGE('',*,*,#5259,.T.);
#7016=ORIENTED_EDGE('',*,*,#5215,.F.);
#7017=ORIENTED_EDGE('',*,*,#5263,.F.);
#7018=ORIENTED_EDGE('',*,*,#5059,.F.);
#7019=ORIENTED_EDGE('',*,*,#5261,.T.);
#7020=ORIENTED_EDGE('',*,*,#5260,.T.);
#7021=ORIENTED_EDGE('',*,*,#5264,.F.);
#7022=ORIENTED_EDGE('',*,*,#5263,.T.);
#7023=ORIENTED_EDGE('',*,*,#5262,.T.);
#7024=ORIENTED_EDGE('',*,*,#5265,.F.);
#7025=ORIENTED_EDGE('',*,*,#5264,.T.);
#7026=ORIENTED_EDGE('',*,*,#5063,.F.);
#7027=ORIENTED_EDGE('',*,*,#5266,.F.);
#7028=ORIENTED_EDGE('',*,*,#5226,.F.);
#7029=ORIENTED_EDGE('',*,*,#5168,.F.);
#7030=ORIENTED_EDGE('',*,*,#5227,.F.);
#7031=ORIENTED_EDGE('',*,*,#5267,.F.);
#7032=ORIENTED_EDGE('',*,*,#5183,.F.);
#7033=ORIENTED_EDGE('',*,*,#5265,.T.);
#7034=ORIENTED_EDGE('',*,*,#5184,.F.);
#7035=ORIENTED_EDGE('',*,*,#5268,.F.);
#7036=ORIENTED_EDGE('',*,*,#5060,.F.);
#7037=ORIENTED_EDGE('',*,*,#5267,.T.);
#7038=ORIENTED_EDGE('',*,*,#5266,.T.);
#7039=ORIENTED_EDGE('',*,*,#5269,.F.);
#7040=ORIENTED_EDGE('',*,*,#5268,.T.);
#7041=ORIENTED_EDGE('',*,*,#5210,.F.);
#7042=ORIENTED_EDGE('',*,*,#5270,.F.);
#7043=ORIENTED_EDGE('',*,*,#5061,.F.);
#7044=ORIENTED_EDGE('',*,*,#5269,.T.);
#7045=ORIENTED_EDGE('',*,*,#5062,.F.);
#7046=ORIENTED_EDGE('',*,*,#5271,.F.);
#7047=ORIENTED_EDGE('',*,*,#5181,.F.);
#7048=ORIENTED_EDGE('',*,*,#5271,.T.);
#7049=ORIENTED_EDGE('',*,*,#5270,.T.);
#7050=ORIENTED_EDGE('',*,*,#5272,.F.);
#7051=ORIENTED_EDGE('',*,*,#5272,.T.);
#7052=ORIENTED_EDGE('',*,*,#5209,.F.);
#7053=ORIENTED_EDGE('',*,*,#5173,.F.);
#7054=ORIENTED_EDGE('',*,*,#5182,.F.);
#7055=ORIENTED_EDGE('',*,*,#5092,.F.);
#7056=ORIENTED_EDGE('',*,*,#5187,.F.);
#7057=ORIENTED_EDGE('',*,*,#5111,.F.);
#7058=ORIENTED_EDGE('',*,*,#5166,.T.);
#7059=ORIENTED_EDGE('',*,*,#5027,.T.);
#7060=ORIENTED_EDGE('',*,*,#4718,.T.);
#7061=ORIENTED_EDGE('',*,*,#5273,.F.);
#7062=ORIENTED_EDGE('',*,*,#5274,.F.);
#7063=ORIENTED_EDGE('',*,*,#5275,.T.);
#7064=ORIENTED_EDGE('',*,*,#5276,.T.);
#7065=ORIENTED_EDGE('',*,*,#4720,.T.);
#7066=ORIENTED_EDGE('',*,*,#5026,.T.);
#7067=ORIENTED_EDGE('',*,*,#5275,.F.);
#7068=ORIENTED_EDGE('',*,*,#5277,.F.);
#7069=ORIENTED_EDGE('',*,*,#5278,.T.);
#7070=ORIENTED_EDGE('',*,*,#4721,.T.);
#7071=ORIENTED_EDGE('',*,*,#5276,.F.);
#7072=ORIENTED_EDGE('',*,*,#5279,.F.);
#7073=ORIENTED_EDGE('',*,*,#5025,.T.);
#7074=ORIENTED_EDGE('',*,*,#4722,.T.);
#7075=ORIENTED_EDGE('',*,*,#5278,.F.);
#7076=ORIENTED_EDGE('',*,*,#5280,.F.);
#7077=ORIENTED_EDGE('',*,*,#5281,.T.);
#7078=ORIENTED_EDGE('',*,*,#5282,.T.);
#7079=ORIENTED_EDGE('',*,*,#4724,.T.);
#7080=ORIENTED_EDGE('',*,*,#5024,.T.);
#7081=ORIENTED_EDGE('',*,*,#5281,.F.);
#7082=ORIENTED_EDGE('',*,*,#5283,.F.);
#7083=ORIENTED_EDGE('',*,*,#5284,.T.);
#7084=ORIENTED_EDGE('',*,*,#4731,.T.);
#7085=ORIENTED_EDGE('',*,*,#5200,.T.);
#7086=ORIENTED_EDGE('',*,*,#4725,.T.);
#7087=ORIENTED_EDGE('',*,*,#5282,.F.);
#7088=ORIENTED_EDGE('',*,*,#5285,.F.);
#7089=ORIENTED_EDGE('',*,*,#5032,.T.);
#7090=ORIENTED_EDGE('',*,*,#4732,.T.);
#7091=ORIENTED_EDGE('',*,*,#5284,.F.);
#7092=ORIENTED_EDGE('',*,*,#5286,.F.);
#7093=ORIENTED_EDGE('',*,*,#5287,.T.);
#7094=ORIENTED_EDGE('',*,*,#5288,.T.);
#7095=ORIENTED_EDGE('',*,*,#4734,.T.);
#7096=ORIENTED_EDGE('',*,*,#5031,.T.);
#7097=ORIENTED_EDGE('',*,*,#5287,.F.);
#7098=ORIENTED_EDGE('',*,*,#5289,.F.);
#7099=ORIENTED_EDGE('',*,*,#5290,.T.);
#7100=ORIENTED_EDGE('',*,*,#4735,.T.);
#7101=ORIENTED_EDGE('',*,*,#5288,.F.);
#7102=ORIENTED_EDGE('',*,*,#5291,.F.);
#7103=ORIENTED_EDGE('',*,*,#5030,.T.);
#7104=ORIENTED_EDGE('',*,*,#4736,.T.);
#7105=ORIENTED_EDGE('',*,*,#5290,.F.);
#7106=ORIENTED_EDGE('',*,*,#5292,.F.);
#7107=ORIENTED_EDGE('',*,*,#5293,.T.);
#7108=ORIENTED_EDGE('',*,*,#5294,.T.);
#7109=ORIENTED_EDGE('',*,*,#4738,.T.);
#7110=ORIENTED_EDGE('',*,*,#5029,.T.);
#7111=ORIENTED_EDGE('',*,*,#5293,.F.);
#7112=ORIENTED_EDGE('',*,*,#5295,.F.);
#7113=ORIENTED_EDGE('',*,*,#5273,.T.);
#7114=ORIENTED_EDGE('',*,*,#4717,.T.);
#7115=ORIENTED_EDGE('',*,*,#5028,.T.);
#7116=ORIENTED_EDGE('',*,*,#4739,.T.);
#7117=ORIENTED_EDGE('',*,*,#5294,.F.);
#7118=ORIENTED_EDGE('',*,*,#5296,.F.);
#7119=ORIENTED_EDGE('',*,*,#5274,.T.);
#7120=ORIENTED_EDGE('',*,*,#5296,.T.);
#7121=ORIENTED_EDGE('',*,*,#5295,.T.);
#7122=ORIENTED_EDGE('',*,*,#5292,.T.);
#7123=ORIENTED_EDGE('',*,*,#5291,.T.);
#7124=ORIENTED_EDGE('',*,*,#5289,.T.);
#7125=ORIENTED_EDGE('',*,*,#5286,.T.);
#7126=ORIENTED_EDGE('',*,*,#5285,.T.);
#7127=ORIENTED_EDGE('',*,*,#5283,.T.);
#7128=ORIENTED_EDGE('',*,*,#5280,.T.);
#7129=ORIENTED_EDGE('',*,*,#5279,.T.);
#7130=ORIENTED_EDGE('',*,*,#5277,.T.);
#7131=ORIENTED_EDGE('',*,*,#5034,.T.);
#7132=ORIENTED_EDGE('',*,*,#4747,.T.);
#7133=ORIENTED_EDGE('',*,*,#5297,.F.);
#7134=ORIENTED_EDGE('',*,*,#5298,.F.);
#7135=ORIENTED_EDGE('',*,*,#5299,.T.);
#7136=ORIENTED_EDGE('',*,*,#5300,.T.);
#7137=ORIENTED_EDGE('',*,*,#4749,.T.);
#7138=ORIENTED_EDGE('',*,*,#5033,.T.);
#7139=ORIENTED_EDGE('',*,*,#5299,.F.);
#7140=ORIENTED_EDGE('',*,*,#5301,.F.);
#7141=ORIENTED_EDGE('',*,*,#5302,.T.);
#7142=ORIENTED_EDGE('',*,*,#4754,.T.);
#7143=ORIENTED_EDGE('',*,*,#4750,.T.);
#7144=ORIENTED_EDGE('',*,*,#5300,.F.);
#7145=ORIENTED_EDGE('',*,*,#5303,.F.);
#7146=ORIENTED_EDGE('',*,*,#5202,.T.);
#7147=ORIENTED_EDGE('',*,*,#4755,.T.);
#7148=ORIENTED_EDGE('',*,*,#5302,.F.);
#7149=ORIENTED_EDGE('',*,*,#5304,.F.);
#7150=ORIENTED_EDGE('',*,*,#5305,.T.);
#7151=ORIENTED_EDGE('',*,*,#5306,.T.);
#7152=ORIENTED_EDGE('',*,*,#4757,.T.);
#7153=ORIENTED_EDGE('',*,*,#5201,.T.);
#7154=ORIENTED_EDGE('',*,*,#5305,.F.);
#7155=ORIENTED_EDGE('',*,*,#5307,.F.);
#7156=ORIENTED_EDGE('',*,*,#5308,.T.);
#7157=ORIENTED_EDGE('',*,*,#4760,.T.);
#7158=ORIENTED_EDGE('',*,*,#5040,.T.);
#7159=ORIENTED_EDGE('',*,*,#4758,.T.);
#7160=ORIENTED_EDGE('',*,*,#5306,.F.);
#7161=ORIENTED_EDGE('',*,*,#5309,.F.);
#7162=ORIENTED_EDGE('',*,*,#5039,.T.);
#7163=ORIENTED_EDGE('',*,*,#4761,.T.);
#7164=ORIENTED_EDGE('',*,*,#5308,.F.);
#7165=ORIENTED_EDGE('',*,*,#5310,.F.);
#7166=ORIENTED_EDGE('',*,*,#5311,.T.);
#7167=ORIENTED_EDGE('',*,*,#5312,.T.);
#7168=ORIENTED_EDGE('',*,*,#4763,.T.);
#7169=ORIENTED_EDGE('',*,*,#5038,.T.);
#7170=ORIENTED_EDGE('',*,*,#5311,.F.);
#7171=ORIENTED_EDGE('',*,*,#5313,.F.);
#7172=ORIENTED_EDGE('',*,*,#5314,.T.);
#7173=ORIENTED_EDGE('',*,*,#4740,.T.);
#7174=ORIENTED_EDGE('',*,*,#5312,.F.);
#7175=ORIENTED_EDGE('',*,*,#5315,.F.);
#7176=ORIENTED_EDGE('',*,*,#5037,.T.);
#7177=ORIENTED_EDGE('',*,*,#4741,.T.);
#7178=ORIENTED_EDGE('',*,*,#5314,.F.);
#7179=ORIENTED_EDGE('',*,*,#5316,.F.);
#7180=ORIENTED_EDGE('',*,*,#5317,.T.);
#7181=ORIENTED_EDGE('',*,*,#5318,.T.);
#7182=ORIENTED_EDGE('',*,*,#4743,.T.);
#7183=ORIENTED_EDGE('',*,*,#5036,.T.);
#7184=ORIENTED_EDGE('',*,*,#5317,.F.);
#7185=ORIENTED_EDGE('',*,*,#5319,.F.);
#7186=ORIENTED_EDGE('',*,*,#5297,.T.);
#7187=ORIENTED_EDGE('',*,*,#4746,.T.);
#7188=ORIENTED_EDGE('',*,*,#5035,.T.);
#7189=ORIENTED_EDGE('',*,*,#4744,.T.);
#7190=ORIENTED_EDGE('',*,*,#5318,.F.);
#7191=ORIENTED_EDGE('',*,*,#5320,.F.);
#7192=ORIENTED_EDGE('',*,*,#5298,.T.);
#7193=ORIENTED_EDGE('',*,*,#5320,.T.);
#7194=ORIENTED_EDGE('',*,*,#5319,.T.);
#7195=ORIENTED_EDGE('',*,*,#5316,.T.);
#7196=ORIENTED_EDGE('',*,*,#5315,.T.);
#7197=ORIENTED_EDGE('',*,*,#5313,.T.);
#7198=ORIENTED_EDGE('',*,*,#5310,.T.);
#7199=ORIENTED_EDGE('',*,*,#5309,.T.);
#7200=ORIENTED_EDGE('',*,*,#5307,.T.);
#7201=ORIENTED_EDGE('',*,*,#5304,.T.);
#7202=ORIENTED_EDGE('',*,*,#5303,.T.);
#7203=ORIENTED_EDGE('',*,*,#5301,.T.);
#7204=ORIENTED_EDGE('',*,*,#5049,.T.);
#7205=ORIENTED_EDGE('',*,*,#4780,.T.);
#7206=ORIENTED_EDGE('',*,*,#5321,.F.);
#7207=ORIENTED_EDGE('',*,*,#5322,.F.);
#7208=ORIENTED_EDGE('',*,*,#5323,.T.);
#7209=ORIENTED_EDGE('',*,*,#5324,.T.);
#7210=ORIENTED_EDGE('',*,*,#4782,.T.);
#7211=ORIENTED_EDGE('',*,*,#5048,.T.);
#7212=ORIENTED_EDGE('',*,*,#5323,.F.);
#7213=ORIENTED_EDGE('',*,*,#5325,.F.);
#7214=ORIENTED_EDGE('',*,*,#5326,.T.);
#7215=ORIENTED_EDGE('',*,*,#4783,.T.);
#7216=ORIENTED_EDGE('',*,*,#5324,.F.);
#7217=ORIENTED_EDGE('',*,*,#5327,.F.);
#7218=ORIENTED_EDGE('',*,*,#5047,.T.);
#7219=ORIENTED_EDGE('',*,*,#4784,.T.);
#7220=ORIENTED_EDGE('',*,*,#5326,.F.);
#7221=ORIENTED_EDGE('',*,*,#5328,.F.);
#7222=ORIENTED_EDGE('',*,*,#5329,.T.);
#7223=ORIENTED_EDGE('',*,*,#5330,.T.);
#7224=ORIENTED_EDGE('',*,*,#4786,.T.);
#7225=ORIENTED_EDGE('',*,*,#5046,.T.);
#7226=ORIENTED_EDGE('',*,*,#5329,.F.);
#7227=ORIENTED_EDGE('',*,*,#5331,.F.);
#7228=ORIENTED_EDGE('',*,*,#5332,.T.);
#7229=ORIENTED_EDGE('',*,*,#4765,.T.);
#7230=ORIENTED_EDGE('',*,*,#5045,.T.);
#7231=ORIENTED_EDGE('',*,*,#4787,.T.);
#7232=ORIENTED_EDGE('',*,*,#5330,.F.);
#7233=ORIENTED_EDGE('',*,*,#5333,.F.);
#7234=ORIENTED_EDGE('',*,*,#5044,.T.);
#7235=ORIENTED_EDGE('',*,*,#4766,.T.);
#7236=ORIENTED_EDGE('',*,*,#5332,.F.);
#7237=ORIENTED_EDGE('',*,*,#5334,.F.);
#7238=ORIENTED_EDGE('',*,*,#5335,.T.);
#7239=ORIENTED_EDGE('',*,*,#5336,.T.);
#7240=ORIENTED_EDGE('',*,*,#4768,.T.);
#7241=ORIENTED_EDGE('',*,*,#5043,.T.);
#7242=ORIENTED_EDGE('',*,*,#5335,.F.);
#7243=ORIENTED_EDGE('',*,*,#5337,.F.);
#7244=ORIENTED_EDGE('',*,*,#5338,.T.);
#7245=ORIENTED_EDGE('',*,*,#4769,.T.);
#7246=ORIENTED_EDGE('',*,*,#5336,.F.);
#7247=ORIENTED_EDGE('',*,*,#5339,.F.);
#7248=ORIENTED_EDGE('',*,*,#5042,.T.);
#7249=ORIENTED_EDGE('',*,*,#4770,.T.);
#7250=ORIENTED_EDGE('',*,*,#5338,.F.);
#7251=ORIENTED_EDGE('',*,*,#5340,.F.);
#7252=ORIENTED_EDGE('',*,*,#5341,.T.);
#7253=ORIENTED_EDGE('',*,*,#5342,.T.);
#7254=ORIENTED_EDGE('',*,*,#4772,.T.);
#7255=ORIENTED_EDGE('',*,*,#5041,.T.);
#7256=ORIENTED_EDGE('',*,*,#5341,.F.);
#7257=ORIENTED_EDGE('',*,*,#5343,.F.);
#7258=ORIENTED_EDGE('',*,*,#5321,.T.);
#7259=ORIENTED_EDGE('',*,*,#4779,.T.);
#7260=ORIENTED_EDGE('',*,*,#5205,.T.);
#7261=ORIENTED_EDGE('',*,*,#4773,.T.);
#7262=ORIENTED_EDGE('',*,*,#5342,.F.);
#7263=ORIENTED_EDGE('',*,*,#5344,.F.);
#7264=ORIENTED_EDGE('',*,*,#5322,.T.);
#7265=ORIENTED_EDGE('',*,*,#5344,.T.);
#7266=ORIENTED_EDGE('',*,*,#5343,.T.);
#7267=ORIENTED_EDGE('',*,*,#5340,.T.);
#7268=ORIENTED_EDGE('',*,*,#5339,.T.);
#7269=ORIENTED_EDGE('',*,*,#5337,.T.);
#7270=ORIENTED_EDGE('',*,*,#5334,.T.);
#7271=ORIENTED_EDGE('',*,*,#5333,.T.);
#7272=ORIENTED_EDGE('',*,*,#5331,.T.);
#7273=ORIENTED_EDGE('',*,*,#5328,.T.);
#7274=ORIENTED_EDGE('',*,*,#5327,.T.);
#7275=ORIENTED_EDGE('',*,*,#5325,.T.);
#7276=ORIENTED_EDGE('',*,*,#5056,.T.);
#7277=ORIENTED_EDGE('',*,*,#4809,.T.);
#7278=ORIENTED_EDGE('',*,*,#5345,.F.);
#7279=ORIENTED_EDGE('',*,*,#5346,.F.);
#7280=ORIENTED_EDGE('',*,*,#5347,.T.);
#7281=ORIENTED_EDGE('',*,*,#5348,.T.);
#7282=ORIENTED_EDGE('',*,*,#4811,.T.);
#7283=ORIENTED_EDGE('',*,*,#5055,.T.);
#7284=ORIENTED_EDGE('',*,*,#5347,.F.);
#7285=ORIENTED_EDGE('',*,*,#5349,.F.);
#7286=ORIENTED_EDGE('',*,*,#5350,.T.);
#7287=ORIENTED_EDGE('',*,*,#4788,.T.);
#7288=ORIENTED_EDGE('',*,*,#5348,.F.);
#7289=ORIENTED_EDGE('',*,*,#5351,.F.);
#7290=ORIENTED_EDGE('',*,*,#5054,.T.);
#7291=ORIENTED_EDGE('',*,*,#4789,.T.);
#7292=ORIENTED_EDGE('',*,*,#5350,.F.);
#7293=ORIENTED_EDGE('',*,*,#5352,.F.);
#7294=ORIENTED_EDGE('',*,*,#5353,.T.);
#7295=ORIENTED_EDGE('',*,*,#5354,.T.);
#7296=ORIENTED_EDGE('',*,*,#4791,.T.);
#7297=ORIENTED_EDGE('',*,*,#5053,.T.);
#7298=ORIENTED_EDGE('',*,*,#5353,.F.);
#7299=ORIENTED_EDGE('',*,*,#5355,.F.);
#7300=ORIENTED_EDGE('',*,*,#5356,.T.);
#7301=ORIENTED_EDGE('',*,*,#4794,.T.);
#7302=ORIENTED_EDGE('',*,*,#5052,.T.);
#7303=ORIENTED_EDGE('',*,*,#4792,.T.);
#7304=ORIENTED_EDGE('',*,*,#5354,.F.);
#7305=ORIENTED_EDGE('',*,*,#5357,.F.);
#7306=ORIENTED_EDGE('',*,*,#5051,.T.);
#7307=ORIENTED_EDGE('',*,*,#4795,.T.);
#7308=ORIENTED_EDGE('',*,*,#5356,.F.);
#7309=ORIENTED_EDGE('',*,*,#5358,.F.);
#7310=ORIENTED_EDGE('',*,*,#5359,.T.);
#7311=ORIENTED_EDGE('',*,*,#5360,.T.);
#7312=ORIENTED_EDGE('',*,*,#4797,.T.);
#7313=ORIENTED_EDGE('',*,*,#5050,.T.);
#7314=ORIENTED_EDGE('',*,*,#5359,.F.);
#7315=ORIENTED_EDGE('',*,*,#5361,.F.);
#7316=ORIENTED_EDGE('',*,*,#5362,.T.);
#7317=ORIENTED_EDGE('',*,*,#4802,.T.);
#7318=ORIENTED_EDGE('',*,*,#4798,.T.);
#7319=ORIENTED_EDGE('',*,*,#5360,.F.);
#7320=ORIENTED_EDGE('',*,*,#5363,.F.);
#7321=ORIENTED_EDGE('',*,*,#5204,.T.);
#7322=ORIENTED_EDGE('',*,*,#4803,.T.);
#7323=ORIENTED_EDGE('',*,*,#5362,.F.);
#7324=ORIENTED_EDGE('',*,*,#5364,.F.);
#7325=ORIENTED_EDGE('',*,*,#5365,.T.);
#7326=ORIENTED_EDGE('',*,*,#5366,.T.);
#7327=ORIENTED_EDGE('',*,*,#4805,.T.);
#7328=ORIENTED_EDGE('',*,*,#5203,.T.);
#7329=ORIENTED_EDGE('',*,*,#5365,.F.);
#7330=ORIENTED_EDGE('',*,*,#5367,.F.);
#7331=ORIENTED_EDGE('',*,*,#5345,.T.);
#7332=ORIENTED_EDGE('',*,*,#4808,.T.);
#7333=ORIENTED_EDGE('',*,*,#5057,.T.);
#7334=ORIENTED_EDGE('',*,*,#4806,.T.);
#7335=ORIENTED_EDGE('',*,*,#5366,.F.);
#7336=ORIENTED_EDGE('',*,*,#5368,.F.);
#7337=ORIENTED_EDGE('',*,*,#5346,.T.);
#7338=ORIENTED_EDGE('',*,*,#5368,.T.);
#7339=ORIENTED_EDGE('',*,*,#5367,.T.);
#7340=ORIENTED_EDGE('',*,*,#5364,.T.);
#7341=ORIENTED_EDGE('',*,*,#5363,.T.);
#7342=ORIENTED_EDGE('',*,*,#5361,.T.);
#7343=ORIENTED_EDGE('',*,*,#5358,.T.);
#7344=ORIENTED_EDGE('',*,*,#5357,.T.);
#7345=ORIENTED_EDGE('',*,*,#5355,.T.);
#7346=ORIENTED_EDGE('',*,*,#5352,.T.);
#7347=ORIENTED_EDGE('',*,*,#5351,.T.);
#7348=ORIENTED_EDGE('',*,*,#5349,.T.);
#7349=ORIENTED_EDGE('',*,*,#5369,.T.);
#7350=ORIENTED_EDGE('',*,*,#5370,.T.);
#7351=ORIENTED_EDGE('',*,*,#5371,.T.);
#7352=ORIENTED_EDGE('',*,*,#5015,.T.);
#7353=ORIENTED_EDGE('',*,*,#5372,.T.);
#7354=ORIENTED_EDGE('',*,*,#5022,.T.);
#7355=ORIENTED_EDGE('',*,*,#5373,.F.);
#7356=ORIENTED_EDGE('',*,*,#4958,.F.);
#7357=ORIENTED_EDGE('',*,*,#5374,.T.);
#7358=ORIENTED_EDGE('',*,*,#5010,.T.);
#7359=ORIENTED_EDGE('',*,*,#5375,.T.);
#7360=ORIENTED_EDGE('',*,*,#5376,.T.);
#7361=ORIENTED_EDGE('',*,*,#5377,.T.);
#7362=ORIENTED_EDGE('',*,*,#5378,.T.);
#7363=ORIENTED_EDGE('',*,*,#5379,.T.);
#7364=ORIENTED_EDGE('',*,*,#5008,.T.);
#7365=ORIENTED_EDGE('',*,*,#5380,.T.);
#7366=ORIENTED_EDGE('',*,*,#5381,.T.);
#7367=ORIENTED_EDGE('',*,*,#5382,.T.);
#7368=ORIENTED_EDGE('',*,*,#5383,.T.);
#7369=ORIENTED_EDGE('',*,*,#5011,.T.);
#7370=ORIENTED_EDGE('',*,*,#5374,.F.);
#7371=ORIENTED_EDGE('',*,*,#4961,.F.);
#7372=ORIENTED_EDGE('',*,*,#5161,.T.);
#7373=ORIENTED_EDGE('',*,*,#5021,.T.);
#7374=ORIENTED_EDGE('',*,*,#5162,.F.);
#7375=ORIENTED_EDGE('',*,*,#4959,.F.);
#7376=ORIENTED_EDGE('',*,*,#5373,.T.);
#7377=ORIENTED_EDGE('',*,*,#5384,.T.);
#7378=ORIENTED_EDGE('',*,*,#5385,.T.);
#7379=ORIENTED_EDGE('',*,*,#4972,.T.);
#7380=ORIENTED_EDGE('',*,*,#5386,.T.);
#7381=ORIENTED_EDGE('',*,*,#5387,.T.);
#7382=ORIENTED_EDGE('',*,*,#5388,.T.);
#7383=ORIENTED_EDGE('',*,*,#5389,.T.);
#7384=ORIENTED_EDGE('',*,*,#5390,.T.);
#7385=ORIENTED_EDGE('',*,*,#4994,.F.);
#7386=ORIENTED_EDGE('',*,*,#5391,.T.);
#7387=ORIENTED_EDGE('',*,*,#4970,.T.);
#7388=ORIENTED_EDGE('',*,*,#5392,.T.);
#7389=ORIENTED_EDGE('',*,*,#4986,.T.);
#7390=ORIENTED_EDGE('',*,*,#5393,.T.);
#7391=ORIENTED_EDGE('',*,*,#4996,.F.);
#7392=ORIENTED_EDGE('',*,*,#5394,.T.);
#7393=ORIENTED_EDGE('',*,*,#4990,.F.);
#7394=ORIENTED_EDGE('',*,*,#5395,.T.);
#7395=ORIENTED_EDGE('',*,*,#4983,.T.);
#7396=ORIENTED_EDGE('',*,*,#5396,.F.);
#7397=ORIENTED_EDGE('',*,*,#4982,.T.);
#7398=ORIENTED_EDGE('',*,*,#5397,.F.);
#7399=ORIENTED_EDGE('',*,*,#4991,.F.);
#7400=ORIENTED_EDGE('',*,*,#5396,.T.);
#7401=ORIENTED_EDGE('',*,*,#5398,.F.);
#7402=ORIENTED_EDGE('',*,*,#5399,.T.);
#7403=ORIENTED_EDGE('',*,*,#5400,.T.);
#7404=ORIENTED_EDGE('',*,*,#5397,.T.);
#7405=ORIENTED_EDGE('',*,*,#4981,.T.);
#7406=ORIENTED_EDGE('',*,*,#5401,.F.);
#7407=ORIENTED_EDGE('',*,*,#4980,.T.);
#7408=ORIENTED_EDGE('',*,*,#5402,.F.);
#7409=ORIENTED_EDGE('',*,*,#5005,.F.);
#7410=ORIENTED_EDGE('',*,*,#5401,.T.);
#7411=ORIENTED_EDGE('',*,*,#4979,.T.);
#7412=ORIENTED_EDGE('',*,*,#5403,.T.);
#7413=ORIENTED_EDGE('',*,*,#4997,.F.);
#7414=ORIENTED_EDGE('',*,*,#5402,.T.);
#7415=ORIENTED_EDGE('',*,*,#5000,.F.);
#7416=ORIENTED_EDGE('',*,*,#5404,.T.);
#7417=ORIENTED_EDGE('',*,*,#4976,.T.);
#7418=ORIENTED_EDGE('',*,*,#5405,.T.);
#7419=ORIENTED_EDGE('',*,*,#4974,.T.);
#7420=ORIENTED_EDGE('',*,*,#5406,.T.);
#7421=ORIENTED_EDGE('',*,*,#5002,.F.);
#7422=ORIENTED_EDGE('',*,*,#5407,.T.);
#7423=ORIENTED_EDGE('',*,*,#5400,.F.);
#7424=ORIENTED_EDGE('',*,*,#5408,.T.);
#7425=ORIENTED_EDGE('',*,*,#5409,.T.);
#7426=ORIENTED_EDGE('',*,*,#4992,.T.);
#7427=ORIENTED_EDGE('',*,*,#5410,.T.);
#7428=ORIENTED_EDGE('',*,*,#5411,.T.);
#7429=ORIENTED_EDGE('',*,*,#5398,.T.);
#7430=ORIENTED_EDGE('',*,*,#5004,.T.);
#7431=ORIENTED_EDGE('',*,*,#5412,.T.);
#7432=ORIENTED_EDGE('',*,*,#5413,.T.);
#7433=ORIENTED_EDGE('',*,*,#5414,.T.);
#7434=ORIENTED_EDGE('',*,*,#5415,.T.);
#7435=ORIENTED_EDGE('',*,*,#5416,.F.);
#7436=ORIENTED_EDGE('',*,*,#5417,.T.);
#7437=ORIENTED_EDGE('',*,*,#5418,.T.);
#7438=ORIENTED_EDGE('',*,*,#5419,.T.);
#7439=ORIENTED_EDGE('',*,*,#5420,.T.);
#7440=ORIENTED_EDGE('',*,*,#5421,.F.);
#7441=ORIENTED_EDGE('',*,*,#5422,.F.);
#7442=ORIENTED_EDGE('',*,*,#4900,.F.);
#7443=ORIENTED_EDGE('',*,*,#5423,.T.);
#7444=ORIENTED_EDGE('',*,*,#4964,.T.);
#7445=ORIENTED_EDGE('',*,*,#5424,.T.);
#7446=ORIENTED_EDGE('',*,*,#4949,.F.);
#7447=ORIENTED_EDGE('',*,*,#5425,.T.);
#7448=ORIENTED_EDGE('',*,*,#5426,.T.);
#7449=ORIENTED_EDGE('',*,*,#5427,.F.);
#7450=ORIENTED_EDGE('',*,*,#5428,.T.);
#7451=ORIENTED_EDGE('',*,*,#5429,.T.);
#7452=ORIENTED_EDGE('',*,*,#5420,.F.);
#7453=ORIENTED_EDGE('',*,*,#5430,.T.);
#7454=ORIENTED_EDGE('',*,*,#4962,.T.);
#7455=ORIENTED_EDGE('',*,*,#5431,.T.);
#7456=ORIENTED_EDGE('',*,*,#4941,.F.);
#7457=ORIENTED_EDGE('',*,*,#5432,.T.);
#7458=ORIENTED_EDGE('',*,*,#4943,.F.);
#7459=ORIENTED_EDGE('',*,*,#5433,.T.);
#7460=ORIENTED_EDGE('',*,*,#4968,.T.);
#7461=ORIENTED_EDGE('',*,*,#5434,.T.);
#7462=ORIENTED_EDGE('',*,*,#4951,.F.);
#7463=ORIENTED_EDGE('',*,*,#5435,.T.);
#7464=ORIENTED_EDGE('',*,*,#5436,.T.);
#7465=ORIENTED_EDGE('',*,*,#5437,.F.);
#7466=ORIENTED_EDGE('',*,*,#5438,.T.);
#7467=ORIENTED_EDGE('',*,*,#5439,.T.);
#7468=ORIENTED_EDGE('',*,*,#4966,.T.);
#7469=ORIENTED_EDGE('',*,*,#5440,.T.);
#7470=ORIENTED_EDGE('',*,*,#5418,.F.);
#7471=ORIENTED_EDGE('',*,*,#5441,.F.);
#7472=ORIENTED_EDGE('',*,*,#5442,.F.);
#7473=ORIENTED_EDGE('',*,*,#5443,.T.);
#7474=ORIENTED_EDGE('',*,*,#4953,.F.);
#7475=ORIENTED_EDGE('',*,*,#5444,.T.);
#7476=ORIENTED_EDGE('',*,*,#5445,.F.);
#7477=ORIENTED_EDGE('',*,*,#5446,.T.);
#7478=ORIENTED_EDGE('',*,*,#5447,.F.);
#7479=ORIENTED_EDGE('',*,*,#5448,.T.);
#7480=ORIENTED_EDGE('',*,*,#5449,.F.);
#7481=ORIENTED_EDGE('',*,*,#5450,.T.);
#7482=ORIENTED_EDGE('',*,*,#5451,.F.);
#7483=ORIENTED_EDGE('',*,*,#5452,.T.);
#7484=ORIENTED_EDGE('',*,*,#5453,.F.);
#7485=ORIENTED_EDGE('',*,*,#5454,.T.);
#7486=ORIENTED_EDGE('',*,*,#5455,.F.);
#7487=ORIENTED_EDGE('',*,*,#5456,.T.);
#7488=ORIENTED_EDGE('',*,*,#5457,.F.);
#7489=ORIENTED_EDGE('',*,*,#5458,.T.);
#7490=ORIENTED_EDGE('',*,*,#5459,.F.);
#7491=ORIENTED_EDGE('',*,*,#5460,.T.);
#7492=ORIENTED_EDGE('',*,*,#5461,.F.);
#7493=ORIENTED_EDGE('',*,*,#5462,.F.);
#7494=ORIENTED_EDGE('',*,*,#4954,.T.);
#7495=ORIENTED_EDGE('',*,*,#5443,.F.);
#7496=ORIENTED_EDGE('',*,*,#5463,.F.);
#7497=ORIENTED_EDGE('',*,*,#5464,.T.);
#7498=ORIENTED_EDGE('',*,*,#5441,.T.);
#7499=ORIENTED_EDGE('',*,*,#5417,.F.);
#7500=ORIENTED_EDGE('',*,*,#5465,.F.);
#7501=ORIENTED_EDGE('',*,*,#5461,.T.);
#7502=ORIENTED_EDGE('',*,*,#5442,.T.);
#7503=ORIENTED_EDGE('',*,*,#5464,.F.);
#7504=ORIENTED_EDGE('',*,*,#5466,.F.);
#7505=ORIENTED_EDGE('',*,*,#5467,.T.);
#7506=ORIENTED_EDGE('',*,*,#5437,.T.);
#7507=ORIENTED_EDGE('',*,*,#5468,.T.);
#7508=ORIENTED_EDGE('',*,*,#5469,.T.);
#7509=ORIENTED_EDGE('',*,*,#5470,.T.);
#7510=ORIENTED_EDGE('',*,*,#5435,.F.);
#7511=ORIENTED_EDGE('',*,*,#4957,.T.);
#7512=ORIENTED_EDGE('',*,*,#5439,.F.);
#7513=ORIENTED_EDGE('',*,*,#5471,.T.);
#7514=ORIENTED_EDGE('',*,*,#5472,.T.);
#7515=ORIENTED_EDGE('',*,*,#4944,.T.);
#7516=ORIENTED_EDGE('',*,*,#5473,.T.);
#7517=ORIENTED_EDGE('',*,*,#5474,.T.);
#7518=ORIENTED_EDGE('',*,*,#5425,.F.);
#7519=ORIENTED_EDGE('',*,*,#4948,.T.);
#7520=ORIENTED_EDGE('',*,*,#5429,.F.);
#7521=ORIENTED_EDGE('',*,*,#5475,.T.);
#7522=ORIENTED_EDGE('',*,*,#5476,.T.);
#7523=ORIENTED_EDGE('',*,*,#5421,.T.);
#7524=ORIENTED_EDGE('',*,*,#5427,.T.);
#7525=ORIENTED_EDGE('',*,*,#5477,.T.);
#7526=ORIENTED_EDGE('',*,*,#5478,.F.);
#7527=ORIENTED_EDGE('',*,*,#5479,.T.);
#7528=ORIENTED_EDGE('',*,*,#5478,.T.);
#7529=ORIENTED_EDGE('',*,*,#5480,.T.);
#7530=ORIENTED_EDGE('',*,*,#5473,.F.);
#7531=ORIENTED_EDGE('',*,*,#4947,.T.);
#7532=ORIENTED_EDGE('',*,*,#5481,.F.);
#7533=ORIENTED_EDGE('',*,*,#5482,.F.);
#7534=ORIENTED_EDGE('',*,*,#4901,.T.);
#7535=ORIENTED_EDGE('',*,*,#5422,.T.);
#7536=ORIENTED_EDGE('',*,*,#5476,.F.);
#7537=ORIENTED_EDGE('',*,*,#5483,.T.);
#7538=ORIENTED_EDGE('',*,*,#4946,.T.);
#7539=ORIENTED_EDGE('',*,*,#5484,.F.);
#7540=ORIENTED_EDGE('',*,*,#5485,.F.);
#7541=ORIENTED_EDGE('',*,*,#5481,.T.);
#7542=ORIENTED_EDGE('',*,*,#5472,.F.);
#7543=ORIENTED_EDGE('',*,*,#5486,.T.);
#7544=ORIENTED_EDGE('',*,*,#5466,.T.);
#7545=ORIENTED_EDGE('',*,*,#5487,.T.);
#7546=ORIENTED_EDGE('',*,*,#5469,.F.);
#7547=ORIENTED_EDGE('',*,*,#4956,.T.);
#7548=ORIENTED_EDGE('',*,*,#4897,.F.);
#7549=ORIENTED_EDGE('',*,*,#5488,.F.);
#7550=ORIENTED_EDGE('',*,*,#5484,.T.);
#7551=ORIENTED_EDGE('',*,*,#4945,.T.);
#7552=ORIENTED_EDGE('',*,*,#5489,.T.);
#7553=ORIENTED_EDGE('',*,*,#5488,.T.);
#7554=ORIENTED_EDGE('',*,*,#4920,.F.);
#7555=ORIENTED_EDGE('',*,*,#5490,.F.);
#7556=ORIENTED_EDGE('',*,*,#5491,.T.);
#7557=ORIENTED_EDGE('',*,*,#5485,.T.);
#7558=ORIENTED_EDGE('',*,*,#5489,.F.);
#7559=ORIENTED_EDGE('',*,*,#5492,.F.);
#7560=ORIENTED_EDGE('',*,*,#4906,.T.);
#7561=ORIENTED_EDGE('',*,*,#5482,.T.);
#7562=ORIENTED_EDGE('',*,*,#5491,.F.);
#7563=ORIENTED_EDGE('',*,*,#5493,.F.);
#7564=ORIENTED_EDGE('',*,*,#5494,.F.);
#7565=ORIENTED_EDGE('',*,*,#5495,.T.);
#7566=ORIENTED_EDGE('',*,*,#5496,.T.);
#7567=ORIENTED_EDGE('',*,*,#4939,.F.);
#7568=ORIENTED_EDGE('',*,*,#5492,.T.);
#7569=ORIENTED_EDGE('',*,*,#5497,.F.);
#7570=ORIENTED_EDGE('',*,*,#5498,.F.);
#7571=ORIENTED_EDGE('',*,*,#5499,.T.);
#7572=ORIENTED_EDGE('',*,*,#5500,.F.);
#7573=ORIENTED_EDGE('',*,*,#5501,.T.);
#7574=ORIENTED_EDGE('',*,*,#4892,.T.);
#7575=ORIENTED_EDGE('',*,*,#4930,.T.);
#7576=ORIENTED_EDGE('',*,*,#5502,.F.);
#7577=ORIENTED_EDGE('',*,*,#4917,.T.);
#7578=ORIENTED_EDGE('',*,*,#5496,.F.);
#7579=ORIENTED_EDGE('',*,*,#5503,.F.);
#7580=ORIENTED_EDGE('',*,*,#5502,.T.);
#7581=ORIENTED_EDGE('',*,*,#5495,.F.);
#7582=ORIENTED_EDGE('',*,*,#5504,.T.);
#7583=ORIENTED_EDGE('',*,*,#5505,.T.);
#7584=ORIENTED_EDGE('',*,*,#5506,.T.);
#7585=ORIENTED_EDGE('',*,*,#5507,.F.);
#7586=ORIENTED_EDGE('',*,*,#5508,.T.);
#7587=ORIENTED_EDGE('',*,*,#5509,.T.);
#7588=ORIENTED_EDGE('',*,*,#5510,.T.);
#7589=ORIENTED_EDGE('',*,*,#5511,.F.);
#7590=ORIENTED_EDGE('',*,*,#5512,.T.);
#7591=ORIENTED_EDGE('',*,*,#5513,.T.);
#7592=ORIENTED_EDGE('',*,*,#5514,.T.);
#7593=ORIENTED_EDGE('',*,*,#5515,.F.);
#7594=ORIENTED_EDGE('',*,*,#5516,.T.);
#7595=ORIENTED_EDGE('',*,*,#5517,.T.);
#7596=ORIENTED_EDGE('',*,*,#5518,.T.);
#7597=ORIENTED_EDGE('',*,*,#5519,.F.);
#7598=ORIENTED_EDGE('',*,*,#5520,.T.);
#7599=ORIENTED_EDGE('',*,*,#5521,.T.);
#7600=ORIENTED_EDGE('',*,*,#5522,.T.);
#7601=ORIENTED_EDGE('',*,*,#5523,.T.);
#7602=ORIENTED_EDGE('',*,*,#5498,.T.);
#7603=ORIENTED_EDGE('',*,*,#5524,.T.);
#7604=ORIENTED_EDGE('',*,*,#5525,.T.);
#7605=ORIENTED_EDGE('',*,*,#5526,.F.);
#7606=ORIENTED_EDGE('',*,*,#5527,.T.);
#7607=ORIENTED_EDGE('',*,*,#5500,.T.);
#7608=ORIENTED_EDGE('',*,*,#5503,.T.);
#7609=ORIENTED_EDGE('',*,*,#5528,.F.);
#7610=ORIENTED_EDGE('',*,*,#5507,.T.);
#7611=ORIENTED_EDGE('',*,*,#5529,.T.);
#7612=ORIENTED_EDGE('',*,*,#4937,.F.);
#7613=ORIENTED_EDGE('',*,*,#5505,.F.);
#7614=ORIENTED_EDGE('',*,*,#5530,.T.);
#7615=ORIENTED_EDGE('',*,*,#4940,.T.);
#7616=ORIENTED_EDGE('',*,*,#5531,.F.);
#7617=ORIENTED_EDGE('',*,*,#4915,.T.);
#7618=ORIENTED_EDGE('',*,*,#5529,.F.);
#7619=ORIENTED_EDGE('',*,*,#5506,.F.);
#7620=ORIENTED_EDGE('',*,*,#5531,.T.);
#7621=ORIENTED_EDGE('',*,*,#5509,.F.);
#7622=ORIENTED_EDGE('',*,*,#5532,.T.);
#7623=ORIENTED_EDGE('',*,*,#4935,.T.);
#7624=ORIENTED_EDGE('',*,*,#4934,.T.);
#7625=ORIENTED_EDGE('',*,*,#5533,.F.);
#7626=ORIENTED_EDGE('',*,*,#4913,.T.);
#7627=ORIENTED_EDGE('',*,*,#5534,.F.);
#7628=ORIENTED_EDGE('',*,*,#5510,.F.);
#7629=ORIENTED_EDGE('',*,*,#5533,.T.);
#7630=ORIENTED_EDGE('',*,*,#5535,.F.);
#7631=ORIENTED_EDGE('',*,*,#5511,.T.);
#7632=ORIENTED_EDGE('',*,*,#5534,.T.);
#7633=ORIENTED_EDGE('',*,*,#4926,.F.);
#7634=ORIENTED_EDGE('',*,*,#4925,.F.);
#7635=ORIENTED_EDGE('',*,*,#5536,.F.);
#7636=ORIENTED_EDGE('',*,*,#5515,.T.);
#7637=ORIENTED_EDGE('',*,*,#5537,.T.);
#7638=ORIENTED_EDGE('',*,*,#4932,.F.);
#7639=ORIENTED_EDGE('',*,*,#5513,.F.);
#7640=ORIENTED_EDGE('',*,*,#5538,.T.);
#7641=ORIENTED_EDGE('',*,*,#4927,.T.);
#7642=ORIENTED_EDGE('',*,*,#5539,.F.);
#7643=ORIENTED_EDGE('',*,*,#4911,.T.);
#7644=ORIENTED_EDGE('',*,*,#5537,.F.);
#7645=ORIENTED_EDGE('',*,*,#5514,.F.);
#7646=ORIENTED_EDGE('',*,*,#5539,.T.);
#7647=ORIENTED_EDGE('',*,*,#5540,.F.);
#7648=ORIENTED_EDGE('',*,*,#5519,.T.);
#7649=ORIENTED_EDGE('',*,*,#5541,.T.);
#7650=ORIENTED_EDGE('',*,*,#4924,.F.);
#7651=ORIENTED_EDGE('',*,*,#5517,.F.);
#7652=ORIENTED_EDGE('',*,*,#5542,.T.);
#7653=ORIENTED_EDGE('',*,*,#4933,.T.);
#7654=ORIENTED_EDGE('',*,*,#5543,.F.);
#7655=ORIENTED_EDGE('',*,*,#4909,.T.);
#7656=ORIENTED_EDGE('',*,*,#5541,.F.);
#7657=ORIENTED_EDGE('',*,*,#5518,.F.);
#7658=ORIENTED_EDGE('',*,*,#5543,.T.);
#7659=ORIENTED_EDGE('',*,*,#5521,.F.);
#7660=ORIENTED_EDGE('',*,*,#5544,.T.);
#7661=ORIENTED_EDGE('',*,*,#4922,.T.);
#7662=ORIENTED_EDGE('',*,*,#4921,.T.);
#7663=ORIENTED_EDGE('',*,*,#5545,.F.);
#7664=ORIENTED_EDGE('',*,*,#4907,.T.);
#7665=ORIENTED_EDGE('',*,*,#5546,.F.);
#7666=ORIENTED_EDGE('',*,*,#5522,.F.);
#7667=ORIENTED_EDGE('',*,*,#5545,.T.);
#7668=ORIENTED_EDGE('',*,*,#5493,.T.);
#7669=ORIENTED_EDGE('',*,*,#5499,.F.);
#7670=ORIENTED_EDGE('',*,*,#5523,.F.);
#7671=ORIENTED_EDGE('',*,*,#5546,.T.);
#7672=ORIENTED_EDGE('',*,*,#5547,.F.);
#7673=ORIENTED_EDGE('',*,*,#5524,.F.);
#7674=ORIENTED_EDGE('',*,*,#5497,.T.);
#7675=ORIENTED_EDGE('',*,*,#5490,.T.);
#7676=ORIENTED_EDGE('',*,*,#4919,.T.);
#7677=ORIENTED_EDGE('',*,*,#5548,.F.);
#7678=ORIENTED_EDGE('',*,*,#5525,.F.);
#7679=ORIENTED_EDGE('',*,*,#5547,.T.);
#7680=ORIENTED_EDGE('',*,*,#5549,.F.);
#7681=ORIENTED_EDGE('',*,*,#5526,.T.);
#7682=ORIENTED_EDGE('',*,*,#5548,.T.);
#7683=ORIENTED_EDGE('',*,*,#4929,.F.);
#7684=ORIENTED_EDGE('',*,*,#5550,.F.);
#7685=ORIENTED_EDGE('',*,*,#4894,.F.);
#7686=ORIENTED_EDGE('',*,*,#5501,.F.);
#7687=ORIENTED_EDGE('',*,*,#5527,.F.);
#7688=ORIENTED_EDGE('',*,*,#5549,.T.);
#7689=ORIENTED_EDGE('',*,*,#4893,.T.);
#7690=ORIENTED_EDGE('',*,*,#5520,.F.);
#7691=ORIENTED_EDGE('',*,*,#5540,.T.);
#7692=ORIENTED_EDGE('',*,*,#4923,.T.);
#7693=ORIENTED_EDGE('',*,*,#5544,.F.);
#7694=ORIENTED_EDGE('',*,*,#5516,.F.);
#7695=ORIENTED_EDGE('',*,*,#5536,.T.);
#7696=ORIENTED_EDGE('',*,*,#4931,.T.);
#7697=ORIENTED_EDGE('',*,*,#5542,.F.);
#7698=ORIENTED_EDGE('',*,*,#5512,.F.);
#7699=ORIENTED_EDGE('',*,*,#5535,.T.);
#7700=ORIENTED_EDGE('',*,*,#4928,.T.);
#7701=ORIENTED_EDGE('',*,*,#5538,.F.);
#7702=ORIENTED_EDGE('',*,*,#5508,.F.);
#7703=ORIENTED_EDGE('',*,*,#5528,.T.);
#7704=ORIENTED_EDGE('',*,*,#4936,.T.);
#7705=ORIENTED_EDGE('',*,*,#5532,.F.);
#7706=ORIENTED_EDGE('',*,*,#5504,.F.);
#7707=ORIENTED_EDGE('',*,*,#5494,.T.);
#7708=ORIENTED_EDGE('',*,*,#4938,.T.);
#7709=ORIENTED_EDGE('',*,*,#5530,.F.);
#7710=ORIENTED_EDGE('',*,*,#4995,.F.);
#7711=ORIENTED_EDGE('',*,*,#5392,.F.);
#7712=ORIENTED_EDGE('',*,*,#4987,.F.);
#7713=ORIENTED_EDGE('',*,*,#5394,.F.);
#7714=ORIENTED_EDGE('',*,*,#5001,.F.);
#7715=ORIENTED_EDGE('',*,*,#5405,.F.);
#7716=ORIENTED_EDGE('',*,*,#4975,.F.);
#7717=ORIENTED_EDGE('',*,*,#5407,.F.);
#7718=ORIENTED_EDGE('',*,*,#4942,.F.);
#7719=ORIENTED_EDGE('',*,*,#5431,.F.);
#7720=ORIENTED_EDGE('',*,*,#4969,.F.);
#7721=ORIENTED_EDGE('',*,*,#5433,.F.);
#7722=ORIENTED_EDGE('',*,*,#4950,.F.);
#7723=ORIENTED_EDGE('',*,*,#5424,.F.);
#7724=ORIENTED_EDGE('',*,*,#4963,.F.);
#7725=ORIENTED_EDGE('',*,*,#5432,.F.);
#7726=ORIENTED_EDGE('',*,*,#5419,.F.);
#7727=ORIENTED_EDGE('',*,*,#5440,.F.);
#7728=ORIENTED_EDGE('',*,*,#4965,.F.);
#7729=ORIENTED_EDGE('',*,*,#5430,.F.);
#7730=ORIENTED_EDGE('',*,*,#4952,.F.);
#7731=ORIENTED_EDGE('',*,*,#5434,.F.);
#7732=ORIENTED_EDGE('',*,*,#4967,.F.);
#7733=ORIENTED_EDGE('',*,*,#5444,.F.);
#7734=ORIENTED_EDGE('',*,*,#5551,.F.);
#7735=ORIENTED_EDGE('',*,*,#5230,.F.);
#7736=ORIENTED_EDGE('',*,*,#5229,.F.);
#7737=ORIENTED_EDGE('',*,*,#5551,.T.);
#7738=ORIENTED_EDGE('',*,*,#5016,.F.);
#7739=ORIENTED_EDGE('',*,*,#5552,.F.);
#7740=ORIENTED_EDGE('',*,*,#5157,.F.);
#7741=ORIENTED_EDGE('',*,*,#5371,.F.);
#7742=ORIENTED_EDGE('',*,*,#5553,.T.);
#7743=ORIENTED_EDGE('',*,*,#5158,.F.);
#7744=ORIENTED_EDGE('',*,*,#5552,.T.);
#7745=ORIENTED_EDGE('',*,*,#5159,.F.);
#7746=ORIENTED_EDGE('',*,*,#5554,.T.);
#7747=ORIENTED_EDGE('',*,*,#5380,.F.);
#7748=ORIENTED_EDGE('',*,*,#5555,.T.);
#7749=ORIENTED_EDGE('',*,*,#5148,.F.);
#7750=ORIENTED_EDGE('',*,*,#5556,.T.);
#7751=ORIENTED_EDGE('',*,*,#5377,.F.);
#7752=ORIENTED_EDGE('',*,*,#5557,.F.);
#7753=ORIENTED_EDGE('',*,*,#5558,.F.);
#7754=ORIENTED_EDGE('',*,*,#5149,.F.);
#7755=ORIENTED_EDGE('',*,*,#5557,.T.);
#7756=ORIENTED_EDGE('',*,*,#5007,.F.);
#7757=ORIENTED_EDGE('',*,*,#5558,.T.);
#7758=ORIENTED_EDGE('',*,*,#5236,.F.);
#7759=ORIENTED_EDGE('',*,*,#5239,.F.);
#7760=ORIENTED_EDGE('',*,*,#5379,.F.);
#7761=ORIENTED_EDGE('',*,*,#5559,.T.);
#7762=ORIENTED_EDGE('',*,*,#5375,.F.);
#7763=ORIENTED_EDGE('',*,*,#5009,.F.);
#7764=ORIENTED_EDGE('',*,*,#5382,.F.);
#7765=ORIENTED_EDGE('',*,*,#5560,.T.);
#7766=ORIENTED_EDGE('',*,*,#5376,.F.);
#7767=ORIENTED_EDGE('',*,*,#5561,.T.);
#7768=ORIENTED_EDGE('',*,*,#5372,.F.);
#7769=ORIENTED_EDGE('',*,*,#5562,.T.);
#7770=ORIENTED_EDGE('',*,*,#5369,.F.);
#7771=ORIENTED_EDGE('',*,*,#5023,.F.);
#7772=ORIENTED_EDGE('',*,*,#5562,.F.);
#7773=ORIENTED_EDGE('',*,*,#5560,.F.);
#7774=ORIENTED_EDGE('',*,*,#5563,.F.);
#7775=ORIENTED_EDGE('',*,*,#5563,.T.);
#7776=ORIENTED_EDGE('',*,*,#5381,.F.);
#7777=ORIENTED_EDGE('',*,*,#5564,.F.);
#7778=ORIENTED_EDGE('',*,*,#5370,.F.);
#7779=ORIENTED_EDGE('',*,*,#5554,.F.);
#7780=ORIENTED_EDGE('',*,*,#5553,.F.);
#7781=ORIENTED_EDGE('',*,*,#5564,.T.);
#7782=ORIENTED_EDGE('',*,*,#5556,.F.);
#7783=ORIENTED_EDGE('',*,*,#5555,.F.);
#7784=ORIENTED_EDGE('',*,*,#5565,.F.);
#7785=ORIENTED_EDGE('',*,*,#5565,.T.);
#7786=ORIENTED_EDGE('',*,*,#5383,.F.);
#7787=ORIENTED_EDGE('',*,*,#5566,.F.);
#7788=ORIENTED_EDGE('',*,*,#5378,.F.);
#7789=ORIENTED_EDGE('',*,*,#5561,.F.);
#7790=ORIENTED_EDGE('',*,*,#5559,.F.);
#7791=ORIENTED_EDGE('',*,*,#5566,.T.);
#7792=ORIENTED_EDGE('',*,*,#4971,.F.);
#7793=ORIENTED_EDGE('',*,*,#5391,.F.);
#7794=ORIENTED_EDGE('',*,*,#5567,.F.);
#7795=ORIENTED_EDGE('',*,*,#5386,.F.);
#7796=ORIENTED_EDGE('',*,*,#5567,.T.);
#7797=ORIENTED_EDGE('',*,*,#4993,.F.);
#7798=ORIENTED_EDGE('',*,*,#5568,.F.);
#7799=ORIENTED_EDGE('',*,*,#5387,.F.);
#7800=ORIENTED_EDGE('',*,*,#5569,.F.);
#7801=ORIENTED_EDGE('',*,*,#5408,.F.);
#7802=ORIENTED_EDGE('',*,*,#5570,.F.);
#7803=ORIENTED_EDGE('',*,*,#5413,.F.);
#7804=ORIENTED_EDGE('',*,*,#5568,.T.);
#7805=ORIENTED_EDGE('',*,*,#5409,.F.);
#7806=ORIENTED_EDGE('',*,*,#5571,.F.);
#7807=ORIENTED_EDGE('',*,*,#5388,.F.);
#7808=ORIENTED_EDGE('',*,*,#5570,.T.);
#7809=ORIENTED_EDGE('',*,*,#5399,.F.);
#7810=ORIENTED_EDGE('',*,*,#5572,.F.);
#7811=ORIENTED_EDGE('',*,*,#5414,.F.);
#7812=ORIENTED_EDGE('',*,*,#5571,.T.);
#7813=ORIENTED_EDGE('',*,*,#5569,.T.);
#7814=ORIENTED_EDGE('',*,*,#5573,.F.);
#7815=ORIENTED_EDGE('',*,*,#5572,.T.);
#7816=ORIENTED_EDGE('',*,*,#5411,.F.);
#7817=ORIENTED_EDGE('',*,*,#5574,.F.);
#7818=ORIENTED_EDGE('',*,*,#5415,.F.);
#7819=ORIENTED_EDGE('',*,*,#5573,.T.);
#7820=ORIENTED_EDGE('',*,*,#5412,.F.);
#7821=ORIENTED_EDGE('',*,*,#5575,.F.);
#7822=ORIENTED_EDGE('',*,*,#5389,.F.);
#7823=ORIENTED_EDGE('',*,*,#5575,.T.);
#7824=ORIENTED_EDGE('',*,*,#5574,.T.);
#7825=ORIENTED_EDGE('',*,*,#5576,.F.);
#7826=ORIENTED_EDGE('',*,*,#4973,.F.);
#7827=ORIENTED_EDGE('',*,*,#5385,.F.);
#7828=ORIENTED_EDGE('',*,*,#5577,.F.);
#7829=ORIENTED_EDGE('',*,*,#5406,.F.);
#7830=ORIENTED_EDGE('',*,*,#5576,.T.);
#7831=ORIENTED_EDGE('',*,*,#5410,.F.);
#7832=ORIENTED_EDGE('',*,*,#5578,.F.);
#7833=ORIENTED_EDGE('',*,*,#5390,.F.);
#7834=ORIENTED_EDGE('',*,*,#5577,.T.);
#7835=ORIENTED_EDGE('',*,*,#5384,.F.);
#7836=ORIENTED_EDGE('',*,*,#5578,.T.);
#7837=ORIENTED_EDGE('',*,*,#5003,.F.);
#7838=ORIENTED_EDGE('',*,*,#5579,.F.);
#7839=ORIENTED_EDGE('',*,*,#4988,.F.);
#7840=ORIENTED_EDGE('',*,*,#5393,.F.);
#7841=ORIENTED_EDGE('',*,*,#4985,.F.);
#7842=ORIENTED_EDGE('',*,*,#4989,.F.);
#7843=ORIENTED_EDGE('',*,*,#5579,.T.);
#7844=ORIENTED_EDGE('',*,*,#4984,.F.);
#7845=ORIENTED_EDGE('',*,*,#5395,.F.);
#7846=ORIENTED_EDGE('',*,*,#4999,.F.);
#7847=ORIENTED_EDGE('',*,*,#5580,.F.);
#7848=ORIENTED_EDGE('',*,*,#4977,.F.);
#7849=ORIENTED_EDGE('',*,*,#5404,.F.);
#7850=ORIENTED_EDGE('',*,*,#4998,.F.);
#7851=ORIENTED_EDGE('',*,*,#5403,.F.);
#7852=ORIENTED_EDGE('',*,*,#4978,.F.);
#7853=ORIENTED_EDGE('',*,*,#5580,.T.);
#7854=ORIENTED_EDGE('',*,*,#5581,.F.);
#7855=ORIENTED_EDGE('',*,*,#5582,.T.);
#7856=ORIENTED_EDGE('',*,*,#5455,.T.);
#7857=ORIENTED_EDGE('',*,*,#5583,.T.);
#7858=ORIENTED_EDGE('',*,*,#5584,.F.);
#7859=ORIENTED_EDGE('',*,*,#5585,.T.);
#7860=ORIENTED_EDGE('',*,*,#5457,.T.);
#7861=ORIENTED_EDGE('',*,*,#5586,.T.);
#7862=ORIENTED_EDGE('',*,*,#5587,.F.);
#7863=ORIENTED_EDGE('',*,*,#5588,.T.);
#7864=ORIENTED_EDGE('',*,*,#5459,.T.);
#7865=ORIENTED_EDGE('',*,*,#5589,.T.);
#7866=ORIENTED_EDGE('',*,*,#5453,.T.);
#7867=ORIENTED_EDGE('',*,*,#5590,.T.);
#7868=ORIENTED_EDGE('',*,*,#5591,.F.);
#7869=ORIENTED_EDGE('',*,*,#5592,.T.);
#7870=ORIENTED_EDGE('',*,*,#5591,.T.);
#7871=ORIENTED_EDGE('',*,*,#5593,.T.);
#7872=ORIENTED_EDGE('',*,*,#5587,.T.);
#7873=ORIENTED_EDGE('',*,*,#5594,.T.);
#7874=ORIENTED_EDGE('',*,*,#5584,.T.);
#7875=ORIENTED_EDGE('',*,*,#5595,.T.);
#7876=ORIENTED_EDGE('',*,*,#5581,.T.);
#7877=ORIENTED_EDGE('',*,*,#5596,.T.);
#7878=ORIENTED_EDGE('',*,*,#5597,.F.);
#7879=ORIENTED_EDGE('',*,*,#5598,.T.);
#7880=ORIENTED_EDGE('',*,*,#5447,.T.);
#7881=ORIENTED_EDGE('',*,*,#5599,.T.);
#7882=ORIENTED_EDGE('',*,*,#5600,.F.);
#7883=ORIENTED_EDGE('',*,*,#5601,.T.);
#7884=ORIENTED_EDGE('',*,*,#5449,.T.);
#7885=ORIENTED_EDGE('',*,*,#5602,.T.);
#7886=ORIENTED_EDGE('',*,*,#5451,.T.);
#7887=ORIENTED_EDGE('',*,*,#5603,.T.);
#7888=ORIENTED_EDGE('',*,*,#5604,.F.);
#7889=ORIENTED_EDGE('',*,*,#5605,.T.);
#7890=ORIENTED_EDGE('',*,*,#5606,.F.);
#7891=ORIENTED_EDGE('',*,*,#5607,.T.);
#7892=ORIENTED_EDGE('',*,*,#5445,.T.);
#7893=ORIENTED_EDGE('',*,*,#5608,.T.);
#7894=ORIENTED_EDGE('',*,*,#5604,.T.);
#7895=ORIENTED_EDGE('',*,*,#5609,.T.);
#7896=ORIENTED_EDGE('',*,*,#5600,.T.);
#7897=ORIENTED_EDGE('',*,*,#5610,.T.);
#7898=ORIENTED_EDGE('',*,*,#5597,.T.);
#7899=ORIENTED_EDGE('',*,*,#5611,.T.);
#7900=ORIENTED_EDGE('',*,*,#5606,.T.);
#7901=ORIENTED_EDGE('',*,*,#5612,.T.);
#7902=ORIENTED_EDGE('',*,*,#5609,.F.);
#7903=ORIENTED_EDGE('',*,*,#5603,.F.);
#7904=ORIENTED_EDGE('',*,*,#5450,.F.);
#7905=ORIENTED_EDGE('',*,*,#5601,.F.);
#7906=ORIENTED_EDGE('',*,*,#5610,.F.);
#7907=ORIENTED_EDGE('',*,*,#5602,.F.);
#7908=ORIENTED_EDGE('',*,*,#5448,.F.);
#7909=ORIENTED_EDGE('',*,*,#5598,.F.);
#7910=ORIENTED_EDGE('',*,*,#5611,.F.);
#7911=ORIENTED_EDGE('',*,*,#5599,.F.);
#7912=ORIENTED_EDGE('',*,*,#5446,.F.);
#7913=ORIENTED_EDGE('',*,*,#5607,.F.);
#7914=ORIENTED_EDGE('',*,*,#5612,.F.);
#7915=ORIENTED_EDGE('',*,*,#5608,.F.);
#7916=ORIENTED_EDGE('',*,*,#5452,.F.);
#7917=ORIENTED_EDGE('',*,*,#5605,.F.);
#7918=ORIENTED_EDGE('',*,*,#5593,.F.);
#7919=ORIENTED_EDGE('',*,*,#5590,.F.);
#7920=ORIENTED_EDGE('',*,*,#5460,.F.);
#7921=ORIENTED_EDGE('',*,*,#5588,.F.);
#7922=ORIENTED_EDGE('',*,*,#5594,.F.);
#7923=ORIENTED_EDGE('',*,*,#5589,.F.);
#7924=ORIENTED_EDGE('',*,*,#5458,.F.);
#7925=ORIENTED_EDGE('',*,*,#5585,.F.);
#7926=ORIENTED_EDGE('',*,*,#5595,.F.);
#7927=ORIENTED_EDGE('',*,*,#5586,.F.);
#7928=ORIENTED_EDGE('',*,*,#5456,.F.);
#7929=ORIENTED_EDGE('',*,*,#5582,.F.);
#7930=ORIENTED_EDGE('',*,*,#5596,.F.);
#7931=ORIENTED_EDGE('',*,*,#5583,.F.);
#7932=ORIENTED_EDGE('',*,*,#5454,.F.);
#7933=ORIENTED_EDGE('',*,*,#5592,.F.);
#7934=ORIENTED_EDGE('',*,*,#5463,.T.);
#7935=ORIENTED_EDGE('',*,*,#5416,.T.);
#7936=ORIENTED_EDGE('',*,*,#5613,.T.);
#7937=ORIENTED_EDGE('',*,*,#5614,.T.);
#7938=ORIENTED_EDGE('',*,*,#5615,.T.);
#7939=ORIENTED_EDGE('',*,*,#5462,.T.);
#7940=ORIENTED_EDGE('',*,*,#5465,.T.);
#7941=ORIENTED_EDGE('',*,*,#5616,.F.);
#7942=ORIENTED_EDGE('',*,*,#5617,.F.);
#7943=ORIENTED_EDGE('',*,*,#5618,.F.);
#7944=ORIENTED_EDGE('',*,*,#5619,.F.);
#7945=ORIENTED_EDGE('',*,*,#4955,.T.);
#7946=ORIENTED_EDGE('',*,*,#5615,.F.);
#7947=ORIENTED_EDGE('',*,*,#5620,.T.);
#7948=ORIENTED_EDGE('',*,*,#4903,.F.);
#7949=ORIENTED_EDGE('',*,*,#4895,.T.);
#7950=ORIENTED_EDGE('',*,*,#5423,.F.);
#7951=ORIENTED_EDGE('',*,*,#4899,.T.);
#7952=ORIENTED_EDGE('',*,*,#4905,.F.);
#7953=ORIENTED_EDGE('',*,*,#5621,.F.);
#7954=ORIENTED_EDGE('',*,*,#5613,.F.);
#7955=ORIENTED_EDGE('',*,*,#4904,.F.);
#7956=ORIENTED_EDGE('',*,*,#5620,.F.);
#7957=ORIENTED_EDGE('',*,*,#5614,.F.);
#7958=ORIENTED_EDGE('',*,*,#5621,.T.);
#7959=ORIENTED_EDGE('',*,*,#5622,.T.);
#7960=ORIENTED_EDGE('',*,*,#5623,.T.);
#7961=ORIENTED_EDGE('',*,*,#5624,.F.);
#7962=ORIENTED_EDGE('',*,*,#5625,.F.);
#7963=ORIENTED_EDGE('',*,*,#5617,.T.);
#7964=ORIENTED_EDGE('',*,*,#5626,.T.);
#7965=ORIENTED_EDGE('',*,*,#5627,.T.);
#7966=ORIENTED_EDGE('',*,*,#5622,.F.);
#7967=ORIENTED_EDGE('',*,*,#5616,.T.);
#7968=ORIENTED_EDGE('',*,*,#5628,.F.);
#7969=ORIENTED_EDGE('',*,*,#5629,.T.);
#7970=ORIENTED_EDGE('',*,*,#5626,.F.);
#7971=ORIENTED_EDGE('',*,*,#5619,.T.);
#7972=ORIENTED_EDGE('',*,*,#5630,.T.);
#7973=ORIENTED_EDGE('',*,*,#5631,.F.);
#7974=ORIENTED_EDGE('',*,*,#5630,.F.);
#7975=ORIENTED_EDGE('',*,*,#5618,.T.);
#7976=ORIENTED_EDGE('',*,*,#5625,.T.);
#7977=ORIENTED_EDGE('',*,*,#5623,.F.);
#7978=ORIENTED_EDGE('',*,*,#5627,.F.);
#7979=ORIENTED_EDGE('',*,*,#5629,.F.);
#7980=ORIENTED_EDGE('',*,*,#5632,.T.);
#7981=ORIENTED_EDGE('',*,*,#5631,.T.);
#7982=ORIENTED_EDGE('',*,*,#5624,.T.);
#7983=ORIENTED_EDGE('',*,*,#5632,.F.);
#7984=ORIENTED_EDGE('',*,*,#5628,.T.);
#7985=ORIENTED_EDGE('',*,*,#4710,.T.);
#7986=ORIENTED_EDGE('',*,*,#4707,.F.);
#7987=ORIENTED_EDGE('',*,*,#5550,.T.);
#7988=ORIENTED_EDGE('',*,*,#4713,.F.);
#7989=ORIENTED_EDGE('',*,*,#4709,.T.);
#7990=ORIENTED_EDGE('',*,*,#4702,.T.);
#7991=ORIENTED_EDGE('',*,*,#4703,.T.);
#7992=ORIENTED_EDGE('',*,*,#4700,.F.);
#7993=ORIENTED_EDGE('',*,*,#4695,.T.);
#7994=ORIENTED_EDGE('',*,*,#4696,.T.);
#7995=ORIENTED_EDGE('',*,*,#4693,.F.);
#7996=ORIENTED_EDGE('',*,*,#4688,.T.);
#7997=ORIENTED_EDGE('',*,*,#4689,.T.);
#7998=ORIENTED_EDGE('',*,*,#4686,.F.);
#7999=ORIENTED_EDGE('',*,*,#4683,.T.);
#8000=ORIENTED_EDGE('',*,*,#4680,.T.);
#8001=ORIENTED_EDGE('',*,*,#5426,.F.);
#8002=ORIENTED_EDGE('',*,*,#5474,.F.);
#8003=ORIENTED_EDGE('',*,*,#5480,.F.);
#8004=ORIENTED_EDGE('',*,*,#5477,.F.);
#8005=ORIENTED_EDGE('',*,*,#5483,.F.);
#8006=ORIENTED_EDGE('',*,*,#5475,.F.);
#8007=ORIENTED_EDGE('',*,*,#5428,.F.);
#8008=ORIENTED_EDGE('',*,*,#5479,.F.);
#8009=ORIENTED_EDGE('',*,*,#5486,.F.);
#8010=ORIENTED_EDGE('',*,*,#5471,.F.);
#8011=ORIENTED_EDGE('',*,*,#5438,.F.);
#8012=ORIENTED_EDGE('',*,*,#5467,.F.);
#8013=ORIENTED_EDGE('',*,*,#5436,.F.);
#8014=ORIENTED_EDGE('',*,*,#5470,.F.);
#8015=ORIENTED_EDGE('',*,*,#5487,.F.);
#8016=ORIENTED_EDGE('',*,*,#5468,.F.);
#8017=CYLINDRICAL_SURFACE('',#8726,11.);
#8018=CYLINDRICAL_SURFACE('',#8733,10.9999999850988);
#8019=CYLINDRICAL_SURFACE('',#8740,10.9999999850988);
#8020=CYLINDRICAL_SURFACE('',#8747,11.5);
#8021=CYLINDRICAL_SURFACE('',#8748,11.5);
#8022=CYLINDRICAL_SURFACE('',#8749,11.5);
#8023=CYLINDRICAL_SURFACE('',#8751,5.00000001490116);
#8024=CYLINDRICAL_SURFACE('',#8760,4.);
#8025=CYLINDRICAL_SURFACE('',#8764,4.);
#8026=CYLINDRICAL_SURFACE('',#8768,11.5);
#8027=CYLINDRICAL_SURFACE('',#8772,2.);
#8028=CYLINDRICAL_SURFACE('',#8776,2.);
#8029=CYLINDRICAL_SURFACE('',#8780,2.);
#8030=CYLINDRICAL_SURFACE('',#8784,2.);
#8031=CYLINDRICAL_SURFACE('',#8815,5.25);
#8032=CYLINDRICAL_SURFACE('',#8821,11.);
#8033=CYLINDRICAL_SURFACE('',#8831,11.);
#8034=CYLINDRICAL_SURFACE('',#8856,9.10999999999999);
#8035=CYLINDRICAL_SURFACE('',#8863,5.40000000000001);
#8036=CYLINDRICAL_SURFACE('',#8865,9.59999999999999);
#8037=CYLINDRICAL_SURFACE('',#8871,11.);
#8038=CYLINDRICAL_SURFACE('',#8877,9.6);
#8039=CYLINDRICAL_SURFACE('',#8883,9.6);
#8040=CYLINDRICAL_SURFACE('',#8893,5.4);
#8041=CYLINDRICAL_SURFACE('',#8895,5.4);
#8042=CYLINDRICAL_SURFACE('',#8901,4.);
#8043=CYLINDRICAL_SURFACE('',#8907,5.40000000000001);
#8044=CYLINDRICAL_SURFACE('',#8910,9.59999999999999);
#8045=CYLINDRICAL_SURFACE('',#8913,9.10999999999999);
#8046=CYLINDRICAL_SURFACE('',#8930,0.6);
#8047=CYLINDRICAL_SURFACE('',#8933,0.6);
#8048=CYLINDRICAL_SURFACE('',#8936,0.558724753090448);
#8049=CYLINDRICAL_SURFACE('',#8939,0.627596414882865);
#8050=CYLINDRICAL_SURFACE('',#8943,0.558724753090462);
#8051=CYLINDRICAL_SURFACE('',#8946,0.583103692721125);
#8052=CYLINDRICAL_SURFACE('',#8950,0.560000000000001);
#8053=CYLINDRICAL_SURFACE('',#8953,0.583103692721128);
#8054=CYLINDRICAL_SURFACE('',#8957,0.573112486083827);
#8055=CYLINDRICAL_SURFACE('',#8960,0.643294943143701);
#8056=CYLINDRICAL_SURFACE('',#9060,2.3);
#8057=CYLINDRICAL_SURFACE('',#9062,2.3);
#8058=CYLINDRICAL_SURFACE('',#9064,2.3);
#8059=CYLINDRICAL_SURFACE('',#9066,2.3);
#8060=CYLINDRICAL_SURFACE('',#9068,3.00000000000093);
#8061=CYLINDRICAL_SURFACE('',#9070,3.00000000000064);
#8062=CYLINDRICAL_SURFACE('',#9072,2.99999999999978);
#8063=CYLINDRICAL_SURFACE('',#9074,3.);
#8064=CYLINDRICAL_SURFACE('',#9076,2.5);
#8065=CYLINDRICAL_SURFACE('',#9078,2.8);
#8066=CYLINDRICAL_SURFACE('',#9081,3.5);
#8067=CYLINDRICAL_SURFACE('',#9083,2.5);
#8068=CYLINDRICAL_SURFACE('',#9086,2.8);
#8069=CYLINDRICAL_SURFACE('',#9089,3.5);
#8070=CYLINDRICAL_SURFACE('',#9091,1.25);
#8071=CYLINDRICAL_SURFACE('',#9095,1.25);
#8072=CYLINDRICAL_SURFACE('',#9099,1.25);
#8073=CYLINDRICAL_SURFACE('',#9103,1.25);
#8074=CYLINDRICAL_SURFACE('',#9107,11.);
#8075=CYLINDRICAL_SURFACE('',#9175,25.);
#8076=CYLINDRICAL_SURFACE('',#9182,25.);
#8077=CYLINDRICAL_SURFACE('',#9189,25.);
#8078=CYLINDRICAL_SURFACE('',#9195,25.);
#8079=CYLINDRICAL_SURFACE('',#9263,0.5);
#8080=CYLINDRICAL_SURFACE('',#9265,0.500000000000001);
#8081=CYLINDRICAL_SURFACE('',#9268,0.5);
#8082=CYLINDRICAL_SURFACE('',#9272,0.5);
#8083=CYLINDRICAL_SURFACE('',#9274,0.5);
#8084=CYLINDRICAL_SURFACE('',#9276,0.5);
#8085=CYLINDRICAL_SURFACE('',#9280,0.5);
#8086=CYLINDRICAL_SURFACE('',#9282,0.500000000000001);
#8087=CYLINDRICAL_SURFACE('',#9285,0.500000000000001);
#8088=CYLINDRICAL_SURFACE('',#9287,0.5);
#8089=CYLINDRICAL_SURFACE('',#9293,0.5);
#8090=CYLINDRICAL_SURFACE('',#9295,0.5);
#8091=CYLINDRICAL_SURFACE('',#9297,0.5);
#8092=CYLINDRICAL_SURFACE('',#9299,0.5);
#8093=CYLINDRICAL_SURFACE('',#9305,0.500000000000001);
#8094=CYLINDRICAL_SURFACE('',#9306,0.5);
#8095=CYLINDRICAL_SURFACE('',#9311,0.500000000000001);
#8096=CYLINDRICAL_SURFACE('',#9313,0.5);
#8097=CYLINDRICAL_SURFACE('',#9315,0.5);
#8098=CYLINDRICAL_SURFACE('',#9317,0.5);
#8099=CYLINDRICAL_SURFACE('',#9323,0.5);
#8100=CYLINDRICAL_SURFACE('',#9325,0.5);
#8101=CYLINDRICAL_SURFACE('',#9327,0.5);
#8102=CYLINDRICAL_SURFACE('',#9329,0.499999999999998);
#8103=CYLINDRICAL_SURFACE('',#9335,0.500000000000001);
#8104=CYLINDRICAL_SURFACE('',#9337,0.5);
#8105=CYLINDRICAL_SURFACE('',#9339,0.5);
#8106=CYLINDRICAL_SURFACE('',#9343,0.500000000000001);
#8107=CYLINDRICAL_SURFACE('',#9345,0.5);
#8108=CYLINDRICAL_SURFACE('',#9349,0.5);
#8109=CYLINDRICAL_SURFACE('',#9350,0.5);
#8110=CYLINDRICAL_SURFACE('',#9488,0.200000000000001);
#8111=CYLINDRICAL_SURFACE('',#9489,0.200000000000001);
#8112=CYLINDRICAL_SURFACE('',#9490,0.199999999999999);
#8113=CYLINDRICAL_SURFACE('',#9491,0.199999999999999);
#8114=CYLINDRICAL_SURFACE('',#9492,0.199999999999999);
#8115=CYLINDRICAL_SURFACE('',#9493,0.199999999999999);
#8116=CYLINDRICAL_SURFACE('',#9496,0.5);
#8117=CYLINDRICAL_SURFACE('',#9498,0.5);
#8118=CYLINDRICAL_SURFACE('',#9500,0.5);
#8119=CYLINDRICAL_SURFACE('',#9503,0.5);
#8120=CYLINDRICAL_SURFACE('',#9506,0.5);
#8121=CYLINDRICAL_SURFACE('',#9509,0.5);
#8122=CYLINDRICAL_SURFACE('',#9511,0.5);
#8123=CYLINDRICAL_SURFACE('',#9514,0.5);
#8124=CYLINDRICAL_SURFACE('',#9518,0.5);
#8125=CYLINDRICAL_SURFACE('',#9523,0.5);
#8126=CYLINDRICAL_SURFACE('',#9526,0.0999999999999994);
#8127=CYLINDRICAL_SURFACE('',#9528,0.0999999999999994);
#8128=CYLINDRICAL_SURFACE('',#9530,0.1);
#8129=CYLINDRICAL_SURFACE('',#9533,0.0999999999999994);
#8130=CYLINDRICAL_SURFACE('',#9535,0.0999999999999994);
#8131=CYLINDRICAL_SURFACE('',#9539,0.1);
#8132=CYLINDRICAL_SURFACE('',#9541,0.0999999999999994);
#8133=CYLINDRICAL_SURFACE('',#9545,0.0999999999999994);
#8134=CYLINDRICAL_SURFACE('',#9547,0.0999999999999994);
#8135=CYLINDRICAL_SURFACE('',#9549,0.0999999999999994);
#8136=CYLINDRICAL_SURFACE('',#9550,0.200000000000001);
#8137=CYLINDRICAL_SURFACE('',#9551,0.200000000000001);
#8138=CYLINDRICAL_SURFACE('',#9552,0.200000000000001);
#8139=CYLINDRICAL_SURFACE('',#9553,0.200000000000001);
#8140=CYLINDRICAL_SURFACE('',#9572,0.2);
#8141=CYLINDRICAL_SURFACE('',#9573,0.2);
#8142=CYLINDRICAL_SURFACE('',#9574,0.2);
#8143=CYLINDRICAL_SURFACE('',#9575,0.2);
#8144=CYLINDRICAL_SURFACE('',#9576,0.2);
#8145=CYLINDRICAL_SURFACE('',#9577,0.2);
#8146=CYLINDRICAL_SURFACE('',#9578,0.2);
#8147=CYLINDRICAL_SURFACE('',#9579,0.2);
#8148=CYLINDRICAL_SURFACE('',#9601,0.199999999999999);
#8149=CYLINDRICAL_SURFACE('',#9602,0.199999999999999);
#8150=CYLINDRICAL_SURFACE('',#9603,0.199999999999999);
#8151=CYLINDRICAL_SURFACE('',#9604,0.199999999999999);
#8152=ADVANCED_FACE('',(#723),#8017,.T.);
#8153=ADVANCED_FACE('',(#724,#356),#413,.F.);
#8154=ADVANCED_FACE('',(#725,#357),#414,.F.);
#8155=ADVANCED_FACE('',(#726),#8018,.T.);
#8156=ADVANCED_FACE('',(#727,#358),#415,.F.);
#8157=ADVANCED_FACE('',(#728,#359),#416,.F.);
#8158=ADVANCED_FACE('',(#729),#8019,.T.);
#8159=ADVANCED_FACE('',(#730,#360),#417,.F.);
#8160=ADVANCED_FACE('',(#731,#361),#418,.F.);
#8161=ADVANCED_FACE('',(#732),#8020,.T.);
#8162=ADVANCED_FACE('',(#733),#8021,.T.);
#8163=ADVANCED_FACE('',(#734),#8022,.T.);
#8164=ADVANCED_FACE('',(#735),#8023,.T.);
#8165=ADVANCED_FACE('',(#736,#362),#419,.T.);
#8166=ADVANCED_FACE('',(#737),#344,.F.);
#8167=ADVANCED_FACE('',(#738),#420,.T.);
#8168=ADVANCED_FACE('',(#739),#8024,.T.);
#8169=ADVANCED_FACE('',(#740),#421,.F.);
#8170=ADVANCED_FACE('',(#741),#8025,.T.);
#8171=ADVANCED_FACE('',(#742,#363),#422,.T.);
#8172=ADVANCED_FACE('',(#743,#364),#423,.F.);
#8173=ADVANCED_FACE('',(#744),#8026,.T.);
#8174=ADVANCED_FACE('',(#745,#365),#424,.T.);
#8175=ADVANCED_FACE('',(#746),#8027,.F.);
#8176=ADVANCED_FACE('',(#747),#425,.F.);
#8177=ADVANCED_FACE('',(#748),#8028,.F.);
#8178=ADVANCED_FACE('',(#749),#426,.F.);
#8179=ADVANCED_FACE('',(#750),#8029,.F.);
#8180=ADVANCED_FACE('',(#751),#427,.F.);
#8181=ADVANCED_FACE('',(#752),#8030,.F.);
#8182=ADVANCED_FACE('',(#753),#428,.F.);
#8183=ADVANCED_FACE('',(#754),#429,.T.);
#8184=ADVANCED_FACE('',(#755),#430,.T.);
#8185=ADVANCED_FACE('',(#756),#431,.T.);
#8186=ADVANCED_FACE('',(#757),#432,.T.);
#8187=ADVANCED_FACE('',(#758),#433,.T.);
#8188=ADVANCED_FACE('',(#759),#434,.T.);
#8189=ADVANCED_FACE('',(#760),#435,.T.);
#8190=ADVANCED_FACE('',(#761),#436,.T.);
#8191=ADVANCED_FACE('',(#762),#437,.T.);
#8192=ADVANCED_FACE('',(#763),#438,.T.);
#8193=ADVANCED_FACE('',(#764),#439,.T.);
#8194=ADVANCED_FACE('',(#765),#440,.T.);
#8195=ADVANCED_FACE('',(#766),#441,.T.);
#8196=ADVANCED_FACE('',(#767),#442,.T.);
#8197=ADVANCED_FACE('',(#768),#443,.T.);
#8198=ADVANCED_FACE('',(#769),#444,.T.);
#8199=ADVANCED_FACE('',(#770),#445,.T.);
#8200=ADVANCED_FACE('',(#771),#446,.T.);
#8201=ADVANCED_FACE('',(#772),#447,.T.);
#8202=ADVANCED_FACE('',(#773),#448,.T.);
#8203=ADVANCED_FACE('',(#774),#449,.T.);
#8204=ADVANCED_FACE('',(#775),#450,.T.);
#8205=ADVANCED_FACE('',(#776),#451,.T.);
#8206=ADVANCED_FACE('',(#777),#452,.T.);
#8207=ADVANCED_FACE('',(#778),#8031,.F.);
#8208=ADVANCED_FACE('',(#779),#453,.T.);
#8209=ADVANCED_FACE('',(#780),#454,.F.);
#8210=ADVANCED_FACE('',(#781),#455,.F.);
#8211=ADVANCED_FACE('',(#782),#8032,.F.);
#8212=ADVANCED_FACE('',(#783),#456,.F.);
#8213=ADVANCED_FACE('',(#784),#457,.F.);
#8214=ADVANCED_FACE('',(#785,#366),#458,.F.);
#8215=ADVANCED_FACE('',(#786,#367),#459,.F.);
#8216=ADVANCED_FACE('',(#787),#460,.F.);
#8217=ADVANCED_FACE('',(#788),#461,.F.);
#8218=ADVANCED_FACE('',(#789),#462,.F.);
#8219=ADVANCED_FACE('',(#790,#368,#369),#463,.F.);
#8220=ADVANCED_FACE('',(#791),#8033,.F.);
#8221=ADVANCED_FACE('',(#792),#464,.F.);
#8222=ADVANCED_FACE('',(#793),#465,.T.);
#8223=ADVANCED_FACE('',(#794),#466,.T.);
#8224=ADVANCED_FACE('',(#795),#467,.T.);
#8225=ADVANCED_FACE('',(#796),#468,.T.);
#8226=ADVANCED_FACE('',(#797),#469,.T.);
#8227=ADVANCED_FACE('',(#798),#470,.T.);
#8228=ADVANCED_FACE('',(#799,#370,#371,#372),#471,.T.);
#8229=ADVANCED_FACE('',(#800),#118,.T.);
#8230=ADVANCED_FACE('',(#801),#119,.T.);
#8231=ADVANCED_FACE('',(#802),#120,.T.);
#8232=ADVANCED_FACE('',(#803),#121,.T.);
#8233=ADVANCED_FACE('',(#804),#122,.T.);
#8234=ADVANCED_FACE('',(#805),#123,.T.);
#8235=ADVANCED_FACE('',(#806),#124,.T.);
#8236=ADVANCED_FACE('',(#807),#8034,.F.);
#8237=ADVANCED_FACE('',(#808),#102,.T.);
#8238=ADVANCED_FACE('',(#809),#8035,.F.);
#8239=ADVANCED_FACE('',(#810),#8036,.T.);
#8240=ADVANCED_FACE('',(#811,#373),#472,.F.);
#8241=ADVANCED_FACE('',(#812,#374),#473,.F.);
#8242=ADVANCED_FACE('',(#813,#375),#474,.F.);
#8243=ADVANCED_FACE('',(#814),#8037,.T.);
#8244=ADVANCED_FACE('',(#815),#345,.T.);
#8245=ADVANCED_FACE('',(#816),#8038,.F.);
#8246=ADVANCED_FACE('',(#817),#103,.F.);
#8247=ADVANCED_FACE('',(#818),#8039,.F.);
#8248=ADVANCED_FACE('',(#819),#346,.T.);
#8249=ADVANCED_FACE('',(#820,#376),#475,.F.);
#8250=ADVANCED_FACE('',(#821,#377),#476,.F.);
#8251=ADVANCED_FACE('',(#822),#104,.F.);
#8252=ADVANCED_FACE('',(#823),#8040,.T.);
#8253=ADVANCED_FACE('',(#824),#8041,.T.);
#8254=ADVANCED_FACE('',(#825),#347,.F.);
#8255=ADVANCED_FACE('',(#826),#8042,.F.);
#8256=ADVANCED_FACE('',(#827),#348,.F.);
#8257=ADVANCED_FACE('',(#828,#378),#477,.F.);
#8258=ADVANCED_FACE('',(#829,#379),#478,.F.);
#8259=ADVANCED_FACE('',(#830),#8043,.F.);
#8260=ADVANCED_FACE('',(#831),#8044,.T.);
#8261=ADVANCED_FACE('',(#832),#8045,.F.);
#8262=ADVANCED_FACE('',(#833),#105,.T.);
#8263=ADVANCED_FACE('',(#834,#380),#479,.F.);
#8264=ADVANCED_FACE('',(#835,#381),#480,.F.);
#8265=ADVANCED_FACE('',(#836,#382),#481,.F.);
#8266=ADVANCED_FACE('',(#837),#106,.T.);
#8267=ADVANCED_FACE('',(#838),#349,.T.);
#8268=ADVANCED_FACE('',(#839),#8046,.F.);
#8269=ADVANCED_FACE('',(#840),#8047,.F.);
#8270=ADVANCED_FACE('',(#841),#8048,.T.);
#8271=ADVANCED_FACE('',(#842),#8049,.F.);
#8272=ADVANCED_FACE('',(#843),#8050,.T.);
#8273=ADVANCED_FACE('',(#844),#8051,.F.);
#8274=ADVANCED_FACE('',(#845),#8052,.T.);
#8275=ADVANCED_FACE('',(#846),#8053,.F.);
#8276=ADVANCED_FACE('',(#847),#8054,.T.);
#8277=ADVANCED_FACE('',(#848),#8055,.F.);
#8278=ADVANCED_FACE('',(#849),#107,.T.);
#8279=ADVANCED_FACE('',(#850),#108,.T.);
#8280=ADVANCED_FACE('',(#851),#109,.T.);
#8281=ADVANCED_FACE('',(#852),#110,.T.);
#8282=ADVANCED_FACE('',(#853),#111,.T.);
#8283=ADVANCED_FACE('',(#854),#112,.T.);
#8284=ADVANCED_FACE('',(#855),#113,.T.);
#8285=ADVANCED_FACE('',(#856),#114,.T.);
#8286=ADVANCED_FACE('',(#857),#115,.T.);
#8287=ADVANCED_FACE('',(#858),#116,.T.);
#8288=ADVANCED_FACE('',(#859),#117,.T.);
#8289=ADVANCED_FACE('',(#860),#350,.T.);
#8290=ADVANCED_FACE('',(#861),#351,.T.);
#8291=ADVANCED_FACE('',(#862),#8056,.T.);
#8292=ADVANCED_FACE('',(#863),#8057,.T.);
#8293=ADVANCED_FACE('',(#864),#8058,.T.);
#8294=ADVANCED_FACE('',(#865),#8059,.T.);
#8295=ADVANCED_FACE('',(#866),#8060,.F.);
#8296=ADVANCED_FACE('',(#867),#8061,.F.);
#8297=ADVANCED_FACE('',(#868),#8062,.F.);
#8298=ADVANCED_FACE('',(#869),#8063,.F.);
#8299=ADVANCED_FACE('',(#870),#8064,.T.);
#8300=ADVANCED_FACE('',(#871),#8065,.F.);
#8301=ADVANCED_FACE('',(#872),#8066,.F.);
#8302=ADVANCED_FACE('',(#873),#8067,.T.);
#8303=ADVANCED_FACE('',(#874),#8068,.F.);
#8304=ADVANCED_FACE('',(#875),#8069,.F.);
#8305=ADVANCED_FACE('',(#876),#8070,.F.);
#8306=ADVANCED_FACE('',(#877),#352,.F.);
#8307=ADVANCED_FACE('',(#878),#8071,.F.);
#8308=ADVANCED_FACE('',(#879),#353,.F.);
#8309=ADVANCED_FACE('',(#880),#8072,.F.);
#8310=ADVANCED_FACE('',(#881),#354,.F.);
#8311=ADVANCED_FACE('',(#882),#8073,.F.);
#8312=ADVANCED_FACE('',(#883),#355,.F.);
#8313=ADVANCED_FACE('',(#884),#8074,.T.);
#8314=ADVANCED_FACE('',(#885),#482,.T.);
#8315=ADVANCED_FACE('',(#886),#483,.F.);
#8316=ADVANCED_FACE('',(#887),#484,.F.);
#8317=ADVANCED_FACE('',(#888),#485,.T.);
#8318=ADVANCED_FACE('',(#889),#486,.T.);
#8319=ADVANCED_FACE('',(#890),#487,.T.);
#8320=ADVANCED_FACE('',(#891),#488,.T.);
#8321=ADVANCED_FACE('',(#892,#383),#489,.T.);
#8322=ADVANCED_FACE('',(#893),#490,.T.);
#8323=ADVANCED_FACE('',(#894,#384),#491,.T.);
#8324=ADVANCED_FACE('',(#895),#492,.T.);
#8325=ADVANCED_FACE('',(#896),#493,.T.);
#8326=ADVANCED_FACE('',(#897,#385,#386),#494,.T.);
#8327=ADVANCED_FACE('',(#898),#495,.F.);
#8328=ADVANCED_FACE('',(#899),#496,.F.);
#8329=ADVANCED_FACE('',(#900),#497,.F.);
#8330=ADVANCED_FACE('',(#901),#498,.F.);
#8331=ADVANCED_FACE('',(#902),#499,.T.);
#8332=ADVANCED_FACE('',(#903),#500,.T.);
#8333=ADVANCED_FACE('',(#904),#501,.T.);
#8334=ADVANCED_FACE('',(#905),#502,.T.);
#8335=ADVANCED_FACE('',(#906),#503,.T.);
#8336=ADVANCED_FACE('',(#907),#504,.T.);
#8337=ADVANCED_FACE('',(#908),#505,.T.);
#8338=ADVANCED_FACE('',(#909),#506,.T.);
#8339=ADVANCED_FACE('',(#910),#507,.T.);
#8340=ADVANCED_FACE('',(#911),#508,.T.);
#8341=ADVANCED_FACE('',(#912),#509,.T.);
#8342=ADVANCED_FACE('',(#913),#510,.T.);
#8343=ADVANCED_FACE('',(#914),#511,.T.);
#8344=ADVANCED_FACE('',(#915),#512,.T.);
#8345=ADVANCED_FACE('',(#916),#513,.T.);
#8346=ADVANCED_FACE('',(#917),#514,.T.);
#8347=ADVANCED_FACE('',(#918),#515,.T.);
#8348=ADVANCED_FACE('',(#919),#516,.T.);
#8349=ADVANCED_FACE('',(#920),#517,.T.);
#8350=ADVANCED_FACE('',(#921),#518,.T.);
#8351=ADVANCED_FACE('',(#922,#387),#519,.T.);
#8352=ADVANCED_FACE('',(#923,#388),#520,.T.);
#8353=ADVANCED_FACE('',(#924,#389),#521,.T.);
#8354=ADVANCED_FACE('',(#925,#390),#522,.T.);
#8355=ADVANCED_FACE('',(#926,#391),#523,.T.);
#8356=ADVANCED_FACE('',(#927,#392,#393,#394,#395,#396),#524,.T.);
#8357=ADVANCED_FACE('',(#928),#8075,.T.);
#8358=ADVANCED_FACE('',(#929),#8076,.T.);
#8359=ADVANCED_FACE('',(#930),#8077,.T.);
#8360=ADVANCED_FACE('',(#931),#8078,.T.);
#8361=ADVANCED_FACE('',(#932),#525,.F.);
#8362=ADVANCED_FACE('',(#933),#526,.F.);
#8363=ADVANCED_FACE('',(#934),#527,.F.);
#8364=ADVANCED_FACE('',(#935),#528,.F.);
#8365=ADVANCED_FACE('',(#936),#529,.F.);
#8366=ADVANCED_FACE('',(#937),#530,.F.);
#8367=ADVANCED_FACE('',(#938),#531,.F.);
#8368=ADVANCED_FACE('',(#939),#532,.F.);
#8369=ADVANCED_FACE('',(#940),#533,.F.);
#8370=ADVANCED_FACE('',(#941),#534,.F.);
#8371=ADVANCED_FACE('',(#942,#397,#398,#399,#400,#401),#535,.T.);
#8372=ADVANCED_FACE('',(#943),#536,.F.);
#8373=ADVANCED_FACE('',(#944),#537,.F.);
#8374=ADVANCED_FACE('',(#945),#538,.F.);
#8375=ADVANCED_FACE('',(#946),#539,.F.);
#8376=ADVANCED_FACE('',(#947),#540,.T.);
#8377=ADVANCED_FACE('',(#948),#541,.F.);
#8378=ADVANCED_FACE('',(#949),#542,.T.);
#8379=ADVANCED_FACE('',(#950),#543,.T.);
#8380=ADVANCED_FACE('',(#951),#544,.T.);
#8381=ADVANCED_FACE('',(#952),#545,.T.);
#8382=ADVANCED_FACE('',(#953),#546,.T.);
#8383=ADVANCED_FACE('',(#954),#547,.F.);
#8384=ADVANCED_FACE('',(#955),#548,.F.);
#8385=ADVANCED_FACE('',(#956),#549,.F.);
#8386=ADVANCED_FACE('',(#957),#550,.F.);
#8387=ADVANCED_FACE('',(#958),#551,.T.);
#8388=ADVANCED_FACE('',(#959,#402),#552,.T.);
#8389=ADVANCED_FACE('',(#960,#403),#553,.T.);
#8390=ADVANCED_FACE('',(#961),#554,.T.);
#8391=ADVANCED_FACE('',(#962),#555,.F.);
#8392=ADVANCED_FACE('',(#963),#556,.T.);
#8393=ADVANCED_FACE('',(#964,#404),#557,.T.);
#8394=ADVANCED_FACE('',(#965,#405),#558,.T.);
#8395=ADVANCED_FACE('',(#966),#559,.T.);
#8396=ADVANCED_FACE('',(#967),#560,.T.);
#8397=ADVANCED_FACE('',(#968),#561,.T.);
#8398=ADVANCED_FACE('',(#969),#562,.T.);
#8399=ADVANCED_FACE('',(#970),#563,.T.);
#8400=ADVANCED_FACE('',(#971),#564,.F.);
#8401=ADVANCED_FACE('',(#972),#565,.F.);
#8402=ADVANCED_FACE('',(#973),#566,.F.);
#8403=ADVANCED_FACE('',(#974),#567,.F.);
#8404=ADVANCED_FACE('',(#975),#568,.F.);
#8405=ADVANCED_FACE('',(#976),#569,.F.);
#8406=ADVANCED_FACE('',(#977),#570,.F.);
#8407=ADVANCED_FACE('',(#978),#571,.F.);
#8408=ADVANCED_FACE('',(#979),#8079,.T.);
#8409=ADVANCED_FACE('',(#980),#8080,.T.);
#8410=ADVANCED_FACE('',(#981),#8081,.T.);
#8411=ADVANCED_FACE('',(#982),#125,.T.);
#8412=ADVANCED_FACE('',(#983),#8082,.T.);
#8413=ADVANCED_FACE('',(#984),#8083,.T.);
#8414=ADVANCED_FACE('',(#985),#8084,.T.);
#8415=ADVANCED_FACE('',(#986),#126,.T.);
#8416=ADVANCED_FACE('',(#987),#8085,.T.);
#8417=ADVANCED_FACE('',(#988),#8086,.T.);
#8418=ADVANCED_FACE('',(#989),#8087,.T.);
#8419=ADVANCED_FACE('',(#990),#8088,.T.);
#8420=ADVANCED_FACE('',(#991),#127,.T.);
#8421=ADVANCED_FACE('',(#992),#128,.T.);
#8422=ADVANCED_FACE('',(#993),#8089,.T.);
#8423=ADVANCED_FACE('',(#994),#8090,.T.);
#8424=ADVANCED_FACE('',(#995),#8091,.T.);
#8425=ADVANCED_FACE('',(#996),#8092,.T.);
#8426=ADVANCED_FACE('',(#997),#129,.T.);
#8427=ADVANCED_FACE('',(#998),#130,.T.);
#8428=ADVANCED_FACE('',(#999),#8093,.T.);
#8429=ADVANCED_FACE('',(#1000),#8094,.T.);
#8430=ADVANCED_FACE('',(#1001),#131,.T.);
#8431=ADVANCED_FACE('',(#1002),#8095,.T.);
#8432=ADVANCED_FACE('',(#1003),#8096,.T.);
#8433=ADVANCED_FACE('',(#1004),#8097,.T.);
#8434=ADVANCED_FACE('',(#1005),#8098,.T.);
#8435=ADVANCED_FACE('',(#1006),#132,.T.);
#8436=ADVANCED_FACE('',(#1007),#133,.T.);
#8437=ADVANCED_FACE('',(#1008),#8099,.T.);
#8438=ADVANCED_FACE('',(#1009),#8100,.T.);
#8439=ADVANCED_FACE('',(#1010),#8101,.T.);
#8440=ADVANCED_FACE('',(#1011),#8102,.T.);
#8441=ADVANCED_FACE('',(#1012),#134,.T.);
#8442=ADVANCED_FACE('',(#1013),#135,.T.);
#8443=ADVANCED_FACE('',(#1014),#8103,.T.);
#8444=ADVANCED_FACE('',(#1015),#8104,.T.);
#8445=ADVANCED_FACE('',(#1016),#8105,.T.);
#8446=ADVANCED_FACE('',(#1017),#136,.T.);
#8447=ADVANCED_FACE('',(#1018),#8106,.T.);
#8448=ADVANCED_FACE('',(#1019),#8107,.T.);
#8449=ADVANCED_FACE('',(#1020),#137,.T.);
#8450=ADVANCED_FACE('',(#1021),#8108,.T.);
#8451=ADVANCED_FACE('',(#1022),#8109,.F.);
#8452=ADVANCED_FACE('',(#1023),#572,.F.);
#8453=ADVANCED_FACE('',(#1024),#573,.F.);
#8454=ADVANCED_FACE('',(#1025),#574,.F.);
#8455=ADVANCED_FACE('',(#1026),#575,.F.);
#8456=ADVANCED_FACE('',(#1027),#576,.F.);
#8457=ADVANCED_FACE('',(#1028),#577,.F.);
#8458=ADVANCED_FACE('',(#1029),#578,.F.);
#8459=ADVANCED_FACE('',(#1030),#579,.F.);
#8460=ADVANCED_FACE('',(#1031),#580,.F.);
#8461=ADVANCED_FACE('',(#1032),#581,.F.);
#8462=ADVANCED_FACE('',(#1033),#582,.F.);
#8463=ADVANCED_FACE('',(#1034),#583,.F.);
#8464=ADVANCED_FACE('',(#1035),#584,.F.);
#8465=ADVANCED_FACE('',(#1036),#585,.F.);
#8466=ADVANCED_FACE('',(#1037),#586,.F.);
#8467=ADVANCED_FACE('',(#1038),#587,.F.);
#8468=ADVANCED_FACE('',(#1039),#588,.F.);
#8469=ADVANCED_FACE('',(#1040),#589,.F.);
#8470=ADVANCED_FACE('',(#1041),#590,.F.);
#8471=ADVANCED_FACE('',(#1042),#591,.F.);
#8472=ADVANCED_FACE('',(#1043),#592,.F.);
#8473=ADVANCED_FACE('',(#1044),#593,.F.);
#8474=ADVANCED_FACE('',(#1045),#594,.F.);
#8475=ADVANCED_FACE('',(#1046),#595,.F.);
#8476=ADVANCED_FACE('',(#1047),#596,.F.);
#8477=ADVANCED_FACE('',(#1048),#597,.F.);
#8478=ADVANCED_FACE('',(#1049),#598,.F.);
#8479=ADVANCED_FACE('',(#1050),#599,.F.);
#8480=ADVANCED_FACE('',(#1051),#600,.F.);
#8481=ADVANCED_FACE('',(#1052),#601,.F.);
#8482=ADVANCED_FACE('',(#1053),#602,.F.);
#8483=ADVANCED_FACE('',(#1054),#603,.F.);
#8484=ADVANCED_FACE('',(#1055),#604,.F.);
#8485=ADVANCED_FACE('',(#1056),#605,.F.);
#8486=ADVANCED_FACE('',(#1057),#606,.F.);
#8487=ADVANCED_FACE('',(#1058),#607,.F.);
#8488=ADVANCED_FACE('',(#1059),#608,.F.);
#8489=ADVANCED_FACE('',(#1060),#609,.F.);
#8490=ADVANCED_FACE('',(#1061),#610,.F.);
#8491=ADVANCED_FACE('',(#1062),#611,.F.);
#8492=ADVANCED_FACE('',(#1063),#612,.F.);
#8493=ADVANCED_FACE('',(#1064),#613,.F.);
#8494=ADVANCED_FACE('',(#1065),#614,.F.);
#8495=ADVANCED_FACE('',(#1066),#615,.F.);
#8496=ADVANCED_FACE('',(#1067),#616,.F.);
#8497=ADVANCED_FACE('',(#1068),#617,.F.);
#8498=ADVANCED_FACE('',(#1069),#618,.F.);
#8499=ADVANCED_FACE('',(#1070),#619,.F.);
#8500=ADVANCED_FACE('',(#1071),#620,.F.);
#8501=ADVANCED_FACE('',(#1072),#621,.F.);
#8502=ADVANCED_FACE('',(#1073),#622,.F.);
#8503=ADVANCED_FACE('',(#1074),#623,.F.);
#8504=ADVANCED_FACE('',(#1075),#624,.F.);
#8505=ADVANCED_FACE('',(#1076),#625,.F.);
#8506=ADVANCED_FACE('',(#1077),#626,.F.);
#8507=ADVANCED_FACE('',(#1078),#627,.T.);
#8508=ADVANCED_FACE('',(#1079),#628,.F.);
#8509=ADVANCED_FACE('',(#1080),#629,.F.);
#8510=ADVANCED_FACE('',(#1081),#630,.F.);
#8511=ADVANCED_FACE('',(#1082),#631,.F.);
#8512=ADVANCED_FACE('',(#1083),#632,.F.);
#8513=ADVANCED_FACE('',(#1084),#633,.F.);
#8514=ADVANCED_FACE('',(#1085),#634,.F.);
#8515=ADVANCED_FACE('',(#1086),#635,.F.);
#8516=ADVANCED_FACE('',(#1087),#636,.F.);
#8517=ADVANCED_FACE('',(#1088),#637,.F.);
#8518=ADVANCED_FACE('',(#1089),#638,.F.);
#8519=ADVANCED_FACE('',(#1090),#639,.F.);
#8520=ADVANCED_FACE('',(#1091),#640,.F.);
#8521=ADVANCED_FACE('',(#1092),#641,.F.);
#8522=ADVANCED_FACE('',(#1093),#642,.T.);
#8523=ADVANCED_FACE('',(#1094),#643,.T.);
#8524=ADVANCED_FACE('',(#1095),#644,.F.);
#8525=ADVANCED_FACE('',(#1096),#645,.F.);
#8526=ADVANCED_FACE('',(#1097),#646,.F.);
#8527=ADVANCED_FACE('',(#1098,#406,#407),#647,.F.);
#8528=ADVANCED_FACE('',(#1099),#648,.F.);
#8529=ADVANCED_FACE('',(#1100),#649,.T.);
#8530=ADVANCED_FACE('',(#1101),#650,.T.);
#8531=ADVANCED_FACE('',(#1102),#651,.T.);
#8532=ADVANCED_FACE('',(#1103),#652,.F.);
#8533=ADVANCED_FACE('',(#1104),#653,.F.);
#8534=ADVANCED_FACE('',(#1105),#654,.F.);
#8535=ADVANCED_FACE('',(#1106),#655,.F.);
#8536=ADVANCED_FACE('',(#1107),#656,.T.);
#8537=ADVANCED_FACE('',(#1108),#657,.F.);
#8538=ADVANCED_FACE('',(#1109),#658,.F.);
#8539=ADVANCED_FACE('',(#1110),#659,.F.);
#8540=ADVANCED_FACE('',(#1111),#660,.T.);
#8541=ADVANCED_FACE('',(#1112),#661,.T.);
#8542=ADVANCED_FACE('',(#1113),#662,.T.);
#8543=ADVANCED_FACE('',(#1114),#663,.T.);
#8544=ADVANCED_FACE('',(#1115),#664,.F.);
#8545=ADVANCED_FACE('',(#1116),#665,.F.);
#8546=ADVANCED_FACE('',(#1117),#666,.F.);
#8547=ADVANCED_FACE('',(#1118),#667,.T.);
#8548=ADVANCED_FACE('',(#1119),#668,.T.);
#8549=ADVANCED_FACE('',(#1120),#669,.F.);
#8550=ADVANCED_FACE('',(#1121),#670,.F.);
#8551=ADVANCED_FACE('',(#1122),#671,.F.);
#8552=ADVANCED_FACE('',(#1123),#672,.F.);
#8553=ADVANCED_FACE('',(#1124),#673,.T.);
#8554=ADVANCED_FACE('',(#1125),#674,.T.);
#8555=ADVANCED_FACE('',(#1126),#675,.F.);
#8556=ADVANCED_FACE('',(#1127),#676,.F.);
#8557=ADVANCED_FACE('',(#1128),#677,.T.);
#8558=ADVANCED_FACE('',(#1129),#678,.F.);
#8559=ADVANCED_FACE('',(#1130),#679,.F.);
#8560=ADVANCED_FACE('',(#1131),#680,.F.);
#8561=ADVANCED_FACE('',(#1132),#681,.F.);
#8562=ADVANCED_FACE('',(#1133),#682,.F.);
#8563=ADVANCED_FACE('',(#1134),#683,.F.);
#8564=ADVANCED_FACE('',(#1135),#684,.F.);
#8565=ADVANCED_FACE('',(#1136),#685,.T.);
#8566=ADVANCED_FACE('',(#1137),#686,.T.);
#8567=ADVANCED_FACE('',(#1138),#687,.T.);
#8568=ADVANCED_FACE('',(#1139),#688,.T.);
#8569=ADVANCED_FACE('',(#1140),#689,.T.);
#8570=ADVANCED_FACE('',(#1141),#690,.T.);
#8571=ADVANCED_FACE('',(#1142),#691,.T.);
#8572=ADVANCED_FACE('',(#1143),#8110,.T.);
#8573=ADVANCED_FACE('',(#1144),#8111,.T.);
#8574=ADVANCED_FACE('',(#1145),#8112,.T.);
#8575=ADVANCED_FACE('',(#1146),#8113,.T.);
#8576=ADVANCED_FACE('',(#1147),#8114,.T.);
#8577=ADVANCED_FACE('',(#1148),#8115,.T.);
#8578=ADVANCED_FACE('',(#1149),#138,.T.);
#8579=ADVANCED_FACE('',(#1150),#8116,.T.);
#8580=ADVANCED_FACE('',(#1151),#8117,.T.);
#8581=ADVANCED_FACE('',(#1152),#8118,.T.);
#8582=ADVANCED_FACE('',(#1153),#8119,.T.);
#8583=ADVANCED_FACE('',(#1154),#8120,.T.);
#8584=ADVANCED_FACE('',(#1155),#139,.T.);
#8585=ADVANCED_FACE('',(#1156),#8121,.T.);
#8586=ADVANCED_FACE('',(#1157),#8122,.T.);
#8587=ADVANCED_FACE('',(#1158),#8123,.T.);
#8588=ADVANCED_FACE('',(#1159),#140,.T.);
#8589=ADVANCED_FACE('',(#1160),#8124,.T.);
#8590=ADVANCED_FACE('',(#1161),#141,.T.);
#8591=ADVANCED_FACE('',(#1162),#142,.T.);
#8592=ADVANCED_FACE('',(#1163),#8125,.T.);
#8593=ADVANCED_FACE('',(#1164),#143,.T.);
#8594=ADVANCED_FACE('',(#1165),#8126,.T.);
#8595=ADVANCED_FACE('',(#1166),#8127,.T.);
#8596=ADVANCED_FACE('',(#1167),#8128,.T.);
#8597=ADVANCED_FACE('',(#1168),#8129,.T.);
#8598=ADVANCED_FACE('',(#1169),#8130,.T.);
#8599=ADVANCED_FACE('',(#1170),#144,.T.);
#8600=ADVANCED_FACE('',(#1171),#8131,.T.);
#8601=ADVANCED_FACE('',(#1172),#8132,.T.);
#8602=ADVANCED_FACE('',(#1173),#145,.T.);
#8603=ADVANCED_FACE('',(#1174),#8133,.T.);
#8604=ADVANCED_FACE('',(#1175),#8134,.T.);
#8605=ADVANCED_FACE('',(#1176),#8135,.T.);
#8606=ADVANCED_FACE('',(#1177),#8136,.T.);
#8607=ADVANCED_FACE('',(#1178),#8137,.T.);
#8608=ADVANCED_FACE('',(#1179),#8138,.T.);
#8609=ADVANCED_FACE('',(#1180),#8139,.T.);
#8610=ADVANCED_FACE('',(#1181),#692,.F.);
#8611=ADVANCED_FACE('',(#1182),#693,.F.);
#8612=ADVANCED_FACE('',(#1183),#694,.F.);
#8613=ADVANCED_FACE('',(#1184),#695,.F.);
#8614=ADVANCED_FACE('',(#1185),#696,.T.);
#8615=ADVANCED_FACE('',(#1186),#697,.F.);
#8616=ADVANCED_FACE('',(#1187),#698,.F.);
#8617=ADVANCED_FACE('',(#1188),#699,.F.);
#8618=ADVANCED_FACE('',(#1189),#700,.F.);
#8619=ADVANCED_FACE('',(#1190),#701,.F.);
#8620=ADVANCED_FACE('',(#1191),#8140,.F.);
#8621=ADVANCED_FACE('',(#1192),#8141,.F.);
#8622=ADVANCED_FACE('',(#1193),#8142,.F.);
#8623=ADVANCED_FACE('',(#1194),#8143,.F.);
#8624=ADVANCED_FACE('',(#1195),#8144,.F.);
#8625=ADVANCED_FACE('',(#1196),#8145,.F.);
#8626=ADVANCED_FACE('',(#1197),#8146,.F.);
#8627=ADVANCED_FACE('',(#1198),#8147,.F.);
#8628=ADVANCED_FACE('',(#1199,#408),#702,.T.);
#8629=ADVANCED_FACE('',(#1200),#703,.F.);
#8630=ADVANCED_FACE('',(#1201),#704,.F.);
#8631=ADVANCED_FACE('',(#1202),#705,.F.);
#8632=ADVANCED_FACE('',(#1203),#706,.T.);
#8633=ADVANCED_FACE('',(#1204),#707,.T.);
#8634=ADVANCED_FACE('',(#1205),#708,.T.);
#8635=ADVANCED_FACE('',(#1206),#709,.T.);
#8636=ADVANCED_FACE('',(#1207),#710,.T.);
#8637=ADVANCED_FACE('',(#1208),#711,.F.);
#8638=ADVANCED_FACE('',(#1209,#409),#712,.T.);
#8639=ADVANCED_FACE('',(#1210),#713,.F.);
#8640=ADVANCED_FACE('',(#1211),#714,.T.);
#8641=ADVANCED_FACE('',(#1212),#715,.T.);
#8642=ADVANCED_FACE('',(#1213,#410),#716,.T.);
#8643=ADVANCED_FACE('',(#1214),#717,.T.);
#8644=ADVANCED_FACE('',(#1215,#411),#718,.T.);
#8645=ADVANCED_FACE('',(#1216),#719,.T.);
#8646=ADVANCED_FACE('',(#1217,#412),#720,.T.);
#8647=ADVANCED_FACE('',(#1218),#721,.T.);
#8648=ADVANCED_FACE('',(#1219),#722,.T.);
#8649=ADVANCED_FACE('',(#1220),#8148,.F.);
#8650=ADVANCED_FACE('',(#1221),#8149,.F.);
#8651=ADVANCED_FACE('',(#1222),#8150,.F.);
#8652=ADVANCED_FACE('',(#1223),#8151,.F.);
#8653=CLOSED_SHELL('',(#8152,#8153,#8154,#8155,#8156,#8157,#8158,#8159,
#8160,#8161,#8162,#8163,#8164,#8165,#8166,#8167,#8168,#8169,#8170,#8171,
#8172,#8173,#8174));
#8654=CLOSED_SHELL('',(#8175,#8176,#8177,#8178,#8179,#8180,#8181,#8182,
#8183,#8184,#8185,#8186,#8187,#8188,#8189,#8190,#8191,#8192,#8193,#8194,
#8195,#8196,#8197,#8198,#8199,#8200,#8201,#8202,#8203,#8204,#8205,#8206,
#8207,#8208,#8209,#8210,#8211,#8212,#8213,#8214,#8215,#8216,#8217,#8218,
#8219,#8220,#8221,#8222,#8223,#8224,#8225,#8226,#8227,#8228));
#8655=CLOSED_SHELL('',(#8229));
#8656=CLOSED_SHELL('',(#8230));
#8657=CLOSED_SHELL('',(#8231));
#8658=CLOSED_SHELL('',(#8232));
#8659=CLOSED_SHELL('',(#8233));
#8660=CLOSED_SHELL('',(#8234));
#8661=CLOSED_SHELL('',(#8235));
#8662=CLOSED_SHELL('',(#8236,#8237,#8238,#8239,#8240,#8241,#8242));
#8663=CLOSED_SHELL('',(#8243,#8244,#8245,#8246,#8247,#8248,#8249,#8250));
#8664=CLOSED_SHELL('',(#8251,#8252,#8253,#8254,#8255,#8256,#8257,#8258));
#8665=CLOSED_SHELL('',(#8259,#8260,#8261,#8262,#8263,#8264,#8265));
#8666=CLOSED_SHELL('',(#8266));
#8667=CLOSED_SHELL('',(#8267,#8268,#8269,#8270,#8271,#8272,#8273,#8274,
#8275,#8276,#8277,#8278,#8279,#8280,#8281,#8282,#8283,#8284,#8285,#8286,
#8287,#8288,#8289,#8290,#8291,#8292,#8293,#8294,#8295,#8296,#8297,#8298,
#8299,#8300,#8301,#8302,#8303,#8304,#8305,#8306,#8307,#8308,#8309,#8310,
#8311,#8312,#8313,#8314,#8315,#8316,#8317,#8318,#8319,#8320,#8321,#8322,
#8323,#8324,#8325,#8326,#8327,#8328,#8329,#8330,#8331,#8332,#8333,#8334,
#8335,#8336,#8337,#8338,#8339,#8340,#8341,#8342,#8343,#8344,#8345,#8346,
#8347,#8348,#8349,#8350,#8351,#8352,#8353,#8354,#8355,#8356,#8357,#8358,
#8359,#8360,#8361,#8362,#8363,#8364,#8365,#8366,#8367,#8368,#8369,#8370,
#8371,#8372,#8373,#8374,#8375,#8376,#8377,#8378,#8379,#8380,#8381,#8382,
#8383,#8384,#8385,#8386,#8387,#8388,#8389,#8390,#8391,#8392,#8393,#8394,
#8395,#8396,#8397,#8398,#8399,#8400,#8401,#8402,#8403,#8404,#8405,#8406,
#8407,#8408,#8409,#8410,#8411,#8412,#8413,#8414,#8415,#8416,#8417,#8418,
#8419,#8420,#8421,#8422,#8423,#8424,#8425,#8426,#8427,#8428,#8429,#8430,
#8431,#8432,#8433,#8434,#8435,#8436,#8437,#8438,#8439,#8440,#8441,#8442,
#8443,#8444,#8445,#8446,#8447,#8448,#8449,#8450,#8451,#8452,#8453,#8454,
#8455,#8456,#8457,#8458,#8459,#8460,#8461,#8462,#8463,#8464,#8465,#8466,
#8467,#8468,#8469,#8470,#8471,#8472,#8473,#8474,#8475,#8476,#8477,#8478,
#8479,#8480,#8481,#8482,#8483,#8484,#8485,#8486,#8487,#8488,#8489,#8490,
#8491,#8492,#8493,#8494,#8495,#8496,#8497,#8498,#8499,#8500,#8501,#8502,
#8503,#8504,#8505,#8506,#8507,#8508,#8509,#8510,#8511,#8512,#8513,#8514,
#8515,#8516,#8517,#8518,#8519,#8520,#8521,#8522,#8523,#8524,#8525,#8526,
#8527,#8528,#8529,#8530,#8531,#8532,#8533,#8534,#8535,#8536,#8537,#8538,
#8539,#8540,#8541,#8542,#8543,#8544,#8545,#8546,#8547,#8548,#8549,#8550,
#8551,#8552,#8553,#8554,#8555,#8556,#8557,#8558,#8559,#8560,#8561,#8562,
#8563,#8564,#8565,#8566,#8567,#8568,#8569,#8570,#8571,#8572,#8573,#8574,
#8575,#8576,#8577,#8578,#8579,#8580,#8581,#8582,#8583,#8584,#8585,#8586,
#8587,#8588,#8589,#8590,#8591,#8592,#8593,#8594,#8595,#8596,#8597,#8598,
#8599,#8600,#8601,#8602,#8603,#8604,#8605,#8606,#8607,#8608,#8609,#8610,
#8611,#8612,#8613,#8614,#8615,#8616,#8617,#8618,#8619,#8620,#8621,#8622,
#8623,#8624,#8625,#8626,#8627,#8628,#8629,#8630,#8631,#8632,#8633,#8634,
#8635,#8636,#8637,#8638,#8639,#8640,#8641,#8642,#8643,#8644,#8645,#8646,
#8647,#8648,#8649,#8650,#8651,#8652));
#8668=DERIVED_UNIT_ELEMENT(#8678,1.);
#8669=DERIVED_UNIT_ELEMENT(#14791,-3.);
#8670=DERIVED_UNIT_ELEMENT(#8678,1.);
#8671=DERIVED_UNIT_ELEMENT(#14791,-3.);
#8672=DERIVED_UNIT_ELEMENT(#8678,1.);
#8673=DERIVED_UNIT_ELEMENT(#14791,-3.);
#8674=DERIVED_UNIT_ELEMENT(#8678,1.);
#8675=DERIVED_UNIT_ELEMENT(#14791,-3.);
#8676=DERIVED_UNIT_ELEMENT(#8678,1.);
#8677=DERIVED_UNIT_ELEMENT(#14791,-3.);
#8678=(
MASS_UNIT()
NAMED_UNIT(*)
SI_UNIT(.KILO.,.GRAM.)
);
#8679=DERIVED_UNIT((#8668,#8669));
#8680=DERIVED_UNIT((#8670,#8671));
#8681=DERIVED_UNIT((#8672,#8673));
#8682=DERIVED_UNIT((#8674,#8675));
#8683=DERIVED_UNIT((#8676,#8677));
#8684=MEASURE_REPRESENTATION_ITEM('density measure',
POSITIVE_RATIO_MEASURE(7850.),#8679);
#8685=MEASURE_REPRESENTATION_ITEM('density measure',
POSITIVE_RATIO_MEASURE(7850.),#8680);
#8686=MEASURE_REPRESENTATION_ITEM('density measure',
POSITIVE_RATIO_MEASURE(7850.),#8681);
#8687=MEASURE_REPRESENTATION_ITEM('density measure',
POSITIVE_RATIO_MEASURE(7850.),#8682);
#8688=MEASURE_REPRESENTATION_ITEM('density measure',
POSITIVE_RATIO_MEASURE(7850.),#8683);
#8689=PROPERTY_DEFINITION_REPRESENTATION(#8714,#8699);
#8690=PROPERTY_DEFINITION_REPRESENTATION(#8715,#8700);
#8691=PROPERTY_DEFINITION_REPRESENTATION(#8716,#8701);
#8692=PROPERTY_DEFINITION_REPRESENTATION(#8717,#8702);
#8693=PROPERTY_DEFINITION_REPRESENTATION(#8718,#8703);
#8694=PROPERTY_DEFINITION_REPRESENTATION(#8719,#8704);
#8695=PROPERTY_DEFINITION_REPRESENTATION(#8720,#8705);
#8696=PROPERTY_DEFINITION_REPRESENTATION(#8721,#8706);
#8697=PROPERTY_DEFINITION_REPRESENTATION(#8722,#8707);
#8698=PROPERTY_DEFINITION_REPRESENTATION(#8723,#8708);
#8699=REPRESENTATION('material name',(#8709),#14784);
#8700=REPRESENTATION('density',(#8684),#14784);
#8701=REPRESENTATION('material name',(#8710),#14785);
#8702=REPRESENTATION('density',(#8685),#14785);
#8703=REPRESENTATION('material name',(#8711),#14786);
#8704=REPRESENTATION('density',(#8686),#14786);
#8705=REPRESENTATION('material name',(#8712),#14787);
#8706=REPRESENTATION('density',(#8687),#14787);
#8707=REPRESENTATION('material name',(#8713),#14788);
#8708=REPRESENTATION('density',(#8688),#14788);
#8709=DESCRIPTIVE_REPRESENTATION_ITEM('Steel','Steel');
#8710=DESCRIPTIVE_REPRESENTATION_ITEM('Steel','Steel');
#8711=DESCRIPTIVE_REPRESENTATION_ITEM('Steel','Steel');
#8712=DESCRIPTIVE_REPRESENTATION_ITEM('Steel','Steel');
#8713=DESCRIPTIVE_REPRESENTATION_ITEM('Steel','Steel');
#8714=PROPERTY_DEFINITION('material property','material name',#14819);
#8715=PROPERTY_DEFINITION('material property','density of part',#14819);
#8716=PROPERTY_DEFINITION('material property','material name',#14820);
#8717=PROPERTY_DEFINITION('material property','density of part',#14820);
#8718=PROPERTY_DEFINITION('material property','material name',#14821);
#8719=PROPERTY_DEFINITION('material property','density of part',#14821);
#8720=PROPERTY_DEFINITION('material property','material name',#14822);
#8721=PROPERTY_DEFINITION('material property','density of part',#14822);
#8722=PROPERTY_DEFINITION('material property','material name',#14823);
#8723=PROPERTY_DEFINITION('material property','density of part',#14823);
#8724=AXIS2_PLACEMENT_3D('',#12154,#9610,#9611);
#8725=AXIS2_PLACEMENT_3D('',#12155,#9612,#9613);
#8726=AXIS2_PLACEMENT_3D('',#12156,#9614,#9615);
#8727=AXIS2_PLACEMENT_3D('',#12158,#9616,#9617);
#8728=AXIS2_PLACEMENT_3D('',#12161,#9619,#9620);
#8729=AXIS2_PLACEMENT_3D('',#12162,#9621,#9622);
#8730=AXIS2_PLACEMENT_3D('',#12164,#9623,#9624);
#8731=AXIS2_PLACEMENT_3D('',#12165,#9625,#9626);
#8732=AXIS2_PLACEMENT_3D('',#12167,#9627,#9628);
#8733=AXIS2_PLACEMENT_3D('',#12168,#9629,#9630);
#8734=AXIS2_PLACEMENT_3D('',#12170,#9631,#9632);
#8735=AXIS2_PLACEMENT_3D('',#12173,#9634,#9635);
#8736=AXIS2_PLACEMENT_3D('',#12174,#9636,#9637);
#8737=AXIS2_PLACEMENT_3D('',#12176,#9638,#9639);
#8738=AXIS2_PLACEMENT_3D('',#12177,#9640,#9641);
#8739=AXIS2_PLACEMENT_3D('',#12179,#9642,#9643);
#8740=AXIS2_PLACEMENT_3D('',#12180,#9644,#9645);
#8741=AXIS2_PLACEMENT_3D('',#12182,#9646,#9647);
#8742=AXIS2_PLACEMENT_3D('',#12185,#9649,#9650);
#8743=AXIS2_PLACEMENT_3D('',#12186,#9651,#9652);
#8744=AXIS2_PLACEMENT_3D('',#12188,#9653,#9654);
#8745=AXIS2_PLACEMENT_3D('',#12189,#9655,#9656);
#8746=AXIS2_PLACEMENT_3D('',#12191,#9657,#9658);
#8747=AXIS2_PLACEMENT_3D('',#12192,#9659,#9660);
#8748=AXIS2_PLACEMENT_3D('',#12194,#9662,#9663);
#8749=AXIS2_PLACEMENT_3D('',#12196,#9665,#9666);
#8750=AXIS2_PLACEMENT_3D('',#12199,#9668,#9669);
#8751=AXIS2_PLACEMENT_3D('',#12200,#9670,#9671);
#8752=AXIS2_PLACEMENT_3D('',#12202,#9672,#9673);
#8753=AXIS2_PLACEMENT_3D('',#12205,#9675,#9676);
#8754=AXIS2_PLACEMENT_3D('',#12206,#9677,#9678);
#8755=AXIS2_PLACEMENT_3D('',#12208,#9679,#9680);
#8756=AXIS2_PLACEMENT_3D('',#12209,#9681,#9682);
#8757=AXIS2_PLACEMENT_3D('',#12211,#9683,#9684);
#8758=AXIS2_PLACEMENT_3D('',#12214,#9686,#9687);
#8759=AXIS2_PLACEMENT_3D('',#12215,#9688,#9689);
#8760=AXIS2_PLACEMENT_3D('',#12216,#9690,#9691);
#8761=AXIS2_PLACEMENT_3D('',#12218,#9692,#9693);
#8762=AXIS2_PLACEMENT_3D('',#12221,#9695,#9696);
#8763=AXIS2_PLACEMENT_3D('',#12222,#9697,#9698);
#8764=AXIS2_PLACEMENT_3D('',#12223,#9699,#9700);
#8765=AXIS2_PLACEMENT_3D('',#12225,#9701,#9702);
#8766=AXIS2_PLACEMENT_3D('',#12227,#9704,#9705);
#8767=AXIS2_PLACEMENT_3D('',#12228,#9706,#9707);
#8768=AXIS2_PLACEMENT_3D('',#12229,#9708,#9709);
#8769=AXIS2_PLACEMENT_3D('',#12231,#9710,#9711);
#8770=AXIS2_PLACEMENT_3D('',#12233,#9713,#9714);
#8771=AXIS2_PLACEMENT_3D('',#12234,#9715,#9716);
#8772=AXIS2_PLACEMENT_3D('',#12235,#9717,#9718);
#8773=AXIS2_PLACEMENT_3D('',#12237,#9719,#9720);
#8774=AXIS2_PLACEMENT_3D('',#12240,#9722,#9723);
#8775=AXIS2_PLACEMENT_3D('',#12241,#9724,#9725);
#8776=AXIS2_PLACEMENT_3D('',#12242,#9726,#9727);
#8777=AXIS2_PLACEMENT_3D('',#12244,#9728,#9729);
#8778=AXIS2_PLACEMENT_3D('',#12247,#9731,#9732);
#8779=AXIS2_PLACEMENT_3D('',#12248,#9733,#9734);
#8780=AXIS2_PLACEMENT_3D('',#12249,#9735,#9736);
#8781=AXIS2_PLACEMENT_3D('',#12251,#9737,#9738);
#8782=AXIS2_PLACEMENT_3D('',#12254,#9740,#9741);
#8783=AXIS2_PLACEMENT_3D('',#12255,#9742,#9743);
#8784=AXIS2_PLACEMENT_3D('',#12256,#9744,#9745);
#8785=AXIS2_PLACEMENT_3D('',#12258,#9746,#9747);
#8786=AXIS2_PLACEMENT_3D('',#12261,#9749,#9750);
#8787=AXIS2_PLACEMENT_3D('',#12262,#9751,#9752);
#8788=AXIS2_PLACEMENT_3D('',#12263,#9753,#9754);
#8789=AXIS2_PLACEMENT_3D('',#12272,#9759,#9760);
#8790=AXIS2_PLACEMENT_3D('',#12278,#9764,#9765);
#8791=AXIS2_PLACEMENT_3D('',#12284,#9769,#9770);
#8792=AXIS2_PLACEMENT_3D('',#12287,#9773,#9774);
#8793=AXIS2_PLACEMENT_3D('',#12288,#9775,#9776);
#8794=AXIS2_PLACEMENT_3D('',#12297,#9781,#9782);
#8795=AXIS2_PLACEMENT_3D('',#12303,#9786,#9787);
#8796=AXIS2_PLACEMENT_3D('',#12309,#9791,#9792);
#8797=AXIS2_PLACEMENT_3D('',#12312,#9795,#9796);
#8798=AXIS2_PLACEMENT_3D('',#12313,#9797,#9798);
#8799=AXIS2_PLACEMENT_3D('',#12322,#9803,#9804);
#8800=AXIS2_PLACEMENT_3D('',#12336,#9812,#9813);
#8801=AXIS2_PLACEMENT_3D('',#12342,#9817,#9818);
#8802=AXIS2_PLACEMENT_3D('',#12346,#9821,#9822);
#8803=AXIS2_PLACEMENT_3D('',#12352,#9826,#9827);
#8804=AXIS2_PLACEMENT_3D('',#12356,#9830,#9831);
#8805=AXIS2_PLACEMENT_3D('',#12363,#9836,#9837);
#8806=AXIS2_PLACEMENT_3D('',#12369,#9840,#9841);
#8807=AXIS2_PLACEMENT_3D('',#12381,#9848,#9849);
#8808=AXIS2_PLACEMENT_3D('',#12385,#9852,#9853);
#8809=AXIS2_PLACEMENT_3D('',#12397,#9859,#9860);
#8810=AXIS2_PLACEMENT_3D('',#12405,#9864,#9865);
#8811=AXIS2_PLACEMENT_3D('',#12409,#9868,#9869);
#8812=AXIS2_PLACEMENT_3D('',#12411,#9871,#9872);
#8813=AXIS2_PLACEMENT_3D('',#12413,#9874,#9875);
#8814=AXIS2_PLACEMENT_3D('',#12415,#9877,#9878);
#8815=AXIS2_PLACEMENT_3D('',#12421,#9882,#9883);
#8816=AXIS2_PLACEMENT_3D('',#12423,#9884,#9885);
#8817=AXIS2_PLACEMENT_3D('',#12425,#9887,#9888);
#8818=AXIS2_PLACEMENT_3D('',#12429,#9891,#9892);
#8819=AXIS2_PLACEMENT_3D('',#12435,#9895,#9896);
#8820=AXIS2_PLACEMENT_3D('',#12439,#9899,#9900);
#8821=AXIS2_PLACEMENT_3D('',#12445,#9904,#9905);
#8822=AXIS2_PLACEMENT_3D('',#12448,#9907,#9908);
#8823=AXIS2_PLACEMENT_3D('',#12449,#9909,#9910);
#8824=AXIS2_PLACEMENT_3D('',#12453,#9913,#9914);
#8825=AXIS2_PLACEMENT_3D('',#12459,#9918,#9919);
#8826=AXIS2_PLACEMENT_3D('',#12463,#9922,#9923);
#8827=AXIS2_PLACEMENT_3D('',#12467,#9926,#9927);
#8828=AXIS2_PLACEMENT_3D('',#12471,#9930,#9931);
#8829=AXIS2_PLACEMENT_3D('',#12475,#9934,#9935);
#8830=AXIS2_PLACEMENT_3D('',#12481,#9939,#9940);
#8831=AXIS2_PLACEMENT_3D('',#12487,#9944,#9945);
#8832=AXIS2_PLACEMENT_3D('',#12488,#9946,#9947);
#8833=AXIS2_PLACEMENT_3D('',#12489,#9948,#9949);
#8834=AXIS2_PLACEMENT_3D('',#12495,#9953,#9954);
#8835=AXIS2_PLACEMENT_3D('',#12505,#9960,#9961);
#8836=AXIS2_PLACEMENT_3D('',#12509,#9964,#9965);
#8837=AXIS2_PLACEMENT_3D('',#12513,#9968,#9969);
#8838=AXIS2_PLACEMENT_3D('',#12517,#9972,#9973);
#8839=AXIS2_PLACEMENT_3D('',#12521,#9976,#9977);
#8840=AXIS2_PLACEMENT_3D('',#12523,#9979,#9980);
#8841=AXIS2_PLACEMENT_3D('',#12524,#9981,#9982);
#8842=AXIS2_PLACEMENT_3D('',#12525,#9983,#9984);
#8843=AXIS2_PLACEMENT_3D('',#12528,#9985,#9986);
#8844=AXIS2_PLACEMENT_3D('',#12529,#9987,#9988);
#8845=AXIS2_PLACEMENT_3D('',#12532,#9989,#9990);
#8846=AXIS2_PLACEMENT_3D('',#12533,#9991,#9992);
#8847=AXIS2_PLACEMENT_3D('',#12536,#9993,#9994);
#8848=AXIS2_PLACEMENT_3D('',#12537,#9995,#9996);
#8849=AXIS2_PLACEMENT_3D('',#12540,#9997,#9998);
#8850=AXIS2_PLACEMENT_3D('',#12541,#9999,#10000);
#8851=AXIS2_PLACEMENT_3D('',#12544,#10001,#10002);
#8852=AXIS2_PLACEMENT_3D('',#12545,#10003,#10004);
#8853=AXIS2_PLACEMENT_3D('',#12548,#10005,#10006);
#8854=AXIS2_PLACEMENT_3D('',#12549,#10007,#10008);
#8855=AXIS2_PLACEMENT_3D('',#12552,#10009,#10010);
#8856=AXIS2_PLACEMENT_3D('',#12553,#10011,#10012);
#8857=AXIS2_PLACEMENT_3D('',#12555,#10013,#10014);
#8858=AXIS2_PLACEMENT_3D('',#12558,#10016,#10017);
#8859=AXIS2_PLACEMENT_3D('',#12559,#10018,#10019);
#8860=AXIS2_PLACEMENT_3D('',#12561,#10020,#10021);
#8861=AXIS2_PLACEMENT_3D('',#12563,#10022,#10023);
#8862=AXIS2_PLACEMENT_3D('',#12564,#10024,#10025);
#8863=AXIS2_PLACEMENT_3D('',#12565,#10026,#10027);
#8864=AXIS2_PLACEMENT_3D('',#12567,#10028,#10029);
#8865=AXIS2_PLACEMENT_3D('',#12569,#10031,#10032);
#8866=AXIS2_PLACEMENT_3D('',#12571,#10033,#10034);
#8867=AXIS2_PLACEMENT_3D('',#12574,#10036,#10037);
#8868=AXIS2_PLACEMENT_3D('',#12575,#10038,#10039);
#8869=AXIS2_PLACEMENT_3D('',#12576,#10040,#10041);
#8870=AXIS2_PLACEMENT_3D('',#12577,#10042,#10043);
#8871=AXIS2_PLACEMENT_3D('',#12578,#10044,#10045);
#8872=AXIS2_PLACEMENT_3D('',#12581,#10046,#10047);
#8873=AXIS2_PLACEMENT_3D('',#12582,#10048,#10049);
#8874=AXIS2_PLACEMENT_3D('',#12585,#10051,#10052);
#8875=AXIS2_PLACEMENT_3D('',#12586,#10053,#10054);
#8876=AXIS2_PLACEMENT_3D('',#12589,#10056,#10057);
#8877=AXIS2_PLACEMENT_3D('',#12590,#10058,#10059);
#8878=AXIS2_PLACEMENT_3D('',#12592,#10060,#10061);
#8879=AXIS2_PLACEMENT_3D('',#12595,#10063,#10064);
#8880=AXIS2_PLACEMENT_3D('',#12596,#10065,#10066);
#8881=AXIS2_PLACEMENT_3D('',#12598,#10067,#10068);
#8882=AXIS2_PLACEMENT_3D('',#12599,#10069,#10070);
#8883=AXIS2_PLACEMENT_3D('',#12600,#10071,#10072);
#8884=AXIS2_PLACEMENT_3D('',#12603,#10074,#10075);
#8885=AXIS2_PLACEMENT_3D('',#12604,#10076,#10077);
#8886=AXIS2_PLACEMENT_3D('',#12607,#10079,#10080);
#8887=AXIS2_PLACEMENT_3D('',#12608,#10081,#10082);
#8888=AXIS2_PLACEMENT_3D('',#12609,#10083,#10084);
#8889=AXIS2_PLACEMENT_3D('',#12610,#10085,#10086);
#8890=AXIS2_PLACEMENT_3D('',#12612,#10087,#10088);
#8891=AXIS2_PLACEMENT_3D('',#12614,#10089,#10090);
#8892=AXIS2_PLACEMENT_3D('',#12615,#10091,#10092);
#8893=AXIS2_PLACEMENT_3D('',#12616,#10093,#10094);
#8894=AXIS2_PLACEMENT_3D('',#12618,#10095,#10096);
#8895=AXIS2_PLACEMENT_3D('',#12620,#10098,#10099);
#8896=AXIS2_PLACEMENT_3D('',#12623,#10101,#10102);
#8897=AXIS2_PLACEMENT_3D('',#12624,#10103,#10104);
#8898=AXIS2_PLACEMENT_3D('',#12627,#10105,#10106);
#8899=AXIS2_PLACEMENT_3D('',#12630,#10108,#10109);
#8900=AXIS2_PLACEMENT_3D('',#12631,#10110,#10111);
#8901=AXIS2_PLACEMENT_3D('',#12632,#10112,#10113);
#8902=AXIS2_PLACEMENT_3D('',#12635,#10115,#10116);
#8903=AXIS2_PLACEMENT_3D('',#12636,#10117,#10118);
#8904=AXIS2_PLACEMENT_3D('',#12639,#10120,#10121);
#8905=AXIS2_PLACEMENT_3D('',#12640,#10122,#10123);
#8906=AXIS2_PLACEMENT_3D('',#12641,#10124,#10125);
#8907=AXIS2_PLACEMENT_3D('',#12642,#10126,#10127);
#8908=AXIS2_PLACEMENT_3D('',#12644,#10128,#10129);
#8909=AXIS2_PLACEMENT_3D('',#12647,#10131,#10132);
#8910=AXIS2_PLACEMENT_3D('',#12648,#10133,#10134);
#8911=AXIS2_PLACEMENT_3D('',#12650,#10135,#10136);
#8912=AXIS2_PLACEMENT_3D('',#12653,#10138,#10139);
#8913=AXIS2_PLACEMENT_3D('',#12654,#10140,#10141);
#8914=AXIS2_PLACEMENT_3D('',#12656,#10142,#10143);
#8915=AXIS2_PLACEMENT_3D('',#12659,#10145,#10146);
#8916=AXIS2_PLACEMENT_3D('',#12660,#10147,#10148);
#8917=AXIS2_PLACEMENT_3D('',#12662,#10149,#10150);
#8918=AXIS2_PLACEMENT_3D('',#12663,#10151,#10152);
#8919=AXIS2_PLACEMENT_3D('',#12664,#10153,#10154);
#8920=AXIS2_PLACEMENT_3D('',#12665,#10155,#10156);
#8921=AXIS2_PLACEMENT_3D('',#12666,#10157,#10158);
#8922=AXIS2_PLACEMENT_3D('',#12667,#10159,#10160);
#8923=AXIS2_PLACEMENT_3D('',#12668,#10161,#10162);
#8924=AXIS2_PLACEMENT_3D('',#12670,#10163,#10164);
#8925=AXIS2_PLACEMENT_3D('',#12671,#10165,#10166);
#8926=AXIS2_PLACEMENT_3D('',#12672,#10167,#10168);
#8927=AXIS2_PLACEMENT_3D('',#12673,#10169,#10170);
#8928=AXIS2_PLACEMENT_3D('',#12678,#10172,#10173);
#8929=AXIS2_PLACEMENT_3D('',#12683,#10174,#10175);
#8930=AXIS2_PLACEMENT_3D('',#12684,#10176,#10177);
#8931=AXIS2_PLACEMENT_3D('',#12686,#10178,#10179);
#8932=AXIS2_PLACEMENT_3D('',#12689,#10181,#10182);
#8933=AXIS2_PLACEMENT_3D('',#12690,#10183,#10184);
#8934=AXIS2_PLACEMENT_3D('',#12692,#10185,#10186);
#8935=AXIS2_PLACEMENT_3D('',#12695,#10188,#10189);
#8936=AXIS2_PLACEMENT_3D('',#12696,#10190,#10191);
#8937=AXIS2_PLACEMENT_3D('',#12698,#10192,#10193);
#8938=AXIS2_PLACEMENT_3D('',#12701,#10195,#10196);
#8939=AXIS2_PLACEMENT_3D('',#12702,#10197,#10198);
#8940=AXIS2_PLACEMENT_3D('',#12704,#10199,#10200);
#8941=AXIS2_PLACEMENT_3D('',#12708,#10202,#10203);
#8942=AXIS2_PLACEMENT_3D('',#12709,#10204,#10205);
#8943=AXIS2_PLACEMENT_3D('',#12710,#10206,#10207);
#8944=AXIS2_PLACEMENT_3D('',#12712,#10208,#10209);
#8945=AXIS2_PLACEMENT_3D('',#12715,#10211,#10212);
#8946=AXIS2_PLACEMENT_3D('',#12716,#10213,#10214);
#8947=AXIS2_PLACEMENT_3D('',#12718,#10215,#10216);
#8948=AXIS2_PLACEMENT_3D('',#12722,#10218,#10219);
#8949=AXIS2_PLACEMENT_3D('',#12723,#10220,#10221);
#8950=AXIS2_PLACEMENT_3D('',#12724,#10222,#10223);
#8951=AXIS2_PLACEMENT_3D('',#12726,#10224,#10225);
#8952=AXIS2_PLACEMENT_3D('',#12729,#10227,#10228);
#8953=AXIS2_PLACEMENT_3D('',#12730,#10229,#10230);
#8954=AXIS2_PLACEMENT_3D('',#12732,#10231,#10232);
#8955=AXIS2_PLACEMENT_3D('',#12736,#10234,#10235);
#8956=AXIS2_PLACEMENT_3D('',#12737,#10236,#10237);
#8957=AXIS2_PLACEMENT_3D('',#12738,#10238,#10239);
#8958=AXIS2_PLACEMENT_3D('',#12740,#10240,#10241);
#8959=AXIS2_PLACEMENT_3D('',#12743,#10243,#10244);
#8960=AXIS2_PLACEMENT_3D('',#12744,#10245,#10246);
#8961=AXIS2_PLACEMENT_3D('',#12746,#10247,#10248);
#8962=AXIS2_PLACEMENT_3D('',#12750,#10250,#10251);
#8963=AXIS2_PLACEMENT_3D('',#12752,#10252,#10253);
#8964=AXIS2_PLACEMENT_3D('',#12754,#10254,#10255);
#8965=AXIS2_PLACEMENT_3D('',#12755,#10256,#10257);
#8966=AXIS2_PLACEMENT_3D('',#12756,#10258,#10259);
#8967=AXIS2_PLACEMENT_3D('',#12759,#10260,#10261);
#8968=AXIS2_PLACEMENT_3D('',#12766,#10262,#10263);
#8969=AXIS2_PLACEMENT_3D('',#12768,#10264,#10265);
#8970=AXIS2_PLACEMENT_3D('',#12787,#10266,#10267);
#8971=AXIS2_PLACEMENT_3D('',#12789,#10268,#10269);
#8972=AXIS2_PLACEMENT_3D('',#12796,#10270,#10271);
#8973=AXIS2_PLACEMENT_3D('',#12798,#10272,#10273);
#8974=AXIS2_PLACEMENT_3D('',#12800,#10274,#10275);
#8975=AXIS2_PLACEMENT_3D('',#12801,#10276,#10277);
#8976=AXIS2_PLACEMENT_3D('',#12803,#10278,#10279);
#8977=AXIS2_PLACEMENT_3D('',#12810,#10280,#10281);
#8978=AXIS2_PLACEMENT_3D('',#12812,#10282,#10283);
#8979=AXIS2_PLACEMENT_3D('',#12831,#10284,#10285);
#8980=AXIS2_PLACEMENT_3D('',#12833,#10286,#10287);
#8981=AXIS2_PLACEMENT_3D('',#12838,#10288,#10289);
#8982=AXIS2_PLACEMENT_3D('',#12853,#10290,#10291);
#8983=AXIS2_PLACEMENT_3D('',#12855,#10292,#10293);
#8984=AXIS2_PLACEMENT_3D('',#12862,#10294,#10295);
#8985=AXIS2_PLACEMENT_3D('',#12869,#10296,#10297);
#8986=AXIS2_PLACEMENT_3D('',#12871,#10298,#10299);
#8987=AXIS2_PLACEMENT_3D('',#12883,#10300,#10301);
#8988=AXIS2_PLACEMENT_3D('',#12885,#10302,#10303);
#8989=AXIS2_PLACEMENT_3D('',#12886,#10304,#10305);
#8990=AXIS2_PLACEMENT_3D('',#12898,#10306,#10307);
#8991=AXIS2_PLACEMENT_3D('',#12900,#10308,#10309);
#8992=AXIS2_PLACEMENT_3D('',#12907,#10310,#10311);
#8993=AXIS2_PLACEMENT_3D('',#12914,#10312,#10313);
#8994=AXIS2_PLACEMENT_3D('',#12916,#10314,#10315);
#8995=AXIS2_PLACEMENT_3D('',#12921,#10316,#10317);
#8996=AXIS2_PLACEMENT_3D('',#12924,#10318,#10319);
#8997=AXIS2_PLACEMENT_3D('',#12931,#10320,#10321);
#8998=AXIS2_PLACEMENT_3D('',#12933,#10322,#10323);
#8999=AXIS2_PLACEMENT_3D('',#12952,#10324,#10325);
#9000=AXIS2_PLACEMENT_3D('',#12954,#10326,#10327);
#9001=AXIS2_PLACEMENT_3D('',#12961,#10328,#10329);
#9002=AXIS2_PLACEMENT_3D('',#12963,#10330,#10331);
#9003=AXIS2_PLACEMENT_3D('',#12965,#10332,#10333);
#9004=AXIS2_PLACEMENT_3D('',#12966,#10334,#10335);
#9005=AXIS2_PLACEMENT_3D('',#12968,#10336,#10337);
#9006=AXIS2_PLACEMENT_3D('',#12975,#10338,#10339);
#9007=AXIS2_PLACEMENT_3D('',#12977,#10340,#10341);
#9008=AXIS2_PLACEMENT_3D('',#12996,#10342,#10343);
#9009=AXIS2_PLACEMENT_3D('',#12998,#10344,#10345);
#9010=AXIS2_PLACEMENT_3D('',#13003,#10346,#10347);
#9011=AXIS2_PLACEMENT_3D('',#13018,#10348,#10349);
#9012=AXIS2_PLACEMENT_3D('',#13020,#10350,#10351);
#9013=AXIS2_PLACEMENT_3D('',#13027,#10352,#10353);
#9014=AXIS2_PLACEMENT_3D('',#13034,#10354,#10355);
#9015=AXIS2_PLACEMENT_3D('',#13036,#10356,#10357);
#9016=AXIS2_PLACEMENT_3D('',#13048,#10358,#10359);
#9017=AXIS2_PLACEMENT_3D('',#13050,#10360,#10361);
#9018=AXIS2_PLACEMENT_3D('',#13051,#10362,#10363);
#9019=AXIS2_PLACEMENT_3D('',#13063,#10364,#10365);
#9020=AXIS2_PLACEMENT_3D('',#13065,#10366,#10367);
#9021=AXIS2_PLACEMENT_3D('',#13072,#10368,#10369);
#9022=AXIS2_PLACEMENT_3D('',#13079,#10370,#10371);
#9023=AXIS2_PLACEMENT_3D('',#13081,#10372,#10373);
#9024=AXIS2_PLACEMENT_3D('',#13086,#10374,#10375);
#9025=AXIS2_PLACEMENT_3D('',#13088,#10376,#10377);
#9026=AXIS2_PLACEMENT_3D('',#13090,#10378,#10379);
#9027=AXIS2_PLACEMENT_3D('',#13092,#10380,#10381);
#9028=AXIS2_PLACEMENT_3D('',#13093,#10382,#10383);
#9029=AXIS2_PLACEMENT_3D('',#13094,#10384,#10385);
#9030=AXIS2_PLACEMENT_3D('',#13096,#10386,#10387);
#9031=AXIS2_PLACEMENT_3D('',#13098,#10388,#10389);
#9032=AXIS2_PLACEMENT_3D('',#13099,#10390,#10391);
#9033=AXIS2_PLACEMENT_3D('',#13100,#10392,#10393);
#9034=AXIS2_PLACEMENT_3D('',#13102,#10394,#10395);
#9035=AXIS2_PLACEMENT_3D('',#13104,#10396,#10397);
#9036=AXIS2_PLACEMENT_3D('',#13105,#10398,#10399);
#9037=AXIS2_PLACEMENT_3D('',#13106,#10400,#10401);
#9038=AXIS2_PLACEMENT_3D('',#13108,#10402,#10403);
#9039=AXIS2_PLACEMENT_3D('',#13110,#10404,#10405);
#9040=AXIS2_PLACEMENT_3D('',#13111,#10406,#10407);
#9041=AXIS2_PLACEMENT_3D('',#13112,#10408,#10409);
#9042=AXIS2_PLACEMENT_3D('',#13114,#10410,#10411);
#9043=AXIS2_PLACEMENT_3D('',#13116,#10412,#10413);
#9044=AXIS2_PLACEMENT_3D('',#13117,#10414,#10415);
#9045=AXIS2_PLACEMENT_3D('',#13118,#10416,#10417);
#9046=AXIS2_PLACEMENT_3D('',#13120,#10418,#10419);
#9047=AXIS2_PLACEMENT_3D('',#13122,#10420,#10421);
#9048=AXIS2_PLACEMENT_3D('',#13123,#10422,#10423);
#9049=AXIS2_PLACEMENT_3D('',#13124,#10424,#10425);
#9050=AXIS2_PLACEMENT_3D('',#13126,#10426,#10427);
#9051=AXIS2_PLACEMENT_3D('',#13128,#10428,#10429);
#9052=AXIS2_PLACEMENT_3D('',#13129,#10430,#10431);
#9053=AXIS2_PLACEMENT_3D('',#13130,#10432,#10433);
#9054=AXIS2_PLACEMENT_3D('',#13131,#10434,#10435);
#9055=AXIS2_PLACEMENT_3D('',#13136,#10436,#10437);
#9056=AXIS2_PLACEMENT_3D('',#13137,#10438,#10439);
#9057=AXIS2_PLACEMENT_3D('',#13140,#10440,#10441);
#9058=AXIS2_PLACEMENT_3D('',#13141,#10442,#10443);
#9059=AXIS2_PLACEMENT_3D('',#13144,#10445,#10446);
#9060=AXIS2_PLACEMENT_3D('',#13145,#10447,#10448);
#9061=AXIS2_PLACEMENT_3D('',#13147,#10449,#10450);
#9062=AXIS2_PLACEMENT_3D('',#13149,#10452,#10453);
#9063=AXIS2_PLACEMENT_3D('',#13151,#10454,#10455);
#9064=AXIS2_PLACEMENT_3D('',#13153,#10457,#10458);
#9065=AXIS2_PLACEMENT_3D('',#13155,#10459,#10460);
#9066=AXIS2_PLACEMENT_3D('',#13157,#10462,#10463);
#9067=AXIS2_PLACEMENT_3D('',#13159,#10464,#10465);
#9068=AXIS2_PLACEMENT_3D('',#13161,#10467,#10468);
#9069=AXIS2_PLACEMENT_3D('',#13163,#10469,#10470);
#9070=AXIS2_PLACEMENT_3D('',#13165,#10472,#10473);
#9071=AXIS2_PLACEMENT_3D('',#13167,#10474,#10475);
#9072=AXIS2_PLACEMENT_3D('',#13169,#10477,#10478);
#9073=AXIS2_PLACEMENT_3D('',#13171,#10479,#10480);
#9074=AXIS2_PLACEMENT_3D('',#13173,#10482,#10483);
#9075=AXIS2_PLACEMENT_3D('',#13175,#10484,#10485);
#9076=AXIS2_PLACEMENT_3D('',#13177,#10487,#10488);
#9077=AXIS2_PLACEMENT_3D('',#13180,#10490,#10491);
#9078=AXIS2_PLACEMENT_3D('',#13181,#10492,#10493);
#9079=AXIS2_PLACEMENT_3D('',#13183,#10494,#10495);
#9080=AXIS2_PLACEMENT_3D('',#13186,#10497,#10498);
#9081=AXIS2_PLACEMENT_3D('',#13187,#10499,#10500);
#9082=AXIS2_PLACEMENT_3D('',#13189,#10501,#10502);
#9083=AXIS2_PLACEMENT_3D('',#13191,#10504,#10505);
#9084=AXIS2_PLACEMENT_3D('',#13193,#10506,#10507);
#9085=AXIS2_PLACEMENT_3D('',#13198,#10510,#10511);
#9086=AXIS2_PLACEMENT_3D('',#13200,#10513,#10514);
#9087=AXIS2_PLACEMENT_3D('',#13202,#10515,#10516);
#9088=AXIS2_PLACEMENT_3D('',#13205,#10518,#10519);
#9089=AXIS2_PLACEMENT_3D('',#13206,#10520,#10521);
#9090=AXIS2_PLACEMENT_3D('',#13208,#10522,#10523);
#9091=AXIS2_PLACEMENT_3D('',#13210,#10525,#10526);
#9092=AXIS2_PLACEMENT_3D('',#13212,#10527,#10528);
#9093=AXIS2_PLACEMENT_3D('',#13215,#10530,#10531);
#9094=AXIS2_PLACEMENT_3D('',#13216,#10532,#10533);
#9095=AXIS2_PLACEMENT_3D('',#13219,#10535,#10536);
#9096=AXIS2_PLACEMENT_3D('',#13221,#10537,#10538);
#9097=AXIS2_PLACEMENT_3D('',#13224,#10540,#10541);
#9098=AXIS2_PLACEMENT_3D('',#13225,#10542,#10543);
#9099=AXIS2_PLACEMENT_3D('',#13228,#10545,#10546);
#9100=AXIS2_PLACEMENT_3D('',#13230,#10547,#10548);
#9101=AXIS2_PLACEMENT_3D('',#13233,#10550,#10551);
#9102=AXIS2_PLACEMENT_3D('',#13234,#10552,#10553);
#9103=AXIS2_PLACEMENT_3D('',#13237,#10555,#10556);
#9104=AXIS2_PLACEMENT_3D('',#13239,#10557,#10558);
#9105=AXIS2_PLACEMENT_3D('',#13242,#10560,#10561);
#9106=AXIS2_PLACEMENT_3D('',#13243,#10562,#10563);
#9107=AXIS2_PLACEMENT_3D('',#13246,#10565,#10566);
#9108=AXIS2_PLACEMENT_3D('',#13248,#10567,#10568);
#9109=AXIS2_PLACEMENT_3D('',#13250,#10570,#10571);
#9110=AXIS2_PLACEMENT_3D('',#13256,#10575,#10576);
#9111=AXIS2_PLACEMENT_3D('',#13265,#10581,#10582);
#9112=AXIS2_PLACEMENT_3D('',#13274,#10587,#10588);
#9113=AXIS2_PLACEMENT_3D('',#13309,#10607,#10608);
#9114=AXIS2_PLACEMENT_3D('',#13316,#10613,#10614);
#9115=AXIS2_PLACEMENT_3D('',#13323,#10619,#10620);
#9116=AXIS2_PLACEMENT_3D('',#13326,#10623,#10624);
#9117=AXIS2_PLACEMENT_3D('',#13332,#10628,#10629);
#9118=AXIS2_PLACEMENT_3D('',#13339,#10634,#10635);
#9119=AXIS2_PLACEMENT_3D('',#13345,#10639,#10640);
#9120=AXIS2_PLACEMENT_3D('',#13350,#10642,#10643);
#9121=AXIS2_PLACEMENT_3D('',#13365,#10651,#10652);
#9122=AXIS2_PLACEMENT_3D('',#13366,#10653,#10654);
#9123=AXIS2_PLACEMENT_3D('',#13371,#10656,#10657);
#9124=AXIS2_PLACEMENT_3D('',#13380,#10663,#10664);
#9125=AXIS2_PLACEMENT_3D('',#13393,#10670,#10671);
#9126=AXIS2_PLACEMENT_3D('',#13397,#10673,#10674);
#9127=AXIS2_PLACEMENT_3D('',#13401,#10676,#10677);
#9128=AXIS2_PLACEMENT_3D('',#13404,#10679,#10680);
#9129=AXIS2_PLACEMENT_3D('',#13409,#10682,#10683);
#9130=AXIS2_PLACEMENT_3D('',#13413,#10685,#10686);
#9131=AXIS2_PLACEMENT_3D('',#13417,#10688,#10689);
#9132=AXIS2_PLACEMENT_3D('',#13421,#10691,#10692);
#9133=AXIS2_PLACEMENT_3D('',#13423,#10693,#10694);
#9134=AXIS2_PLACEMENT_3D('',#13435,#10700,#10701);
#9135=AXIS2_PLACEMENT_3D('',#13437,#10702,#10703);
#9136=AXIS2_PLACEMENT_3D('',#13440,#10705,#10706);
#9137=AXIS2_PLACEMENT_3D('',#13441,#10707,#10708);
#9138=AXIS2_PLACEMENT_3D('',#13444,#10709,#10710);
#9139=AXIS2_PLACEMENT_3D('',#13446,#10711,#10712);
#9140=AXIS2_PLACEMENT_3D('',#13458,#10718,#10719);
#9141=AXIS2_PLACEMENT_3D('',#13460,#10721,#10722);
#9142=AXIS2_PLACEMENT_3D('',#13465,#10724,#10725);
#9143=AXIS2_PLACEMENT_3D('',#13467,#10726,#10727);
#9144=AXIS2_PLACEMENT_3D('',#13471,#10729,#10730);
#9145=AXIS2_PLACEMENT_3D('',#13479,#10735,#10736);
#9146=AXIS2_PLACEMENT_3D('',#13488,#10740,#10741);
#9147=AXIS2_PLACEMENT_3D('',#13498,#10747,#10748);
#9148=AXIS2_PLACEMENT_3D('',#13516,#10757,#10758);
#9149=AXIS2_PLACEMENT_3D('',#13517,#10759,#10760);
#9150=AXIS2_PLACEMENT_3D('',#13521,#10763,#10764);
#9151=AXIS2_PLACEMENT_3D('',#13525,#10767,#10768);
#9152=AXIS2_PLACEMENT_3D('',#13527,#10770,#10771);
#9153=AXIS2_PLACEMENT_3D('',#13531,#10774,#10775);
#9154=AXIS2_PLACEMENT_3D('',#13535,#10778,#10779);
#9155=AXIS2_PLACEMENT_3D('',#13539,#10782,#10783);
#9156=AXIS2_PLACEMENT_3D('',#13541,#10785,#10786);
#9157=AXIS2_PLACEMENT_3D('',#13545,#10789,#10790);
#9158=AXIS2_PLACEMENT_3D('',#13549,#10793,#10794);
#9159=AXIS2_PLACEMENT_3D('',#13551,#10796,#10797);
#9160=AXIS2_PLACEMENT_3D('',#13555,#10800,#10801);
#9161=AXIS2_PLACEMENT_3D('',#13559,#10804,#10805);
#9162=AXIS2_PLACEMENT_3D('',#13561,#10807,#10808);
#9163=AXIS2_PLACEMENT_3D('',#13565,#10811,#10812);
#9164=AXIS2_PLACEMENT_3D('',#13569,#10815,#10816);
#9165=AXIS2_PLACEMENT_3D('',#13573,#10819,#10820);
#9166=AXIS2_PLACEMENT_3D('',#13575,#10822,#10823);
#9167=AXIS2_PLACEMENT_3D('',#13579,#10826,#10827);
#9168=AXIS2_PLACEMENT_3D('',#13583,#10830,#10831);
#9169=AXIS2_PLACEMENT_3D('',#13585,#10833,#10834);
#9170=AXIS2_PLACEMENT_3D('',#13586,#10835,#10836);
#9171=AXIS2_PLACEMENT_3D('',#13587,#10837,#10838);
#9172=AXIS2_PLACEMENT_3D('',#13588,#10839,#10840);
#9173=AXIS2_PLACEMENT_3D('',#13589,#10841,#10842);
#9174=AXIS2_PLACEMENT_3D('',#13590,#10843,#10844);
#9175=AXIS2_PLACEMENT_3D('',#13607,#10853,#10854);
#9176=AXIS2_PLACEMENT_3D('',#13612,#10856,#10857);
#9177=AXIS2_PLACEMENT_3D('',#13616,#10859,#10860);
#9178=AXIS2_PLACEMENT_3D('',#13620,#10862,#10863);
#9179=AXIS2_PLACEMENT_3D('',#13624,#10865,#10866);
#9180=AXIS2_PLACEMENT_3D('',#13628,#10868,#10869);
#9181=AXIS2_PLACEMENT_3D('',#13631,#10871,#10872);
#9182=AXIS2_PLACEMENT_3D('',#13632,#10873,#10874);
#9183=AXIS2_PLACEMENT_3D('',#13637,#10876,#10877);
#9184=AXIS2_PLACEMENT_3D('',#13641,#10879,#10880);
#9185=AXIS2_PLACEMENT_3D('',#13644,#10882,#10883);
#9186=AXIS2_PLACEMENT_3D('',#13646,#10884,#10885);
#9187=AXIS2_PLACEMENT_3D('',#13650,#10887,#10888);
#9188=AXIS2_PLACEMENT_3D('',#13653,#10890,#10891);
#9189=AXIS2_PLACEMENT_3D('',#13654,#10892,#10893);
#9190=AXIS2_PLACEMENT_3D('',#13659,#10895,#10896);
#9191=AXIS2_PLACEMENT_3D('',#13672,#10899,#10900);
#9192=AXIS2_PLACEMENT_3D('',#13675,#10902,#10903);
#9193=AXIS2_PLACEMENT_3D('',#13677,#10904,#10905);
#9194=AXIS2_PLACEMENT_3D('',#13680,#10907,#10908);
#9195=AXIS2_PLACEMENT_3D('',#13681,#10909,#10910);
#9196=AXIS2_PLACEMENT_3D('',#13686,#10912,#10913);
#9197=AXIS2_PLACEMENT_3D('',#13690,#10915,#10916);
#9198=AXIS2_PLACEMENT_3D('',#13694,#10918,#10919);
#9199=AXIS2_PLACEMENT_3D('',#13698,#10921,#10922);
#9200=AXIS2_PLACEMENT_3D('',#13702,#10924,#10925);
#9201=AXIS2_PLACEMENT_3D('',#13711,#10927,#10928);
#9202=AXIS2_PLACEMENT_3D('',#13714,#10931,#10932);
#9203=AXIS2_PLACEMENT_3D('',#13717,#10935,#10936);
#9204=AXIS2_PLACEMENT_3D('',#13720,#10939,#10940);
#9205=AXIS2_PLACEMENT_3D('',#13725,#10942,#10943);
#9206=AXIS2_PLACEMENT_3D('',#13729,#10946,#10947);
#9207=AXIS2_PLACEMENT_3D('',#13730,#10948,#10949);
#9208=AXIS2_PLACEMENT_3D('',#13735,#10951,#10952);
#9209=AXIS2_PLACEMENT_3D('',#13737,#10954,#10955);
#9210=AXIS2_PLACEMENT_3D('',#13738,#10956,#10957);
#9211=AXIS2_PLACEMENT_3D('',#13742,#10959,#10960);
#9212=AXIS2_PLACEMENT_3D('',#13745,#10962,#10963);
#9213=AXIS2_PLACEMENT_3D('',#13746,#10964,#10965);
#9214=AXIS2_PLACEMENT_3D('',#13753,#10970,#10971);
#9215=AXIS2_PLACEMENT_3D('',#13762,#10977,#10978);
#9216=AXIS2_PLACEMENT_3D('',#13771,#10984,#10985);
#9217=AXIS2_PLACEMENT_3D('',#13775,#10987,#10988);
#9218=AXIS2_PLACEMENT_3D('',#13776,#10989,#10990);
#9219=AXIS2_PLACEMENT_3D('',#13777,#10991,#10992);
#9220=AXIS2_PLACEMENT_3D('',#13802,#11005,#11006);
#9221=AXIS2_PLACEMENT_3D('',#13804,#11008,#11009);
#9222=AXIS2_PLACEMENT_3D('',#13808,#11013,#11014);
#9223=AXIS2_PLACEMENT_3D('',#13810,#11016,#11017);
#9224=AXIS2_PLACEMENT_3D('',#13812,#11019,#11020);
#9225=AXIS2_PLACEMENT_3D('',#13813,#11021,#11022);
#9226=AXIS2_PLACEMENT_3D('',#13814,#11023,#11024);
#9227=AXIS2_PLACEMENT_3D('',#13816,#11026,#11027);
#9228=AXIS2_PLACEMENT_3D('',#13817,#11028,#11029);
#9229=AXIS2_PLACEMENT_3D('',#13822,#11031,#11032);
#9230=AXIS2_PLACEMENT_3D('',#13826,#11035,#11036);
#9231=AXIS2_PLACEMENT_3D('',#13827,#11037,#11038);
#9232=AXIS2_PLACEMENT_3D('',#13831,#11040,#11041);
#9233=AXIS2_PLACEMENT_3D('',#13835,#11044,#11045);
#9234=AXIS2_PLACEMENT_3D('',#13839,#11047,#11048);
#9235=AXIS2_PLACEMENT_3D('',#13843,#11050,#11051);
#9236=AXIS2_PLACEMENT_3D('',#13845,#11053,#11054);
#9237=AXIS2_PLACEMENT_3D('',#13851,#11058,#11059);
#9238=AXIS2_PLACEMENT_3D('',#13857,#11063,#11064);
#9239=AXIS2_PLACEMENT_3D('',#13866,#11070,#11071);
#9240=AXIS2_PLACEMENT_3D('',#13874,#11076,#11077);
#9241=AXIS2_PLACEMENT_3D('',#13876,#11078,#11079);
#9242=AXIS2_PLACEMENT_3D('',#13879,#11081,#11082);
#9243=AXIS2_PLACEMENT_3D('',#13880,#11083,#11084);
#9244=AXIS2_PLACEMENT_3D('',#13881,#11085,#11086);
#9245=AXIS2_PLACEMENT_3D('',#13882,#11087,#11088);
#9246=AXIS2_PLACEMENT_3D('',#13884,#11090,#11091);
#9247=AXIS2_PLACEMENT_3D('',#13885,#11092,#11093);
#9248=AXIS2_PLACEMENT_3D('',#13886,#11094,#11095);
#9249=AXIS2_PLACEMENT_3D('',#13887,#11096,#11097);
#9250=AXIS2_PLACEMENT_3D('',#13888,#11098,#11099);
#9251=AXIS2_PLACEMENT_3D('',#13889,#11100,#11101);
#9252=AXIS2_PLACEMENT_3D('',#13891,#11103,#11104);
#9253=AXIS2_PLACEMENT_3D('',#13895,#11107,#11108);
#9254=AXIS2_PLACEMENT_3D('',#13899,#11111,#11112);
#9255=AXIS2_PLACEMENT_3D('',#13901,#11114,#11115);
#9256=AXIS2_PLACEMENT_3D('',#13907,#11119,#11120);
#9257=AXIS2_PLACEMENT_3D('',#13911,#11123,#11124);
#9258=AXIS2_PLACEMENT_3D('',#13917,#11128,#11129);
#9259=AXIS2_PLACEMENT_3D('',#13923,#11133,#11134);
#9260=AXIS2_PLACEMENT_3D('',#13929,#11138,#11139);
#9261=AXIS2_PLACEMENT_3D('',#13935,#11143,#11144);
#9262=AXIS2_PLACEMENT_3D('',#13941,#11148,#11149);
#9263=AXIS2_PLACEMENT_3D('',#13947,#11153,#11154);
#9264=AXIS2_PLACEMENT_3D('',#13948,#11155,#11156);
#9265=AXIS2_PLACEMENT_3D('',#13949,#11157,#11158);
#9266=AXIS2_PLACEMENT_3D('',#13950,#11159,#11160);
#9267=AXIS2_PLACEMENT_3D('',#13951,#11161,#11162);
#9268=AXIS2_PLACEMENT_3D('',#13952,#11163,#11164);
#9269=AXIS2_PLACEMENT_3D('',#13953,#11165,#11166);
#9270=AXIS2_PLACEMENT_3D('',#13954,#11167,#11168);
#9271=AXIS2_PLACEMENT_3D('',#13955,#11169,#11170);
#9272=AXIS2_PLACEMENT_3D('',#13956,#11171,#11172);
#9273=AXIS2_PLACEMENT_3D('',#13957,#11173,#11174);
#9274=AXIS2_PLACEMENT_3D('',#13958,#11175,#11176);
#9275=AXIS2_PLACEMENT_3D('',#13959,#11177,#11178);
#9276=AXIS2_PLACEMENT_3D('',#13960,#11179,#11180);
#9277=AXIS2_PLACEMENT_3D('',#13961,#11181,#11182);
#9278=AXIS2_PLACEMENT_3D('',#13962,#11183,#11184);
#9279=AXIS2_PLACEMENT_3D('',#13963,#11185,#11186);
#9280=AXIS2_PLACEMENT_3D('',#13964,#11187,#11188);
#9281=AXIS2_PLACEMENT_3D('',#13965,#11189,#11190);
#9282=AXIS2_PLACEMENT_3D('',#13966,#11191,#11192);
#9283=AXIS2_PLACEMENT_3D('',#13967,#11193,#11194);
#9284=AXIS2_PLACEMENT_3D('',#13968,#11195,#11196);
#9285=AXIS2_PLACEMENT_3D('',#13969,#11197,#11198);
#9286=AXIS2_PLACEMENT_3D('',#13970,#11199,#11200);
#9287=AXIS2_PLACEMENT_3D('',#13971,#11201,#11202);
#9288=AXIS2_PLACEMENT_3D('',#13972,#11203,#11204);
#9289=AXIS2_PLACEMENT_3D('',#13973,#11205,#11206);
#9290=AXIS2_PLACEMENT_3D('',#13974,#11207,#11208);
#9291=AXIS2_PLACEMENT_3D('',#13975,#11209,#11210);
#9292=AXIS2_PLACEMENT_3D('',#13976,#11211,#11212);
#9293=AXIS2_PLACEMENT_3D('',#13977,#11213,#11214);
#9294=AXIS2_PLACEMENT_3D('',#13978,#11215,#11216);
#9295=AXIS2_PLACEMENT_3D('',#13979,#11217,#11218);
#9296=AXIS2_PLACEMENT_3D('',#13980,#11219,#11220);
#9297=AXIS2_PLACEMENT_3D('',#13981,#11221,#11222);
#9298=AXIS2_PLACEMENT_3D('',#13982,#11223,#11224);
#9299=AXIS2_PLACEMENT_3D('',#13983,#11225,#11226);
#9300=AXIS2_PLACEMENT_3D('',#13984,#11227,#11228);
#9301=AXIS2_PLACEMENT_3D('',#13985,#11229,#11230);
#9302=AXIS2_PLACEMENT_3D('',#13986,#11231,#11232);
#9303=AXIS2_PLACEMENT_3D('',#13987,#11233,#11234);
#9304=AXIS2_PLACEMENT_3D('',#13988,#11235,#11236);
#9305=AXIS2_PLACEMENT_3D('',#13989,#11237,#11238);
#9306=AXIS2_PLACEMENT_3D('',#13990,#11239,#11240);
#9307=AXIS2_PLACEMENT_3D('',#13991,#11241,#11242);
#9308=AXIS2_PLACEMENT_3D('',#13992,#11243,#11244);
#9309=AXIS2_PLACEMENT_3D('',#13993,#11245,#11246);
#9310=AXIS2_PLACEMENT_3D('',#13994,#11247,#11248);
#9311=AXIS2_PLACEMENT_3D('',#13995,#11249,#11250);
#9312=AXIS2_PLACEMENT_3D('',#13996,#11251,#11252);
#9313=AXIS2_PLACEMENT_3D('',#13997,#11253,#11254);
#9314=AXIS2_PLACEMENT_3D('',#13998,#11255,#11256);
#9315=AXIS2_PLACEMENT_3D('',#13999,#11257,#11258);
#9316=AXIS2_PLACEMENT_3D('',#14000,#11259,#11260);
#9317=AXIS2_PLACEMENT_3D('',#14001,#11261,#11262);
#9318=AXIS2_PLACEMENT_3D('',#14002,#11263,#11264);
#9319=AXIS2_PLACEMENT_3D('',#14003,#11265,#11266);
#9320=AXIS2_PLACEMENT_3D('',#14004,#11267,#11268);
#9321=AXIS2_PLACEMENT_3D('',#14005,#11269,#11270);
#9322=AXIS2_PLACEMENT_3D('',#14006,#11271,#11272);
#9323=AXIS2_PLACEMENT_3D('',#14007,#11273,#11274);
#9324=AXIS2_PLACEMENT_3D('',#14008,#11275,#11276);
#9325=AXIS2_PLACEMENT_3D('',#14009,#11277,#11278);
#9326=AXIS2_PLACEMENT_3D('',#14010,#11279,#11280);
#9327=AXIS2_PLACEMENT_3D('',#14011,#11281,#11282);
#9328=AXIS2_PLACEMENT_3D('',#14012,#11283,#11284);
#9329=AXIS2_PLACEMENT_3D('',#14013,#11285,#11286);
#9330=AXIS2_PLACEMENT_3D('',#14014,#11287,#11288);
#9331=AXIS2_PLACEMENT_3D('',#14015,#11289,#11290);
#9332=AXIS2_PLACEMENT_3D('',#14016,#11291,#11292);
#9333=AXIS2_PLACEMENT_3D('',#14017,#11293,#11294);
#9334=AXIS2_PLACEMENT_3D('',#14018,#11295,#11296);
#9335=AXIS2_PLACEMENT_3D('',#14019,#11297,#11298);
#9336=AXIS2_PLACEMENT_3D('',#14020,#11299,#11300);
#9337=AXIS2_PLACEMENT_3D('',#14021,#11301,#11302);
#9338=AXIS2_PLACEMENT_3D('',#14022,#11303,#11304);
#9339=AXIS2_PLACEMENT_3D('',#14023,#11305,#11306);
#9340=AXIS2_PLACEMENT_3D('',#14024,#11307,#11308);
#9341=AXIS2_PLACEMENT_3D('',#14025,#11309,#11310);
#9342=AXIS2_PLACEMENT_3D('',#14026,#11311,#11312);
#9343=AXIS2_PLACEMENT_3D('',#14027,#11313,#11314);
#9344=AXIS2_PLACEMENT_3D('',#14028,#11315,#11316);
#9345=AXIS2_PLACEMENT_3D('',#14029,#11317,#11318);
#9346=AXIS2_PLACEMENT_3D('',#14030,#11319,#11320);
#9347=AXIS2_PLACEMENT_3D('',#14031,#11321,#11322);
#9348=AXIS2_PLACEMENT_3D('',#14032,#11323,#11324);
#9349=AXIS2_PLACEMENT_3D('',#14033,#11325,#11326);
#9350=AXIS2_PLACEMENT_3D('',#14034,#11327,#11328);
#9351=AXIS2_PLACEMENT_3D('',#14035,#11329,#11330);
#9352=AXIS2_PLACEMENT_3D('',#14041,#11334,#11335);
#9353=AXIS2_PLACEMENT_3D('',#14045,#11338,#11339);
#9354=AXIS2_PLACEMENT_3D('',#14049,#11342,#11343);
#9355=AXIS2_PLACEMENT_3D('',#14053,#11346,#11347);
#9356=AXIS2_PLACEMENT_3D('',#14057,#11350,#11351);
#9357=AXIS2_PLACEMENT_3D('',#14061,#11354,#11355);
#9358=AXIS2_PLACEMENT_3D('',#14065,#11358,#11359);
#9359=AXIS2_PLACEMENT_3D('',#14069,#11362,#11363);
#9360=AXIS2_PLACEMENT_3D('',#14073,#11366,#11367);
#9361=AXIS2_PLACEMENT_3D('',#14077,#11370,#11371);
#9362=AXIS2_PLACEMENT_3D('',#14081,#11374,#11375);
#9363=AXIS2_PLACEMENT_3D('',#14083,#11377,#11378);
#9364=AXIS2_PLACEMENT_3D('',#14084,#11379,#11380);
#9365=AXIS2_PLACEMENT_3D('',#14090,#11384,#11385);
#9366=AXIS2_PLACEMENT_3D('',#14094,#11388,#11389);
#9367=AXIS2_PLACEMENT_3D('',#14098,#11392,#11393);
#9368=AXIS2_PLACEMENT_3D('',#14102,#11396,#11397);
#9369=AXIS2_PLACEMENT_3D('',#14106,#11400,#11401);
#9370=AXIS2_PLACEMENT_3D('',#14110,#11404,#11405);
#9371=AXIS2_PLACEMENT_3D('',#14114,#11408,#11409);
#9372=AXIS2_PLACEMENT_3D('',#14118,#11412,#11413);
#9373=AXIS2_PLACEMENT_3D('',#14122,#11416,#11417);
#9374=AXIS2_PLACEMENT_3D('',#14126,#11420,#11421);
#9375=AXIS2_PLACEMENT_3D('',#14130,#11424,#11425);
#9376=AXIS2_PLACEMENT_3D('',#14132,#11427,#11428);
#9377=AXIS2_PLACEMENT_3D('',#14133,#11429,#11430);
#9378=AXIS2_PLACEMENT_3D('',#14139,#11434,#11435);
#9379=AXIS2_PLACEMENT_3D('',#14143,#11438,#11439);
#9380=AXIS2_PLACEMENT_3D('',#14147,#11442,#11443);
#9381=AXIS2_PLACEMENT_3D('',#14151,#11446,#11447);
#9382=AXIS2_PLACEMENT_3D('',#14155,#11450,#11451);
#9383=AXIS2_PLACEMENT_3D('',#14159,#11454,#11455);
#9384=AXIS2_PLACEMENT_3D('',#14163,#11458,#11459);
#9385=AXIS2_PLACEMENT_3D('',#14167,#11462,#11463);
#9386=AXIS2_PLACEMENT_3D('',#14171,#11466,#11467);
#9387=AXIS2_PLACEMENT_3D('',#14175,#11470,#11471);
#9388=AXIS2_PLACEMENT_3D('',#14179,#11474,#11475);
#9389=AXIS2_PLACEMENT_3D('',#14181,#11477,#11478);
#9390=AXIS2_PLACEMENT_3D('',#14182,#11479,#11480);
#9391=AXIS2_PLACEMENT_3D('',#14188,#11484,#11485);
#9392=AXIS2_PLACEMENT_3D('',#14192,#11488,#11489);
#9393=AXIS2_PLACEMENT_3D('',#14196,#11492,#11493);
#9394=AXIS2_PLACEMENT_3D('',#14200,#11496,#11497);
#9395=AXIS2_PLACEMENT_3D('',#14204,#11500,#11501);
#9396=AXIS2_PLACEMENT_3D('',#14208,#11504,#11505);
#9397=AXIS2_PLACEMENT_3D('',#14212,#11508,#11509);
#9398=AXIS2_PLACEMENT_3D('',#14216,#11512,#11513);
#9399=AXIS2_PLACEMENT_3D('',#14220,#11516,#11517);
#9400=AXIS2_PLACEMENT_3D('',#14224,#11520,#11521);
#9401=AXIS2_PLACEMENT_3D('',#14228,#11524,#11525);
#9402=AXIS2_PLACEMENT_3D('',#14230,#11527,#11528);
#9403=AXIS2_PLACEMENT_3D('',#14231,#11529,#11530);
#9404=AXIS2_PLACEMENT_3D('',#14237,#11534,#11535);
#9405=AXIS2_PLACEMENT_3D('',#14245,#11541,#11542);
#9406=AXIS2_PLACEMENT_3D('',#14251,#11546,#11547);
#9407=AXIS2_PLACEMENT_3D('',#14260,#11552,#11553);
#9408=AXIS2_PLACEMENT_3D('',#14261,#11554,#11555);
#9409=AXIS2_PLACEMENT_3D('',#14262,#11556,#11557);
#9410=AXIS2_PLACEMENT_3D('',#14276,#11565,#11566);
#9411=AXIS2_PLACEMENT_3D('',#14279,#11569,#11570);
#9412=AXIS2_PLACEMENT_3D('',#14282,#11573,#11574);
#9413=AXIS2_PLACEMENT_3D('',#14285,#11577,#11578);
#9414=AXIS2_PLACEMENT_3D('',#14287,#11580,#11581);
#9415=AXIS2_PLACEMENT_3D('',#14294,#11586,#11587);
#9416=AXIS2_PLACEMENT_3D('',#14296,#11589,#11590);
#9417=AXIS2_PLACEMENT_3D('',#14298,#11592,#11593);
#9418=AXIS2_PLACEMENT_3D('',#14301,#11596,#11597);
#9419=AXIS2_PLACEMENT_3D('',#14304,#11600,#11601);
#9420=AXIS2_PLACEMENT_3D('',#14308,#11604,#11605);
#9421=AXIS2_PLACEMENT_3D('',#14312,#11608,#11609);
#9422=AXIS2_PLACEMENT_3D('',#14321,#11614,#11615);
#9423=AXIS2_PLACEMENT_3D('',#14330,#11619,#11620);
#9424=AXIS2_PLACEMENT_3D('',#14337,#11625,#11626);
#9425=AXIS2_PLACEMENT_3D('',#14342,#11629,#11630);
#9426=AXIS2_PLACEMENT_3D('',#14346,#11632,#11633);
#9427=AXIS2_PLACEMENT_3D('',#14349,#11636,#11637);
#9428=AXIS2_PLACEMENT_3D('',#14352,#11640,#11641);
#9429=AXIS2_PLACEMENT_3D('',#14358,#11645,#11646);
#9430=AXIS2_PLACEMENT_3D('',#14362,#11648,#11649);
#9431=AXIS2_PLACEMENT_3D('',#14364,#11651,#11652);
#9432=AXIS2_PLACEMENT_3D('',#14376,#11659,#11660);
#9433=AXIS2_PLACEMENT_3D('',#14380,#11662,#11663);
#9434=AXIS2_PLACEMENT_3D('',#14384,#11665,#11666);
#9435=AXIS2_PLACEMENT_3D('',#14387,#11668,#11669);
#9436=AXIS2_PLACEMENT_3D('',#14392,#11671,#11672);
#9437=AXIS2_PLACEMENT_3D('',#14396,#11674,#11675);
#9438=AXIS2_PLACEMENT_3D('',#14400,#11677,#11678);
#9439=AXIS2_PLACEMENT_3D('',#14403,#11680,#11681);
#9440=AXIS2_PLACEMENT_3D('',#14404,#11682,#11683);
#9441=AXIS2_PLACEMENT_3D('',#14408,#11686,#11687);
#9442=AXIS2_PLACEMENT_3D('',#14412,#11690,#11691);
#9443=AXIS2_PLACEMENT_3D('',#14414,#11693,#11694);
#9444=AXIS2_PLACEMENT_3D('',#14420,#11698,#11699);
#9445=AXIS2_PLACEMENT_3D('',#14424,#11702,#11703);
#9446=AXIS2_PLACEMENT_3D('',#14428,#11706,#11707);
#9447=AXIS2_PLACEMENT_3D('',#14432,#11710,#11711);
#9448=AXIS2_PLACEMENT_3D('',#14436,#11714,#11715);
#9449=AXIS2_PLACEMENT_3D('',#14442,#11719,#11720);
#9450=AXIS2_PLACEMENT_3D('',#14443,#11721,#11722);
#9451=AXIS2_PLACEMENT_3D('',#14447,#11725,#11726);
#9452=AXIS2_PLACEMENT_3D('',#14448,#11727,#11728);
#9453=AXIS2_PLACEMENT_3D('',#14452,#11731,#11732);
#9454=AXIS2_PLACEMENT_3D('',#14453,#11733,#11734);
#9455=AXIS2_PLACEMENT_3D('',#14454,#11735,#11736);
#9456=AXIS2_PLACEMENT_3D('',#14456,#11738,#11739);
#9457=AXIS2_PLACEMENT_3D('',#14460,#11742,#11743);
#9458=AXIS2_PLACEMENT_3D('',#14464,#11746,#11747);
#9459=AXIS2_PLACEMENT_3D('',#14466,#11749,#11750);
#9460=AXIS2_PLACEMENT_3D('',#14472,#11754,#11755);
#9461=AXIS2_PLACEMENT_3D('',#14478,#11759,#11760);
#9462=AXIS2_PLACEMENT_3D('',#14484,#11764,#11765);
#9463=AXIS2_PLACEMENT_3D('',#14486,#11767,#11768);
#9464=AXIS2_PLACEMENT_3D('',#14533,#11793,#11794);
#9465=AXIS2_PLACEMENT_3D('',#14536,#11797,#11798);
#9466=AXIS2_PLACEMENT_3D('',#14539,#11801,#11802);
#9467=AXIS2_PLACEMENT_3D('',#14540,#11803,#11804);
#9468=AXIS2_PLACEMENT_3D('',#14543,#11807,#11808);
#9469=AXIS2_PLACEMENT_3D('',#14545,#11810,#11811);
#9470=AXIS2_PLACEMENT_3D('',#14547,#11813,#11814);
#9471=AXIS2_PLACEMENT_3D('',#14550,#11817,#11818);
#9472=AXIS2_PLACEMENT_3D('',#14553,#11821,#11822);
#9473=AXIS2_PLACEMENT_3D('',#14554,#11823,#11824);
#9474=AXIS2_PLACEMENT_3D('',#14557,#11827,#11828);
#9475=AXIS2_PLACEMENT_3D('',#14560,#11831,#11832);
#9476=AXIS2_PLACEMENT_3D('',#14561,#11833,#11834);
#9477=AXIS2_PLACEMENT_3D('',#14564,#11837,#11838);
#9478=AXIS2_PLACEMENT_3D('',#14566,#11840,#11841);
#9479=AXIS2_PLACEMENT_3D('',#14567,#11842,#11843);
#9480=AXIS2_PLACEMENT_3D('',#14569,#11845,#11846);
#9481=AXIS2_PLACEMENT_3D('',#14571,#11848,#11849);
#9482=AXIS2_PLACEMENT_3D('',#14574,#11852,#11853);
#9483=AXIS2_PLACEMENT_3D('',#14575,#11854,#11855);
#9484=AXIS2_PLACEMENT_3D('',#14576,#11856,#11857);
#9485=AXIS2_PLACEMENT_3D('',#14577,#11858,#11859);
#9486=AXIS2_PLACEMENT_3D('',#14578,#11860,#11861);
#9487=AXIS2_PLACEMENT_3D('',#14579,#11862,#11863);
#9488=AXIS2_PLACEMENT_3D('',#14580,#11864,#11865);
#9489=AXIS2_PLACEMENT_3D('',#14581,#11866,#11867);
#9490=AXIS2_PLACEMENT_3D('',#14582,#11868,#11869);
#9491=AXIS2_PLACEMENT_3D('',#14583,#11870,#11871);
#9492=AXIS2_PLACEMENT_3D('',#14584,#11872,#11873);
#9493=AXIS2_PLACEMENT_3D('',#14585,#11874,#11875);
#9494=AXIS2_PLACEMENT_3D('',#14586,#11876,#11877);
#9495=AXIS2_PLACEMENT_3D('',#14587,#11878,#11879);
#9496=AXIS2_PLACEMENT_3D('',#14588,#11880,#11881);
#9497=AXIS2_PLACEMENT_3D('',#14589,#11882,#11883);
#9498=AXIS2_PLACEMENT_3D('',#14590,#11884,#11885);
#9499=AXIS2_PLACEMENT_3D('',#14591,#11886,#11887);
#9500=AXIS2_PLACEMENT_3D('',#14592,#11888,#11889);
#9501=AXIS2_PLACEMENT_3D('',#14593,#11890,#11891);
#9502=AXIS2_PLACEMENT_3D('',#14594,#11892,#11893);
#9503=AXIS2_PLACEMENT_3D('',#14595,#11894,#11895);
#9504=AXIS2_PLACEMENT_3D('',#14596,#11896,#11897);
#9505=AXIS2_PLACEMENT_3D('',#14597,#11898,#11899);
#9506=AXIS2_PLACEMENT_3D('',#14598,#11900,#11901);
#9507=AXIS2_PLACEMENT_3D('',#14599,#11902,#11903);
#9508=AXIS2_PLACEMENT_3D('',#14600,#11904,#11905);
#9509=AXIS2_PLACEMENT_3D('',#14601,#11906,#11907);
#9510=AXIS2_PLACEMENT_3D('',#14602,#11908,#11909);
#9511=AXIS2_PLACEMENT_3D('',#14603,#11910,#11911);
#9512=AXIS2_PLACEMENT_3D('',#14604,#11912,#11913);
#9513=AXIS2_PLACEMENT_3D('',#14605,#11914,#11915);
#9514=AXIS2_PLACEMENT_3D('',#14606,#11916,#11917);
#9515=AXIS2_PLACEMENT_3D('',#14607,#11918,#11919);
#9516=AXIS2_PLACEMENT_3D('',#14608,#11920,#11921);
#9517=AXIS2_PLACEMENT_3D('',#14609,#11922,#11923);
#9518=AXIS2_PLACEMENT_3D('',#14610,#11924,#11925);
#9519=AXIS2_PLACEMENT_3D('',#14611,#11926,#11927);
#9520=AXIS2_PLACEMENT_3D('',#14612,#11928,#11929);
#9521=AXIS2_PLACEMENT_3D('',#14613,#11930,#11931);
#9522=AXIS2_PLACEMENT_3D('',#14614,#11932,#11933);
#9523=AXIS2_PLACEMENT_3D('',#14615,#11934,#11935);
#9524=AXIS2_PLACEMENT_3D('',#14616,#11936,#11937);
#9525=AXIS2_PLACEMENT_3D('',#14617,#11938,#11939);
#9526=AXIS2_PLACEMENT_3D('',#14618,#11940,#11941);
#9527=AXIS2_PLACEMENT_3D('',#14619,#11942,#11943);
#9528=AXIS2_PLACEMENT_3D('',#14620,#11944,#11945);
#9529=AXIS2_PLACEMENT_3D('',#14621,#11946,#11947);
#9530=AXIS2_PLACEMENT_3D('',#14622,#11948,#11949);
#9531=AXIS2_PLACEMENT_3D('',#14623,#11950,#11951);
#9532=AXIS2_PLACEMENT_3D('',#14624,#11952,#11953);
#9533=AXIS2_PLACEMENT_3D('',#14625,#11954,#11955);
#9534=AXIS2_PLACEMENT_3D('',#14626,#11956,#11957);
#9535=AXIS2_PLACEMENT_3D('',#14627,#11958,#11959);
#9536=AXIS2_PLACEMENT_3D('',#14628,#11960,#11961);
#9537=AXIS2_PLACEMENT_3D('',#14629,#11962,#11963);
#9538=AXIS2_PLACEMENT_3D('',#14630,#11964,#11965);
#9539=AXIS2_PLACEMENT_3D('',#14631,#11966,#11967);
#9540=AXIS2_PLACEMENT_3D('',#14632,#11968,#11969);
#9541=AXIS2_PLACEMENT_3D('',#14633,#11970,#11971);
#9542=AXIS2_PLACEMENT_3D('',#14634,#11972,#11973);
#9543=AXIS2_PLACEMENT_3D('',#14635,#11974,#11975);
#9544=AXIS2_PLACEMENT_3D('',#14636,#11976,#11977);
#9545=AXIS2_PLACEMENT_3D('',#14637,#11978,#11979);
#9546=AXIS2_PLACEMENT_3D('',#14638,#11980,#11981);
#9547=AXIS2_PLACEMENT_3D('',#14639,#11982,#11983);
#9548=AXIS2_PLACEMENT_3D('',#14640,#11984,#11985);
#9549=AXIS2_PLACEMENT_3D('',#14641,#11986,#11987);
#9550=AXIS2_PLACEMENT_3D('',#14642,#11988,#11989);
#9551=AXIS2_PLACEMENT_3D('',#14644,#11991,#11992);
#9552=AXIS2_PLACEMENT_3D('',#14645,#11993,#11994);
#9553=AXIS2_PLACEMENT_3D('',#14647,#11996,#11997);
#9554=AXIS2_PLACEMENT_3D('',#14648,#11998,#11999);
#9555=AXIS2_PLACEMENT_3D('',#14654,#12003,#12004);
#9556=AXIS2_PLACEMENT_3D('',#14660,#12008,#12009);
#9557=AXIS2_PLACEMENT_3D('',#14666,#12013,#12014);
#9558=AXIS2_PLACEMENT_3D('',#14672,#12018,#12019);
#9559=AXIS2_PLACEMENT_3D('',#14673,#12020,#12021);
#9560=AXIS2_PLACEMENT_3D('',#14674,#12022,#12023);
#9561=AXIS2_PLACEMENT_3D('',#14675,#12024,#12025);
#9562=AXIS2_PLACEMENT_3D('',#14676,#12026,#12027);
#9563=AXIS2_PLACEMENT_3D('',#14677,#12028,#12029);
#9564=AXIS2_PLACEMENT_3D('',#14683,#12033,#12034);
#9565=AXIS2_PLACEMENT_3D('',#14689,#12038,#12039);
#9566=AXIS2_PLACEMENT_3D('',#14695,#12043,#12044);
#9567=AXIS2_PLACEMENT_3D('',#14701,#12048,#12049);
#9568=AXIS2_PLACEMENT_3D('',#14702,#12050,#12051);
#9569=AXIS2_PLACEMENT_3D('',#14703,#12052,#12053);
#9570=AXIS2_PLACEMENT_3D('',#14704,#12054,#12055);
#9571=AXIS2_PLACEMENT_3D('',#14705,#12056,#12057);
#9572=AXIS2_PLACEMENT_3D('',#14706,#12058,#12059);
#9573=AXIS2_PLACEMENT_3D('',#14707,#12060,#12061);
#9574=AXIS2_PLACEMENT_3D('',#14708,#12062,#12063);
#9575=AXIS2_PLACEMENT_3D('',#14709,#12064,#12065);
#9576=AXIS2_PLACEMENT_3D('',#14710,#12066,#12067);
#9577=AXIS2_PLACEMENT_3D('',#14711,#12068,#12069);
#9578=AXIS2_PLACEMENT_3D('',#14712,#12070,#12071);
#9579=AXIS2_PLACEMENT_3D('',#14713,#12072,#12073);
#9580=AXIS2_PLACEMENT_3D('',#14714,#12074,#12075);
#9581=AXIS2_PLACEMENT_3D('',#14728,#12083,#12084);
#9582=AXIS2_PLACEMENT_3D('',#14730,#12086,#12087);
#9583=AXIS2_PLACEMENT_3D('',#14732,#12089,#12090);
#9584=AXIS2_PLACEMENT_3D('',#14733,#12091,#12092);
#9585=AXIS2_PLACEMENT_3D('',#14741,#12097,#12098);
#9586=AXIS2_PLACEMENT_3D('',#14745,#12101,#12102);
#9587=AXIS2_PLACEMENT_3D('',#14751,#12106,#12107);
#9588=AXIS2_PLACEMENT_3D('',#14753,#12109,#12110);
#9589=AXIS2_PLACEMENT_3D('',#14755,#12112,#12113);
#9590=AXIS2_PLACEMENT_3D('',#14756,#12114,#12115);
#9591=AXIS2_PLACEMENT_3D('',#14757,#12116,#12117);
#9592=AXIS2_PLACEMENT_3D('',#14758,#12118,#12119);
#9593=AXIS2_PLACEMENT_3D('',#14759,#12120,#12121);
#9594=AXIS2_PLACEMENT_3D('',#14760,#12122,#12123);
#9595=AXIS2_PLACEMENT_3D('',#14761,#12124,#12125);
#9596=AXIS2_PLACEMENT_3D('',#14762,#12126,#12127);
#9597=AXIS2_PLACEMENT_3D('',#14763,#12128,#12129);
#9598=AXIS2_PLACEMENT_3D('',#14764,#12130,#12131);
#9599=AXIS2_PLACEMENT_3D('',#14765,#12132,#12133);
#9600=AXIS2_PLACEMENT_3D('',#14766,#12134,#12135);
#9601=AXIS2_PLACEMENT_3D('',#14767,#12136,#12137);
#9602=AXIS2_PLACEMENT_3D('',#14768,#12138,#12139);
#9603=AXIS2_PLACEMENT_3D('',#14769,#12140,#12141);
#9604=AXIS2_PLACEMENT_3D('',#14770,#12142,#12143);
#9605=AXIS2_PLACEMENT_3D('',#14771,#12144,#12145);
#9606=AXIS2_PLACEMENT_3D('',#14772,#12146,#12147);
#9607=AXIS2_PLACEMENT_3D('',#14773,#12148,#12149);
#9608=AXIS2_PLACEMENT_3D('',#14774,#12150,#12151);
#9609=AXIS2_PLACEMENT_3D('',#14775,#12152,#12153);
#9610=DIRECTION('axis',(0.,0.,1.));
#9611=DIRECTION('refdir',(1.,0.,0.));
#9612=DIRECTION('axis',(0.,0.,1.));
#9613=DIRECTION('refdir',(1.,0.,0.));
#9614=DIRECTION('center_axis',(-1.,0.,0.));
#9615=DIRECTION('ref_axis',(0.,1.,0.));
#9616=DIRECTION('center_axis',(-1.,0.,0.));
#9617=DIRECTION('ref_axis',(0.,0.,1.));
#9618=DIRECTION('',(-1.,0.,0.));
#9619=DIRECTION('center_axis',(-1.,0.,0.));
#9620=DIRECTION('ref_axis',(0.,0.,1.));
#9621=DIRECTION('center_axis',(1.,0.,0.));
#9622=DIRECTION('ref_axis',(0.,0.,-1.));
#9623=DIRECTION('center_axis',(1.,0.,0.));
#9624=DIRECTION('ref_axis',(0.,0.,-1.));
#9625=DIRECTION('center_axis',(-1.,0.,0.));
#9626=DIRECTION('ref_axis',(0.,0.,1.));
#9627=DIRECTION('center_axis',(-1.,0.,0.));
#9628=DIRECTION('ref_axis',(0.,0.,-1.));
#9629=DIRECTION('center_axis',(-1.,0.,0.));
#9630=DIRECTION('ref_axis',(0.,1.,0.));
#9631=DIRECTION('center_axis',(-1.,0.,0.));
#9632=DIRECTION('ref_axis',(0.,0.,1.));
#9633=DIRECTION('',(-1.,0.,0.));
#9634=DIRECTION('center_axis',(-1.,0.,0.));
#9635=DIRECTION('ref_axis',(0.,0.,1.));
#9636=DIRECTION('center_axis',(1.,0.,0.));
#9637=DIRECTION('ref_axis',(0.,0.,-1.));
#9638=DIRECTION('center_axis',(1.,0.,0.));
#9639=DIRECTION('ref_axis',(0.,0.,-1.));
#9640=DIRECTION('center_axis',(-1.,0.,0.));
#9641=DIRECTION('ref_axis',(0.,0.,1.));
#9642=DIRECTION('center_axis',(-1.,0.,0.));
#9643=DIRECTION('ref_axis',(0.,0.,-1.));
#9644=DIRECTION('center_axis',(-1.,0.,0.));
#9645=DIRECTION('ref_axis',(0.,1.,0.));
#9646=DIRECTION('center_axis',(-1.,0.,0.));
#9647=DIRECTION('ref_axis',(0.,0.,1.));
#9648=DIRECTION('',(-1.,0.,0.));
#9649=DIRECTION('center_axis',(-1.,0.,0.));
#9650=DIRECTION('ref_axis',(0.,0.,1.));
#9651=DIRECTION('center_axis',(1.,0.,0.));
#9652=DIRECTION('ref_axis',(0.,0.,-1.));
#9653=DIRECTION('center_axis',(1.,0.,0.));
#9654=DIRECTION('ref_axis',(0.,0.,-1.));
#9655=DIRECTION('center_axis',(-1.,0.,0.));
#9656=DIRECTION('ref_axis',(0.,0.,1.));
#9657=DIRECTION('center_axis',(-1.,0.,0.));
#9658=DIRECTION('ref_axis',(0.,0.,-1.));
#9659=DIRECTION('center_axis',(1.,0.,0.));
#9660=DIRECTION('ref_axis',(0.,0.,-1.));
#9661=DIRECTION('',(-1.,0.,0.));
#9662=DIRECTION('center_axis',(1.,0.,0.));
#9663=DIRECTION('ref_axis',(0.,0.,-1.));
#9664=DIRECTION('',(-1.,0.,0.));
#9665=DIRECTION('center_axis',(1.,0.,0.));
#9666=DIRECTION('ref_axis',(0.,0.,-1.));
#9667=DIRECTION('',(-1.,0.,0.));
#9668=DIRECTION('center_axis',(-1.,0.,0.));
#9669=DIRECTION('ref_axis',(0.,0.,-1.));
#9670=DIRECTION('center_axis',(1.,0.,0.));
#9671=DIRECTION('ref_axis',(0.,0.,-1.));
#9672=DIRECTION('center_axis',(1.,0.,0.));
#9673=DIRECTION('ref_axis',(0.,0.,-1.));
#9674=DIRECTION('',(-1.,0.,0.));
#9675=DIRECTION('center_axis',(-1.,0.,0.));
#9676=DIRECTION('ref_axis',(0.,0.,-1.));
#9677=DIRECTION('center_axis',(1.,0.,0.));
#9678=DIRECTION('ref_axis',(0.,0.,-1.));
#9679=DIRECTION('center_axis',(1.,0.,0.));
#9680=DIRECTION('ref_axis',(0.,0.,-1.));
#9681=DIRECTION('center_axis',(1.,0.,0.));
#9682=DIRECTION('ref_axis',(0.,0.,-1.));
#9683=DIRECTION('center_axis',(1.,0.,0.));
#9684=DIRECTION('ref_axis',(0.,0.,-1.));
#9685=DIRECTION('',(0.996194698091746,-1.0673500138323E-17,0.0871557427476582));
#9686=DIRECTION('center_axis',(-1.,0.,0.));
#9687=DIRECTION('ref_axis',(0.,0.,-1.));
#9688=DIRECTION('center_axis',(1.,0.,0.));
#9689=DIRECTION('ref_axis',(0.,0.,-1.));
#9690=DIRECTION('center_axis',(1.,0.,0.));
#9691=DIRECTION('ref_axis',(0.,0.,-1.));
#9692=DIRECTION('center_axis',(1.,0.,0.));
#9693=DIRECTION('ref_axis',(0.,0.,-1.));
#9694=DIRECTION('',(1.,0.,0.));
#9695=DIRECTION('center_axis',(1.,0.,0.));
#9696=DIRECTION('ref_axis',(0.,0.,-1.));
#9697=DIRECTION('center_axis',(1.,0.,0.));
#9698=DIRECTION('ref_axis',(0.,0.,-1.));
#9699=DIRECTION('center_axis',(1.,0.,0.));
#9700=DIRECTION('ref_axis',(0.,0.,-1.));
#9701=DIRECTION('center_axis',(1.,0.,0.));
#9702=DIRECTION('ref_axis',(0.,0.,-1.));
#9703=DIRECTION('',(-1.,0.,0.));
#9704=DIRECTION('center_axis',(1.,0.,0.));
#9705=DIRECTION('ref_axis',(0.,0.,-1.));
#9706=DIRECTION('center_axis',(1.,0.,0.));
#9707=DIRECTION('ref_axis',(0.,0.,-1.));
#9708=DIRECTION('center_axis',(1.,0.,0.));
#9709=DIRECTION('ref_axis',(0.,0.,-1.));
#9710=DIRECTION('center_axis',(1.,0.,0.));
#9711=DIRECTION('ref_axis',(0.,0.,-1.));
#9712=DIRECTION('',(-1.,0.,0.));
#9713=DIRECTION('center_axis',(1.,0.,0.));
#9714=DIRECTION('ref_axis',(0.,0.,-1.));
#9715=DIRECTION('axis',(0.,0.,1.));
#9716=DIRECTION('refdir',(1.,0.,0.));
#9717=DIRECTION('center_axis',(-7.49839269629493E-32,1.,-7.40148683083438E-16));
#9718=DIRECTION('ref_axis',(0.,-7.40148683083438E-16,-1.));
#9719=DIRECTION('center_axis',(-7.49839269629492E-32,1.,-7.40148683083437E-16));
#9720=DIRECTION('ref_axis',(0.,-7.40148683083438E-16,-1.));
#9721=DIRECTION('',(-7.49839269629493E-32,1.,-7.40148683083438E-16));
#9722=DIRECTION('center_axis',(-7.49839269629493E-32,1.,-7.40148683083438E-16));
#9723=DIRECTION('ref_axis',(0.,-7.40148683083438E-16,-1.));
#9724=DIRECTION('center_axis',(-7.49839269629493E-32,1.,-7.40148683083438E-16));
#9725=DIRECTION('ref_axis',(0.,-7.40148683083438E-16,-1.));
#9726=DIRECTION('center_axis',(-7.49839269629493E-32,1.,-7.40148683083438E-16));
#9727=DIRECTION('ref_axis',(0.,-7.40148683083438E-16,-1.));
#9728=DIRECTION('center_axis',(-7.49839269629492E-32,1.,-7.40148683083437E-16));
#9729=DIRECTION('ref_axis',(0.,-7.40148683083438E-16,-1.));
#9730=DIRECTION('',(-7.49839269629493E-32,1.,-7.40148683083438E-16));
#9731=DIRECTION('center_axis',(-7.49839269629493E-32,1.,-7.40148683083438E-16));
#9732=DIRECTION('ref_axis',(0.,-7.40148683083438E-16,-1.));
#9733=DIRECTION('center_axis',(-7.49839269629493E-32,1.,-7.40148683083438E-16));
#9734=DIRECTION('ref_axis',(0.,-7.40148683083438E-16,-1.));
#9735=DIRECTION('center_axis',(-7.49839269629493E-32,1.,-7.40148683083438E-16));
#9736=DIRECTION('ref_axis',(0.,-7.40148683083438E-16,-1.));
#9737=DIRECTION('center_axis',(7.49839269629492E-32,1.,7.40148683083437E-16));
#9738=DIRECTION('ref_axis',(0.,-7.40148683083438E-16,-1.));
#9739=DIRECTION('',(-7.49839269629493E-32,1.,-7.40148683083438E-16));
#9740=DIRECTION('center_axis',(-7.49839269629493E-32,1.,-7.40148683083438E-16));
#9741=DIRECTION('ref_axis',(0.,-7.40148683083438E-16,-1.));
#9742=DIRECTION('center_axis',(-7.49839269629493E-32,1.,-7.40148683083438E-16));
#9743=DIRECTION('ref_axis',(0.,-7.40148683083438E-16,-1.));
#9744=DIRECTION('center_axis',(-7.49839269629493E-32,1.,-7.40148683083438E-16));
#9745=DIRECTION('ref_axis',(0.,-7.40148683083438E-16,-1.));
#9746=DIRECTION('center_axis',(7.49839269629492E-32,1.,7.40148683083437E-16));
#9747=DIRECTION('ref_axis',(0.,-7.40148683083438E-16,-1.));
#9748=DIRECTION('',(-7.49839269629493E-32,1.,-7.40148683083438E-16));
#9749=DIRECTION('center_axis',(-7.49839269629493E-32,1.,-7.40148683083438E-16));
#9750=DIRECTION('ref_axis',(0.,-7.40148683083438E-16,-1.));
#9751=DIRECTION('center_axis',(-7.49839269629493E-32,1.,-7.40148683083438E-16));
#9752=DIRECTION('ref_axis',(0.,-7.40148683083438E-16,-1.));
#9753=DIRECTION('center_axis',(2.53765262771464E-16,0.,-1.));
#9754=DIRECTION('ref_axis',(-1.,0.,-2.53765262771464E-16));
#9755=DIRECTION('',(1.,0.,2.53765262771464E-16));
#9756=DIRECTION('',(0.,1.,0.));
#9757=DIRECTION('',(-1.,0.,-2.53765262771464E-16));
#9758=DIRECTION('',(0.,1.,0.));
#9759=DIRECTION('center_axis',(1.,0.,9.34924652315921E-17));
#9760=DIRECTION('ref_axis',(9.34924652315921E-17,0.,-1.));
#9761=DIRECTION('',(-9.34924652315921E-17,0.,1.));
#9762=DIRECTION('',(9.34924652315921E-17,0.,-1.));
#9763=DIRECTION('',(0.,1.,0.));
#9764=DIRECTION('center_axis',(-1.26882631385732E-16,0.,1.));
#9765=DIRECTION('ref_axis',(1.,0.,1.26882631385732E-16));
#9766=DIRECTION('',(-1.,0.,-1.26882631385732E-16));
#9767=DIRECTION('',(1.,0.,1.26882631385732E-16));
#9768=DIRECTION('',(0.,1.,0.));
#9769=DIRECTION('center_axis',(-1.,0.,0.));
#9770=DIRECTION('ref_axis',(0.,0.,1.));
#9771=DIRECTION('',(0.,0.,-1.));
#9772=DIRECTION('',(0.,0.,1.));
#9773=DIRECTION('center_axis',(0.,1.,0.));
#9774=DIRECTION('ref_axis',(0.,0.,1.));
#9775=DIRECTION('center_axis',(-1.26882631385732E-16,0.,1.));
#9776=DIRECTION('ref_axis',(1.,0.,1.26882631385732E-16));
#9777=DIRECTION('',(-1.,0.,-1.26882631385732E-16));
#9778=DIRECTION('',(0.,1.,0.));
#9779=DIRECTION('',(1.,0.,1.26882631385732E-16));
#9780=DIRECTION('',(0.,1.,0.));
#9781=DIRECTION('center_axis',(-1.,0.,0.));
#9782=DIRECTION('ref_axis',(0.,0.,1.));
#9783=DIRECTION('',(0.,0.,-1.));
#9784=DIRECTION('',(0.,0.,1.));
#9785=DIRECTION('',(0.,1.,0.));
#9786=DIRECTION('center_axis',(2.53765262771464E-16,0.,-1.));
#9787=DIRECTION('ref_axis',(-1.,0.,-2.53765262771464E-16));
#9788=DIRECTION('',(1.,0.,2.53765262771464E-16));
#9789=DIRECTION('',(-1.,0.,-2.53765262771464E-16));
#9790=DIRECTION('',(0.,1.,0.));
#9791=DIRECTION('center_axis',(1.,0.,0.));
#9792=DIRECTION('ref_axis',(0.,0.,-1.));
#9793=DIRECTION('',(0.,0.,1.));
#9794=DIRECTION('',(0.,0.,-1.));
#9795=DIRECTION('center_axis',(0.,1.,0.));
#9796=DIRECTION('ref_axis',(0.,0.,1.));
#9797=DIRECTION('center_axis',(0.,-0.707106781186548,-0.707106781186547));
#9798=DIRECTION('ref_axis',(-1.,0.,0.));
#9799=DIRECTION('',(-7.47663075563703E-17,-0.707106781186547,0.707106781186548));
#9800=DIRECTION('',(1.,0.,0.));
#9801=DIRECTION('',(1.49532615112741E-16,0.707106781186547,-0.707106781186548));
#9802=DIRECTION('',(-1.,0.,0.));
#9803=DIRECTION('center_axis',(0.,0.,-1.));
#9804=DIRECTION('ref_axis',(1.,0.,0.));
#9805=DIRECTION('',(0.,-1.,0.));
#9806=DIRECTION('',(1.,0.,0.));
#9807=DIRECTION('',(0.,1.,0.));
#9808=DIRECTION('',(1.,0.,0.));
#9809=DIRECTION('',(0.,-1.,0.));
#9810=DIRECTION('',(1.,0.,0.));
#9811=DIRECTION('',(0.,1.,0.));
#9812=DIRECTION('center_axis',(-1.,0.,0.));
#9813=DIRECTION('ref_axis',(0.,0.,-1.));
#9814=DIRECTION('',(0.,0.,1.));
#9815=DIRECTION('',(0.,1.,0.));
#9816=DIRECTION('',(0.,0.,-1.));
#9817=DIRECTION('center_axis',(0.,-1.,0.));
#9818=DIRECTION('ref_axis',(0.,0.,-1.));
#9819=DIRECTION('',(2.11471052309554E-16,0.,-1.));
#9820=DIRECTION('',(-1.,0.,0.));
#9821=DIRECTION('center_axis',(1.,0.,0.));
#9822=DIRECTION('ref_axis',(0.,0.,1.));
#9823=DIRECTION('',(0.,0.,1.));
#9824=DIRECTION('',(0.,0.,1.));
#9825=DIRECTION('',(0.,-1.,0.));
#9826=DIRECTION('center_axis',(0.,-1.,0.));
#9827=DIRECTION('ref_axis',(0.,0.,-1.));
#9828=DIRECTION('',(-1.05735526154777E-16,0.,1.));
#9829=DIRECTION('',(-1.,0.,0.));
#9830=DIRECTION('center_axis',(0.,0.,1.));
#9831=DIRECTION('ref_axis',(-1.,0.,0.));
#9832=DIRECTION('',(1.,0.,0.));
#9833=DIRECTION('',(0.,1.,0.));
#9834=DIRECTION('',(-1.,0.,0.));
#9835=DIRECTION('',(0.,-1.,0.));
#9836=DIRECTION('center_axis',(1.,0.,1.05735526154777E-16));
#9837=DIRECTION('ref_axis',(-1.05735526154777E-16,0.,1.));
#9838=DIRECTION('',(-1.05735526154777E-16,0.,1.));
#9839=DIRECTION('',(0.,-1.,0.));
#9840=DIRECTION('center_axis',(-1.,0.,-1.05735526154777E-16));
#9841=DIRECTION('ref_axis',(-1.01309275658734E-16,0.,-1.));
#9842=DIRECTION('',(0.,-1.,0.));
#9843=DIRECTION('',(1.05735526154777E-16,7.40148683083437E-16,-1.));
#9844=DIRECTION('',(7.04340093947332E-32,-1.,-6.66133814775094E-16));
#9845=DIRECTION('',(-1.05735526154777E-16,0.,1.));
#9846=DIRECTION('',(0.,-1.,0.));
#9847=DIRECTION('',(-1.05735526154777E-16,0.,1.));
#9848=DIRECTION('center_axis',(0.,-1.,0.));
#9849=DIRECTION('ref_axis',(0.,0.,-1.));
#9850=DIRECTION('',(-1.,0.,0.));
#9851=DIRECTION('',(2.11471052309554E-16,0.,-1.));
#9852=DIRECTION('center_axis',(-1.,0.,-2.11471052309554E-16));
#9853=DIRECTION('ref_axis',(2.11471052309554E-16,0.,-1.));
#9854=DIRECTION('',(0.,-1.,0.));
#9855=DIRECTION('',(2.11471052309554E-16,0.,-1.));
#9856=DIRECTION('',(-1.40868018789466E-31,1.,6.66133814775094E-16));
#9857=DIRECTION('',(5.04646829375071E-17,0.,-1.));
#9858=DIRECTION('',(0.,-1.,0.));
#9859=DIRECTION('center_axis',(-1.,0.,-5.04646829375071E-17));
#9860=DIRECTION('ref_axis',(-5.04646829375071E-17,0.,1.));
#9861=DIRECTION('',(0.,-1.,0.));
#9862=DIRECTION('',(5.04646829375071E-17,0.,-1.));
#9863=DIRECTION('',(1.99207299298235E-32,-1.,-3.94745964311167E-16));
#9864=DIRECTION('center_axis',(1.,0.,5.04646829375071E-17));
#9865=DIRECTION('ref_axis',(-1.01309275658734E-16,0.,-1.));
#9866=DIRECTION('',(0.,-1.,0.));
#9867=DIRECTION('',(2.11471052309554E-16,0.,-1.));
#9868=DIRECTION('center_axis',(0.,0.,1.));
#9869=DIRECTION('ref_axis',(-1.,0.,0.));
#9870=DIRECTION('',(-1.,0.,0.));
#9871=DIRECTION('center_axis',(0.,-1.,0.));
#9872=DIRECTION('ref_axis',(0.,0.,-1.));
#9873=DIRECTION('',(1.,0.,-1.50538715203411E-16));
#9874=DIRECTION('center_axis',(-1.50538715203411E-16,0.,-1.));
#9875=DIRECTION('ref_axis',(1.,0.,-1.50538715203411E-16));
#9876=DIRECTION('',(-1.,0.,1.01309275658734E-16));
#9877=DIRECTION('center_axis',(0.,0.,1.));
#9878=DIRECTION('ref_axis',(0.,-1.,0.));
#9879=DIRECTION('',(1.,0.,0.));
#9880=DIRECTION('',(0.,-1.,0.));
#9881=DIRECTION('',(1.,0.,0.));
#9882=DIRECTION('center_axis',(1.,0.,0.));
#9883=DIRECTION('ref_axis',(0.,0.,1.));
#9884=DIRECTION('center_axis',(-1.,0.,-5.04646829375071E-17));
#9885=DIRECTION('ref_axis',(-5.04646829375071E-17,0.,1.));
#9886=DIRECTION('',(1.,0.,0.));
#9887=DIRECTION('center_axis',(0.,0.,-1.));
#9888=DIRECTION('ref_axis',(0.,1.,0.));
#9889=DIRECTION('',(0.,1.,0.));
#9890=DIRECTION('',(1.,0.,0.));
#9891=DIRECTION('center_axis',(-1.,0.,-5.04646829375071E-17));
#9892=DIRECTION('ref_axis',(-5.04646829375071E-17,0.,1.));
#9893=DIRECTION('',(5.04646829375071E-17,0.,-1.));
#9894=DIRECTION('',(0.,-1.,0.));
#9895=DIRECTION('center_axis',(-1.,0.,-5.04646829375071E-17));
#9896=DIRECTION('ref_axis',(-1.01309275658734E-16,0.,-1.));
#9897=DIRECTION('',(-1.99207299298235E-32,1.,3.94745964311167E-16));
#9898=DIRECTION('',(5.04646829375071E-17,0.,-1.));
#9899=DIRECTION('center_axis',(1.01309275658734E-16,-3.94745964311167E-16,
1.));
#9900=DIRECTION('ref_axis',(3.34866138266375E-32,1.,3.94745964311167E-16));
#9901=DIRECTION('',(-1.,0.,1.01309275658734E-16));
#9902=DIRECTION('',(0.,1.,3.94745964311167E-16));
#9903=DIRECTION('',(-1.,0.,1.01309275658734E-16));
#9904=DIRECTION('center_axis',(-1.,0.,1.01309275658734E-16));
#9905=DIRECTION('ref_axis',(-1.01309275658734E-16,0.,-1.));
#9906=DIRECTION('',(-1.,0.,1.01309275658734E-16));
#9907=DIRECTION('center_axis',(-1.,0.,0.));
#9908=DIRECTION('ref_axis',(-1.01309275658734E-16,0.,-1.));
#9909=DIRECTION('center_axis',(-1.01309275658734E-16,0.,-1.));
#9910=DIRECTION('ref_axis',(0.,-1.,0.));
#9911=DIRECTION('',(-1.,0.,1.01309275658734E-16));
#9912=DIRECTION('',(0.,-1.,0.));
#9913=DIRECTION('center_axis',(-1.01309275658734E-16,0.,-1.));
#9914=DIRECTION('ref_axis',(0.,-1.,0.));
#9915=DIRECTION('',(-1.,0.,1.01309275658734E-16));
#9916=DIRECTION('',(0.,1.,0.));
#9917=DIRECTION('',(-1.,0.,1.01309275658734E-16));
#9918=DIRECTION('center_axis',(7.49839269629492E-32,1.,7.40148683083437E-16));
#9919=DIRECTION('ref_axis',(-8.48307946227435E-17,7.40148683083437E-16,
-1.));
#9920=DIRECTION('',(-1.,0.,1.01309275658734E-16));
#9921=DIRECTION('',(0.,7.40148683083437E-16,-1.));
#9922=DIRECTION('center_axis',(7.49839269629492E-32,1.,7.40148683083437E-16));
#9923=DIRECTION('ref_axis',(-8.48307946227435E-17,7.40148683083437E-16,
-1.));
#9924=DIRECTION('',(0.,-7.40148683083437E-16,1.));
#9925=DIRECTION('',(-1.,0.,1.01309275658734E-16));
#9926=DIRECTION('center_axis',(-1.01309275658734E-16,6.66133814775094E-16,
-1.));
#9927=DIRECTION('ref_axis',(-5.65086608324507E-32,-1.,-6.66133814775094E-16));
#9928=DIRECTION('',(-1.,0.,1.01309275658734E-16));
#9929=DIRECTION('',(0.,-1.,-6.66133814775094E-16));
#9930=DIRECTION('center_axis',(-1.01309275658734E-16,6.66133814775094E-16,
-1.));
#9931=DIRECTION('ref_axis',(-5.65086608324507E-32,-1.,-6.66133814775094E-16));
#9932=DIRECTION('',(0.,1.,6.66133814775094E-16));
#9933=DIRECTION('',(-1.,0.,1.01309275658734E-16));
#9934=DIRECTION('center_axis',(1.01309275658734E-16,-3.94745964311167E-16,
1.));
#9935=DIRECTION('ref_axis',(3.34866138266375E-32,1.,3.94745964311167E-16));
#9936=DIRECTION('',(-1.,0.,1.01309275658734E-16));
#9937=DIRECTION('',(0.,-1.,-3.94745964311167E-16));
#9938=DIRECTION('',(-1.,0.,1.01309275658734E-16));
#9939=DIRECTION('center_axis',(-7.49839269629492E-32,1.,-7.40148683083437E-16));
#9940=DIRECTION('ref_axis',(-8.48307946227435E-17,-7.40148683083437E-16,
-1.));
#9941=DIRECTION('',(0.,7.40148683083437E-16,1.));
#9942=DIRECTION('',(0.,-7.40148683083437E-16,-1.));
#9943=DIRECTION('',(-1.,0.,1.01309275658734E-16));
#9944=DIRECTION('center_axis',(-1.,0.,1.01309275658734E-16));
#9945=DIRECTION('ref_axis',(-1.01309275658734E-16,0.,-1.));
#9946=DIRECTION('center_axis',(1.,0.,0.));
#9947=DIRECTION('ref_axis',(-1.01309275658734E-16,0.,-1.));
#9948=DIRECTION('center_axis',(1.01309275658734E-16,0.,1.));
#9949=DIRECTION('ref_axis',(0.,1.,0.));
#9950=DIRECTION('',(0.,-1.,0.));
#9951=DIRECTION('',(0.,1.,0.));
#9952=DIRECTION('',(1.,0.,-1.01309275658734E-16));
#9953=DIRECTION('center_axis',(1.,0.,0.));
#9954=DIRECTION('ref_axis',(0.,0.,1.));
#9955=DIRECTION('',(0.,0.,1.));
#9956=DIRECTION('',(0.,-1.,0.));
#9957=DIRECTION('',(0.,0.,1.));
#9958=DIRECTION('',(0.,-1.,0.));
#9959=DIRECTION('',(0.,0.,1.));
#9960=DIRECTION('center_axis',(0.,-1.,0.));
#9961=DIRECTION('ref_axis',(0.,0.,-1.));
#9962=DIRECTION('',(0.,0.,-1.));
#9963=DIRECTION('',(1.,0.,0.));
#9964=DIRECTION('center_axis',(0.,-1.,0.));
#9965=DIRECTION('ref_axis',(0.,0.,-1.));
#9966=DIRECTION('',(-1.,0.,0.));
#9967=DIRECTION('',(0.,0.,-1.));
#9968=DIRECTION('center_axis',(0.,0.,-1.));
#9969=DIRECTION('ref_axis',(1.,0.,0.));
#9970=DIRECTION('',(1.,0.,0.));
#9971=DIRECTION('',(0.,-1.,0.));
#9972=DIRECTION('center_axis',(-1.,0.,0.));
#9973=DIRECTION('ref_axis',(0.,0.,-1.));
#9974=DIRECTION('',(0.,-1.,0.));
#9975=DIRECTION('',(0.,0.,-1.));
#9976=DIRECTION('center_axis',(0.,0.,1.));
#9977=DIRECTION('ref_axis',(-1.,0.,0.));
#9978=DIRECTION('',(-1.,0.,0.));
#9979=DIRECTION('center_axis',(0.,1.,0.));
#9980=DIRECTION('ref_axis',(1.,0.,0.));
#9981=DIRECTION('axis',(0.,0.,1.));
#9982=DIRECTION('refdir',(1.,0.,0.));
#9983=DIRECTION('center_axis',(-1.,0.,0.));
#9984=DIRECTION('ref_axis',(0.,1.,0.));
#9985=DIRECTION('center_axis',(0.,1.22464679914735E-16,1.));
#9986=DIRECTION('ref_axis',(0.,-1.,1.22464679914735E-16));
#9987=DIRECTION('center_axis',(-0.623489801858732,0.781831482468031,0.));
#9988=DIRECTION('ref_axis',(0.781831482468031,0.623489801858732,0.));
#9989=DIRECTION('center_axis',(9.57467422477104E-17,7.63554790147314E-17,
1.));
#9990=DIRECTION('ref_axis',(-0.781831482468031,-0.623489801858732,1.22464679914735E-16));
#9991=DIRECTION('center_axis',(0.222520933956318,0.974927912181823,0.));
#9992=DIRECTION('ref_axis',(0.974927912181823,-0.222520933956318,0.));
#9993=DIRECTION('center_axis',(1.19394234705288E-16,-2.72509549512885E-17,
1.));
#9994=DIRECTION('ref_axis',(-0.974927912181823,0.222520933956318,1.22464679914735E-16));
#9995=DIRECTION('center_axis',(0.900968867902422,0.433883739117553,0.));
#9996=DIRECTION('ref_axis',(0.433883739117553,-0.900968867902422,0.));
#9997=DIRECTION('center_axis',(5.31354332312396E-17,-1.10336864020811E-16,
1.));
#9998=DIRECTION('ref_axis',(-0.433883739117553,0.900968867902422,1.22464679914735E-16));
#9999=DIRECTION('center_axis',(0.900968867902416,-0.433883739117565,0.));
#10000=DIRECTION('ref_axis',(-0.433883739117565,-0.900968867902416,0.));
#10001=DIRECTION('center_axis',(-5.31354332312411E-17,-1.10336864020811E-16,
1.));
#10002=DIRECTION('ref_axis',(0.433883739117565,0.900968867902416,1.22464679914735E-16));
#10003=DIRECTION('center_axis',(0.222520933956305,-0.974927912181826,0.));
#10004=DIRECTION('ref_axis',(-0.974927912181826,-0.222520933956305,0.));
#10005=DIRECTION('center_axis',(-1.19394234705288E-16,-2.72509549512868E-17,
1.));
#10006=DIRECTION('ref_axis',(0.974927912181826,0.222520933956305,1.22464679914735E-16));
#10007=DIRECTION('center_axis',(-0.623489801858743,-0.781831482468022,0.));
#10008=DIRECTION('ref_axis',(-0.781831482468022,0.623489801858743,0.));
#10009=DIRECTION('center_axis',(-9.57467422477093E-17,7.63554790147327E-17,
1.));
#10010=DIRECTION('ref_axis',(0.781831482468022,-0.623489801858743,1.22464679914735E-16));
#10011=DIRECTION('center_axis',(0.,0.,1.));
#10012=DIRECTION('ref_axis',(1.,0.,0.));
#10013=DIRECTION('center_axis',(0.,0.,1.));
#10014=DIRECTION('ref_axis',(1.,0.,0.));
#10015=DIRECTION('',(0.,0.,1.));
#10016=DIRECTION('center_axis',(0.,0.,1.));
#10017=DIRECTION('ref_axis',(1.,0.,0.));
#10018=DIRECTION('center_axis',(0.,0.,1.));
#10019=DIRECTION('ref_axis',(1.,0.,0.));
#10020=DIRECTION('center_axis',(0.,0.,1.));
#10021=DIRECTION('ref_axis',(1.,0.,0.));
#10022=DIRECTION('center_axis',(1.22464679914735E-16,-1.,0.));
#10023=DIRECTION('ref_axis',(-1.,-1.22464679914735E-16,0.));
#10024=DIRECTION('center_axis',(0.,0.,1.));
#10025=DIRECTION('ref_axis',(1.,0.,0.));
#10026=DIRECTION('center_axis',(0.,0.,1.));
#10027=DIRECTION('ref_axis',(1.,0.,0.));
#10028=DIRECTION('center_axis',(0.,0.,1.));
#10029=DIRECTION('ref_axis',(1.,0.,0.));
#10030=DIRECTION('',(0.,0.,1.));
#10031=DIRECTION('center_axis',(0.,0.,1.));
#10032=DIRECTION('ref_axis',(1.,0.,0.));
#10033=DIRECTION('center_axis',(0.,0.,1.));
#10034=DIRECTION('ref_axis',(1.,0.,0.));
#10035=DIRECTION('',(0.,0.,-1.));
#10036=DIRECTION('center_axis',(0.,0.,1.));
#10037=DIRECTION('ref_axis',(1.,0.,0.));
#10038=DIRECTION('center_axis',(0.,0.,-1.));
#10039=DIRECTION('ref_axis',(-1.,0.,0.));
#10040=DIRECTION('center_axis',(0.,0.,1.));
#10041=DIRECTION('ref_axis',(1.,0.,0.));
#10042=DIRECTION('center_axis',(0.,0.,-1.));
#10043=DIRECTION('ref_axis',(-1.,0.,0.));
#10044=DIRECTION('center_axis',(0.,0.,1.));
#10045=DIRECTION('ref_axis',(1.,0.,0.));
#10046=DIRECTION('center_axis',(0.,0.,1.));
#10047=DIRECTION('ref_axis',(1.,0.,0.));
#10048=DIRECTION('center_axis',(0.,0.,1.));
#10049=DIRECTION('ref_axis',(1.,0.,0.));
#10050=DIRECTION('',(0.,0.,-1.));
#10051=DIRECTION('center_axis',(0.,0.,1.));
#10052=DIRECTION('ref_axis',(1.,0.,0.));
#10053=DIRECTION('center_axis',(0.,0.,1.));
#10054=DIRECTION('ref_axis',(1.,0.,0.));
#10055=DIRECTION('',(0.707106781186543,8.65956056235488E-17,-0.707106781186552));
#10056=DIRECTION('center_axis',(0.,0.,1.));
#10057=DIRECTION('ref_axis',(1.,0.,0.));
#10058=DIRECTION('center_axis',(0.,0.,1.));
#10059=DIRECTION('ref_axis',(1.,0.,0.));
#10060=DIRECTION('center_axis',(0.,0.,1.));
#10061=DIRECTION('ref_axis',(1.,0.,0.));
#10062=DIRECTION('',(0.,0.,1.));
#10063=DIRECTION('center_axis',(0.,0.,1.));
#10064=DIRECTION('ref_axis',(1.,0.,0.));
#10065=DIRECTION('center_axis',(0.,0.,1.));
#10066=DIRECTION('ref_axis',(1.,0.,0.));
#10067=DIRECTION('center_axis',(-1.22464679914735E-16,1.,0.));
#10068=DIRECTION('ref_axis',(-1.,-1.22464679914735E-16,0.));
#10069=DIRECTION('center_axis',(0.,0.,1.));
#10070=DIRECTION('ref_axis',(1.,0.,0.));
#10071=DIRECTION('center_axis',(0.,0.,1.));
#10072=DIRECTION('ref_axis',(1.,0.,0.));
#10073=DIRECTION('',(0.,0.,1.));
#10074=DIRECTION('center_axis',(0.,0.,1.));
#10075=DIRECTION('ref_axis',(1.,0.,0.));
#10076=DIRECTION('center_axis',(0.,0.,-1.));
#10077=DIRECTION('ref_axis',(-1.,0.,0.));
#10078=DIRECTION('',(-0.707106781186547,8.65956056235492E-17,0.707106781186548));
#10079=DIRECTION('center_axis',(0.,0.,1.));
#10080=DIRECTION('ref_axis',(1.,0.,0.));
#10081=DIRECTION('center_axis',(0.,0.,-1.));
#10082=DIRECTION('ref_axis',(-1.,0.,0.));
#10083=DIRECTION('center_axis',(0.,0.,1.));
#10084=DIRECTION('ref_axis',(1.,0.,0.));
#10085=DIRECTION('center_axis',(0.,0.,1.));
#10086=DIRECTION('ref_axis',(1.,0.,0.));
#10087=DIRECTION('center_axis',(0.,0.,1.));
#10088=DIRECTION('ref_axis',(1.,0.,0.));
#10089=DIRECTION('center_axis',(-1.22464679914735E-16,1.,0.));
#10090=DIRECTION('ref_axis',(-1.,-1.22464679914735E-16,0.));
#10091=DIRECTION('center_axis',(0.,0.,1.));
#10092=DIRECTION('ref_axis',(1.,0.,0.));
#10093=DIRECTION('center_axis',(0.,0.,1.));
#10094=DIRECTION('ref_axis',(1.,0.,0.));
#10095=DIRECTION('center_axis',(0.,0.,1.));
#10096=DIRECTION('ref_axis',(1.,0.,0.));
#10097=DIRECTION('',(0.,0.,-1.));
#10098=DIRECTION('center_axis',(0.,0.,1.));
#10099=DIRECTION('ref_axis',(1.,0.,0.));
#10100=DIRECTION('',(0.,0.,-1.));
#10101=DIRECTION('center_axis',(0.,0.,1.));
#10102=DIRECTION('ref_axis',(1.,0.,0.));
#10103=DIRECTION('center_axis',(0.,0.,-1.));
#10104=DIRECTION('ref_axis',(-1.,0.,0.));
#10105=DIRECTION('center_axis',(0.,0.,1.));
#10106=DIRECTION('ref_axis',(1.,0.,0.));
#10107=DIRECTION('',(0.707106781186547,-8.65956056235492E-17,-0.707106781186548));
#10108=DIRECTION('center_axis',(0.,0.,1.));
#10109=DIRECTION('ref_axis',(1.,0.,0.));
#10110=DIRECTION('center_axis',(0.,0.,1.));
#10111=DIRECTION('ref_axis',(1.,0.,0.));
#10112=DIRECTION('center_axis',(0.,0.,1.));
#10113=DIRECTION('ref_axis',(1.,0.,0.));
#10114=DIRECTION('',(0.,0.,1.));
#10115=DIRECTION('center_axis',(0.,0.,1.));
#10116=DIRECTION('ref_axis',(1.,0.,0.));
#10117=DIRECTION('center_axis',(0.,0.,1.));
#10118=DIRECTION('ref_axis',(1.,0.,0.));
#10119=DIRECTION('',(-0.707106781186548,-8.65956056235494E-17,0.707106781186547));
#10120=DIRECTION('center_axis',(0.,0.,1.));
#10121=DIRECTION('ref_axis',(1.,0.,0.));
#10122=DIRECTION('center_axis',(0.,0.,1.));
#10123=DIRECTION('ref_axis',(1.,0.,0.));
#10124=DIRECTION('center_axis',(0.,0.,-1.));
#10125=DIRECTION('ref_axis',(-1.,0.,0.));
#10126=DIRECTION('center_axis',(0.,0.,1.));
#10127=DIRECTION('ref_axis',(1.,0.,0.));
#10128=DIRECTION('center_axis',(0.,0.,1.));
#10129=DIRECTION('ref_axis',(1.,0.,0.));
#10130=DIRECTION('',(0.,0.,1.));
#10131=DIRECTION('center_axis',(0.,0.,1.));
#10132=DIRECTION('ref_axis',(1.,0.,0.));
#10133=DIRECTION('center_axis',(0.,0.,1.));
#10134=DIRECTION('ref_axis',(1.,0.,0.));
#10135=DIRECTION('center_axis',(0.,0.,1.));
#10136=DIRECTION('ref_axis',(1.,0.,0.));
#10137=DIRECTION('',(0.,0.,-1.));
#10138=DIRECTION('center_axis',(0.,0.,1.));
#10139=DIRECTION('ref_axis',(1.,0.,0.));
#10140=DIRECTION('center_axis',(0.,0.,1.));
#10141=DIRECTION('ref_axis',(1.,0.,0.));
#10142=DIRECTION('center_axis',(0.,0.,1.));
#10143=DIRECTION('ref_axis',(1.,0.,0.));
#10144=DIRECTION('',(0.,0.,1.));
#10145=DIRECTION('center_axis',(0.,0.,1.));
#10146=DIRECTION('ref_axis',(1.,0.,0.));
#10147=DIRECTION('center_axis',(0.,0.,1.));
#10148=DIRECTION('ref_axis',(1.,0.,0.));
#10149=DIRECTION('center_axis',(0.,0.,1.));
#10150=DIRECTION('ref_axis',(1.,0.,0.));
#10151=DIRECTION('center_axis',(1.22464679914735E-16,-1.,0.));
#10152=DIRECTION('ref_axis',(-1.,-1.22464679914735E-16,0.));
#10153=DIRECTION('center_axis',(0.,0.,1.));
#10154=DIRECTION('ref_axis',(1.,0.,0.));
#10155=DIRECTION('center_axis',(0.,0.,1.));
#10156=DIRECTION('ref_axis',(1.,0.,0.));
#10157=DIRECTION('center_axis',(0.,0.,-1.));
#10158=DIRECTION('ref_axis',(-1.,0.,0.));
#10159=DIRECTION('axis',(0.,0.,1.));
#10160=DIRECTION('refdir',(1.,0.,0.));
#10161=DIRECTION('center_axis',(-3.06161699786838E-16,0.,-1.));
#10162=DIRECTION('ref_axis',(-1.,0.,3.06161699786838E-16));
#10163=DIRECTION('center_axis',(-1.22464679914735E-16,-1.,3.74939945665464E-32));
#10164=DIRECTION('ref_axis',(1.,-1.22464679914735E-16,-3.06161699786838E-16));
#10165=DIRECTION('center_axis',(3.06161699786838E-16,0.,1.));
#10166=DIRECTION('ref_axis',(-1.,0.,3.06161699786838E-16));
#10167=DIRECTION('axis',(0.,0.,1.));
#10168=DIRECTION('refdir',(1.,0.,0.));
#10169=DIRECTION('center_axis',(0.,0.,1.));
#10170=DIRECTION('ref_axis',(1.,0.,0.));
#10171=DIRECTION('',(0.707106781186546,8.65956056235491E-17,-0.707106781186549));
#10172=DIRECTION('center_axis',(0.,0.,1.));
#10173=DIRECTION('ref_axis',(-1.,-8.88178419700125E-16,0.));
#10174=DIRECTION('center_axis',(0.,0.,-1.));
#10175=DIRECTION('ref_axis',(-1.,0.,0.));
#10176=DIRECTION('center_axis',(0.,-1.,0.));
#10177=DIRECTION('ref_axis',(0.,0.,-1.));
#10178=DIRECTION('center_axis',(0.,-1.,0.));
#10179=DIRECTION('ref_axis',(0.,0.,-1.));
#10180=DIRECTION('',(0.,-1.,0.));
#10181=DIRECTION('center_axis',(0.,-1.,0.));
#10182=DIRECTION('ref_axis',(0.,0.,-1.));
#10183=DIRECTION('center_axis',(0.,-1.,0.));
#10184=DIRECTION('ref_axis',(0.,0.,-1.));
#10185=DIRECTION('center_axis',(0.,-1.,0.));
#10186=DIRECTION('ref_axis',(0.,0.,-1.));
#10187=DIRECTION('',(0.,-1.,0.));
#10188=DIRECTION('center_axis',(0.,-1.,0.));
#10189=DIRECTION('ref_axis',(0.,0.,-1.));
#10190=DIRECTION('center_axis',(0.,1.,0.));
#10191=DIRECTION('ref_axis',(0.,0.,1.));
#10192=DIRECTION('center_axis',(0.,-1.,0.));
#10193=DIRECTION('ref_axis',(0.,0.,-1.));
#10194=DIRECTION('',(0.,-1.,0.));
#10195=DIRECTION('center_axis',(0.,-1.,0.));
#10196=DIRECTION('ref_axis',(0.,0.,-1.));
#10197=DIRECTION('center_axis',(0.,-1.,0.));
#10198=DIRECTION('ref_axis',(0.,0.,-1.));
#10199=DIRECTION('center_axis',(0.,-1.,0.));
#10200=DIRECTION('ref_axis',(0.,0.,-1.));
#10201=DIRECTION('',(0.,-1.,0.));
#10202=DIRECTION('center_axis',(0.,-1.,0.));
#10203=DIRECTION('ref_axis',(0.,0.,-1.));
#10204=DIRECTION('center_axis',(0.,-1.,0.));
#10205=DIRECTION('ref_axis',(0.,0.,-1.));
#10206=DIRECTION('center_axis',(0.,1.,0.));
#10207=DIRECTION('ref_axis',(0.,0.,1.));
#10208=DIRECTION('center_axis',(0.,-1.,0.));
#10209=DIRECTION('ref_axis',(0.,0.,-1.));
#10210=DIRECTION('',(0.,-1.,0.));
#10211=DIRECTION('center_axis',(0.,-1.,0.));
#10212=DIRECTION('ref_axis',(0.,0.,-1.));
#10213=DIRECTION('center_axis',(0.,-1.,0.));
#10214=DIRECTION('ref_axis',(0.,0.,-1.));
#10215=DIRECTION('center_axis',(0.,-1.,0.));
#10216=DIRECTION('ref_axis',(0.,0.,-1.));
#10217=DIRECTION('',(0.,-1.,0.));
#10218=DIRECTION('center_axis',(0.,-1.,0.));
#10219=DIRECTION('ref_axis',(0.,0.,-1.));
#10220=DIRECTION('center_axis',(0.,-1.,0.));
#10221=DIRECTION('ref_axis',(0.,0.,-1.));
#10222=DIRECTION('center_axis',(0.,1.,0.));
#10223=DIRECTION('ref_axis',(0.,0.,1.));
#10224=DIRECTION('center_axis',(0.,-1.,0.));
#10225=DIRECTION('ref_axis',(0.,0.,-1.));
#10226=DIRECTION('',(0.,-1.,0.));
#10227=DIRECTION('center_axis',(0.,-1.,0.));
#10228=DIRECTION('ref_axis',(0.,0.,-1.));
#10229=DIRECTION('center_axis',(0.,-1.,0.));
#10230=DIRECTION('ref_axis',(0.,0.,-1.));
#10231=DIRECTION('center_axis',(0.,-1.,0.));
#10232=DIRECTION('ref_axis',(0.,0.,-1.));
#10233=DIRECTION('',(0.,-1.,0.));
#10234=DIRECTION('center_axis',(0.,-1.,0.));
#10235=DIRECTION('ref_axis',(0.,0.,-1.));
#10236=DIRECTION('center_axis',(0.,-1.,0.));
#10237=DIRECTION('ref_axis',(0.,0.,-1.));
#10238=DIRECTION('center_axis',(0.,1.,0.));
#10239=DIRECTION('ref_axis',(0.,0.,1.));
#10240=DIRECTION('center_axis',(0.,-1.,0.));
#10241=DIRECTION('ref_axis',(0.,0.,-1.));
#10242=DIRECTION('',(0.,-1.,0.));
#10243=DIRECTION('center_axis',(0.,-1.,0.));
#10244=DIRECTION('ref_axis',(0.,0.,-1.));
#10245=DIRECTION('center_axis',(0.,-1.,0.));
#10246=DIRECTION('ref_axis',(0.,0.,-1.));
#10247=DIRECTION('center_axis',(0.,-1.,0.));
#10248=DIRECTION('ref_axis',(0.,0.,-1.));
#10249=DIRECTION('',(0.,-1.,0.));
#10250=DIRECTION('center_axis',(0.,-1.,0.));
#10251=DIRECTION('ref_axis',(0.,0.,-1.));
#10252=DIRECTION('center_axis',(0.,-1.,0.));
#10253=DIRECTION('ref_axis',(0.,0.,-1.));
#10254=DIRECTION('center_axis',(0.,-1.,0.));
#10255=DIRECTION('ref_axis',(0.,0.,-1.));
#10256=DIRECTION('center_axis',(0.,-1.,0.));
#10257=DIRECTION('ref_axis',(0.,0.,-1.));
#10258=DIRECTION('center_axis',(0.,0.,1.));
#10259=DIRECTION('ref_axis',(1.,0.,0.));
#10260=DIRECTION('center_axis',(0.,0.,1.));
#10261=DIRECTION('ref_axis',(1.,0.,0.));
#10262=DIRECTION('center_axis',(-8.43148386977691E-7,0.999999999402456,
-3.45597513369782E-5));
#10263=DIRECTION('ref_axis',(0.373987299180139,3.23672091669266E-5,0.927433824595755));
#10264=DIRECTION('center_axis',(0.,0.,1.));
#10265=DIRECTION('ref_axis',(1.,0.,0.));
#10266=DIRECTION('center_axis',(0.,0.,1.));
#10267=DIRECTION('ref_axis',(1.,0.,0.));
#10268=DIRECTION('center_axis',(8.43148632034572E-7,0.999999999402456,-3.45597513312237E-5));
#10269=DIRECTION('ref_axis',(-0.373987243517619,3.23672099820303E-5,0.927433847041641));
#10270=DIRECTION('center_axis',(0.,0.,1.));
#10271=DIRECTION('ref_axis',(1.,0.,0.));
#10272=DIRECTION('center_axis',(0.,-1.,0.));
#10273=DIRECTION('ref_axis',(-1.,0.,0.));
#10274=DIRECTION('center_axis',(0.,0.,-1.));
#10275=DIRECTION('ref_axis',(1.,0.,0.));
#10276=DIRECTION('center_axis',(0.,0.,-1.));
#10277=DIRECTION('ref_axis',(1.,0.,0.));
#10278=DIRECTION('center_axis',(0.,0.,1.));
#10279=DIRECTION('ref_axis',(1.,0.,0.));
#10280=DIRECTION('center_axis',(8.43148346308312E-7,-0.999999999402457,
-3.45597479949159E-5));
#10281=DIRECTION('ref_axis',(0.373986843642696,3.23672120165477E-5,-0.927434008290906));
#10282=DIRECTION('center_axis',(0.,0.,1.));
#10283=DIRECTION('ref_axis',(1.,0.,0.));
#10284=DIRECTION('center_axis',(0.,0.,1.));
#10285=DIRECTION('ref_axis',(1.,0.,0.));
#10286=DIRECTION('center_axis',(-8.43148386977691E-7,-0.999999999402456,
-3.45597513369782E-5));
#10287=DIRECTION('ref_axis',(-0.373987297546879,3.2367209188311E-5,-0.927433825254366));
#10288=DIRECTION('center_axis',(0.,0.,1.));
#10289=DIRECTION('ref_axis',(1.,0.,0.));
#10290=DIRECTION('center_axis',(0.,0.,1.));
#10291=DIRECTION('ref_axis',(1.,0.,0.));
#10292=DIRECTION('center_axis',(-0.999999999402456,8.4314859102446E-7,-3.45597546755177E-5));
#10293=DIRECTION('ref_axis',(3.23672156052705E-5,0.373987049753308,-0.92743392517698));
#10294=DIRECTION('center_axis',(0.,0.,1.));
#10295=DIRECTION('ref_axis',(1.,0.,0.));
#10296=DIRECTION('center_axis',(0.999999999402457,8.43148346303239E-7,-3.45597479944539E-5));
#10297=DIRECTION('ref_axis',(3.23672118239076E-5,-0.373986858323,0.927434002371088));
#10298=DIRECTION('center_axis',(0.,0.,1.));
#10299=DIRECTION('ref_axis',(1.,0.,0.));
#10300=DIRECTION('center_axis',(0.,-1.,0.));
#10301=DIRECTION('ref_axis',(-1.,0.,0.));
#10302=DIRECTION('center_axis',(0.,0.,-1.));
#10303=DIRECTION('ref_axis',(1.,0.,0.));
#10304=DIRECTION('center_axis',(0.,0.,-1.));
#10305=DIRECTION('ref_axis',(1.,0.,0.));
#10306=DIRECTION('center_axis',(0.,0.,1.));
#10307=DIRECTION('ref_axis',(1.,0.,0.));
#10308=DIRECTION('center_axis',(0.999999999402457,-8.43148223953956E-7,
-3.45597446546122E-5));
#10309=DIRECTION('ref_axis',(3.23672035535177E-5,0.373987249916448,0.927433844461316));
#10310=DIRECTION('center_axis',(0.,0.,1.));
#10311=DIRECTION('ref_axis',(1.,0.,0.));
#10312=DIRECTION('center_axis',(-0.999999999402457,-8.4314834631047E-7,
-3.45597479951441E-5));
#10313=DIRECTION('ref_axis',(3.2367213589296E-5,-0.373986723537919,-0.92743405672303));
#10314=DIRECTION('center_axis',(0.,0.,1.));
#10315=DIRECTION('ref_axis',(1.,0.,0.));
#10316=DIRECTION('center_axis',(0.,0.,1.));
#10317=DIRECTION('ref_axis',(1.,0.,0.));
#10318=DIRECTION('center_axis',(0.,0.,1.));
#10319=DIRECTION('ref_axis',(1.,0.,0.));
#10320=DIRECTION('center_axis',(-8.43148509352636E-7,0.999999999402456,
-3.45597546786622E-5));
#10321=DIRECTION('ref_axis',(0.373986902104978,3.23672175108088E-5,0.927433984716047));
#10322=DIRECTION('center_axis',(0.,0.,1.));
#10323=DIRECTION('ref_axis',(1.,0.,0.));
#10324=DIRECTION('center_axis',(0.,0.,1.));
#10325=DIRECTION('ref_axis',(1.,0.,0.));
#10326=DIRECTION('center_axis',(8.43148509320364E-7,0.999999999402456,-3.45597546761241E-5));
#10327=DIRECTION('ref_axis',(-0.373987105161812,3.23672148498104E-5,0.927433902833539));
#10328=DIRECTION('center_axis',(0.,0.,1.));
#10329=DIRECTION('ref_axis',(1.,0.,0.));
#10330=DIRECTION('center_axis',(0.,-1.,0.));
#10331=DIRECTION('ref_axis',(-1.,0.,0.));
#10332=DIRECTION('center_axis',(0.,0.,-1.));
#10333=DIRECTION('ref_axis',(1.,0.,0.));
#10334=DIRECTION('center_axis',(0.,0.,-1.));
#10335=DIRECTION('ref_axis',(1.,0.,0.));
#10336=DIRECTION('center_axis',(0.,0.,1.));
#10337=DIRECTION('ref_axis',(1.,0.,0.));
#10338=DIRECTION('center_axis',(8.43148346283616E-7,-0.999999999402457,
-3.45597479930567E-5));
#10339=DIRECTION('ref_axis',(0.373986575687906,3.23672155231543E-5,-0.927434116343364));
#10340=DIRECTION('center_axis',(0.,0.,1.));
#10341=DIRECTION('ref_axis',(1.,0.,0.));
#10342=DIRECTION('center_axis',(0.,0.,1.));
#10343=DIRECTION('ref_axis',(1.,0.,0.));
#10344=DIRECTION('center_axis',(-8.43148223965605E-7,-0.999999999402457,
-3.45597446557729E-5));
#10345=DIRECTION('ref_axis',(-0.373986850516669,3.23672087839572E-5,-0.927434005518984));
#10346=DIRECTION('center_axis',(0.,0.,1.));
#10347=DIRECTION('ref_axis',(1.,0.,0.));
#10348=DIRECTION('center_axis',(0.,0.,1.));
#10349=DIRECTION('ref_axis',(1.,0.,0.));
#10350=DIRECTION('center_axis',(-0.999999999402457,8.43148346324942E-7,
-3.45597479963048E-5));
#10351=DIRECTION('ref_axis',(3.2367208404677E-5,0.373987119603402,-0.927433897009978));
#10352=DIRECTION('center_axis',(0.,0.,1.));
#10353=DIRECTION('ref_axis',(1.,0.,0.));
#10354=DIRECTION('center_axis',(0.999999999402456,8.43148509340414E-7,-3.45597546779749E-5));
#10355=DIRECTION('ref_axis',(3.23672206539741E-5,-0.373986661992035,0.927434081541335));
#10356=DIRECTION('center_axis',(0.,0.,1.));
#10357=DIRECTION('ref_axis',(1.,0.,0.));
#10358=DIRECTION('center_axis',(0.,-1.,0.));
#10359=DIRECTION('ref_axis',(-1.,0.,0.));
#10360=DIRECTION('center_axis',(0.,0.,-1.));
#10361=DIRECTION('ref_axis',(1.,0.,0.));
#10362=DIRECTION('center_axis',(0.,0.,-1.));
#10363=DIRECTION('ref_axis',(1.,0.,0.));
#10364=DIRECTION('center_axis',(0.,0.,1.));
#10365=DIRECTION('ref_axis',(1.,0.,0.));
#10366=DIRECTION('center_axis',(0.999999999402456,-8.43148509314464E-7,
-3.45597546756564E-5));
#10367=DIRECTION('ref_axis',(3.23672224067112E-5,0.373986527959085,0.927434135589946));
#10368=DIRECTION('center_axis',(0.,0.,1.));
#10369=DIRECTION('ref_axis',(1.,0.,0.));
#10370=DIRECTION('center_axis',(-0.999999999402457,-8.4314834629625E-7,
-3.45597479937609E-5));
#10371=DIRECTION('ref_axis',(3.23672117862086E-5,-0.373986861153027,-0.927434001229883));
#10372=DIRECTION('center_axis',(0.,0.,1.));
#10373=DIRECTION('ref_axis',(1.,0.,0.));
#10374=DIRECTION('center_axis',(0.,0.,-1.));
#10375=DIRECTION('ref_axis',(-1.,0.,0.));
#10376=DIRECTION('center_axis',(0.,0.,-1.));
#10377=DIRECTION('ref_axis',(-1.,0.,0.));
#10378=DIRECTION('center_axis',(-1.22464679914735E-16,-1.,0.));
#10379=DIRECTION('ref_axis',(1.,-1.22464679914735E-16,0.));
#10380=DIRECTION('center_axis',(0.,0.,1.));
#10381=DIRECTION('ref_axis',(-1.,0.,0.));
#10382=DIRECTION('center_axis',(0.,0.,1.));
#10383=DIRECTION('ref_axis',(-1.,0.,0.));
#10384=DIRECTION('center_axis',(0.,0.,-1.));
#10385=DIRECTION('ref_axis',(-1.,0.,0.));
#10386=DIRECTION('center_axis',(0.,0.,-1.));
#10387=DIRECTION('ref_axis',(-1.,0.,0.));
#10388=DIRECTION('center_axis',(-1.22464679914735E-16,-1.,0.));
#10389=DIRECTION('ref_axis',(1.,-1.22464679914735E-16,0.));
#10390=DIRECTION('center_axis',(0.,0.,1.));
#10391=DIRECTION('ref_axis',(-1.,0.,0.));
#10392=DIRECTION('center_axis',(0.,0.,1.));
#10393=DIRECTION('ref_axis',(1.,0.,0.));
#10394=DIRECTION('center_axis',(0.,0.,1.));
#10395=DIRECTION('ref_axis',(1.,0.,0.));
#10396=DIRECTION('center_axis',(0.,-1.,0.));
#10397=DIRECTION('ref_axis',(-1.,0.,0.));
#10398=DIRECTION('center_axis',(0.,0.,-1.));
#10399=DIRECTION('ref_axis',(1.,0.,0.));
#10400=DIRECTION('center_axis',(0.,0.,1.));
#10401=DIRECTION('ref_axis',(1.,0.,0.));
#10402=DIRECTION('center_axis',(0.,0.,1.));
#10403=DIRECTION('ref_axis',(1.,0.,0.));
#10404=DIRECTION('center_axis',(0.,-1.,0.));
#10405=DIRECTION('ref_axis',(-1.,0.,0.));
#10406=DIRECTION('center_axis',(0.,0.,-1.));
#10407=DIRECTION('ref_axis',(1.,0.,0.));
#10408=DIRECTION('center_axis',(0.,0.,1.));
#10409=DIRECTION('ref_axis',(1.,0.,0.));
#10410=DIRECTION('center_axis',(0.,0.,1.));
#10411=DIRECTION('ref_axis',(1.,0.,0.));
#10412=DIRECTION('center_axis',(0.,-1.,0.));
#10413=DIRECTION('ref_axis',(-1.,0.,0.));
#10414=DIRECTION('center_axis',(0.,0.,-1.));
#10415=DIRECTION('ref_axis',(1.,0.,0.));
#10416=DIRECTION('center_axis',(0.,0.,1.));
#10417=DIRECTION('ref_axis',(1.,0.,0.));
#10418=DIRECTION('center_axis',(0.,0.,1.));
#10419=DIRECTION('ref_axis',(1.,0.,0.));
#10420=DIRECTION('center_axis',(0.,-1.,0.));
#10421=DIRECTION('ref_axis',(-1.,0.,0.));
#10422=DIRECTION('center_axis',(0.,0.,-1.));
#10423=DIRECTION('ref_axis',(1.,0.,0.));
#10424=DIRECTION('center_axis',(0.,0.,1.));
#10425=DIRECTION('ref_axis',(1.,0.,0.));
#10426=DIRECTION('center_axis',(0.,0.,1.));
#10427=DIRECTION('ref_axis',(1.,0.,0.));
#10428=DIRECTION('center_axis',(1.22464679914735E-16,-1.,0.));
#10429=DIRECTION('ref_axis',(-1.,-1.22464679914735E-16,0.));
#10430=DIRECTION('center_axis',(0.,0.,-1.));
#10431=DIRECTION('ref_axis',(1.,0.,0.));
#10432=DIRECTION('center_axis',(0.,0.,1.));
#10433=DIRECTION('ref_axis',(1.,0.,0.));
#10434=DIRECTION('center_axis',(0.,0.,-1.));
#10435=DIRECTION('ref_axis',(-1.,0.,0.));
#10436=DIRECTION('center_axis',(0.,0.,1.));
#10437=DIRECTION('ref_axis',(-1.,-8.88178419700125E-16,0.));
#10438=DIRECTION('center_axis',(0.,0.,-1.));
#10439=DIRECTION('ref_axis',(-1.,0.,0.));
#10440=DIRECTION('center_axis',(0.,0.,-1.));
#10441=DIRECTION('ref_axis',(1.,0.,0.));
#10442=DIRECTION('center_axis',(0.,0.,-1.));
#10443=DIRECTION('ref_axis',(1.,0.,0.));
#10444=DIRECTION('',(-0.707106781186546,8.65956056235491E-17,0.707106781186549));
#10445=DIRECTION('center_axis',(0.,0.,1.));
#10446=DIRECTION('ref_axis',(1.,0.,0.));
#10447=DIRECTION('center_axis',(0.,0.,-1.));
#10448=DIRECTION('ref_axis',(-1.,0.,0.));
#10449=DIRECTION('center_axis',(0.,0.,1.));
#10450=DIRECTION('ref_axis',(1.,0.,0.));
#10451=DIRECTION('',(0.,0.,1.));
#10452=DIRECTION('center_axis',(0.,0.,-1.));
#10453=DIRECTION('ref_axis',(-1.,0.,0.));
#10454=DIRECTION('center_axis',(0.,0.,1.));
#10455=DIRECTION('ref_axis',(1.,0.,0.));
#10456=DIRECTION('',(0.,0.,1.));
#10457=DIRECTION('center_axis',(0.,0.,-1.));
#10458=DIRECTION('ref_axis',(-1.,0.,0.));
#10459=DIRECTION('center_axis',(0.,0.,1.));
#10460=DIRECTION('ref_axis',(1.,0.,0.));
#10461=DIRECTION('',(0.,0.,1.));
#10462=DIRECTION('center_axis',(0.,0.,-1.));
#10463=DIRECTION('ref_axis',(-1.,0.,0.));
#10464=DIRECTION('center_axis',(0.,0.,1.));
#10465=DIRECTION('ref_axis',(1.,0.,0.));
#10466=DIRECTION('',(0.,0.,1.));
#10467=DIRECTION('center_axis',(0.,0.,1.));
#10468=DIRECTION('ref_axis',(1.,0.,0.));
#10469=DIRECTION('center_axis',(0.,0.,1.));
#10470=DIRECTION('ref_axis',(1.,0.,0.));
#10471=DIRECTION('',(0.,0.,1.));
#10472=DIRECTION('center_axis',(0.,0.,1.));
#10473=DIRECTION('ref_axis',(1.,0.,0.));
#10474=DIRECTION('center_axis',(0.,0.,1.));
#10475=DIRECTION('ref_axis',(1.,0.,0.));
#10476=DIRECTION('',(0.,0.,1.));
#10477=DIRECTION('center_axis',(0.,0.,1.));
#10478=DIRECTION('ref_axis',(1.,0.,0.));
#10479=DIRECTION('center_axis',(0.,0.,1.));
#10480=DIRECTION('ref_axis',(1.,0.,0.));
#10481=DIRECTION('',(0.,0.,1.));
#10482=DIRECTION('center_axis',(0.,0.,1.));
#10483=DIRECTION('ref_axis',(1.,0.,0.));
#10484=DIRECTION('center_axis',(0.,0.,1.));
#10485=DIRECTION('ref_axis',(1.,0.,0.));
#10486=DIRECTION('',(0.,0.,1.));
#10487=DIRECTION('center_axis',(0.,0.,1.));
#10488=DIRECTION('ref_axis',(1.,0.,0.));
#10489=DIRECTION('',(0.,0.,-1.));
#10490=DIRECTION('center_axis',(0.,0.,1.));
#10491=DIRECTION('ref_axis',(1.,0.,0.));
#10492=DIRECTION('center_axis',(0.,0.,1.));
#10493=DIRECTION('ref_axis',(1.,0.,0.));
#10494=DIRECTION('center_axis',(0.,0.,1.));
#10495=DIRECTION('ref_axis',(1.,0.,0.));
#10496=DIRECTION('',(0.,0.,1.));
#10497=DIRECTION('center_axis',(0.,0.,1.));
#10498=DIRECTION('ref_axis',(1.,0.,0.));
#10499=DIRECTION('center_axis',(0.,0.,1.));
#10500=DIRECTION('ref_axis',(1.,0.,0.));
#10501=DIRECTION('center_axis',(0.,0.,1.));
#10502=DIRECTION('ref_axis',(1.,0.,0.));
#10503=DIRECTION('',(0.,0.,1.));
#10504=DIRECTION('center_axis',(0.,0.,1.));
#10505=DIRECTION('ref_axis',(1.,0.,0.));
#10506=DIRECTION('center_axis',(0.,0.,-1.));
#10507=DIRECTION('ref_axis',(-1.,0.,0.));
#10508=DIRECTION('',(0.,0.,-1.));
#10509=DIRECTION('',(0.,0.,1.));
#10510=DIRECTION('center_axis',(0.,0.,-1.));
#10511=DIRECTION('ref_axis',(-1.,0.,0.));
#10512=DIRECTION('',(0.,0.,-1.));
#10513=DIRECTION('center_axis',(0.,0.,-1.));
#10514=DIRECTION('ref_axis',(-1.,0.,0.));
#10515=DIRECTION('center_axis',(0.,0.,-1.));
#10516=DIRECTION('ref_axis',(-1.,0.,0.));
#10517=DIRECTION('',(0.,0.,-1.));
#10518=DIRECTION('center_axis',(0.,0.,-1.));
#10519=DIRECTION('ref_axis',(-1.,0.,0.));
#10520=DIRECTION('center_axis',(0.,0.,-1.));
#10521=DIRECTION('ref_axis',(-1.,0.,0.));
#10522=DIRECTION('center_axis',(0.,0.,-1.));
#10523=DIRECTION('ref_axis',(-1.,0.,0.));
#10524=DIRECTION('',(0.,0.,-1.));
#10525=DIRECTION('center_axis',(0.,0.,-1.));
#10526=DIRECTION('ref_axis',(-1.,0.,0.));
#10527=DIRECTION('center_axis',(0.,0.,-1.));
#10528=DIRECTION('ref_axis',(-1.,0.,0.));
#10529=DIRECTION('',(0.,0.,-1.));
#10530=DIRECTION('center_axis',(0.,0.,-1.));
#10531=DIRECTION('ref_axis',(-1.,0.,0.));
#10532=DIRECTION('center_axis',(0.,0.,-1.));
#10533=DIRECTION('ref_axis',(-1.,0.,0.));
#10534=DIRECTION('',(0.857167300702112,-1.04972719113862E-16,-0.515038074910055));
#10535=DIRECTION('center_axis',(0.,0.,-1.));
#10536=DIRECTION('ref_axis',(-1.,0.,0.));
#10537=DIRECTION('center_axis',(0.,0.,-1.));
#10538=DIRECTION('ref_axis',(-1.,0.,0.));
#10539=DIRECTION('',(0.,0.,-1.));
#10540=DIRECTION('center_axis',(0.,0.,-1.));
#10541=DIRECTION('ref_axis',(-1.,0.,0.));
#10542=DIRECTION('center_axis',(0.,0.,-1.));
#10543=DIRECTION('ref_axis',(-1.,0.,0.));
#10544=DIRECTION('',(0.857167300702112,-1.04972719113862E-16,-0.515038074910055));
#10545=DIRECTION('center_axis',(0.,0.,-1.));
#10546=DIRECTION('ref_axis',(-1.,0.,0.));
#10547=DIRECTION('center_axis',(0.,0.,-1.));
#10548=DIRECTION('ref_axis',(-1.,0.,0.));
#10549=DIRECTION('',(0.,0.,-1.));
#10550=DIRECTION('center_axis',(0.,0.,-1.));
#10551=DIRECTION('ref_axis',(-1.,0.,0.));
#10552=DIRECTION('center_axis',(0.,0.,-1.));
#10553=DIRECTION('ref_axis',(-1.,0.,0.));
#10554=DIRECTION('',(0.857167300702112,-1.04972719113862E-16,-0.515038074910055));
#10555=DIRECTION('center_axis',(0.,0.,-1.));
#10556=DIRECTION('ref_axis',(-1.,0.,0.));
#10557=DIRECTION('center_axis',(0.,0.,-1.));
#10558=DIRECTION('ref_axis',(-1.,0.,0.));
#10559=DIRECTION('',(0.,0.,-1.));
#10560=DIRECTION('center_axis',(0.,0.,-1.));
#10561=DIRECTION('ref_axis',(-1.,0.,0.));
#10562=DIRECTION('center_axis',(0.,0.,-1.));
#10563=DIRECTION('ref_axis',(-1.,0.,0.));
#10564=DIRECTION('',(0.857167300702112,-1.04972719113862E-16,-0.515038074910055));
#10565=DIRECTION('center_axis',(0.,0.,1.));
#10566=DIRECTION('ref_axis',(1.,0.,0.));
#10567=DIRECTION('center_axis',(0.,0.,-1.));
#10568=DIRECTION('ref_axis',(-1.,0.,0.));
#10569=DIRECTION('',(0.,0.,-1.));
#10570=DIRECTION('center_axis',(0.,-1.,0.));
#10571=DIRECTION('ref_axis',(0.,0.,-1.));
#10572=DIRECTION('',(2.13180687042567E-16,0.,-1.));
#10573=DIRECTION('',(1.,0.,0.));
#10574=DIRECTION('',(2.13180687042567E-16,0.,-1.));
#10575=DIRECTION('center_axis',(0.,0.,1.));
#10576=DIRECTION('ref_axis',(1.,0.,0.));
#10577=DIRECTION('',(0.,1.,0.));
#10578=DIRECTION('',(1.,0.,0.));
#10579=DIRECTION('',(0.,1.,0.));
#10580=DIRECTION('',(1.,0.,5.80047806333934E-16));
#10581=DIRECTION('center_axis',(0.,0.,1.));
#10582=DIRECTION('ref_axis',(1.,0.,0.));
#10583=DIRECTION('',(0.000549480124550289,-0.999999849035785,0.));
#10584=DIRECTION('',(1.,0.,5.80047806333934E-16));
#10585=DIRECTION('',(0.,1.,0.));
#10586=DIRECTION('',(1.,0.,0.));
#10587=DIRECTION('center_axis',(0.,0.18778865667738,-0.982209458528732));
#10588=DIRECTION('ref_axis',(0.,0.982209458528732,0.18778865667738));
#10589=DIRECTION('',(0.,-0.982209458528732,-0.18778865667738));
#10590=DIRECTION('',(1.,0.,0.));
#10591=DIRECTION('',(-0.000539704578480059,0.982209315479229,0.187788629327741));
#10592=DIRECTION('',(-0.222734248519909,0.957535571134527,0.18307125538529));
#10593=DIRECTION('',(1.,0.,0.));
#10594=DIRECTION('',(1.,0.,0.));
#10595=DIRECTION('',(1.,-5.8439371330286E-15,-5.8439371330286E-15));
#10596=DIRECTION('',(1.,0.,0.));
#10597=DIRECTION('',(1.,-5.74488735111282E-15,-5.74488735111282E-15));
#10598=DIRECTION('',(1.,0.,0.));
#10599=DIRECTION('',(1.,-4.92778547544677E-15,-4.92778547544677E-15));
#10600=DIRECTION('',(1.,0.,0.));
#10601=DIRECTION('',(1.,-5.74488735111287E-15,-5.74488735111287E-15));
#10602=DIRECTION('',(1.,0.,0.));
#10603=DIRECTION('',(1.,-5.84393713302858E-15,-5.84393713302858E-15));
#10604=DIRECTION('',(1.,0.,0.));
#10605=DIRECTION('',(1.,0.,0.));
#10606=DIRECTION('',(0.222734248519905,0.957535571134528,0.18307125538529));
#10607=DIRECTION('center_axis',(0.,-1.,0.));
#10608=DIRECTION('ref_axis',(0.,0.,-1.));
#10609=DIRECTION('',(-2.55816824435548E-15,0.,-1.));
#10610=DIRECTION('',(-2.55816824435548E-15,0.,-1.));
#10611=DIRECTION('',(1.,0.,0.));
#10612=DIRECTION('',(0.,0.,-1.));
#10613=DIRECTION('center_axis',(0.,-1.,0.));
#10614=DIRECTION('ref_axis',(0.,0.,-1.));
#10615=DIRECTION('',(-3.94384271028748E-15,0.,-1.));
#10616=DIRECTION('',(-3.94384271028748E-15,0.,-1.));
#10617=DIRECTION('',(0.,0.,-1.));
#10618=DIRECTION('',(1.,0.,0.));
#10619=DIRECTION('center_axis',(0.,-1.,0.));
#10620=DIRECTION('ref_axis',(0.,0.,-1.));
#10621=DIRECTION('',(2.13180687042567E-16,0.,-1.));
#10622=DIRECTION('',(2.13180687042567E-16,0.,-1.));
#10623=DIRECTION('center_axis',(0.,-1.,0.));
#10624=DIRECTION('ref_axis',(0.,0.,-1.));
#10625=DIRECTION('',(1.,0.,0.));
#10626=DIRECTION('',(-3.09111996211721E-15,0.,-1.));
#10627=DIRECTION('',(0.,0.,-1.));
#10628=DIRECTION('center_axis',(0.,-1.,0.));
#10629=DIRECTION('ref_axis',(0.,0.,-1.));
#10630=DIRECTION('',(0.,0.,-1.));
#10631=DIRECTION('',(0.,0.,-1.));
#10632=DIRECTION('',(1.,0.,0.));
#10633=DIRECTION('',(0.,0.,-1.));
#10634=DIRECTION('center_axis',(0.,-1.,0.));
#10635=DIRECTION('ref_axis',(0.,0.,-1.));
#10636=DIRECTION('',(1.,0.,0.));
#10637=DIRECTION('',(1.06590343521283E-16,0.,-1.));
#10638=DIRECTION('',(1.06590343521283E-16,0.,-1.));
#10639=DIRECTION('center_axis',(0.,-1.,0.));
#10640=DIRECTION('ref_axis',(0.,0.,-1.));
#10641=DIRECTION('',(-1.,0.,-2.69194028308881E-16));
#10642=DIRECTION('center_axis',(0.,-1.,0.));
#10643=DIRECTION('ref_axis',(0.,0.,-1.));
#10644=DIRECTION('',(1.81722974035693E-16,0.,-1.));
#10645=DIRECTION('',(-1.,0.,0.));
#10646=DIRECTION('',(0.,0.,-1.));
#10647=DIRECTION('',(-1.,0.,2.90023903166967E-16));
#10648=DIRECTION('',(-4.61023559622669E-16,0.,1.));
#10649=DIRECTION('',(-1.,0.,0.));
#10650=DIRECTION('',(-3.63445948071386E-16,0.,1.));
#10651=DIRECTION('center_axis',(0.,-1.,0.));
#10652=DIRECTION('ref_axis',(0.,0.,-1.));
#10653=DIRECTION('center_axis',(0.,-1.,0.));
#10654=DIRECTION('ref_axis',(0.,0.,-1.));
#10655=DIRECTION('',(1.81722974035693E-16,0.,-1.));
#10656=DIRECTION('center_axis',(0.,-1.,0.));
#10657=DIRECTION('ref_axis',(0.,0.,-1.));
#10658=DIRECTION('',(1.,0.,2.69194028308881E-16));
#10659=DIRECTION('',(-1.74639487611878E-16,0.,-1.));
#10660=DIRECTION('',(-1.74639487611878E-16,0.,-1.));
#10661=DIRECTION('',(0.,0.,-1.));
#10662=DIRECTION('',(1.,0.,0.));
#10663=DIRECTION('center_axis',(0.,-1.,0.));
#10664=DIRECTION('ref_axis',(0.,0.,-1.));
#10665=DIRECTION('',(-1.,0.,0.));
#10666=DIRECTION('',(1.44560289664734E-16,0.,-1.));
#10667=DIRECTION('',(1.,0.,0.));
#10668=DIRECTION('',(0.,0.,1.));
#10669=DIRECTION('',(-1.,0.,-2.69194028308881E-16));
#10670=DIRECTION('center_axis',(0.,1.,0.));
#10671=DIRECTION('ref_axis',(0.,0.,-1.));
#10672=DIRECTION('',(-3.63445948071386E-16,0.,1.));
#10673=DIRECTION('center_axis',(0.,1.,0.));
#10674=DIRECTION('ref_axis',(0.,0.,-1.));
#10675=DIRECTION('',(1.,0.,2.69194028308881E-16));
#10676=DIRECTION('center_axis',(0.,1.,0.));
#10677=DIRECTION('ref_axis',(0.,0.,-1.));
#10678=DIRECTION('',(1.81722974035693E-16,0.,-1.));
#10679=DIRECTION('center_axis',(0.,1.,0.));
#10680=DIRECTION('ref_axis',(0.,0.,-1.));
#10681=DIRECTION('',(1.51588027100045E-16,0.,-1.));
#10682=DIRECTION('center_axis',(0.,1.,0.));
#10683=DIRECTION('ref_axis',(0.,0.,-1.));
#10684=DIRECTION('',(-1.,0.,5.01899164977821E-16));
#10685=DIRECTION('center_axis',(0.,1.,0.));
#10686=DIRECTION('ref_axis',(0.,0.,-1.));
#10687=DIRECTION('',(-4.54764081300136E-16,0.,1.));
#10688=DIRECTION('center_axis',(0.,1.,0.));
#10689=DIRECTION('ref_axis',(0.,0.,-1.));
#10690=DIRECTION('',(1.,0.,0.));
#10691=DIRECTION('center_axis',(0.,1.,0.));
#10692=DIRECTION('ref_axis',(0.,0.,-1.));
#10693=DIRECTION('center_axis',(0.,1.,0.));
#10694=DIRECTION('ref_axis',(0.,0.,-1.));
#10695=DIRECTION('',(-1.,0.,0.));
#10696=DIRECTION('',(-1.74507097792994E-16,0.,-1.));
#10697=DIRECTION('',(1.,0.,0.));
#10698=DIRECTION('',(0.,0.,1.));
#10699=DIRECTION('',(-1.,0.,0.));
#10700=DIRECTION('center_axis',(0.,1.,0.));
#10701=DIRECTION('ref_axis',(0.,0.,-1.));
#10702=DIRECTION('center_axis',(0.,1.,0.));
#10703=DIRECTION('ref_axis',(0.,0.,-1.));
#10704=DIRECTION('',(1.,0.,0.));
#10705=DIRECTION('center_axis',(0.,1.,0.));
#10706=DIRECTION('ref_axis',(0.,0.,-1.));
#10707=DIRECTION('center_axis',(0.,1.,0.));
#10708=DIRECTION('ref_axis',(0.,0.,1.));
#10709=DIRECTION('center_axis',(0.,1.,0.));
#10710=DIRECTION('ref_axis',(0.,0.,1.));
#10711=DIRECTION('center_axis',(0.,-1.,0.));
#10712=DIRECTION('ref_axis',(-1.3010426069826E-14,0.,1.));
#10713=DIRECTION('',(-1.,0.,0.));
#10714=DIRECTION('',(0.,0.,1.));
#10715=DIRECTION('',(-2.46092614571722E-15,0.,-1.));
#10716=DIRECTION('',(-1.,0.,5.01899164977821E-16));
#10717=DIRECTION('',(1.51588027100045E-16,0.,-1.));
#10718=DIRECTION('center_axis',(0.,-1.,0.));
#10719=DIRECTION('ref_axis',(0.,0.,1.));
#10720=DIRECTION('',(1.,0.,0.));
#10721=DIRECTION('center_axis',(0.,1.,0.));
#10722=DIRECTION('ref_axis',(0.,0.,1.));
#10723=DIRECTION('',(-1.,0.,0.));
#10724=DIRECTION('center_axis',(0.,-1.,0.));
#10725=DIRECTION('ref_axis',(0.,0.,1.));
#10726=DIRECTION('center_axis',(0.,-1.,0.));
#10727=DIRECTION('ref_axis',(0.,0.,1.));
#10728=DIRECTION('',(1.,0.,0.));
#10729=DIRECTION('center_axis',(0.,-1.,0.));
#10730=DIRECTION('ref_axis',(0.,0.,1.));
#10731=DIRECTION('',(-4.54764081300136E-16,0.,1.));
#10732=DIRECTION('',(-1.,0.,5.01899164977821E-16));
#10733=DIRECTION('',(0.,0.,1.));
#10734=DIRECTION('',(-1.74507097792994E-16,0.,-1.));
#10735=DIRECTION('center_axis',(-8.20200225048136E-17,1.,0.));
#10736=DIRECTION('ref_axis',(-1.,-8.20200225048136E-17,0.));
#10737=DIRECTION('',(0.,0.,1.));
#10738=DIRECTION('',(-1.,-8.20200225048136E-17,0.));
#10739=DIRECTION('',(0.,0.,1.));
#10740=DIRECTION('center_axis',(-8.20200225048136E-17,1.,0.));
#10741=DIRECTION('ref_axis',(-1.,-8.20200225048136E-17,0.));
#10742=DIRECTION('',(-1.,-8.20200225048136E-17,0.));
#10743=DIRECTION('',(0.,0.,1.));
#10744=DIRECTION('',(-1.,-8.20200225048136E-17,0.));
#10745=DIRECTION('',(0.,0.,-1.));
#10746=DIRECTION('',(1.,8.20200225048136E-17,0.));
#10747=DIRECTION('center_axis',(-8.20200225048136E-17,1.,0.));
#10748=DIRECTION('ref_axis',(-1.,-8.20200225048136E-17,0.));
#10749=DIRECTION('',(4.33680868994201E-16,0.,-1.));
#10750=DIRECTION('',(-1.,-8.20200225048136E-17,0.));
#10751=DIRECTION('',(0.,0.,-1.));
#10752=DIRECTION('',(1.,8.20200225048136E-17,0.));
#10753=DIRECTION('',(0.,0.,1.));
#10754=DIRECTION('',(-1.,-8.20200225048136E-17,0.));
#10755=DIRECTION('',(1.44560289664734E-16,0.,-1.));
#10756=DIRECTION('',(-1.,-8.20200225048136E-17,0.));
#10757=DIRECTION('center_axis',(-8.20200225048136E-17,1.,0.));
#10758=DIRECTION('ref_axis',(-1.,-8.20200225048136E-17,0.));
#10759=DIRECTION('center_axis',(0.,0.,1.));
#10760=DIRECTION('ref_axis',(1.,0.,0.));
#10761=DIRECTION('',(1.,-1.53429397161879E-13,0.));
#10762=DIRECTION('',(0.,-1.,0.));
#10763=DIRECTION('center_axis',(0.,0.,1.));
#10764=DIRECTION('ref_axis',(1.,0.,0.));
#10765=DIRECTION('',(0.,1.,0.));
#10766=DIRECTION('',(1.,0.,0.));
#10767=DIRECTION('center_axis',(0.,0.,1.));
#10768=DIRECTION('ref_axis',(1.,0.,0.));
#10769=DIRECTION('',(0.,1.,0.));
#10770=DIRECTION('center_axis',(0.,0.,1.));
#10771=DIRECTION('ref_axis',(1.,0.,0.));
#10772=DIRECTION('',(-1.,0.,0.));
#10773=DIRECTION('',(-1.87575794301855E-15,1.,0.));
#10774=DIRECTION('center_axis',(0.,0.,1.));
#10775=DIRECTION('ref_axis',(1.,0.,0.));
#10776=DIRECTION('',(0.,-1.,0.));
#10777=DIRECTION('',(-1.,1.24402213915025E-14,0.));
#10778=DIRECTION('center_axis',(0.,0.,1.));
#10779=DIRECTION('ref_axis',(1.,0.,0.));
#10780=DIRECTION('',(1.,-3.7515158860371E-15,0.));
#10781=DIRECTION('',(-2.07337023191708E-15,-1.,0.));
#10782=DIRECTION('center_axis',(0.,0.,1.));
#10783=DIRECTION('ref_axis',(1.,0.,0.));
#10784=DIRECTION('',(1.,-4.08656141239159E-15,0.));
#10785=DIRECTION('center_axis',(0.,0.,1.));
#10786=DIRECTION('ref_axis',(1.,0.,0.));
#10787=DIRECTION('',(4.14674046383418E-15,1.,0.));
#10788=DIRECTION('',(1.,-1.87575794301855E-15,0.));
#10789=DIRECTION('center_axis',(0.,0.,1.));
#10790=DIRECTION('ref_axis',(1.,0.,0.));
#10791=DIRECTION('',(-1.,3.75151588603709E-15,0.));
#10792=DIRECTION('',(1.65869618553366E-14,1.,0.));
#10793=DIRECTION('center_axis',(0.,0.,1.));
#10794=DIRECTION('ref_axis',(1.,0.,0.));
#10795=DIRECTION('',(-1.,4.08656141239147E-15,0.));
#10796=DIRECTION('center_axis',(0.,0.,1.));
#10797=DIRECTION('ref_axis',(1.,0.,0.));
#10798=DIRECTION('',(1.,-4.14674046383418E-15,0.));
#10799=DIRECTION('',(-5.62727382905564E-15,-1.,0.));
#10800=DIRECTION('center_axis',(0.,0.,1.));
#10801=DIRECTION('ref_axis',(1.,0.,0.));
#10802=DIRECTION('',(7.50303177207418E-15,1.,0.));
#10803=DIRECTION('',(1.,-2.07337023191708E-14,0.));
#10804=DIRECTION('center_axis',(0.,0.,1.));
#10805=DIRECTION('ref_axis',(1.,0.,0.));
#10806=DIRECTION('',(8.17312282478295E-15,1.,0.));
#10807=DIRECTION('center_axis',(0.,0.,1.));
#10808=DIRECTION('ref_axis',(1.,0.,0.));
#10809=DIRECTION('',(-1.,-6.22011069575124E-15,0.));
#10810=DIRECTION('',(7.5030317720742E-15,1.,0.));
#10811=DIRECTION('center_axis',(0.,0.,1.));
#10812=DIRECTION('ref_axis',(1.,0.,0.));
#10813=DIRECTION('',(-7.5030317720742E-15,-1.,0.));
#10814=DIRECTION('',(-1.,8.29348092766833E-15,0.));
#10815=DIRECTION('center_axis',(0.,0.,1.));
#10816=DIRECTION('ref_axis',(1.,0.,0.));
#10817=DIRECTION('',(1.,-1.12545476581113E-14,0.));
#10818=DIRECTION('',(-2.4880442783005E-14,-1.,0.));
#10819=DIRECTION('center_axis',(0.,0.,1.));
#10820=DIRECTION('ref_axis',(1.,0.,0.));
#10821=DIRECTION('',(1.,-8.17312282478293E-15,0.));
#10822=DIRECTION('center_axis',(0.,0.,1.));
#10823=DIRECTION('ref_axis',(1.,0.,0.));
#10824=DIRECTION('',(-4.14674046383416E-15,1.,0.));
#10825=DIRECTION('',(1.,-1.12545476581113E-14,0.));
#10826=DIRECTION('center_axis',(0.,0.,1.));
#10827=DIRECTION('ref_axis',(1.,0.,0.));
#10828=DIRECTION('',(-1.,1.12545476581113E-14,0.));
#10829=DIRECTION('',(1.03668511595854E-14,1.,0.));
#10830=DIRECTION('center_axis',(0.,0.,1.));
#10831=DIRECTION('ref_axis',(1.,0.,0.));
#10832=DIRECTION('',(-1.,1.0216403530979E-14,0.));
#10833=DIRECTION('center_axis',(0.,0.,1.));
#10834=DIRECTION('ref_axis',(1.,0.,0.));
#10835=DIRECTION('center_axis',(0.,0.,1.));
#10836=DIRECTION('ref_axis',(1.,0.,0.));
#10837=DIRECTION('center_axis',(0.,0.,1.));
#10838=DIRECTION('ref_axis',(1.,0.,0.));
#10839=DIRECTION('center_axis',(0.,0.,1.));
#10840=DIRECTION('ref_axis',(1.,0.,0.));
#10841=DIRECTION('center_axis',(0.,0.,-1.));
#10842=DIRECTION('ref_axis',(-1.,0.,0.));
#10843=DIRECTION('center_axis',(0.,0.,-1.));
#10844=DIRECTION('ref_axis',(-1.,0.,0.));
#10845=DIRECTION('',(8.20200225048136E-17,-1.,0.));
#10846=DIRECTION('',(-0.707106781186548,-0.707106781186547,0.));
#10847=DIRECTION('',(-1.,-8.20200225048136E-17,0.));
#10848=DIRECTION('',(-0.707106781186546,0.707106781186549,0.));
#10849=DIRECTION('',(0.,1.,0.));
#10850=DIRECTION('',(0.707106781186549,0.707106781186546,0.));
#10851=DIRECTION('',(1.,0.,0.));
#10852=DIRECTION('',(0.707106781186546,-0.707106781186549,0.));
#10853=DIRECTION('center_axis',(0.,0.,1.));
#10854=DIRECTION('ref_axis',(1.,0.,0.));
#10855=DIRECTION('',(0.,0.,1.));
#10856=DIRECTION('center_axis',(0.,0.,1.));
#10857=DIRECTION('ref_axis',(1.,0.,0.));
#10858=DIRECTION('',(0.,0.,1.));
#10859=DIRECTION('center_axis',(0.,0.,1.));
#10860=DIRECTION('ref_axis',(-1.,3.38484795747718E-12,0.));
#10861=DIRECTION('',(0.,0.,1.));
#10862=DIRECTION('center_axis',(0.,0.,1.));
#10863=DIRECTION('ref_axis',(1.,0.,0.));
#10864=DIRECTION('',(0.,0.,-1.));
#10865=DIRECTION('center_axis',(0.,0.,1.));
#10866=DIRECTION('ref_axis',(-1.,1.55964130499342E-12,0.));
#10867=DIRECTION('',(0.,0.,1.));
#10868=DIRECTION('center_axis',(0.,0.,1.));
#10869=DIRECTION('ref_axis',(1.,0.,0.));
#10870=DIRECTION('',(0.,0.,-1.));
#10871=DIRECTION('center_axis',(0.,0.,1.));
#10872=DIRECTION('ref_axis',(1.,0.,0.));
#10873=DIRECTION('center_axis',(0.,0.,1.));
#10874=DIRECTION('ref_axis',(1.,0.,0.));
#10875=DIRECTION('',(0.,0.,-1.));
#10876=DIRECTION('center_axis',(0.,0.,1.));
#10877=DIRECTION('ref_axis',(1.,0.,0.));
#10878=DIRECTION('',(0.,0.,1.));
#10879=DIRECTION('center_axis',(0.,0.,1.));
#10880=DIRECTION('ref_axis',(1.,0.,0.));
#10881=DIRECTION('',(0.,0.,1.));
#10882=DIRECTION('center_axis',(0.,0.,1.));
#10883=DIRECTION('ref_axis',(-1.,2.98427949019242E-13,0.));
#10884=DIRECTION('center_axis',(0.,0.,1.));
#10885=DIRECTION('ref_axis',(1.,0.,0.));
#10886=DIRECTION('',(0.,0.,-1.));
#10887=DIRECTION('center_axis',(0.,0.,1.));
#10888=DIRECTION('ref_axis',(-1.,0.,0.));
#10889=DIRECTION('',(0.,0.,1.));
#10890=DIRECTION('center_axis',(0.,0.,1.));
#10891=DIRECTION('ref_axis',(1.,0.,0.));
#10892=DIRECTION('center_axis',(0.,0.,1.));
#10893=DIRECTION('ref_axis',(1.,0.,0.));
#10894=DIRECTION('',(0.,0.,-1.));
#10895=DIRECTION('center_axis',(0.,0.,1.));
#10896=DIRECTION('ref_axis',(1.,0.,0.));
#10897=DIRECTION('',(0.,0.,1.));
#10898=DIRECTION('',(0.,0.,1.));
#10899=DIRECTION('center_axis',(0.,0.,1.));
#10900=DIRECTION('ref_axis',(-1.,0.,0.));
#10901=DIRECTION('',(0.,0.,1.));
#10902=DIRECTION('center_axis',(0.,0.,1.));
#10903=DIRECTION('ref_axis',(1.,0.,0.));
#10904=DIRECTION('center_axis',(0.,0.,1.));
#10905=DIRECTION('ref_axis',(-1.,0.,0.));
#10906=DIRECTION('',(0.,0.,1.));
#10907=DIRECTION('center_axis',(0.,0.,1.));
#10908=DIRECTION('ref_axis',(1.,0.,0.));
#10909=DIRECTION('center_axis',(0.,0.,1.));
#10910=DIRECTION('ref_axis',(1.,0.,0.));
#10911=DIRECTION('',(0.,0.,-1.));
#10912=DIRECTION('center_axis',(0.,0.,1.));
#10913=DIRECTION('ref_axis',(1.,0.,0.));
#10914=DIRECTION('',(0.,0.,1.));
#10915=DIRECTION('center_axis',(0.,0.,1.));
#10916=DIRECTION('ref_axis',(1.,0.,0.));
#10917=DIRECTION('',(0.,0.,1.));
#10918=DIRECTION('center_axis',(0.,0.,1.));
#10919=DIRECTION('ref_axis',(-1.,0.,0.));
#10920=DIRECTION('',(0.,0.,1.));
#10921=DIRECTION('center_axis',(0.,0.,1.));
#10922=DIRECTION('ref_axis',(1.,0.,0.));
#10923=DIRECTION('',(0.,0.,-1.));
#10924=DIRECTION('center_axis',(0.,0.,1.));
#10925=DIRECTION('ref_axis',(-1.,0.,0.));
#10926=DIRECTION('',(0.,0.,1.));
#10927=DIRECTION('center_axis',(0.,0.,1.));
#10928=DIRECTION('ref_axis',(1.,0.,0.));
#10929=DIRECTION('',(0.,-1.,0.));
#10930=DIRECTION('',(5.21184792287417E-16,1.,0.));
#10931=DIRECTION('center_axis',(0.,0.,1.));
#10932=DIRECTION('ref_axis',(1.,0.,0.));
#10933=DIRECTION('',(1.,8.20200225048136E-17,0.));
#10934=DIRECTION('',(1.,0.,0.));
#10935=DIRECTION('center_axis',(0.,0.,1.));
#10936=DIRECTION('ref_axis',(1.,0.,0.));
#10937=DIRECTION('',(-1.,0.,0.));
#10938=DIRECTION('',(1.,0.,0.));
#10939=DIRECTION('center_axis',(0.,0.,1.));
#10940=DIRECTION('ref_axis',(-1.,0.,0.));
#10941=DIRECTION('',(0.707106781186546,0.707106781186549,0.));
#10942=DIRECTION('center_axis',(0.,0.,-1.));
#10943=DIRECTION('ref_axis',(1.,0.,0.));
#10944=DIRECTION('',(-1.,0.,0.));
#10945=DIRECTION('',(0.,-1.,0.));
#10946=DIRECTION('center_axis',(0.,0.,-1.));
#10947=DIRECTION('ref_axis',(1.,0.,0.));
#10948=DIRECTION('center_axis',(0.,0.,1.));
#10949=DIRECTION('ref_axis',(-1.,0.,0.));
#10950=DIRECTION('',(-0.707106781186549,0.707106781186546,0.));
#10951=DIRECTION('center_axis',(0.,0.,-1.));
#10952=DIRECTION('ref_axis',(1.,0.,0.));
#10953=DIRECTION('',(0.,-1.,0.));
#10954=DIRECTION('center_axis',(0.,0.,-1.));
#10955=DIRECTION('ref_axis',(1.,0.,0.));
#10956=DIRECTION('center_axis',(0.,0.,1.));
#10957=DIRECTION('ref_axis',(-1.,0.,0.));
#10958=DIRECTION('',(-8.20200225048136E-17,1.,0.));
#10959=DIRECTION('center_axis',(0.,0.,-1.));
#10960=DIRECTION('ref_axis',(1.,0.,0.));
#10961=DIRECTION('',(-0.707106781186547,-0.707106781186548,0.));
#10962=DIRECTION('center_axis',(0.,0.,-1.));
#10963=DIRECTION('ref_axis',(1.,0.,0.));
#10964=DIRECTION('center_axis',(1.,0.,0.));
#10965=DIRECTION('ref_axis',(0.,0.,1.));
#10966=DIRECTION('',(0.,0.,1.));
#10967=DIRECTION('',(0.,1.,0.));
#10968=DIRECTION('',(0.,0.,-1.));
#10969=DIRECTION('',(0.,1.,0.));
#10970=DIRECTION('center_axis',(-1.,-8.20200225048136E-17,0.));
#10971=DIRECTION('ref_axis',(8.20200225048136E-17,-1.,0.));
#10972=DIRECTION('',(8.20200225048136E-17,-1.,0.));
#10973=DIRECTION('',(0.,0.,-1.));
#10974=DIRECTION('',(8.20200225048136E-17,-1.,0.));
#10975=DIRECTION('',(-8.20200225048136E-17,1.,0.));
#10976=DIRECTION('',(0.,0.,1.));
#10977=DIRECTION('center_axis',(0.,-1.,0.));
#10978=DIRECTION('ref_axis',(0.,0.,1.));
#10979=DIRECTION('',(0.,0.,1.));
#10980=DIRECTION('',(1.,0.,0.));
#10981=DIRECTION('',(0.,0.,-1.));
#10982=DIRECTION('',(-1.,0.,0.));
#10983=DIRECTION('',(1.,0.,0.));
#10984=DIRECTION('center_axis',(0.,0.,1.));
#10985=DIRECTION('ref_axis',(-1.,0.,0.));
#10986=DIRECTION('',(0.707106781186549,-0.707106781186546,0.));
#10987=DIRECTION('center_axis',(0.,0.,-1.));
#10988=DIRECTION('ref_axis',(1.,6.93889390390722E-15,0.));
#10989=DIRECTION('center_axis',(0.,0.,-1.));
#10990=DIRECTION('ref_axis',(1.,0.,0.));
#10991=DIRECTION('center_axis',(0.,0.,1.));
#10992=DIRECTION('ref_axis',(-1.,0.,0.));
#10993=DIRECTION('',(-8.20200225048136E-17,1.,0.));
#10994=DIRECTION('',(1.,8.20200225048136E-17,0.));
#10995=DIRECTION('',(0.707106781186547,0.707106781186548,0.));
#10996=DIRECTION('',(-8.20200225048136E-17,1.,0.));
#10997=DIRECTION('',(-0.707106781186549,0.707106781186546,0.));
#10998=DIRECTION('',(-1.,0.,0.));
#10999=DIRECTION('',(-0.707106781186546,-0.707106781186549,0.));
#11000=DIRECTION('',(0.,-1.,0.));
#11001=DIRECTION('',(0.707106781186549,-0.707106781186546,0.));
#11002=DIRECTION('',(1.,8.20200225048136E-17,0.));
#11003=DIRECTION('',(8.20200225048136E-17,-1.,0.));
#11004=DIRECTION('',(1.,0.,0.));
#11005=DIRECTION('center_axis',(0.,0.,-1.));
#11006=DIRECTION('ref_axis',(-1.,0.,0.));
#11007=DIRECTION('',(5.21184792287417E-16,1.,0.));
#11008=DIRECTION('center_axis',(0.,0.,-1.));
#11009=DIRECTION('ref_axis',(-1.,0.,0.));
#11010=DIRECTION('',(8.20200225048136E-17,-1.,0.));
#11011=DIRECTION('',(8.20200225048136E-17,-1.,0.));
#11012=DIRECTION('',(1.,0.,0.));
#11013=DIRECTION('center_axis',(0.,0.,-1.));
#11014=DIRECTION('ref_axis',(-1.,0.,0.));
#11015=DIRECTION('',(0.,-1.,0.));
#11016=DIRECTION('center_axis',(0.,0.,-1.));
#11017=DIRECTION('ref_axis',(-1.,0.,0.));
#11018=DIRECTION('',(1.,0.,0.));
#11019=DIRECTION('center_axis',(-1.,5.21184792287417E-16,0.));
#11020=DIRECTION('ref_axis',(-5.21184792287417E-16,-1.,0.));
#11021=DIRECTION('center_axis',(0.,1.,0.));
#11022=DIRECTION('ref_axis',(0.,0.,1.));
#11023=DIRECTION('center_axis',(1.,0.,0.));
#11024=DIRECTION('ref_axis',(0.,0.,-1.));
#11025=DIRECTION('',(0.,-1.,0.));
#11026=DIRECTION('center_axis',(0.,1.,0.));
#11027=DIRECTION('ref_axis',(0.,0.,1.));
#11028=DIRECTION('center_axis',(0.,0.,1.));
#11029=DIRECTION('ref_axis',(1.,0.,0.));
#11030=DIRECTION('',(-0.707106781186549,-0.707106781186546,0.));
#11031=DIRECTION('center_axis',(0.,0.,1.));
#11032=DIRECTION('ref_axis',(1.,0.,0.));
#11033=DIRECTION('',(-4.10100112524068E-16,-1.,0.));
#11034=DIRECTION('',(-1.,0.,0.));
#11035=DIRECTION('center_axis',(0.,0.,1.));
#11036=DIRECTION('ref_axis',(1.,0.,0.));
#11037=DIRECTION('center_axis',(0.,0.,1.));
#11038=DIRECTION('ref_axis',(1.,0.,0.));
#11039=DIRECTION('',(-4.10100112524068E-16,-1.,0.));
#11040=DIRECTION('center_axis',(0.,0.,1.));
#11041=DIRECTION('ref_axis',(1.,0.,0.));
#11042=DIRECTION('',(0.707106781186546,-0.707106781186549,0.));
#11043=DIRECTION('',(1.,3.6909010127166E-15,0.));
#11044=DIRECTION('center_axis',(0.,0.,1.));
#11045=DIRECTION('ref_axis',(1.,0.,0.));
#11046=DIRECTION('',(1.,3.6909010127166E-15,0.));
#11047=DIRECTION('center_axis',(0.,0.,1.));
#11048=DIRECTION('ref_axis',(1.,0.,0.));
#11049=DIRECTION('',(0.707106781186548,0.707106781186547,0.));
#11050=DIRECTION('center_axis',(0.,0.,1.));
#11051=DIRECTION('ref_axis',(1.,0.,0.));
#11052=DIRECTION('',(-3.03474083267811E-15,1.,0.));
#11053=DIRECTION('center_axis',(1.,0.,0.));
#11054=DIRECTION('ref_axis',(0.,0.,-1.));
#11055=DIRECTION('',(0.,-1.,0.));
#11056=DIRECTION('',(0.,0.,1.));
#11057=DIRECTION('',(0.,0.,-1.));
#11058=DIRECTION('center_axis',(-8.20200225048136E-17,1.,0.));
#11059=DIRECTION('ref_axis',(-1.,-8.20200225048136E-17,0.));
#11060=DIRECTION('',(1.,8.20200225048136E-17,0.));
#11061=DIRECTION('',(0.,0.,1.));
#11062=DIRECTION('',(0.,0.,-1.));
#11063=DIRECTION('center_axis',(-1.,-8.20200225048136E-17,0.));
#11064=DIRECTION('ref_axis',(8.20200225048136E-17,-1.,0.));
#11065=DIRECTION('',(8.20200225048136E-17,-1.,0.));
#11066=DIRECTION('',(0.,0.,-1.));
#11067=DIRECTION('',(-8.20200225048136E-17,1.,0.));
#11068=DIRECTION('',(0.,0.,1.));
#11069=DIRECTION('',(-3.03474083267811E-15,1.,0.));
#11070=DIRECTION('center_axis',(0.,-1.,0.));
#11071=DIRECTION('ref_axis',(0.,0.,-1.));
#11072=DIRECTION('',(-1.,0.,0.));
#11073=DIRECTION('',(0.,0.,1.));
#11074=DIRECTION('',(-1.,0.,0.));
#11075=DIRECTION('',(0.,0.,-1.));
#11076=DIRECTION('center_axis',(0.,0.,1.));
#11077=DIRECTION('ref_axis',(1.,0.,0.));
#11078=DIRECTION('center_axis',(0.,0.,1.));
#11079=DIRECTION('ref_axis',(1.,0.,0.));
#11080=DIRECTION('',(-0.707106781186546,0.707106781186549,0.));
#11081=DIRECTION('center_axis',(0.,0.,1.));
#11082=DIRECTION('ref_axis',(1.,0.,0.));
#11083=DIRECTION('center_axis',(0.,0.,-1.));
#11084=DIRECTION('ref_axis',(-1.,0.,0.));
#11085=DIRECTION('center_axis',(0.,0.,-1.));
#11086=DIRECTION('ref_axis',(-1.,0.,0.));
#11087=DIRECTION('center_axis',(0.,0.,-1.));
#11088=DIRECTION('ref_axis',(-1.,0.,0.));
#11089=DIRECTION('',(1.,0.,0.));
#11090=DIRECTION('center_axis',(0.,-1.,0.));
#11091=DIRECTION('ref_axis',(0.,0.,-1.));
#11092=DIRECTION('center_axis',(0.,0.,-1.));
#11093=DIRECTION('ref_axis',(-1.,0.,0.));
#11094=DIRECTION('center_axis',(0.,0.,1.));
#11095=DIRECTION('ref_axis',(1.,0.,0.));
#11096=DIRECTION('center_axis',(0.,0.,1.));
#11097=DIRECTION('ref_axis',(1.,0.,0.));
#11098=DIRECTION('center_axis',(0.,0.,1.));
#11099=DIRECTION('ref_axis',(1.,0.,0.));
#11100=DIRECTION('center_axis',(0.,0.,1.));
#11101=DIRECTION('ref_axis',(1.,0.,0.));
#11102=DIRECTION('',(9.39909124850195E-14,-1.,0.));
#11103=DIRECTION('center_axis',(0.,0.,1.));
#11104=DIRECTION('ref_axis',(1.,0.,0.));
#11105=DIRECTION('',(1.03668511595854E-14,-1.,0.));
#11106=DIRECTION('',(-1.,3.7515158860371E-15,0.));
#11107=DIRECTION('center_axis',(0.,0.,1.));
#11108=DIRECTION('ref_axis',(1.,0.,0.));
#11109=DIRECTION('',(-8.29348092766835E-15,-1.,0.));
#11110=DIRECTION('',(-1.,9.37878971509273E-15,0.));
#11111=DIRECTION('center_axis',(0.,0.,1.));
#11112=DIRECTION('ref_axis',(1.,0.,0.));
#11113=DIRECTION('',(-6.12984211858736E-15,-1.,0.));
#11114=DIRECTION('center_axis',(0.707106781186546,0.707106781186549,0.));
#11115=DIRECTION('ref_axis',(0.,0.,1.));
#11116=DIRECTION('',(-0.707106781186549,0.707106781186546,0.));
#11117=DIRECTION('',(0.,0.,-1.));
#11118=DIRECTION('',(0.,0.,1.));
#11119=DIRECTION('center_axis',(0.707106781186549,0.707106781186546,0.));
#11120=DIRECTION('ref_axis',(0.,0.,-1.));
#11121=DIRECTION('',(0.,0.,-1.));
#11122=DIRECTION('',(0.707106781186546,-0.707106781186549,0.));
#11123=DIRECTION('center_axis',(-0.707106781186548,0.707106781186547,0.));
#11124=DIRECTION('ref_axis',(0.,0.,1.));
#11125=DIRECTION('',(0.,0.,1.));
#11126=DIRECTION('',(-0.707106781186547,-0.707106781186548,0.));
#11127=DIRECTION('',(0.,0.,-1.));
#11128=DIRECTION('center_axis',(-0.707106781186547,0.707106781186548,0.));
#11129=DIRECTION('ref_axis',(0.,0.,-1.));
#11130=DIRECTION('',(0.,0.,-1.));
#11131=DIRECTION('',(0.707106781186548,0.707106781186547,0.));
#11132=DIRECTION('',(0.,0.,1.));
#11133=DIRECTION('center_axis',(-0.707106781186546,-0.707106781186549,0.));
#11134=DIRECTION('ref_axis',(0.,0.,1.));
#11135=DIRECTION('',(0.707106781186549,-0.707106781186546,0.));
#11136=DIRECTION('',(0.,0.,-1.));
#11137=DIRECTION('',(0.,0.,1.));
#11138=DIRECTION('center_axis',(-0.707106781186549,-0.707106781186546,0.));
#11139=DIRECTION('ref_axis',(0.,0.,-1.));
#11140=DIRECTION('',(0.,0.,-1.));
#11141=DIRECTION('',(-0.707106781186546,0.707106781186549,0.));
#11142=DIRECTION('',(0.,0.,1.));
#11143=DIRECTION('center_axis',(0.707106781186549,-0.707106781186546,0.));
#11144=DIRECTION('ref_axis',(0.,0.,1.));
#11145=DIRECTION('',(0.707106781186546,0.707106781186549,0.));
#11146=DIRECTION('',(0.,0.,-1.));
#11147=DIRECTION('',(0.,0.,1.));
#11148=DIRECTION('center_axis',(0.707106781186546,-0.707106781186549,0.));
#11149=DIRECTION('ref_axis',(0.,0.,-1.));
#11150=DIRECTION('',(-0.707106781186549,-0.707106781186546,0.));
#11151=DIRECTION('',(0.,0.,1.));
#11152=DIRECTION('',(0.,0.,-1.));
#11153=DIRECTION('center_axis',(0.,0.,-1.));
#11154=DIRECTION('ref_axis',(-1.,0.,0.));
#11155=DIRECTION('center_axis',(0.,0.,-1.));
#11156=DIRECTION('ref_axis',(-1.,0.,0.));
#11157=DIRECTION('center_axis',(-0.707106781186549,0.707106781186546,0.));
#11158=DIRECTION('ref_axis',(-0.707106781186546,-0.707106781186549,0.));
#11159=DIRECTION('center_axis',(-0.707106781186549,0.707106781186546,0.));
#11160=DIRECTION('ref_axis',(-0.707106781186546,-0.707106781186549,0.));
#11161=DIRECTION('center_axis',(-0.707106781186551,0.707106781186544,4.90653893338677E-15));
#11162=DIRECTION('ref_axis',(-0.707106781186544,-0.707106781186551,0.));
#11163=DIRECTION('center_axis',(0.,0.,1.));
#11164=DIRECTION('ref_axis',(1.,0.,0.));
#11165=DIRECTION('center_axis',(0.,0.,1.));
#11166=DIRECTION('ref_axis',(1.,0.,0.));
#11167=DIRECTION('center_axis',(0.,1.,0.));
#11168=DIRECTION('ref_axis',(1.,0.,0.));
#11169=DIRECTION('center_axis',(6.93889390390722E-15,1.,0.));
#11170=DIRECTION('ref_axis',(1.,-6.93889390390722E-15,0.));
#11171=DIRECTION('center_axis',(0.,1.,0.));
#11172=DIRECTION('ref_axis',(0.,0.,1.));
#11173=DIRECTION('center_axis',(0.,1.,0.));
#11174=DIRECTION('ref_axis',(0.,0.,1.));
#11175=DIRECTION('center_axis',(0.,0.,-1.));
#11176=DIRECTION('ref_axis',(-1.,0.,0.));
#11177=DIRECTION('center_axis',(0.,0.,1.));
#11178=DIRECTION('ref_axis',(1.,0.,0.));
#11179=DIRECTION('center_axis',(0.,0.,1.));
#11180=DIRECTION('ref_axis',(1.,0.,0.));
#11181=DIRECTION('center_axis',(0.,0.,-1.));
#11182=DIRECTION('ref_axis',(1.,0.,0.));
#11183=DIRECTION('center_axis',(0.,1.,0.));
#11184=DIRECTION('ref_axis',(1.,0.,0.));
#11185=DIRECTION('center_axis',(0.707106781186548,0.707106781186548,0.));
#11186=DIRECTION('ref_axis',(0.707106781186548,-0.707106781186548,0.));
#11187=DIRECTION('center_axis',(0.,0.,-1.));
#11188=DIRECTION('ref_axis',(-1.,0.,0.));
#11189=DIRECTION('center_axis',(0.,0.,1.));
#11190=DIRECTION('ref_axis',(1.,0.,0.));
#11191=DIRECTION('center_axis',(-0.707106781186547,-0.707106781186548,0.));
#11192=DIRECTION('ref_axis',(0.707106781186548,-0.707106781186547,0.));
#11193=DIRECTION('center_axis',(0.707106781186547,0.707106781186548,0.));
#11194=DIRECTION('ref_axis',(0.707106781186548,-0.707106781186547,0.));
#11195=DIRECTION('center_axis',(0.707106781186554,0.707106781186541,0.));
#11196=DIRECTION('ref_axis',(-0.707106781186541,0.707106781186554,0.));
#11197=DIRECTION('center_axis',(0.707106781186546,0.707106781186549,0.));
#11198=DIRECTION('ref_axis',(-0.707106781186549,0.707106781186546,0.));
#11199=DIRECTION('center_axis',(0.707106781186544,0.707106781186551,4.90653893338677E-15));
#11200=DIRECTION('ref_axis',(-0.707106781186551,0.707106781186544,0.));
#11201=DIRECTION('center_axis',(0.,0.,1.));
#11202=DIRECTION('ref_axis',(1.,0.,0.));
#11203=DIRECTION('center_axis',(0.,0.,1.));
#11204=DIRECTION('ref_axis',(1.,0.,0.));
#11205=DIRECTION('center_axis',(0.,1.,0.));
#11206=DIRECTION('ref_axis',(1.,0.,0.));
#11207=DIRECTION('center_axis',(0.,1.,-1.38777878078144E-14));
#11208=DIRECTION('ref_axis',(0.,-1.38777878078144E-14,-1.));
#11209=DIRECTION('center_axis',(0.,1.,0.));
#11210=DIRECTION('ref_axis',(1.,0.,0.));
#11211=DIRECTION('center_axis',(1.,-6.93889390390722E-15,0.));
#11212=DIRECTION('ref_axis',(-6.93889390390722E-15,-1.,0.));
#11213=DIRECTION('center_axis',(0.,0.,1.));
#11214=DIRECTION('ref_axis',(1.,0.,0.));
#11215=DIRECTION('center_axis',(0.,0.,1.));
#11216=DIRECTION('ref_axis',(1.,0.,0.));
#11217=DIRECTION('center_axis',(8.20200225048136E-17,-1.,0.));
#11218=DIRECTION('ref_axis',(1.,8.20200225048136E-17,0.));
#11219=DIRECTION('center_axis',(1.38777878078144E-14,1.,0.));
#11220=DIRECTION('ref_axis',(-1.,1.38777878078144E-14,0.));
#11221=DIRECTION('center_axis',(1.,0.,0.));
#11222=DIRECTION('ref_axis',(0.,0.,-1.));
#11223=DIRECTION('center_axis',(1.,0.,-1.38777878078144E-14));
#11224=DIRECTION('ref_axis',(-1.38777878078144E-14,0.,-1.));
#11225=DIRECTION('center_axis',(0.,0.,-1.));
#11226=DIRECTION('ref_axis',(-1.,0.,0.));
#11227=DIRECTION('center_axis',(0.,0.,1.));
#11228=DIRECTION('ref_axis',(1.,0.,0.));
#11229=DIRECTION('center_axis',(0.,1.,0.));
#11230=DIRECTION('ref_axis',(1.,0.,0.));
#11231=DIRECTION('center_axis',(-0.707106781186551,0.707106781186544,-9.81307786677354E-15));
#11232=DIRECTION('ref_axis',(0.707106781186544,0.707106781186551,0.));
#11233=DIRECTION('center_axis',(0.,1.,0.));
#11234=DIRECTION('ref_axis',(1.,0.,0.));
#11235=DIRECTION('center_axis',(0.707106781186558,-0.707106781186537,0.));
#11236=DIRECTION('ref_axis',(-0.707106781186537,-0.707106781186558,0.));
#11237=DIRECTION('center_axis',(0.707106781186549,-0.707106781186546,0.));
#11238=DIRECTION('ref_axis',(0.707106781186546,0.707106781186549,0.));
#11239=DIRECTION('center_axis',(0.,0.,1.));
#11240=DIRECTION('ref_axis',(1.,0.,0.));
#11241=DIRECTION('center_axis',(8.67361737988403E-16,-8.67361737988411E-16,
-1.));
#11242=DIRECTION('ref_axis',(7.35681693770529E-45,1.,-8.67361737988411E-16));
#11243=DIRECTION('center_axis',(0.,1.,0.));
#11244=DIRECTION('ref_axis',(1.,0.,0.));
#11245=DIRECTION('center_axis',(0.,-1.,6.93889390390722E-15));
#11246=DIRECTION('ref_axis',(0.,6.93889390390722E-15,1.));
#11247=DIRECTION('center_axis',(-0.707106781186548,0.707106781186548,0.));
#11248=DIRECTION('ref_axis',(0.707106781186548,0.707106781186548,0.));
#11249=DIRECTION('center_axis',(-0.707106781186546,0.707106781186549,0.));
#11250=DIRECTION('ref_axis',(-0.707106781186549,-0.707106781186546,0.));
#11251=DIRECTION('center_axis',(-0.707106781186544,0.707106781186551,-4.90653893338682E-15));
#11252=DIRECTION('ref_axis',(-0.707106781186551,-0.707106781186544,-3.94430452610506E-31));
#11253=DIRECTION('center_axis',(0.,0.,-1.));
#11254=DIRECTION('ref_axis',(-1.,0.,0.));
#11255=DIRECTION('center_axis',(-1.22663473334669E-15,0.,-1.));
#11256=DIRECTION('ref_axis',(-1.,0.,1.22663473334669E-15));
#11257=DIRECTION('center_axis',(0.,0.,-1.));
#11258=DIRECTION('ref_axis',(-1.,0.,0.));
#11259=DIRECTION('center_axis',(0.,1.22663473334669E-15,-1.));
#11260=DIRECTION('ref_axis',(0.,1.,1.22663473334669E-15));
#11261=DIRECTION('center_axis',(8.20200225048136E-17,-1.,0.));
#11262=DIRECTION('ref_axis',(1.,8.20200225048136E-17,0.));
#11263=DIRECTION('center_axis',(0.,-1.,0.));
#11264=DIRECTION('ref_axis',(0.,0.,-1.));
#11265=DIRECTION('center_axis',(0.,1.,0.));
#11266=DIRECTION('ref_axis',(1.,0.,0.));
#11267=DIRECTION('center_axis',(-1.,0.,0.));
#11268=DIRECTION('ref_axis',(0.,0.,-1.));
#11269=DIRECTION('center_axis',(0.,1.,0.));
#11270=DIRECTION('ref_axis',(1.,0.,0.));
#11271=DIRECTION('center_axis',(-0.707106781186548,-0.707106781186548,0.));
#11272=DIRECTION('ref_axis',(-0.707106781186548,0.707106781186548,0.));
#11273=DIRECTION('center_axis',(1.,0.,0.));
#11274=DIRECTION('ref_axis',(0.,0.,-1.));
#11275=DIRECTION('center_axis',(-1.,0.,-6.93889390390722E-15));
#11276=DIRECTION('ref_axis',(-6.93889390390722E-15,0.,1.));
#11277=DIRECTION('center_axis',(0.,0.,1.));
#11278=DIRECTION('ref_axis',(1.,0.,0.));
#11279=DIRECTION('center_axis',(8.67361737988411E-16,8.67361737988403E-16,
-1.));
#11280=DIRECTION('ref_axis',(-1.,7.35681693770529E-45,-8.67361737988411E-16));
#11281=DIRECTION('center_axis',(0.,0.,1.));
#11282=DIRECTION('ref_axis',(1.,0.,0.));
#11283=DIRECTION('center_axis',(-8.67361737988403E-16,-8.67361737988403E-16,
-1.));
#11284=DIRECTION('ref_axis',(-1.,-8.75811540203011E-47,8.67361737988403E-16));
#11285=DIRECTION('center_axis',(0.707106781186548,0.707106781186547,0.));
#11286=DIRECTION('ref_axis',(-0.707106781186547,0.707106781186548,0.));
#11287=DIRECTION('center_axis',(-0.707106781186541,-0.707106781186554,0.));
#11288=DIRECTION('ref_axis',(0.707106781186554,-0.707106781186541,0.));
#11289=DIRECTION('center_axis',(0.,1.,0.));
#11290=DIRECTION('ref_axis',(1.,0.,0.));
#11291=DIRECTION('center_axis',(-0.707106781186548,-0.707106781186548,0.));
#11292=DIRECTION('ref_axis',(-0.707106781186548,0.707106781186548,0.));
#11293=DIRECTION('center_axis',(0.,1.,0.));
#11294=DIRECTION('ref_axis',(1.,0.,0.));
#11295=DIRECTION('center_axis',(-1.,0.,1.38777878078144E-14));
#11296=DIRECTION('ref_axis',(-1.38777878078144E-14,0.,-1.));
#11297=DIRECTION('center_axis',(-0.707106781186549,-0.707106781186546,0.));
#11298=DIRECTION('ref_axis',(0.707106781186546,-0.707106781186549,0.));
#11299=DIRECTION('center_axis',(-0.707106781186551,-0.707106781186544,-4.90653893338682E-15));
#11300=DIRECTION('ref_axis',(0.707106781186544,-0.707106781186551,-3.94430452610506E-31));
#11301=DIRECTION('center_axis',(0.,0.,-1.));
#11302=DIRECTION('ref_axis',(-1.,0.,0.));
#11303=DIRECTION('center_axis',(0.,-1.22663473334669E-15,-1.));
#11304=DIRECTION('ref_axis',(0.,1.,-1.22663473334669E-15));
#11305=DIRECTION('center_axis',(-1.,-8.20200225048136E-17,0.));
#11306=DIRECTION('ref_axis',(8.20200225048136E-17,-1.,0.));
#11307=DIRECTION('center_axis',(-0.923879532511294,0.382683432365072,-1.45964907554235E-14));
#11308=DIRECTION('ref_axis',(0.382683432365072,0.923879532511294,-2.70052583412362E-12));
#11309=DIRECTION('center_axis',(0.,1.,0.));
#11310=DIRECTION('ref_axis',(1.,0.,0.));
#11311=DIRECTION('center_axis',(0.,-1.,0.));
#11312=DIRECTION('ref_axis',(0.,0.,1.));
#11313=DIRECTION('center_axis',(0.707106781186546,-0.707106781186549,0.));
#11314=DIRECTION('ref_axis',(0.707106781186549,0.707106781186546,0.));
#11315=DIRECTION('center_axis',(-0.707106781186537,0.707106781186558,0.));
#11316=DIRECTION('ref_axis',(-0.707106781186558,-0.707106781186537,0.));
#11317=DIRECTION('center_axis',(0.,1.,0.));
#11318=DIRECTION('ref_axis',(0.,0.,1.));
#11319=DIRECTION('center_axis',(0.,-1.,1.38777878078144E-14));
#11320=DIRECTION('ref_axis',(0.,-1.38777878078144E-14,-1.));
#11321=DIRECTION('center_axis',(0.,1.,0.));
#11322=DIRECTION('ref_axis',(1.,0.,0.));
#11323=DIRECTION('center_axis',(8.67361737988403E-16,-8.67361737988411E-16,
1.));
#11324=DIRECTION('ref_axis',(7.35681693770529E-45,1.,8.67361737988411E-16));
#11325=DIRECTION('center_axis',(0.,0.,1.));
#11326=DIRECTION('ref_axis',(1.,0.,0.));
#11327=DIRECTION('center_axis',(0.,1.,0.));
#11328=DIRECTION('ref_axis',(0.,0.,1.));
#11329=DIRECTION('center_axis',(0.,-1.,0.));
#11330=DIRECTION('ref_axis',(0.,0.,-1.));
#11331=DIRECTION('',(0.,0.,1.));
#11332=DIRECTION('',(1.,0.,0.));
#11333=DIRECTION('',(0.,0.,1.));
#11334=DIRECTION('center_axis',(1.,0.,0.));
#11335=DIRECTION('ref_axis',(0.,0.,-1.));
#11336=DIRECTION('',(0.,0.,1.));
#11337=DIRECTION('',(0.,1.,0.));
#11338=DIRECTION('center_axis',(0.,-1.,0.));
#11339=DIRECTION('ref_axis',(0.,0.,-1.));
#11340=DIRECTION('',(0.,0.,1.));
#11341=DIRECTION('',(1.,0.,0.));
#11342=DIRECTION('center_axis',(-1.,0.,0.));
#11343=DIRECTION('ref_axis',(0.,0.,1.));
#11344=DIRECTION('',(0.,-1.,0.));
#11345=DIRECTION('',(0.,0.,1.));
#11346=DIRECTION('center_axis',(-1.53429397161878E-13,-1.,0.));
#11347=DIRECTION('ref_axis',(1.,-1.53429397161879E-13,0.));
#11348=DIRECTION('',(0.,0.,1.));
#11349=DIRECTION('',(1.,-1.53429397161879E-13,0.));
#11350=DIRECTION('center_axis',(-1.,-9.39909124850195E-14,0.));
#11351=DIRECTION('ref_axis',(9.39909124850195E-14,-1.,0.));
#11352=DIRECTION('',(0.,0.,1.));
#11353=DIRECTION('',(9.39909124850195E-14,-1.,0.));
#11354=DIRECTION('center_axis',(1.24402213915025E-14,1.,0.));
#11355=DIRECTION('ref_axis',(-1.,1.24402213915025E-14,0.));
#11356=DIRECTION('',(-1.,1.24402213915025E-14,0.));
#11357=DIRECTION('',(0.,0.,1.));
#11358=DIRECTION('center_axis',(-1.,0.,0.));
#11359=DIRECTION('ref_axis',(0.,0.,1.));
#11360=DIRECTION('',(0.,0.,1.));
#11361=DIRECTION('',(0.,-1.,0.));
#11362=DIRECTION('center_axis',(0.,1.,0.));
#11363=DIRECTION('ref_axis',(0.,0.,1.));
#11364=DIRECTION('',(0.,0.,1.));
#11365=DIRECTION('',(-1.,0.,0.));
#11366=DIRECTION('center_axis',(1.,1.87575794301855E-15,0.));
#11367=DIRECTION('ref_axis',(-1.87575794301855E-15,1.,0.));
#11368=DIRECTION('',(-1.87575794301855E-15,1.,0.));
#11369=DIRECTION('',(0.,0.,1.));
#11370=DIRECTION('center_axis',(0.,1.,0.));
#11371=DIRECTION('ref_axis',(0.,0.,1.));
#11372=DIRECTION('',(0.,0.,1.));
#11373=DIRECTION('',(-1.,0.,0.));
#11374=DIRECTION('center_axis',(1.,0.,0.));
#11375=DIRECTION('ref_axis',(0.,0.,-1.));
#11376=DIRECTION('',(0.,1.,0.));
#11377=DIRECTION('center_axis',(0.,0.,-1.));
#11378=DIRECTION('ref_axis',(-1.,0.,0.));
#11379=DIRECTION('center_axis',(-1.,2.07337023191708E-15,0.));
#11380=DIRECTION('ref_axis',(-2.07337023191708E-15,-1.,0.));
#11381=DIRECTION('',(0.,0.,1.));
#11382=DIRECTION('',(-2.07337023191708E-15,-1.,0.));
#11383=DIRECTION('',(0.,0.,1.));
#11384=DIRECTION('center_axis',(-3.7515158860371E-15,-1.,0.));
#11385=DIRECTION('ref_axis',(1.,-3.7515158860371E-15,0.));
#11386=DIRECTION('',(0.,0.,1.));
#11387=DIRECTION('',(1.,-3.7515158860371E-15,0.));
#11388=DIRECTION('center_axis',(-1.,3.88597036362095E-15,0.));
#11389=DIRECTION('ref_axis',(-3.88597036362095E-15,-1.,0.));
#11390=DIRECTION('',(0.,0.,1.));
#11391=DIRECTION('',(-3.88597036362095E-15,-1.,0.));
#11392=DIRECTION('center_axis',(3.7515158860371E-15,1.,0.));
#11393=DIRECTION('ref_axis',(-1.,3.7515158860371E-15,0.));
#11394=DIRECTION('',(-1.,3.7515158860371E-15,0.));
#11395=DIRECTION('',(0.,0.,1.));
#11396=DIRECTION('center_axis',(-1.,-1.03668511595854E-14,0.));
#11397=DIRECTION('ref_axis',(1.03668511595854E-14,-1.,0.));
#11398=DIRECTION('',(0.,0.,1.));
#11399=DIRECTION('',(1.03668511595854E-14,-1.,0.));
#11400=DIRECTION('center_axis',(4.08656141239147E-15,1.,0.));
#11401=DIRECTION('ref_axis',(-1.,4.08656141239147E-15,0.));
#11402=DIRECTION('',(0.,0.,1.));
#11403=DIRECTION('',(-1.,4.08656141239147E-15,0.));
#11404=DIRECTION('center_axis',(1.,-1.65869618553366E-14,0.));
#11405=DIRECTION('ref_axis',(1.65869618553366E-14,1.,0.));
#11406=DIRECTION('',(1.65869618553366E-14,1.,0.));
#11407=DIRECTION('',(0.,0.,1.));
#11408=DIRECTION('center_axis',(3.75151588603709E-15,1.,0.));
#11409=DIRECTION('ref_axis',(-1.,3.75151588603709E-15,0.));
#11410=DIRECTION('',(0.,0.,1.));
#11411=DIRECTION('',(-1.,3.75151588603709E-15,0.));
#11412=DIRECTION('center_axis',(1.,-3.88597036362095E-15,0.));
#11413=DIRECTION('ref_axis',(3.88597036362095E-15,1.,0.));
#11414=DIRECTION('',(0.,0.,1.));
#11415=DIRECTION('',(3.88597036362095E-15,1.,0.));
#11416=DIRECTION('center_axis',(-1.87575794301855E-15,-1.,0.));
#11417=DIRECTION('ref_axis',(1.,-1.87575794301855E-15,0.));
#11418=DIRECTION('',(1.,-1.87575794301855E-15,0.));
#11419=DIRECTION('',(0.,0.,1.));
#11420=DIRECTION('center_axis',(1.,-4.14674046383418E-15,0.));
#11421=DIRECTION('ref_axis',(4.14674046383418E-15,1.,0.));
#11422=DIRECTION('',(0.,0.,1.));
#11423=DIRECTION('',(4.14674046383418E-15,1.,0.));
#11424=DIRECTION('center_axis',(-4.08656141239158E-15,-1.,0.));
#11425=DIRECTION('ref_axis',(1.,-4.08656141239158E-15,0.));
#11426=DIRECTION('',(1.,-4.08656141239159E-15,0.));
#11427=DIRECTION('center_axis',(0.,0.,-1.));
#11428=DIRECTION('ref_axis',(-1.,0.,0.));
#11429=DIRECTION('center_axis',(8.29348092766833E-15,1.,0.));
#11430=DIRECTION('ref_axis',(-1.,8.29348092766833E-15,0.));
#11431=DIRECTION('',(0.,0.,1.));
#11432=DIRECTION('',(-1.,8.29348092766833E-15,0.));
#11433=DIRECTION('',(0.,0.,1.));
#11434=DIRECTION('center_axis',(-1.,7.5030317720742E-15,0.));
#11435=DIRECTION('ref_axis',(-7.5030317720742E-15,-1.,0.));
#11436=DIRECTION('',(0.,0.,1.));
#11437=DIRECTION('',(-7.5030317720742E-15,-1.,0.));
#11438=DIRECTION('center_axis',(5.82895554543141E-15,1.,0.));
#11439=DIRECTION('ref_axis',(-1.,5.82895554543141E-15,0.));
#11440=DIRECTION('',(0.,0.,1.));
#11441=DIRECTION('',(-1.,5.82895554543141E-15,0.));
#11442=DIRECTION('center_axis',(1.,-7.5030317720742E-15,0.));
#11443=DIRECTION('ref_axis',(7.5030317720742E-15,1.,0.));
#11444=DIRECTION('',(7.5030317720742E-15,1.,0.));
#11445=DIRECTION('',(0.,0.,1.));
#11446=DIRECTION('center_axis',(-6.22011069575124E-15,1.,0.));
#11447=DIRECTION('ref_axis',(-1.,-6.22011069575124E-15,0.));
#11448=DIRECTION('',(0.,0.,1.));
#11449=DIRECTION('',(-1.,-6.22011069575124E-15,0.));
#11450=DIRECTION('center_axis',(1.,-8.17312282478295E-15,0.));
#11451=DIRECTION('ref_axis',(8.17312282478295E-15,1.,0.));
#11452=DIRECTION('',(0.,0.,1.));
#11453=DIRECTION('',(8.17312282478295E-15,1.,0.));
#11454=DIRECTION('center_axis',(-2.07337023191708E-14,-1.,0.));
#11455=DIRECTION('ref_axis',(1.,-2.07337023191708E-14,0.));
#11456=DIRECTION('',(1.,-2.07337023191708E-14,0.));
#11457=DIRECTION('',(0.,0.,1.));
#11458=DIRECTION('center_axis',(1.,-7.50303177207418E-15,0.));
#11459=DIRECTION('ref_axis',(7.50303177207418E-15,1.,0.));
#11460=DIRECTION('',(0.,0.,1.));
#11461=DIRECTION('',(7.50303177207418E-15,1.,0.));
#11462=DIRECTION('center_axis',(-7.77194072724189E-15,-1.,0.));
#11463=DIRECTION('ref_axis',(1.,-7.77194072724189E-15,0.));
#11464=DIRECTION('',(0.,0.,1.));
#11465=DIRECTION('',(1.,-7.77194072724189E-15,0.));
#11466=DIRECTION('center_axis',(-1.,5.62727382905564E-15,0.));
#11467=DIRECTION('ref_axis',(-5.62727382905564E-15,-1.,0.));
#11468=DIRECTION('',(-5.62727382905564E-15,-1.,0.));
#11469=DIRECTION('',(0.,0.,1.));
#11470=DIRECTION('center_axis',(-4.14674046383418E-15,-1.,0.));
#11471=DIRECTION('ref_axis',(1.,-4.14674046383418E-15,0.));
#11472=DIRECTION('',(0.,0.,1.));
#11473=DIRECTION('',(1.,-4.14674046383418E-15,0.));
#11474=DIRECTION('center_axis',(-1.,6.12984211858736E-15,0.));
#11475=DIRECTION('ref_axis',(-6.12984211858736E-15,-1.,0.));
#11476=DIRECTION('',(-6.12984211858736E-15,-1.,0.));
#11477=DIRECTION('center_axis',(0.,0.,-1.));
#11478=DIRECTION('ref_axis',(-1.,0.,0.));
#11479=DIRECTION('center_axis',(1.,-1.03668511595854E-14,0.));
#11480=DIRECTION('ref_axis',(1.03668511595854E-14,1.,0.));
#11481=DIRECTION('',(0.,0.,1.));
#11482=DIRECTION('',(1.03668511595854E-14,1.,0.));
#11483=DIRECTION('',(0.,0.,1.));
#11484=DIRECTION('center_axis',(1.12545476581113E-14,1.,0.));
#11485=DIRECTION('ref_axis',(-1.,1.12545476581113E-14,0.));
#11486=DIRECTION('',(0.,0.,1.));
#11487=DIRECTION('',(-1.,1.12545476581113E-14,0.));
#11488=DIRECTION('center_axis',(1.,-9.71492590905238E-15,0.));
#11489=DIRECTION('ref_axis',(9.71492590905238E-15,1.,0.));
#11490=DIRECTION('',(0.,0.,1.));
#11491=DIRECTION('',(9.71492590905238E-15,1.,0.));
#11492=DIRECTION('center_axis',(-1.12545476581113E-14,-1.,0.));
#11493=DIRECTION('ref_axis',(1.,-1.12545476581113E-14,0.));
#11494=DIRECTION('',(1.,-1.12545476581113E-14,0.));
#11495=DIRECTION('',(0.,0.,1.));
#11496=DIRECTION('center_axis',(1.,4.14674046383416E-15,0.));
#11497=DIRECTION('ref_axis',(-4.14674046383416E-15,1.,0.));
#11498=DIRECTION('',(0.,0.,1.));
#11499=DIRECTION('',(-4.14674046383416E-15,1.,0.));
#11500=DIRECTION('center_axis',(-8.17312282478293E-15,-1.,0.));
#11501=DIRECTION('ref_axis',(1.,-8.17312282478293E-15,0.));
#11502=DIRECTION('',(0.,0.,1.));
#11503=DIRECTION('',(1.,-8.17312282478293E-15,0.));
#11504=DIRECTION('center_axis',(-1.,2.4880442783005E-14,0.));
#11505=DIRECTION('ref_axis',(-2.4880442783005E-14,-1.,0.));
#11506=DIRECTION('',(-2.4880442783005E-14,-1.,0.));
#11507=DIRECTION('',(0.,0.,1.));
#11508=DIRECTION('center_axis',(-1.12545476581113E-14,-1.,0.));
#11509=DIRECTION('ref_axis',(1.,-1.12545476581113E-14,0.));
#11510=DIRECTION('',(0.,0.,1.));
#11511=DIRECTION('',(1.,-1.12545476581113E-14,0.));
#11512=DIRECTION('center_axis',(-1.,1.16579110908628E-14,0.));
#11513=DIRECTION('ref_axis',(-1.16579110908628E-14,-1.,0.));
#11514=DIRECTION('',(0.,0.,1.));
#11515=DIRECTION('',(-1.16579110908628E-14,-1.,0.));
#11516=DIRECTION('center_axis',(9.37878971509273E-15,1.,0.));
#11517=DIRECTION('ref_axis',(-1.,9.37878971509273E-15,0.));
#11518=DIRECTION('',(-1.,9.37878971509273E-15,0.));
#11519=DIRECTION('',(0.,0.,1.));
#11520=DIRECTION('center_axis',(-1.,8.29348092766835E-15,0.));
#11521=DIRECTION('ref_axis',(-8.29348092766835E-15,-1.,0.));
#11522=DIRECTION('',(0.,0.,1.));
#11523=DIRECTION('',(-8.29348092766835E-15,-1.,0.));
#11524=DIRECTION('center_axis',(1.0216403530979E-14,1.,0.));
#11525=DIRECTION('ref_axis',(-1.,1.0216403530979E-14,0.));
#11526=DIRECTION('',(-1.,1.0216403530979E-14,0.));
#11527=DIRECTION('center_axis',(0.,0.,-1.));
#11528=DIRECTION('ref_axis',(-1.,0.,0.));
#11529=DIRECTION('center_axis',(1.,8.20200225048136E-17,4.33680868994201E-16));
#11530=DIRECTION('ref_axis',(4.33680868994201E-16,0.,-1.));
#11531=DIRECTION('',(8.20200225048136E-17,-1.,0.));
#11532=DIRECTION('',(-4.33680868994201E-16,0.,1.));
#11533=DIRECTION('',(-8.20200225048136E-17,1.,0.));
#11534=DIRECTION('center_axis',(0.,0.,1.));
#11535=DIRECTION('ref_axis',(1.,0.,0.));
#11536=DIRECTION('',(-8.20200225048136E-17,1.,0.));
#11537=DIRECTION('',(8.20200225048136E-17,-1.,0.));
#11538=DIRECTION('',(8.20200225048136E-17,-1.,0.));
#11539=DIRECTION('',(8.20200225048136E-17,-1.,0.));
#11540=DIRECTION('',(-1.,0.,0.));
#11541=DIRECTION('center_axis',(-1.,-8.20200225048136E-17,0.));
#11542=DIRECTION('ref_axis',(8.20200225048136E-17,-1.,0.));
#11543=DIRECTION('',(8.20200225048136E-17,-1.,0.));
#11544=DIRECTION('',(0.,0.,-1.));
#11545=DIRECTION('',(-8.20200225048136E-17,1.,0.));
#11546=DIRECTION('center_axis',(0.,-1.,0.));
#11547=DIRECTION('ref_axis',(0.,0.,-1.));
#11548=DIRECTION('',(-1.,0.,0.));
#11549=DIRECTION('',(4.33680868994201E-16,0.,-1.));
#11550=DIRECTION('',(1.,0.,0.));
#11551=DIRECTION('',(0.,0.,1.));
#11552=DIRECTION('center_axis',(1.,8.20200225048136E-17,0.));
#11553=DIRECTION('ref_axis',(-8.20200225048136E-17,1.,0.));
#11554=DIRECTION('center_axis',(-1.,-8.20200225048136E-17,-1.44560289664734E-16));
#11555=DIRECTION('ref_axis',(-1.44560289664734E-16,0.,1.));
#11556=DIRECTION('center_axis',(-5.01899164977821E-16,0.,-1.));
#11557=DIRECTION('ref_axis',(-1.,0.,5.01899164977821E-16));
#11558=DIRECTION('',(1.,0.,-5.01899164977821E-16));
#11559=DIRECTION('',(0.,1.,0.));
#11560=DIRECTION('',(0.,-1.,0.));
#11561=DIRECTION('',(1.,0.,-5.01899164977821E-16));
#11562=DIRECTION('',(0.,-1.,0.));
#11563=DIRECTION('',(1.,0.,-5.01899164977821E-16));
#11564=DIRECTION('',(0.,1.,0.));
#11565=DIRECTION('center_axis',(1.,0.,1.51588027100045E-16));
#11566=DIRECTION('ref_axis',(1.51588027100045E-16,0.,-1.));
#11567=DIRECTION('',(0.,1.,0.));
#11568=DIRECTION('',(0.,-1.,0.));
#11569=DIRECTION('center_axis',(0.,0.,1.));
#11570=DIRECTION('ref_axis',(1.,0.,0.));
#11571=DIRECTION('',(0.,-1.,0.));
#11572=DIRECTION('',(0.,1.,0.));
#11573=DIRECTION('center_axis',(0.,0.,-1.));
#11574=DIRECTION('ref_axis',(-1.,0.,0.));
#11575=DIRECTION('',(0.,1.,0.));
#11576=DIRECTION('',(0.,1.,0.));
#11577=DIRECTION('center_axis',(-1.,0.,0.));
#11578=DIRECTION('ref_axis',(0.,0.,1.));
#11579=DIRECTION('',(0.,1.,0.));
#11580=DIRECTION('center_axis',(0.,0.,1.));
#11581=DIRECTION('ref_axis',(1.,0.,0.));
#11582=DIRECTION('',(0.,1.,0.));
#11583=DIRECTION('',(-1.,0.,0.));
#11584=DIRECTION('',(0.,1.,0.));
#11585=DIRECTION('',(0.,1.,0.));
#11586=DIRECTION('center_axis',(1.,0.,-1.74507097792994E-16));
#11587=DIRECTION('ref_axis',(-1.74507097792994E-16,0.,-1.));
#11588=DIRECTION('',(0.,1.,0.));
#11589=DIRECTION('center_axis',(0.,0.,-1.));
#11590=DIRECTION('ref_axis',(-1.,0.,0.));
#11591=DIRECTION('',(0.,-1.,0.));
#11592=DIRECTION('center_axis',(0.,0.,1.));
#11593=DIRECTION('ref_axis',(1.,0.,0.));
#11594=DIRECTION('',(0.,1.,0.));
#11595=DIRECTION('',(0.,-1.,0.));
#11596=DIRECTION('center_axis',(-1.,0.,-4.54764081300136E-16));
#11597=DIRECTION('ref_axis',(-4.54764081300136E-16,0.,1.));
#11598=DIRECTION('',(0.,-1.,0.));
#11599=DIRECTION('',(0.,1.,0.));
#11600=DIRECTION('center_axis',(1.,0.,-2.46092614571722E-15));
#11601=DIRECTION('ref_axis',(-2.46092614571722E-15,0.,-1.));
#11602=DIRECTION('',(2.46092614571722E-15,0.,1.));
#11603=DIRECTION('',(0.,1.,0.));
#11604=DIRECTION('center_axis',(-1.,0.,0.));
#11605=DIRECTION('ref_axis',(0.,0.,1.));
#11606=DIRECTION('',(0.,-1.,0.));
#11607=DIRECTION('',(0.,0.,-1.));
#11608=DIRECTION('center_axis',(0.,-1.,0.));
#11609=DIRECTION('ref_axis',(0.,0.,-1.));
#11610=DIRECTION('',(-1.,0.,5.01899164977821E-16));
#11611=DIRECTION('',(-2.46092614571722E-15,0.,-1.));
#11612=DIRECTION('',(1.,0.,0.));
#11613=DIRECTION('',(0.,0.,1.));
#11614=DIRECTION('center_axis',(0.,-1.,0.));
#11615=DIRECTION('ref_axis',(0.,0.,-1.));
#11616=DIRECTION('',(1.,0.,0.));
#11617=DIRECTION('',(0.,0.,-1.));
#11618=DIRECTION('',(1.,0.,2.69194028308881E-16));
#11619=DIRECTION('center_axis',(0.,-1.,0.));
#11620=DIRECTION('ref_axis',(0.,0.,-1.));
#11621=DIRECTION('',(-3.63445948071386E-16,0.,1.));
#11622=DIRECTION('',(1.,0.,0.));
#11623=DIRECTION('',(-4.61023559622669E-16,0.,1.));
#11624=DIRECTION('',(0.,0.,-1.));
#11625=DIRECTION('center_axis',(-1.,0.,-3.63445948071386E-16));
#11626=DIRECTION('ref_axis',(-3.63445948071386E-16,0.,1.));
#11627=DIRECTION('',(0.,-1.,0.));
#11628=DIRECTION('',(0.,1.,0.));
#11629=DIRECTION('center_axis',(-1.,0.,-3.63445948071386E-16));
#11630=DIRECTION('ref_axis',(-3.63445948071386E-16,0.,1.));
#11631=DIRECTION('',(-3.63445948071386E-16,0.,1.));
#11632=DIRECTION('center_axis',(-1.,0.,-3.63445948071386E-16));
#11633=DIRECTION('ref_axis',(-3.63445948071386E-16,0.,1.));
#11634=DIRECTION('',(0.,-1.,0.));
#11635=DIRECTION('',(0.,1.,0.));
#11636=DIRECTION('center_axis',(2.69194028308881E-16,0.,-1.));
#11637=DIRECTION('ref_axis',(-1.,0.,-2.69194028308881E-16));
#11638=DIRECTION('',(0.,-1.,0.));
#11639=DIRECTION('',(0.,1.,0.));
#11640=DIRECTION('center_axis',(1.,0.,1.81722974035693E-16));
#11641=DIRECTION('ref_axis',(1.81722974035693E-16,0.,-1.));
#11642=DIRECTION('',(0.,1.,0.));
#11643=DIRECTION('',(0.,-1.,0.));
#11644=DIRECTION('',(0.,1.,0.));
#11645=DIRECTION('center_axis',(1.,0.,1.81722974035693E-16));
#11646=DIRECTION('ref_axis',(1.81722974035693E-16,0.,-1.));
#11647=DIRECTION('',(1.81722974035693E-16,0.,-1.));
#11648=DIRECTION('center_axis',(1.,0.,1.81722974035693E-16));
#11649=DIRECTION('ref_axis',(1.81722974035693E-16,0.,-1.));
#11650=DIRECTION('',(0.,-1.,0.));
#11651=DIRECTION('center_axis',(-2.69194028308881E-16,0.,1.));
#11652=DIRECTION('ref_axis',(1.,0.,2.69194028308881E-16));
#11653=DIRECTION('',(0.,-1.,0.));
#11654=DIRECTION('',(0.,-1.,0.));
#11655=DIRECTION('',(1.,0.,2.69194028308881E-16));
#11656=DIRECTION('',(0.,-1.,0.));
#11657=DIRECTION('',(0.,1.,0.));
#11658=DIRECTION('',(-6.26164664808297E-15,-1.,0.));
#11659=DIRECTION('center_axis',(-2.69194028308881E-16,0.,1.));
#11660=DIRECTION('ref_axis',(1.,0.,2.69194028308881E-16));
#11661=DIRECTION('',(1.,0.,0.));
#11662=DIRECTION('center_axis',(-2.69194028308881E-16,0.,1.));
#11663=DIRECTION('ref_axis',(1.,0.,2.69194028308881E-16));
#11664=DIRECTION('',(3.57808379890457E-15,1.,0.));
#11665=DIRECTION('center_axis',(-2.69194028308881E-16,0.,1.));
#11666=DIRECTION('ref_axis',(1.,0.,2.69194028308881E-16));
#11667=DIRECTION('',(-1.,0.,0.));
#11668=DIRECTION('center_axis',(-2.69194028308881E-16,0.,1.));
#11669=DIRECTION('ref_axis',(1.,0.,2.69194028308881E-16));
#11670=DIRECTION('',(0.,-1.,0.));
#11671=DIRECTION('center_axis',(-2.69194028308881E-16,0.,1.));
#11672=DIRECTION('ref_axis',(1.,0.,2.69194028308881E-16));
#11673=DIRECTION('',(1.,0.,0.));
#11674=DIRECTION('center_axis',(-2.69194028308881E-16,0.,1.));
#11675=DIRECTION('ref_axis',(1.,0.,2.69194028308881E-16));
#11676=DIRECTION('',(0.,1.,0.));
#11677=DIRECTION('center_axis',(-2.69194028308881E-16,0.,1.));
#11678=DIRECTION('ref_axis',(1.,0.,2.69194028308881E-16));
#11679=DIRECTION('',(-1.,0.,0.));
#11680=DIRECTION('center_axis',(-2.69194028308881E-16,0.,1.));
#11681=DIRECTION('ref_axis',(1.,0.,2.69194028308881E-16));
#11682=DIRECTION('center_axis',(-1.,0.,1.74639487611878E-16));
#11683=DIRECTION('ref_axis',(1.74639487611878E-16,0.,1.));
#11684=DIRECTION('',(-1.74639487611878E-16,0.,-1.));
#11685=DIRECTION('',(0.,1.,0.));
#11686=DIRECTION('center_axis',(-1.,0.,0.));
#11687=DIRECTION('ref_axis',(0.,0.,1.));
#11688=DIRECTION('',(0.,-1.,0.));
#11689=DIRECTION('',(0.,0.,-1.));
#11690=DIRECTION('center_axis',(0.,-1.,0.));
#11691=DIRECTION('ref_axis',(0.,0.,-1.));
#11692=DIRECTION('',(1.,0.,0.));
#11693=DIRECTION('center_axis',(0.,-1.,0.));
#11694=DIRECTION('ref_axis',(0.,0.,-1.));
#11695=DIRECTION('',(0.,0.,-1.));
#11696=DIRECTION('',(-1.,0.,0.));
#11697=DIRECTION('',(1.,0.,0.));
#11698=DIRECTION('center_axis',(0.,0.,-1.));
#11699=DIRECTION('ref_axis',(-1.,0.,0.));
#11700=DIRECTION('',(0.,1.,0.));
#11701=DIRECTION('',(-1.,0.,0.));
#11702=DIRECTION('center_axis',(0.,0.,1.));
#11703=DIRECTION('ref_axis',(1.,0.,0.));
#11704=DIRECTION('',(1.,0.,0.));
#11705=DIRECTION('',(0.,-1.,0.));
#11706=DIRECTION('center_axis',(0.,0.,1.));
#11707=DIRECTION('ref_axis',(1.,0.,0.));
#11708=DIRECTION('',(0.,1.,0.));
#11709=DIRECTION('',(1.,0.,0.));
#11710=DIRECTION('center_axis',(0.,0.,-1.));
#11711=DIRECTION('ref_axis',(-1.,0.,0.));
#11712=DIRECTION('',(-1.,0.,0.));
#11713=DIRECTION('',(0.,-1.,0.));
#11714=DIRECTION('center_axis',(0.,-1.,0.));
#11715=DIRECTION('ref_axis',(0.,0.,-1.));
#11716=DIRECTION('',(-1.,0.,0.));
#11717=DIRECTION('',(-4.61023559622669E-16,0.,1.));
#11718=DIRECTION('',(1.,0.,0.));
#11719=DIRECTION('center_axis',(-1.,0.,2.30511779811334E-16));
#11720=DIRECTION('ref_axis',(2.30511779811334E-16,0.,1.));
#11721=DIRECTION('center_axis',(1.,0.,-2.30511779811334E-16));
#11722=DIRECTION('ref_axis',(2.30511779811334E-16,0.,1.));
#11723=DIRECTION('',(0.,1.,0.));
#11724=DIRECTION('',(2.18679401520245E-16,5.08674493488369E-17,1.));
#11725=DIRECTION('center_axis',(1.,0.,-2.30511779811334E-16));
#11726=DIRECTION('ref_axis',(2.30511779811334E-16,0.,1.));
#11727=DIRECTION('center_axis',(0.,0.,-1.));
#11728=DIRECTION('ref_axis',(-1.,0.,0.));
#11729=DIRECTION('',(0.,1.,0.));
#11730=DIRECTION('',(-1.,0.,0.));
#11731=DIRECTION('center_axis',(1.,0.,0.));
#11732=DIRECTION('ref_axis',(0.,0.,-1.));
#11733=DIRECTION('center_axis',(-1.,0.,0.));
#11734=DIRECTION('ref_axis',(0.,0.,-1.));
#11735=DIRECTION('center_axis',(-1.,0.,0.));
#11736=DIRECTION('ref_axis',(0.,0.,-1.));
#11737=DIRECTION('',(0.,0.,-1.));
#11738=DIRECTION('center_axis',(-0.973996455287346,0.226563247433657,0.));
#11739=DIRECTION('ref_axis',(-0.226563247433657,-0.973996455287346,0.));
#11740=DIRECTION('',(0.222734248531964,0.95753557118636,-0.183071255099514));
#11741=DIRECTION('',(4.26361374085133E-16,0.,-1.));
#11742=DIRECTION('center_axis',(0.,0.187788656384771,0.982209458584676));
#11743=DIRECTION('ref_axis',(0.,-0.982209458584676,0.187788656384771));
#11744=DIRECTION('',(-0.222734248531965,0.95753557118636,-0.183071255099514));
#11745=DIRECTION('',(-1.,0.,0.));
#11746=DIRECTION('center_axis',(0.973996455287346,0.226563247433659,-2.24517656438216E-16));
#11747=DIRECTION('ref_axis',(-0.226563247433659,0.973996455287346,0.));
#11748=DIRECTION('',(0.,0.,1.));
#11749=DIRECTION('center_axis',(1.,0.,1.06590343521283E-16));
#11750=DIRECTION('ref_axis',(1.06590343521283E-16,0.,-1.));
#11751=DIRECTION('',(0.,1.,0.));
#11752=DIRECTION('',(1.06590343521283E-16,0.,-1.));
#11753=DIRECTION('',(0.,1.,0.));
#11754=DIRECTION('center_axis',(0.,0.,-1.));
#11755=DIRECTION('ref_axis',(-1.,0.,0.));
#11756=DIRECTION('',(0.,1.,0.));
#11757=DIRECTION('',(-1.,0.,0.));
#11758=DIRECTION('',(0.,1.,0.));
#11759=DIRECTION('center_axis',(1.,0.,2.13180687042567E-16));
#11760=DIRECTION('ref_axis',(2.13180687042567E-16,0.,-1.));
#11761=DIRECTION('',(2.13180687042567E-16,0.,-1.));
#11762=DIRECTION('',(0.,1.,0.));
#11763=DIRECTION('',(0.,1.,0.));
#11764=DIRECTION('center_axis',(0.,0.,1.));
#11765=DIRECTION('ref_axis',(1.,0.,0.));
#11766=DIRECTION('',(1.,0.,0.));
#11767=DIRECTION('center_axis',(0.,-1.,0.));
#11768=DIRECTION('ref_axis',(0.,0.,-1.));
#11769=DIRECTION('',(1.,0.,0.));
#11770=DIRECTION('',(1.06590343521283E-16,0.,-1.));
#11771=DIRECTION('',(1.,0.,0.));
#11772=DIRECTION('',(0.,0.,-1.));
#11773=DIRECTION('',(1.,0.,0.));
#11774=DIRECTION('',(0.,0.,-1.));
#11775=DIRECTION('',(1.,0.,0.));
#11776=DIRECTION('',(-3.94384271028748E-15,0.,-1.));
#11777=DIRECTION('',(1.,0.,0.));
#11778=DIRECTION('',(0.,0.,-1.));
#11779=DIRECTION('',(1.,0.,0.));
#11780=DIRECTION('',(-3.09111996211721E-15,0.,-1.));
#11781=DIRECTION('',(1.,0.,0.));
#11782=DIRECTION('',(0.,0.,-1.));
#11783=DIRECTION('',(1.,0.,0.));
#11784=DIRECTION('',(0.,0.,-1.));
#11785=DIRECTION('',(1.,0.,0.));
#11786=DIRECTION('',(-2.55816824435548E-15,0.,-1.));
#11787=DIRECTION('',(1.,0.,0.));
#11788=DIRECTION('',(0.,0.,1.));
#11789=DIRECTION('',(0.,0.,-1.));
#11790=DIRECTION('',(1.,0.,0.));
#11791=DIRECTION('',(2.13180687042567E-16,0.,-1.));
#11792=DIRECTION('',(1.,0.,0.));
#11793=DIRECTION('center_axis',(1.,0.,0.));
#11794=DIRECTION('ref_axis',(0.,0.,-1.));
#11795=DIRECTION('',(0.,1.,0.));
#11796=DIRECTION('',(0.,1.,0.));
#11797=DIRECTION('center_axis',(1.,0.,1.06590343521283E-16));
#11798=DIRECTION('ref_axis',(1.06590343521283E-16,0.,-1.));
#11799=DIRECTION('',(0.,1.,0.));
#11800=DIRECTION('',(0.,1.,0.));
#11801=DIRECTION('center_axis',(0.,0.,1.));
#11802=DIRECTION('ref_axis',(1.,0.,0.));
#11803=DIRECTION('center_axis',(1.,0.,0.));
#11804=DIRECTION('ref_axis',(0.,0.,-1.));
#11805=DIRECTION('',(0.,1.,0.));
#11806=DIRECTION('',(0.,1.,0.));
#11807=DIRECTION('center_axis',(0.,0.,1.));
#11808=DIRECTION('ref_axis',(1.,0.,0.));
#11809=DIRECTION('',(0.,1.,0.));
#11810=DIRECTION('center_axis',(1.,0.,-3.94384271028748E-15));
#11811=DIRECTION('ref_axis',(-3.94384271028748E-15,0.,-1.));
#11812=DIRECTION('',(0.,1.,0.));
#11813=DIRECTION('center_axis',(1.,0.,-3.09111996211721E-15));
#11814=DIRECTION('ref_axis',(-3.09111996211722E-15,0.,-1.));
#11815=DIRECTION('',(0.,1.,0.));
#11816=DIRECTION('',(0.,1.,0.));
#11817=DIRECTION('center_axis',(1.,0.,0.));
#11818=DIRECTION('ref_axis',(0.,0.,-1.));
#11819=DIRECTION('',(0.,1.,0.));
#11820=DIRECTION('',(0.,1.,0.));
#11821=DIRECTION('center_axis',(0.,0.,1.));
#11822=DIRECTION('ref_axis',(1.,0.,0.));
#11823=DIRECTION('center_axis',(1.,0.,0.));
#11824=DIRECTION('ref_axis',(0.,0.,-1.));
#11825=DIRECTION('',(0.,1.,0.));
#11826=DIRECTION('',(0.,1.,0.));
#11827=DIRECTION('center_axis',(1.,0.,0.));
#11828=DIRECTION('ref_axis',(0.,0.,-1.));
#11829=DIRECTION('',(0.,1.,0.));
#11830=DIRECTION('',(0.,1.,0.));
#11831=DIRECTION('center_axis',(0.,0.,1.));
#11832=DIRECTION('ref_axis',(1.,0.,0.));
#11833=DIRECTION('center_axis',(1.,0.,-2.55816824435548E-15));
#11834=DIRECTION('ref_axis',(-2.55816824435548E-15,0.,-1.));
#11835=DIRECTION('',(0.,1.,0.));
#11836=DIRECTION('',(0.,1.,0.));
#11837=DIRECTION('center_axis',(0.,0.,1.));
#11838=DIRECTION('ref_axis',(1.,0.,0.));
#11839=DIRECTION('',(0.,1.,0.));
#11840=DIRECTION('center_axis',(-1.,0.,0.));
#11841=DIRECTION('ref_axis',(0.,0.,1.));
#11842=DIRECTION('center_axis',(1.,0.,0.));
#11843=DIRECTION('ref_axis',(0.,0.,-1.));
#11844=DIRECTION('',(0.,1.,0.));
#11845=DIRECTION('center_axis',(0.,0.,1.));
#11846=DIRECTION('ref_axis',(1.,0.,0.));
#11847=DIRECTION('',(0.,1.,0.));
#11848=DIRECTION('center_axis',(1.,0.,2.13180687042567E-16));
#11849=DIRECTION('ref_axis',(2.13180687042567E-16,0.,-1.));
#11850=DIRECTION('',(0.,1.,0.));
#11851=DIRECTION('',(2.13180687042567E-16,0.,-1.));
#11852=DIRECTION('center_axis',(0.,0.,-1.));
#11853=DIRECTION('ref_axis',(-1.,0.,0.));
#11854=DIRECTION('center_axis',(0.,0.,-1.));
#11855=DIRECTION('ref_axis',(-1.,0.,0.));
#11856=DIRECTION('center_axis',(0.,0.,-1.));
#11857=DIRECTION('ref_axis',(-1.,0.,0.));
#11858=DIRECTION('center_axis',(0.,0.,-1.));
#11859=DIRECTION('ref_axis',(-1.,0.,0.));
#11860=DIRECTION('center_axis',(0.,0.,-1.));
#11861=DIRECTION('ref_axis',(-1.,0.,0.));
#11862=DIRECTION('center_axis',(0.,0.,-1.));
#11863=DIRECTION('ref_axis',(-1.,0.,0.));
#11864=DIRECTION('center_axis',(0.,1.,0.));
#11865=DIRECTION('ref_axis',(0.,0.,1.));
#11866=DIRECTION('center_axis',(0.,1.,0.));
#11867=DIRECTION('ref_axis',(0.,0.,1.));
#11868=DIRECTION('center_axis',(0.,1.,0.));
#11869=DIRECTION('ref_axis',(0.,0.,1.));
#11870=DIRECTION('center_axis',(0.,1.,0.));
#11871=DIRECTION('ref_axis',(0.,0.,1.));
#11872=DIRECTION('center_axis',(0.,1.,0.));
#11873=DIRECTION('ref_axis',(0.,0.,1.));
#11874=DIRECTION('center_axis',(0.,1.,0.));
#11875=DIRECTION('ref_axis',(0.,0.,1.));
#11876=DIRECTION('center_axis',(0.,1.,0.));
#11877=DIRECTION('ref_axis',(1.,0.,0.));
#11878=DIRECTION('center_axis',(1.,6.93889390390732E-15,6.93889390390727E-15));
#11879=DIRECTION('ref_axis',(-6.93889390390732E-15,1.,-6.67018069018613E-43));
#11880=DIRECTION('center_axis',(-1.,-8.20200225048136E-17,0.));
#11881=DIRECTION('ref_axis',(8.20200225048136E-17,-1.,0.));
#11882=DIRECTION('center_axis',(0.707106781186542,-0.707106781186553,8.61709443497234E-15));
#11883=DIRECTION('ref_axis',(0.707106781186553,0.707106781186542,1.13074818801845E-12));
#11884=DIRECTION('center_axis',(8.20200225048136E-17,-1.,0.));
#11885=DIRECTION('ref_axis',(1.,8.20200225048136E-17,0.));
#11886=DIRECTION('center_axis',(-8.20200225048136E-17,1.,0.));
#11887=DIRECTION('ref_axis',(1.,8.20200225048136E-17,0.));
#11888=DIRECTION('center_axis',(-1.,0.,0.));
#11889=DIRECTION('ref_axis',(0.,0.,1.));
#11890=DIRECTION('center_axis',(1.,0.,0.));
#11891=DIRECTION('ref_axis',(0.,0.,1.));
#11892=DIRECTION('center_axis',(-1.,0.,0.));
#11893=DIRECTION('ref_axis',(0.,0.,1.));
#11894=DIRECTION('center_axis',(8.20200225048136E-17,-1.,0.));
#11895=DIRECTION('ref_axis',(1.,8.20200225048136E-17,0.));
#11896=DIRECTION('center_axis',(-8.20200225048136E-17,1.,0.));
#11897=DIRECTION('ref_axis',(1.,8.20200225048136E-17,0.));
#11898=DIRECTION('center_axis',(0.707106781186541,0.707106781186555,-1.23101349071033E-14));
#11899=DIRECTION('ref_axis',(0.707106781186555,-0.707106781186541,-9.12456249686041E-13));
#11900=DIRECTION('center_axis',(-1.,-8.20200225048136E-17,0.));
#11901=DIRECTION('ref_axis',(8.20200225048136E-17,-1.,0.));
#11902=DIRECTION('center_axis',(1.,6.93889390390727E-15,0.));
#11903=DIRECTION('ref_axis',(-6.93889390390727E-15,1.,0.));
#11904=DIRECTION('center_axis',(0.,1.,0.));
#11905=DIRECTION('ref_axis',(1.,0.,0.));
#11906=DIRECTION('center_axis',(-8.20200225048136E-17,1.,0.));
#11907=DIRECTION('ref_axis',(-1.,-8.20200225048136E-17,0.));
#11908=DIRECTION('center_axis',(-8.20200225048136E-17,1.,0.));
#11909=DIRECTION('ref_axis',(-1.,-8.20200225048136E-17,0.));
#11910=DIRECTION('center_axis',(-1.,0.,0.));
#11911=DIRECTION('ref_axis',(0.,0.,1.));
#11912=DIRECTION('center_axis',(1.,0.,0.));
#11913=DIRECTION('ref_axis',(0.,0.,1.));
#11914=DIRECTION('center_axis',(-1.,0.,0.));
#11915=DIRECTION('ref_axis',(0.,0.,1.));
#11916=DIRECTION('center_axis',(-8.20200225048136E-17,1.,0.));
#11917=DIRECTION('ref_axis',(-1.,-8.20200225048136E-17,0.));
#11918=DIRECTION('center_axis',(-8.20200225048136E-17,1.,0.));
#11919=DIRECTION('ref_axis',(-1.,-8.20200225048136E-17,0.));
#11920=DIRECTION('center_axis',(0.,1.,0.));
#11921=DIRECTION('ref_axis',(1.,0.,0.));
#11922=DIRECTION('center_axis',(0.,0.,1.));
#11923=DIRECTION('ref_axis',(1.,0.,0.));
#11924=DIRECTION('center_axis',(-4.33680868994201E-16,0.,1.));
#11925=DIRECTION('ref_axis',(1.,0.,4.33680868994201E-16));
#11926=DIRECTION('center_axis',(0.,0.,1.));
#11927=DIRECTION('ref_axis',(1.,0.,0.));
#11928=DIRECTION('center_axis',(0.,1.,0.));
#11929=DIRECTION('ref_axis',(1.,0.,0.));
#11930=DIRECTION('center_axis',(0.,1.,0.));
#11931=DIRECTION('ref_axis',(1.,0.,0.));
#11932=DIRECTION('center_axis',(0.,0.,-1.));
#11933=DIRECTION('ref_axis',(-1.,0.,0.));
#11934=DIRECTION('center_axis',(0.,0.,-1.));
#11935=DIRECTION('ref_axis',(-1.,0.,0.));
#11936=DIRECTION('center_axis',(0.,0.,-1.));
#11937=DIRECTION('ref_axis',(-1.,0.,0.));
#11938=DIRECTION('center_axis',(0.,1.,0.));
#11939=DIRECTION('ref_axis',(1.,0.,0.));
#11940=DIRECTION('center_axis',(0.,1.,0.));
#11941=DIRECTION('ref_axis',(0.,0.,1.));
#11942=DIRECTION('center_axis',(0.70710678118658,-0.707106781186515,-4.89840784845149E-14));
#11943=DIRECTION('ref_axis',(0.707106781186515,0.70710678118658,4.51011330758716E-13));
#11944=DIRECTION('center_axis',(-1.,0.,5.01899164977821E-16));
#11945=DIRECTION('ref_axis',(5.01899164977821E-16,0.,1.));
#11946=DIRECTION('center_axis',(0.707106781186532,-0.707106781186563,4.56500836138478E-14));
#11947=DIRECTION('ref_axis',(0.707106781186563,0.707106781186533,4.32790864017488E-12));
#11948=DIRECTION('center_axis',(2.46092614571722E-15,0.,1.));
#11949=DIRECTION('ref_axis',(1.,0.,-2.46092614571722E-15));
#11950=DIRECTION('center_axis',(0.,0.,1.));
#11951=DIRECTION('ref_axis',(1.,0.,0.));
#11952=DIRECTION('center_axis',(0.707106781186542,-2.66719589653946E-14,
-0.707106781186553));
#11953=DIRECTION('ref_axis',(0.707106781186553,-2.71112325857678E-12,0.707106781186542));
#11954=DIRECTION('center_axis',(0.,1.,0.));
#11955=DIRECTION('ref_axis',(0.,0.,1.));
#11956=DIRECTION('center_axis',(0.,-1.,0.));
#11957=DIRECTION('ref_axis',(0.,0.,-1.));
#11958=DIRECTION('center_axis',(-1.,0.,0.));
#11959=DIRECTION('ref_axis',(0.,0.,1.));
#11960=DIRECTION('center_axis',(0.707106781186615,-1.1130413645173E-13,
0.70710678118648));
#11961=DIRECTION('ref_axis',(0.70710678118648,4.80392662107195E-12,-0.707106781186615));
#11962=DIRECTION('center_axis',(0.,1.,0.));
#11963=DIRECTION('ref_axis',(1.,0.,0.));
#11964=DIRECTION('center_axis',(1.,0.,0.));
#11965=DIRECTION('ref_axis',(0.,0.,1.));
#11966=DIRECTION('center_axis',(0.,0.,-1.));
#11967=DIRECTION('ref_axis',(-1.,0.,0.));
#11968=DIRECTION('center_axis',(0.,0.,1.));
#11969=DIRECTION('ref_axis',(1.,0.,0.));
#11970=DIRECTION('center_axis',(1.,0.,-5.01899164977821E-16));
#11971=DIRECTION('ref_axis',(-5.01899164977821E-16,0.,-1.));
#11972=DIRECTION('center_axis',(1.,0.,0.));
#11973=DIRECTION('ref_axis',(0.,0.,-1.));
#11974=DIRECTION('center_axis',(0.,1.,0.));
#11975=DIRECTION('ref_axis',(1.,0.,0.));
#11976=DIRECTION('center_axis',(0.,1.,0.));
#11977=DIRECTION('ref_axis',(0.,0.,-1.));
#11978=DIRECTION('center_axis',(0.,1.,0.));
#11979=DIRECTION('ref_axis',(0.,0.,1.));
#11980=DIRECTION('center_axis',(-0.707106781186539,-0.707106781186556,4.02002843060108E-14));
#11981=DIRECTION('ref_axis',(0.707106781186556,-0.707106781186539,-1.36499385197104E-12));
#11982=DIRECTION('center_axis',(0.,1.,0.));
#11983=DIRECTION('ref_axis',(0.,0.,1.));
#11984=DIRECTION('center_axis',(0.707106781186549,0.707106781186546,-2.12862749435362E-14));
#11985=DIRECTION('ref_axis',(0.707106781186546,-0.707106781186549,-2.98130075278474E-12));
#11986=DIRECTION('center_axis',(-1.,0.,5.01899164977821E-16));
#11987=DIRECTION('ref_axis',(5.01899164977821E-16,0.,1.));
#11988=DIRECTION('center_axis',(0.,1.,0.));
#11989=DIRECTION('ref_axis',(0.,0.,1.));
#11990=DIRECTION('',(0.,1.,0.));
#11991=DIRECTION('center_axis',(0.,1.,0.));
#11992=DIRECTION('ref_axis',(0.,0.,1.));
#11993=DIRECTION('center_axis',(0.,1.,0.));
#11994=DIRECTION('ref_axis',(0.,0.,1.));
#11995=DIRECTION('',(0.,-1.,0.));
#11996=DIRECTION('center_axis',(0.,1.,0.));
#11997=DIRECTION('ref_axis',(0.,0.,1.));
#11998=DIRECTION('center_axis',(0.,1.,0.));
#11999=DIRECTION('ref_axis',(0.,0.,1.));
#12000=DIRECTION('',(1.,0.,0.));
#12001=DIRECTION('',(0.,0.,-1.));
#12002=DIRECTION('',(0.,0.,1.));
#12003=DIRECTION('center_axis',(-1.,0.,0.));
#12004=DIRECTION('ref_axis',(0.,0.,1.));
#12005=DIRECTION('',(0.,1.,0.));
#12006=DIRECTION('',(0.,0.,-1.));
#12007=DIRECTION('',(0.,0.,1.));
#12008=DIRECTION('center_axis',(0.,-1.,0.));
#12009=DIRECTION('ref_axis',(0.,0.,-1.));
#12010=DIRECTION('',(-1.,0.,0.));
#12011=DIRECTION('',(0.,0.,-1.));
#12012=DIRECTION('',(0.,0.,1.));
#12013=DIRECTION('center_axis',(1.,0.,0.));
#12014=DIRECTION('ref_axis',(0.,0.,-1.));
#12015=DIRECTION('',(0.,0.,1.));
#12016=DIRECTION('',(0.,-1.,0.));
#12017=DIRECTION('',(0.,0.,-1.));
#12018=DIRECTION('center_axis',(0.,0.,-1.));
#12019=DIRECTION('ref_axis',(-1.,0.,0.));
#12020=DIRECTION('center_axis',(0.,0.,-1.));
#12021=DIRECTION('ref_axis',(-1.,0.,0.));
#12022=DIRECTION('center_axis',(0.,0.,-1.));
#12023=DIRECTION('ref_axis',(-1.,0.,0.));
#12024=DIRECTION('center_axis',(0.,0.,-1.));
#12025=DIRECTION('ref_axis',(-1.,0.,0.));
#12026=DIRECTION('center_axis',(0.,0.,-1.));
#12027=DIRECTION('ref_axis',(-1.,0.,0.));
#12028=DIRECTION('center_axis',(0.,1.,0.));
#12029=DIRECTION('ref_axis',(0.,0.,1.));
#12030=DIRECTION('',(1.,0.,0.));
#12031=DIRECTION('',(0.,0.,-1.));
#12032=DIRECTION('',(0.,0.,1.));
#12033=DIRECTION('center_axis',(-1.,3.57808379890457E-15,0.));
#12034=DIRECTION('ref_axis',(-3.57808379890457E-15,-1.,0.));
#12035=DIRECTION('',(4.41998586923505E-15,1.,0.));
#12036=DIRECTION('',(0.,0.,-1.));
#12037=DIRECTION('',(0.,0.,1.));
#12038=DIRECTION('center_axis',(0.,-1.,0.));
#12039=DIRECTION('ref_axis',(0.,0.,-1.));
#12040=DIRECTION('',(0.,0.,1.));
#12041=DIRECTION('',(-1.,0.,0.));
#12042=DIRECTION('',(0.,0.,-1.));
#12043=DIRECTION('center_axis',(1.,-6.26164664808297E-15,0.));
#12044=DIRECTION('ref_axis',(6.26164664808297E-15,1.,0.));
#12045=DIRECTION('',(-3.57808379890457E-15,-1.,0.));
#12046=DIRECTION('',(0.,0.,-1.));
#12047=DIRECTION('',(0.,0.,1.));
#12048=DIRECTION('center_axis',(0.,0.,1.));
#12049=DIRECTION('ref_axis',(1.,0.,0.));
#12050=DIRECTION('center_axis',(0.,0.,-1.));
#12051=DIRECTION('ref_axis',(1.,0.,0.));
#12052=DIRECTION('center_axis',(0.,0.,-1.));
#12053=DIRECTION('ref_axis',(1.,0.,0.));
#12054=DIRECTION('center_axis',(0.,0.,-1.));
#12055=DIRECTION('ref_axis',(1.,0.,0.));
#12056=DIRECTION('center_axis',(0.,0.,-1.));
#12057=DIRECTION('ref_axis',(1.,0.,0.));
#12058=DIRECTION('center_axis',(0.,0.,1.));
#12059=DIRECTION('ref_axis',(1.,0.,0.));
#12060=DIRECTION('center_axis',(0.,0.,1.));
#12061=DIRECTION('ref_axis',(1.,0.,0.));
#12062=DIRECTION('center_axis',(0.,0.,1.));
#12063=DIRECTION('ref_axis',(1.,0.,0.));
#12064=DIRECTION('center_axis',(0.,0.,1.));
#12065=DIRECTION('ref_axis',(1.,0.,0.));
#12066=DIRECTION('center_axis',(0.,0.,1.));
#12067=DIRECTION('ref_axis',(1.,0.,0.));
#12068=DIRECTION('center_axis',(0.,0.,1.));
#12069=DIRECTION('ref_axis',(1.,0.,0.));
#12070=DIRECTION('center_axis',(0.,0.,1.));
#12071=DIRECTION('ref_axis',(1.,0.,0.));
#12072=DIRECTION('center_axis',(0.,0.,1.));
#12073=DIRECTION('ref_axis',(1.,0.,0.));
#12074=DIRECTION('center_axis',(0.,0.,-1.));
#12075=DIRECTION('ref_axis',(-1.,0.,0.));
#12076=DIRECTION('',(0.000549480124622425,-0.999999849035785,0.));
#12077=DIRECTION('',(-1.,0.,0.));
#12078=DIRECTION('',(0.,1.,0.));
#12079=DIRECTION('',(-1.,6.78587520663228E-16,0.));
#12080=DIRECTION('',(0.,-1.,0.));
#12081=DIRECTION('',(1.,0.,0.));
#12082=DIRECTION('',(7.05141799328096E-16,1.,0.));
#12083=DIRECTION('center_axis',(1.,0.,0.));
#12084=DIRECTION('ref_axis',(0.,0.,-1.));
#12085=DIRECTION('',(0.,0.,1.));
#12086=DIRECTION('center_axis',(-0.999999849035785,-0.000549480124550289,
0.));
#12087=DIRECTION('ref_axis',(0.000549480124550289,-0.999999849035785,0.));
#12088=DIRECTION('',(0.,0.,1.));
#12089=DIRECTION('center_axis',(0.,1.,0.));
#12090=DIRECTION('ref_axis',(0.,0.,1.));
#12091=DIRECTION('center_axis',(-1.,0.,0.));
#12092=DIRECTION('ref_axis',(0.,0.,1.));
#12093=DIRECTION('',(0.,0.,1.));
#12094=DIRECTION('',(0.,0.982209458528732,0.18778865667738));
#12095=DIRECTION('',(0.,-1.,0.));
#12096=DIRECTION('',(0.,0.,1.));
#12097=DIRECTION('center_axis',(6.78587520663228E-16,1.,0.));
#12098=DIRECTION('ref_axis',(-1.,6.78587520663228E-16,0.));
#12099=DIRECTION('',(0.,0.,1.));
#12100=DIRECTION('',(1.,-6.78587520663228E-16,-1.29739169010104E-16));
#12101=DIRECTION('center_axis',(1.,-7.05141799328096E-16,0.));
#12102=DIRECTION('ref_axis',(7.05141799328096E-16,1.,0.));
#12103=DIRECTION('',(7.05141799328096E-16,1.,0.));
#12104=DIRECTION('',(-6.92596944904025E-16,-0.982209458528732,-0.18778865667738));
#12105=DIRECTION('',(0.,0.,1.));
#12106=DIRECTION('center_axis',(0.,-1.,0.));
#12107=DIRECTION('ref_axis',(0.,0.,-1.));
#12108=DIRECTION('',(1.,0.,0.));
#12109=DIRECTION('center_axis',(0.,0.18778865667738,-0.982209458528732));
#12110=DIRECTION('ref_axis',(0.,0.982209458528732,0.18778865667738));
#12111=DIRECTION('',(1.,0.,0.));
#12112=DIRECTION('center_axis',(0.,0.,1.));
#12113=DIRECTION('ref_axis',(1.,0.,0.));
#12114=DIRECTION('center_axis',(0.,-1.,0.));
#12115=DIRECTION('ref_axis',(0.,0.,-1.));
#12116=DIRECTION('center_axis',(0.,-1.,0.));
#12117=DIRECTION('ref_axis',(0.,0.,-1.));
#12118=DIRECTION('center_axis',(0.,-1.,0.));
#12119=DIRECTION('ref_axis',(0.,0.,-1.));
#12120=DIRECTION('center_axis',(0.,-1.,0.));
#12121=DIRECTION('ref_axis',(0.,0.,-1.));
#12122=DIRECTION('center_axis',(0.,-1.,0.));
#12123=DIRECTION('ref_axis',(0.,0.,-1.));
#12124=DIRECTION('center_axis',(0.,-1.,0.));
#12125=DIRECTION('ref_axis',(0.,0.,-1.));
#12126=DIRECTION('center_axis',(0.,-1.,0.));
#12127=DIRECTION('ref_axis',(0.,0.,-1.));
#12128=DIRECTION('center_axis',(0.,-1.,0.));
#12129=DIRECTION('ref_axis',(0.,0.,-1.));
#12130=DIRECTION('center_axis',(0.,-1.,0.));
#12131=DIRECTION('ref_axis',(0.,0.,-1.));
#12132=DIRECTION('center_axis',(0.,-1.,0.));
#12133=DIRECTION('ref_axis',(0.,0.,-1.));
#12134=DIRECTION('center_axis',(0.,-1.,0.));
#12135=DIRECTION('ref_axis',(0.,0.,-1.));
#12136=DIRECTION('center_axis',(-1.,0.,0.));
#12137=DIRECTION('ref_axis',(0.,0.,1.));
#12138=DIRECTION('center_axis',(1.,0.,0.));
#12139=DIRECTION('ref_axis',(0.,0.,-1.));
#12140=DIRECTION('center_axis',(-1.,0.,0.));
#12141=DIRECTION('ref_axis',(0.,0.,1.));
#12142=DIRECTION('center_axis',(1.,0.,0.));
#12143=DIRECTION('ref_axis',(0.,0.,-1.));
#12144=DIRECTION('',(0.,0.,1.));
#12145=DIRECTION('',(1.,0.,0.));
#12146=DIRECTION('',(0.,0.,1.));
#12147=DIRECTION('',(1.,0.,0.));
#12148=DIRECTION('',(-1.,-3.01898744547311E-48,-2.46519032881566E-32));
#12149=DIRECTION('',(2.46519032881566E-32,-1.22464679914735E-16,-1.));
#12150=DIRECTION('',(1.,3.74939945665464E-32,3.06161699786839E-16));
#12151=DIRECTION('',(3.06161699786838E-16,-1.22464679914735E-16,-1.));
#12152=DIRECTION('',(-0.999999999999998,3.81476534389346E-16,-7.19209555650607E-16));
#12153=DIRECTION('',(2.14943080694903E-16,0.999999999999998,-6.79296029149064E-15));
#12154=CARTESIAN_POINT('',(0.,0.,0.));
#12155=CARTESIAN_POINT('',(0.,0.,0.));
#12156=CARTESIAN_POINT('Origin',(-18.,-12.5,31.5));
#12157=CARTESIAN_POINT('',(-17.,-23.5,31.5));
#12158=CARTESIAN_POINT('Origin',(-17.,-12.5,31.5));
#12159=CARTESIAN_POINT('',(-19.,-23.5,31.5));
#12160=CARTESIAN_POINT('',(-18.,-23.5,31.5));
#12161=CARTESIAN_POINT('Origin',(-19.,-12.5,31.5));
#12162=CARTESIAN_POINT('Origin',(-17.,-1.,31.5));
#12163=CARTESIAN_POINT('',(-17.,-12.5,43.));
#12164=CARTESIAN_POINT('Origin',(-17.,-12.5,31.5));
#12165=CARTESIAN_POINT('Origin',(-19.,-1.5,31.5));
#12166=CARTESIAN_POINT('',(-19.,-12.5,43.));
#12167=CARTESIAN_POINT('Origin',(-19.,-12.5,31.5));
#12168=CARTESIAN_POINT('Origin',(-2.91433543964104E-15,-12.5,31.5));
#12169=CARTESIAN_POINT('',(0.999999999999997,-23.4999999850988,31.5));
#12170=CARTESIAN_POINT('Origin',(0.999999999999997,-12.5,31.5));
#12171=CARTESIAN_POINT('',(-1.,-23.4999999850988,31.5));
#12172=CARTESIAN_POINT('',(-2.91433543964104E-15,-23.4999999850988,31.5));
#12173=CARTESIAN_POINT('Origin',(-1.,-12.5,31.5));
#12174=CARTESIAN_POINT('Origin',(0.999999999999997,-1.,31.5));
#12175=CARTESIAN_POINT('',(0.999999999999997,-12.5,43.));
#12176=CARTESIAN_POINT('Origin',(0.999999999999997,-12.5,31.5));
#12177=CARTESIAN_POINT('Origin',(-1.,-1.50000001490116,31.5));
#12178=CARTESIAN_POINT('',(-1.,-12.5,43.));
#12179=CARTESIAN_POINT('Origin',(-1.,-12.5,31.5));
#12180=CARTESIAN_POINT('Origin',(18.,-12.5,31.5));
#12181=CARTESIAN_POINT('',(19.,-23.4999999850988,31.5));
#12182=CARTESIAN_POINT('Origin',(19.,-12.5,31.5));
#12183=CARTESIAN_POINT('',(17.,-23.4999999850988,31.5));
#12184=CARTESIAN_POINT('',(18.,-23.4999999850988,31.5));
#12185=CARTESIAN_POINT('Origin',(17.,-12.5,31.5));
#12186=CARTESIAN_POINT('Origin',(19.,-1.,31.5));
#12187=CARTESIAN_POINT('',(19.,-12.5,43.));
#12188=CARTESIAN_POINT('Origin',(19.,-12.5,31.5));
#12189=CARTESIAN_POINT('Origin',(17.,-1.50000001490116,31.5));
#12190=CARTESIAN_POINT('',(17.,-12.5,43.));
#12191=CARTESIAN_POINT('Origin',(17.,-12.5,31.5));
#12192=CARTESIAN_POINT('Origin',(0.,-12.5,31.5));
#12193=CARTESIAN_POINT('',(0.,-12.5,43.));
#12194=CARTESIAN_POINT('Origin',(0.,-12.5,31.5));
#12195=CARTESIAN_POINT('',(0.,-12.5,43.));
#12196=CARTESIAN_POINT('Origin',(0.,-12.5,31.5));
#12197=CARTESIAN_POINT('',(-28.,-12.5,43.));
#12198=CARTESIAN_POINT('',(0.,-12.5,43.));
#12199=CARTESIAN_POINT('Origin',(-28.,-12.5,31.5));
#12200=CARTESIAN_POINT('Origin',(28.,-12.5,31.5));
#12201=CARTESIAN_POINT('',(32.8,-12.5,36.5000000149012));
#12202=CARTESIAN_POINT('Origin',(32.8,-12.5,31.5));
#12203=CARTESIAN_POINT('',(28.,-12.5,36.5000000149012));
#12204=CARTESIAN_POINT('',(28.,-12.5,36.5000000149012));
#12205=CARTESIAN_POINT('Origin',(28.,-12.5,31.5));
#12206=CARTESIAN_POINT('Origin',(32.8,-12.5,31.5));
#12207=CARTESIAN_POINT('',(32.8,-12.5,35.5));
#12208=CARTESIAN_POINT('Origin',(32.8,-12.5,31.5));
#12209=CARTESIAN_POINT('Origin',(37.,-12.5,31.5));
#12210=CARTESIAN_POINT('',(37.,-12.5,33.));
#12211=CARTESIAN_POINT('Origin',(37.,-12.5,31.5));
#12212=CARTESIAN_POINT('',(40.,-12.5,33.2624659905778));
#12213=CARTESIAN_POINT('',(37.,-12.5,33.));
#12214=CARTESIAN_POINT('Origin',(40.,-12.5,31.5));
#12215=CARTESIAN_POINT('Origin',(37.,-12.5,31.5));
#12216=CARTESIAN_POINT('Origin',(-28.,-12.5,31.5));
#12217=CARTESIAN_POINT('',(-40.,-12.5,35.5));
#12218=CARTESIAN_POINT('Origin',(-40.,-12.5,31.5));
#12219=CARTESIAN_POINT('',(-28.,-12.5,35.5));
#12220=CARTESIAN_POINT('',(-28.,-12.5,35.5));
#12221=CARTESIAN_POINT('Origin',(-28.,-12.5,31.5));
#12222=CARTESIAN_POINT('Origin',(-40.,-12.5,31.5));
#12223=CARTESIAN_POINT('Origin',(28.,-12.5,31.5));
#12224=CARTESIAN_POINT('',(40.,-12.5,35.5));
#12225=CARTESIAN_POINT('Origin',(40.,-12.5,31.5));
#12226=CARTESIAN_POINT('',(28.,-12.5,35.5));
#12227=CARTESIAN_POINT('Origin',(40.,-12.5,31.5));
#12228=CARTESIAN_POINT('Origin',(-28.,-12.5,31.5));
#12229=CARTESIAN_POINT('Origin',(0.,-12.5,31.5));
#12230=CARTESIAN_POINT('',(28.,-12.5,43.));
#12231=CARTESIAN_POINT('Origin',(28.,-12.5,31.5));
#12232=CARTESIAN_POINT('',(0.,-12.5,43.));
#12233=CARTESIAN_POINT('Origin',(28.,-12.5,31.5));
#12234=CARTESIAN_POINT('',(0.,0.,0.));
#12235=CARTESIAN_POINT('Origin',(-34.675,-13.,45.5));
#12236=CARTESIAN_POINT('',(-34.675,-15.,47.5));
#12237=CARTESIAN_POINT('Origin',(-34.675,-15.,45.5));
#12238=CARTESIAN_POINT('',(-34.675,-11.,47.5));
#12239=CARTESIAN_POINT('',(-34.675,-13.,47.5));
#12240=CARTESIAN_POINT('Origin',(-34.675,-11.,45.5));
#12241=CARTESIAN_POINT('Origin',(-34.675,-11.,45.5));
#12242=CARTESIAN_POINT('Origin',(34.675,-13.,45.5));
#12243=CARTESIAN_POINT('',(34.675,-15.,47.5));
#12244=CARTESIAN_POINT('Origin',(34.675,-15.,45.5));
#12245=CARTESIAN_POINT('',(34.675,-11.,47.5));
#12246=CARTESIAN_POINT('',(34.675,-13.,47.5));
#12247=CARTESIAN_POINT('Origin',(34.675,-11.,45.5));
#12248=CARTESIAN_POINT('Origin',(34.675,-11.,45.5));
#12249=CARTESIAN_POINT('Origin',(34.675,-13.,17.5));
#12250=CARTESIAN_POINT('',(34.675,-15.,19.5));
#12251=CARTESIAN_POINT('Origin',(34.675,-15.,17.5));
#12252=CARTESIAN_POINT('',(34.675,-11.,19.5));
#12253=CARTESIAN_POINT('',(34.675,-13.,19.5));
#12254=CARTESIAN_POINT('Origin',(34.675,-11.,17.5));
#12255=CARTESIAN_POINT('Origin',(34.675,-11.,17.5));
#12256=CARTESIAN_POINT('Origin',(-34.675,-13.,17.5));
#12257=CARTESIAN_POINT('',(-34.675,-15.,19.5));
#12258=CARTESIAN_POINT('Origin',(-34.675,-15.,17.5));
#12259=CARTESIAN_POINT('',(-34.675,-11.,19.5));
#12260=CARTESIAN_POINT('',(-34.675,-13.,19.5));
#12261=CARTESIAN_POINT('Origin',(-34.675,-11.,17.5));
#12262=CARTESIAN_POINT('Origin',(-34.675,-11.,17.5));
#12263=CARTESIAN_POINT('Origin',(35.,0.,-47.5));
#12264=CARTESIAN_POINT('',(32.,0.,-47.5000007078052));
#12265=CARTESIAN_POINT('',(35.,0.,-47.5));
#12266=CARTESIAN_POINT('',(17.5,0.,-47.5));
#12267=CARTESIAN_POINT('',(32.,10.,-47.5000007078052));
#12268=CARTESIAN_POINT('',(32.,0.,-47.5000007078052));
#12269=CARTESIAN_POINT('',(35.,10.,-47.5));
#12270=CARTESIAN_POINT('',(-35.,10.,-47.5));
#12271=CARTESIAN_POINT('',(35.,0.,-47.5));
#12272=CARTESIAN_POINT('Origin',(35.,0.,47.5));
#12273=CARTESIAN_POINT('',(35.,0.,47.5));
#12274=CARTESIAN_POINT('',(35.,0.,23.75));
#12275=CARTESIAN_POINT('',(35.,10.,47.5));
#12276=CARTESIAN_POINT('',(35.,10.,-47.5));
#12277=CARTESIAN_POINT('',(35.,0.,47.5));
#12278=CARTESIAN_POINT('Origin',(32.,0.,47.5));
#12279=CARTESIAN_POINT('',(32.,0.,47.5));
#12280=CARTESIAN_POINT('',(16.,0.,47.5));
#12281=CARTESIAN_POINT('',(32.,10.,47.5));
#12282=CARTESIAN_POINT('',(35.,10.,47.5));
#12283=CARTESIAN_POINT('',(32.,0.,47.5));
#12284=CARTESIAN_POINT('Origin',(32.,0.,-47.5000007078052));
#12285=CARTESIAN_POINT('',(32.,0.,-23.7500003539026));
#12286=CARTESIAN_POINT('',(32.,10.,-44.5));
#12287=CARTESIAN_POINT('Origin',(33.5,10.,-3.53902569472098E-7));
#12288=CARTESIAN_POINT('Origin',(-35.,0.,47.5));
#12289=CARTESIAN_POINT('',(-32.,0.,47.5));
#12290=CARTESIAN_POINT('',(-35.,0.,47.5));
#12291=CARTESIAN_POINT('',(-17.5,0.,47.5));
#12292=CARTESIAN_POINT('',(-32.,10.,47.5));
#12293=CARTESIAN_POINT('',(-32.,0.,47.5));
#12294=CARTESIAN_POINT('',(-35.,10.,47.5));
#12295=CARTESIAN_POINT('',(35.,10.,47.5));
#12296=CARTESIAN_POINT('',(-35.,0.,47.5));
#12297=CARTESIAN_POINT('Origin',(-35.,0.,-47.5));
#12298=CARTESIAN_POINT('',(-35.,0.,-47.5));
#12299=CARTESIAN_POINT('',(-35.,0.,-23.75));
#12300=CARTESIAN_POINT('',(-35.,10.,-47.5));
#12301=CARTESIAN_POINT('',(-35.,10.,47.5));
#12302=CARTESIAN_POINT('',(-35.,0.,-47.5));
#12303=CARTESIAN_POINT('Origin',(-32.,0.,-47.5));
#12304=CARTESIAN_POINT('',(-32.,0.,-47.5));
#12305=CARTESIAN_POINT('',(-16.,0.,-47.5));
#12306=CARTESIAN_POINT('',(-32.,10.,-47.5));
#12307=CARTESIAN_POINT('',(-35.,10.,-47.5));
#12308=CARTESIAN_POINT('',(-32.,0.,-47.5));
#12309=CARTESIAN_POINT('Origin',(-32.,0.,47.5));
#12310=CARTESIAN_POINT('',(-32.,0.,23.75));
#12311=CARTESIAN_POINT('',(-32.,10.,44.5));
#12312=CARTESIAN_POINT('Origin',(-33.5,10.,-8.88178419700125E-15));
#12313=CARTESIAN_POINT('Origin',(-14.75,-2.5,37.5));
#12314=CARTESIAN_POINT('',(-29.5,-2.,37.));
#12315=CARTESIAN_POINT('',(-29.5,-3.,38.));
#12316=CARTESIAN_POINT('',(-29.5,18.,17.));
#12317=CARTESIAN_POINT('',(29.5,-2.,37.));
#12318=CARTESIAN_POINT('',(-14.75,-2.,37.));
#12319=CARTESIAN_POINT('',(29.5,-3.,38.));
#12320=CARTESIAN_POINT('',(29.5,-3.,38.));
#12321=CARTESIAN_POINT('',(-14.75,-3.,38.));
#12322=CARTESIAN_POINT('Origin',(-29.5,0.,37.));
#12323=CARTESIAN_POINT('',(-29.5,-0.5,37.));
#12324=CARTESIAN_POINT('',(-29.5,0.,37.));
#12325=CARTESIAN_POINT('',(-26.5,-0.5,37.));
#12326=CARTESIAN_POINT('',(-28.75,-0.5,37.));
#12327=CARTESIAN_POINT('',(-26.5,0.,37.));
#12328=CARTESIAN_POINT('',(-26.5,0.,37.));
#12329=CARTESIAN_POINT('',(26.5,0.,37.));
#12330=CARTESIAN_POINT('',(26.5,0.,37.));
#12331=CARTESIAN_POINT('',(26.5,-0.5,37.));
#12332=CARTESIAN_POINT('',(26.5,0.,37.));
#12333=CARTESIAN_POINT('',(29.5,-0.5,37.));
#12334=CARTESIAN_POINT('',(-0.749999999999991,-0.5,37.));
#12335=CARTESIAN_POINT('',(29.5,0.,37.));
#12336=CARTESIAN_POINT('Origin',(26.5,0.,37.));
#12337=CARTESIAN_POINT('',(26.5,0.,-12.));
#12338=CARTESIAN_POINT('',(26.5,0.,-12.));
#12339=CARTESIAN_POINT('',(26.5,-0.5,-12.));
#12340=CARTESIAN_POINT('',(26.5,0.,-12.));
#12341=CARTESIAN_POINT('',(26.5,-0.5,-12.));
#12342=CARTESIAN_POINT('Origin',(28.,-0.5,12.5));
#12343=CARTESIAN_POINT('',(29.5,-0.5,-12.));
#12344=CARTESIAN_POINT('',(29.5,-0.5,27.25));
#12345=CARTESIAN_POINT('',(28.75,-0.5,-12.));
#12346=CARTESIAN_POINT('Origin',(-26.5,0.,-12.));
#12347=CARTESIAN_POINT('',(-26.5,0.,-12.));
#12348=CARTESIAN_POINT('',(-26.5,0.,-12.));
#12349=CARTESIAN_POINT('',(-26.5,-0.5,-12.));
#12350=CARTESIAN_POINT('',(-26.5,-0.5,-12.));
#12351=CARTESIAN_POINT('',(-26.5,0.,-12.));
#12352=CARTESIAN_POINT('Origin',(-28.,-0.5,12.5));
#12353=CARTESIAN_POINT('',(-29.5,-0.5,-12.));
#12354=CARTESIAN_POINT('',(-29.5,-0.5,-14.75));
#12355=CARTESIAN_POINT('',(0.750000000000004,-0.5,-12.));
#12356=CARTESIAN_POINT('Origin',(29.5,0.,-12.));
#12357=CARTESIAN_POINT('',(-29.5,0.,-12.));
#12358=CARTESIAN_POINT('',(-29.5,-3.,-12.));
#12359=CARTESIAN_POINT('',(-29.5,0.,-12.));
#12360=CARTESIAN_POINT('',(29.5,-3.,-12.));
#12361=CARTESIAN_POINT('',(-29.5,-3.,-12.));
#12362=CARTESIAN_POINT('',(29.5,0.,-12.));
#12363=CARTESIAN_POINT('Origin',(-29.5,0.,-42.));
#12364=CARTESIAN_POINT('',(-29.5,-3.,42.));
#12365=CARTESIAN_POINT('',(-29.5,-3.,-1.24999999999999));
#12366=CARTESIAN_POINT('',(-29.5,-9.22128073784904,42.));
#12367=CARTESIAN_POINT('',(-29.5,0.,42.));
#12368=CARTESIAN_POINT('',(-29.5,-12.5,20.5));
#12369=CARTESIAN_POINT('Origin',(-29.5,-12.5,31.5));
#12370=CARTESIAN_POINT('',(-29.5,-15.,20.5));
#12371=CARTESIAN_POINT('',(-29.5,-6.25,20.5));
#12372=CARTESIAN_POINT('',(-29.5,-15.,14.5));
#12373=CARTESIAN_POINT('',(-29.5,-15.,-10.75));
#12374=CARTESIAN_POINT('',(-29.5,-35.,14.5));
#12375=CARTESIAN_POINT('',(-29.5,-7.50000000000002,14.5));
#12376=CARTESIAN_POINT('',(-29.5,-35.,-42.));
#12377=CARTESIAN_POINT('',(-29.5,-35.,42.));
#12378=CARTESIAN_POINT('',(-29.5,-3.,-42.));
#12379=CARTESIAN_POINT('',(-29.5,0.,-42.));
#12380=CARTESIAN_POINT('',(-29.5,-3.,-34.5));
#12381=CARTESIAN_POINT('Origin',(4.44089209850063E-15,-3.,-27.));
#12382=CARTESIAN_POINT('',(29.5,-3.,-42.));
#12383=CARTESIAN_POINT('',(14.75,-3.,-42.));
#12384=CARTESIAN_POINT('',(29.5,-3.,7.50000000000001));
#12385=CARTESIAN_POINT('Origin',(29.5,0.,42.));
#12386=CARTESIAN_POINT('',(29.5,-35.,-42.));
#12387=CARTESIAN_POINT('',(29.5,0.,-42.));
#12388=CARTESIAN_POINT('',(29.5,-35.,14.5));
#12389=CARTESIAN_POINT('',(29.5,-35.,-42.));
#12390=CARTESIAN_POINT('',(29.5,-15.,14.5));
#12391=CARTESIAN_POINT('',(29.5,-7.49999999999999,14.5));
#12392=CARTESIAN_POINT('',(29.5,-15.,26.25));
#12393=CARTESIAN_POINT('',(29.5,-15.,42.5));
#12394=CARTESIAN_POINT('',(29.5,-12.5,26.25));
#12395=CARTESIAN_POINT('',(29.5,-12.5,26.25));
#12396=CARTESIAN_POINT('',(29.5,-12.5,36.75));
#12397=CARTESIAN_POINT('Origin',(29.5,-12.5,31.5));
#12398=CARTESIAN_POINT('',(29.5,-15.,36.75));
#12399=CARTESIAN_POINT('',(29.5,-12.5,36.75));
#12400=CARTESIAN_POINT('',(29.5,-15.,42.5));
#12401=CARTESIAN_POINT('',(29.5,-15.,42.5));
#12402=CARTESIAN_POINT('',(29.5,-12.5,42.5));
#12403=CARTESIAN_POINT('',(29.5,-11.625,42.5));
#12404=CARTESIAN_POINT('',(29.5,-9.22128073784904,42.));
#12405=CARTESIAN_POINT('Origin',(29.5,-12.5,31.5));
#12406=CARTESIAN_POINT('',(29.5,-3.,42.));
#12407=CARTESIAN_POINT('',(29.5,0.,42.));
#12408=CARTESIAN_POINT('',(29.5,-3.,40.75));
#12409=CARTESIAN_POINT('Origin',(29.5,0.,-42.));
#12410=CARTESIAN_POINT('',(-29.5,-35.,-42.));
#12411=CARTESIAN_POINT('Origin',(0.,-3.,39.5));
#12412=CARTESIAN_POINT('',(-14.75,-3.,42.));
#12413=CARTESIAN_POINT('Origin',(-29.5,0.,42.));
#12414=CARTESIAN_POINT('',(39.85,-9.22128073784904,42.));
#12415=CARTESIAN_POINT('Origin',(29.5,-12.5,26.25));
#12416=CARTESIAN_POINT('',(32.5,-15.,26.25));
#12417=CARTESIAN_POINT('',(29.5,-15.,26.25));
#12418=CARTESIAN_POINT('',(32.5,-12.5,26.25));
#12419=CARTESIAN_POINT('',(32.5,-12.5,26.25));
#12420=CARTESIAN_POINT('',(29.5,-12.5,26.25));
#12421=CARTESIAN_POINT('Origin',(29.5,-12.5,31.5));
#12422=CARTESIAN_POINT('',(32.5,-12.5,36.75));
#12423=CARTESIAN_POINT('Origin',(32.5,-12.5,31.5));
#12424=CARTESIAN_POINT('',(29.5,-12.5,36.75));
#12425=CARTESIAN_POINT('Origin',(29.5,-15.,36.75));
#12426=CARTESIAN_POINT('',(32.5,-15.,36.75));
#12427=CARTESIAN_POINT('',(32.5,-12.5,36.75));
#12428=CARTESIAN_POINT('',(29.5,-15.,36.75));
#12429=CARTESIAN_POINT('Origin',(32.5,-8.25,31.5));
#12430=CARTESIAN_POINT('',(32.5,-15.,20.5));
#12431=CARTESIAN_POINT('',(32.5,-15.,42.5));
#12432=CARTESIAN_POINT('',(32.5,-12.5,20.5));
#12433=CARTESIAN_POINT('',(32.5,-10.375,20.5));
#12434=CARTESIAN_POINT('',(32.5,-12.5,42.5));
#12435=CARTESIAN_POINT('Origin',(32.5,-12.5,31.5));
#12436=CARTESIAN_POINT('',(32.5,-15.,42.5));
#12437=CARTESIAN_POINT('',(32.5,-11.625,42.5));
#12438=CARTESIAN_POINT('',(32.5,-15.,42.5));
#12439=CARTESIAN_POINT('Origin',(39.85,-15.,42.5));
#12440=CARTESIAN_POINT('',(39.85,-12.5,42.5));
#12441=CARTESIAN_POINT('',(39.85,-12.5,42.5));
#12442=CARTESIAN_POINT('',(39.85,-15.,42.5));
#12443=CARTESIAN_POINT('',(39.85,-7.50000000000002,42.5));
#12444=CARTESIAN_POINT('',(39.85,-15.,42.5));
#12445=CARTESIAN_POINT('Origin',(39.85,-12.5,31.5));
#12446=CARTESIAN_POINT('',(39.85,-12.5,20.5));
#12447=CARTESIAN_POINT('',(39.85,-12.5,20.5));
#12448=CARTESIAN_POINT('Origin',(39.85,-12.5,31.5));
#12449=CARTESIAN_POINT('Origin',(39.85,-12.5,20.5));
#12450=CARTESIAN_POINT('',(39.85,-15.,20.5));
#12451=CARTESIAN_POINT('',(39.85,-15.,20.5));
#12452=CARTESIAN_POINT('',(39.85,-6.25,20.5));
#12453=CARTESIAN_POINT('Origin',(39.85,-12.5,20.5));
#12454=CARTESIAN_POINT('',(-39.85,-12.5,20.5));
#12455=CARTESIAN_POINT('',(39.85,-12.5,20.5));
#12456=CARTESIAN_POINT('',(-39.85,-15.,20.5));
#12457=CARTESIAN_POINT('',(-39.85,-6.25,20.5));
#12458=CARTESIAN_POINT('',(39.85,-15.,20.5));
#12459=CARTESIAN_POINT('Origin',(39.85,-15.,20.5));
#12460=CARTESIAN_POINT('',(39.85,-15.,14.5));
#12461=CARTESIAN_POINT('',(39.85,-15.,14.5));
#12462=CARTESIAN_POINT('',(39.85,-15.,-15.925));
#12463=CARTESIAN_POINT('Origin',(39.85,-15.,20.5));
#12464=CARTESIAN_POINT('',(-39.85,-15.,14.5));
#12465=CARTESIAN_POINT('',(-39.85,-15.,36.425));
#12466=CARTESIAN_POINT('',(39.85,-15.,14.5));
#12467=CARTESIAN_POINT('Origin',(39.85,-15.,14.5));
#12468=CARTESIAN_POINT('',(39.85,-35.,14.5));
#12469=CARTESIAN_POINT('',(19.925,-35.,14.5));
#12470=CARTESIAN_POINT('',(39.85,-7.50000000000002,14.5));
#12471=CARTESIAN_POINT('Origin',(39.85,-15.,14.5));
#12472=CARTESIAN_POINT('',(-39.85,-35.,14.5));
#12473=CARTESIAN_POINT('',(-39.85,-7.49999999999999,14.5));
#12474=CARTESIAN_POINT('',(19.925,-35.,14.5));
#12475=CARTESIAN_POINT('Origin',(39.85,-15.,42.5));
#12476=CARTESIAN_POINT('',(-39.85,-15.,42.5));
#12477=CARTESIAN_POINT('',(39.85,-15.,42.5));
#12478=CARTESIAN_POINT('',(-39.85,-12.5,42.5));
#12479=CARTESIAN_POINT('',(-39.85,-7.5,42.5));
#12480=CARTESIAN_POINT('',(39.85,-12.5,42.5));
#12481=CARTESIAN_POINT('Origin',(39.85,-15.,48.5));
#12482=CARTESIAN_POINT('',(-39.85,-15.,48.5));
#12483=CARTESIAN_POINT('',(-39.85,-15.,50.425));
#12484=CARTESIAN_POINT('',(39.85,-15.,48.5));
#12485=CARTESIAN_POINT('',(39.85,-15.,-1.925));
#12486=CARTESIAN_POINT('',(39.85,-15.,48.5));
#12487=CARTESIAN_POINT('Origin',(39.85,-12.5,31.5));
#12488=CARTESIAN_POINT('Origin',(-39.85,-12.5,31.5));
#12489=CARTESIAN_POINT('Origin',(39.85,-35.,48.5));
#12490=CARTESIAN_POINT('',(-39.85,-35.,48.5));
#12491=CARTESIAN_POINT('',(-39.85,-17.5,48.5));
#12492=CARTESIAN_POINT('',(39.85,-35.,48.5));
#12493=CARTESIAN_POINT('',(39.85,-17.5,48.5));
#12494=CARTESIAN_POINT('',(19.925,-35.,48.5));
#12495=CARTESIAN_POINT('Origin',(39.85,0.,-52.35));
#12496=CARTESIAN_POINT('',(39.85,-35.,-52.35));
#12497=CARTESIAN_POINT('',(39.85,-35.,-52.35));
#12498=CARTESIAN_POINT('',(39.85,0.,-52.35));
#12499=CARTESIAN_POINT('',(39.85,0.,-52.35));
#12500=CARTESIAN_POINT('',(39.85,0.,52.35));
#12501=CARTESIAN_POINT('',(39.85,0.,-52.35));
#12502=CARTESIAN_POINT('',(39.85,-35.,52.35));
#12503=CARTESIAN_POINT('',(39.85,0.,52.35));
#12504=CARTESIAN_POINT('',(39.85,-35.,-52.35));
#12505=CARTESIAN_POINT('Origin',(4.44089209850063E-15,-35.,8.88178419700125E-15));
#12506=CARTESIAN_POINT('',(-39.85,-35.,-52.35));
#12507=CARTESIAN_POINT('',(-39.85,-35.,52.35));
#12508=CARTESIAN_POINT('',(-39.85,-35.,-52.35));
#12509=CARTESIAN_POINT('Origin',(4.44089209850063E-15,-35.,8.88178419700125E-15));
#12510=CARTESIAN_POINT('',(-39.85,-35.,52.35));
#12511=CARTESIAN_POINT('',(39.85,-35.,52.35));
#12512=CARTESIAN_POINT('',(-39.85,-35.,52.35));
#12513=CARTESIAN_POINT('Origin',(-39.85,0.,-52.35));
#12514=CARTESIAN_POINT('',(-39.85,0.,-52.35));
#12515=CARTESIAN_POINT('',(-39.85,0.,-52.35));
#12516=CARTESIAN_POINT('',(-39.85,0.,-52.35));
#12517=CARTESIAN_POINT('Origin',(-39.85,0.,52.35));
#12518=CARTESIAN_POINT('',(-39.85,0.,52.35));
#12519=CARTESIAN_POINT('',(-39.85,0.,52.35));
#12520=CARTESIAN_POINT('',(-39.85,0.,52.35));
#12521=CARTESIAN_POINT('Origin',(39.85,0.,52.35));
#12522=CARTESIAN_POINT('',(39.85,0.,52.35));
#12523=CARTESIAN_POINT('Origin',(4.44089209850063E-15,0.,8.88178419700125E-15));
#12524=CARTESIAN_POINT('',(0.,0.,0.));
#12525=CARTESIAN_POINT('Origin',(0.,7.5,0.));
#12526=CARTESIAN_POINT('',(-2.61337962921956,7.5,1.95972083236562E-32));
#12527=CARTESIAN_POINT('',(2.61337962921956,7.5,1.95972083236562E-32));
#12528=CARTESIAN_POINT('Origin',(0.,7.5,0.));
#12529=CARTESIAN_POINT('Origin',(5.86373611851023,4.67617351394049,0.));
#12530=CARTESIAN_POINT('',(4.23432057130648,6.71939598370497,5.0412087433852E-32));
#12531=CARTESIAN_POINT('',(7.49315166571398,2.63295104417601,-1.12176707865395E-32));
#12532=CARTESIAN_POINT('Origin',(5.86373611851023,4.67617351394049,0.));
#12533=CARTESIAN_POINT('Origin',(7.31195934136367,-1.66890700467239,0.));
#12534=CARTESIAN_POINT('',(7.89349101724002,0.878949740981143,3.50046478787541E-32));
#12535=CARTESIAN_POINT('',(6.73042766548732,-4.21676375032592,4.18976876855836E-33));
#12536=CARTESIAN_POINT('Origin',(7.31195934136367,-1.66890700467239,0.));
#12537=CARTESIAN_POINT('Origin',(3.25412804338165,-6.75726650926816,0.));
#12538=CARTESIAN_POINT('',(5.60870172931884,-5.62336358400874,4.18976876855836E-33));
#12539=CARTESIAN_POINT('',(0.899554357444449,-7.89116943452759,3.50046478787541E-32));
#12540=CARTESIAN_POINT('Origin',(3.25412804338165,-6.75726650926816,0.));
#12541=CARTESIAN_POINT('Origin',(-3.25412804338174,-6.75726650926812,0.));
#12542=CARTESIAN_POINT('',(-0.899554357444559,-7.89116943452758,1.95972083236562E-32));
#12543=CARTESIAN_POINT('',(-5.60870172931892,-5.62336358400866,1.95972083236562E-32));
#12544=CARTESIAN_POINT('Origin',(-3.25412804338174,-6.75726650926812,0.));
#12545=CARTESIAN_POINT('Origin',(-7.31195934136369,-1.66890700467229,0.));
#12546=CARTESIAN_POINT('',(-6.73042766548738,-4.21676375032582,1.95972083236562E-32));
#12547=CARTESIAN_POINT('',(-7.89349101724001,0.878949740981249,1.95972083236562E-32));
#12548=CARTESIAN_POINT('Origin',(-7.31195934136369,-1.66890700467229,0.));
#12549=CARTESIAN_POINT('Origin',(-5.86373611851017,4.67617351394057,0.));
#12550=CARTESIAN_POINT('',(-7.49315166571394,2.63295104417612,1.95972083236562E-32));
#12551=CARTESIAN_POINT('',(-4.23432057130639,6.71939598370503,1.95972083236562E-32));
#12552=CARTESIAN_POINT('Origin',(-5.86373611851017,4.67617351394057,0.));
#12553=CARTESIAN_POINT('Origin',(0.,0.,3.5));
#12554=CARTESIAN_POINT('',(-9.10999999999999,-1.11565323402324E-15,3.14709490730489));
#12555=CARTESIAN_POINT('Origin',(0.,0.,3.14709490730489));
#12556=CARTESIAN_POINT('',(-9.10999999999999,-1.11565323402324E-15,3.325));
#12557=CARTESIAN_POINT('',(-9.10999999999999,-1.11565323402324E-15,3.5));
#12558=CARTESIAN_POINT('Origin',(0.,0.,3.325));
#12559=CARTESIAN_POINT('Origin',(0.,0.,1.85890868663651));
#12560=CARTESIAN_POINT('',(-5.40000000000001,-6.61309271539572E-16,3.14709490730489));
#12561=CARTESIAN_POINT('Origin',(0.,0.,3.14709490730489));
#12562=CARTESIAN_POINT('',(-6.80000000000001,-8.32759823420201E-16,3.14709490730489));
#12563=CARTESIAN_POINT('Origin',(-6.10000000000001,-7.47034547479886E-16,
1.85890868663651));
#12564=CARTESIAN_POINT('Origin',(0.,0.,3.14709490730489));
#12565=CARTESIAN_POINT('Origin',(0.,0.,3.5));
#12566=CARTESIAN_POINT('',(-5.40000000000001,-6.61309271539572E-16,2.61337962921956));
#12567=CARTESIAN_POINT('Origin',(0.,0.,2.61337962921956));
#12568=CARTESIAN_POINT('',(-5.40000000000001,-6.61309271539572E-16,3.5));
#12569=CARTESIAN_POINT('Origin',(0.,0.,3.5));
#12570=CARTESIAN_POINT('',(-9.59999999999999,-1.17566092718146E-15,3.325));
#12571=CARTESIAN_POINT('Origin',(0.,0.,3.325));
#12572=CARTESIAN_POINT('',(-9.59999999999999,-1.17566092718146E-15,2.61337962921956));
#12573=CARTESIAN_POINT('',(-9.59999999999999,-1.17566092718146E-15,3.5));
#12574=CARTESIAN_POINT('Origin',(0.,0.,2.61337962921956));
#12575=CARTESIAN_POINT('Origin',(0.,9.59999999999999,3.325));
#12576=CARTESIAN_POINT('Origin',(0.,9.59999999999999,2.61337962921956));
#12577=CARTESIAN_POINT('Origin',(0.,9.10999999999999,3.14709490730489));
#12578=CARTESIAN_POINT('Origin',(0.,0.,3.5));
#12579=CARTESIAN_POINT('',(11.,1.34711147906209E-15,3.15));
#12580=CARTESIAN_POINT('',(-11.,-1.34711147906209E-15,3.15));
#12581=CARTESIAN_POINT('Origin',(0.,0.,3.15));
#12582=CARTESIAN_POINT('Origin',(0.,0.,3.15));
#12583=CARTESIAN_POINT('',(-11.,-1.34711147906209E-15,-3.15));
#12584=CARTESIAN_POINT('',(-11.,-1.34711147906209E-15,3.5));
#12585=CARTESIAN_POINT('Origin',(0.,0.,-3.15));
#12586=CARTESIAN_POINT('Origin',(0.,0.,-3.5));
#12587=CARTESIAN_POINT('',(-10.65,-1.30424884109193E-15,-3.5));
#12588=CARTESIAN_POINT('',(-10.65,-1.30424884109193E-15,-3.5));
#12589=CARTESIAN_POINT('Origin',(0.,0.,-3.5));
#12590=CARTESIAN_POINT('Origin',(0.,0.,3.5));
#12591=CARTESIAN_POINT('',(-9.6,-1.17566092718146E-15,-3.5));
#12592=CARTESIAN_POINT('Origin',(0.,0.,-3.5));
#12593=CARTESIAN_POINT('',(-9.6,-1.17566092718146E-15,-1.55555555555556));
#12594=CARTESIAN_POINT('',(-9.6,-1.17566092718146E-15,3.5));
#12595=CARTESIAN_POINT('Origin',(0.,0.,-1.55555555555556));
#12596=CARTESIAN_POINT('Origin',(0.,0.,0.));
#12597=CARTESIAN_POINT('',(-9.6,-1.17566092718146E-15,1.55555555555556));
#12598=CARTESIAN_POINT('Origin',(-7.5,-9.18485099360515E-16,0.));
#12599=CARTESIAN_POINT('Origin',(0.,0.,1.55555555555556));
#12600=CARTESIAN_POINT('Origin',(0.,0.,3.5));
#12601=CARTESIAN_POINT('',(-9.6,-1.17566092718146E-15,3.5));
#12602=CARTESIAN_POINT('',(-9.6,-1.17566092718146E-15,3.5));
#12603=CARTESIAN_POINT('Origin',(0.,0.,3.5));
#12604=CARTESIAN_POINT('Origin',(0.,0.,3.15));
#12605=CARTESIAN_POINT('',(10.65,-1.30424884109193E-15,3.5));
#12606=CARTESIAN_POINT('',(11.,-1.34711147906209E-15,3.15));
#12607=CARTESIAN_POINT('Origin',(0.,0.,3.5));
#12608=CARTESIAN_POINT('Origin',(0.,10.65,3.5));
#12609=CARTESIAN_POINT('Origin',(0.,10.65,-3.5));
#12610=CARTESIAN_POINT('Origin',(0.,0.,0.));
#12611=CARTESIAN_POINT('',(-5.4,6.61309271539571E-16,1.55555555555556));
#12612=CARTESIAN_POINT('Origin',(0.,0.,1.55555555555556));
#12613=CARTESIAN_POINT('',(-5.4,-6.61309271539571E-16,-1.55555555555556));
#12614=CARTESIAN_POINT('Origin',(-7.5,-9.18485099360515E-16,0.));
#12615=CARTESIAN_POINT('Origin',(0.,0.,-1.55555555555556));
#12616=CARTESIAN_POINT('Origin',(0.,0.,3.5));
#12617=CARTESIAN_POINT('',(-5.4,-6.61309271539571E-16,3.5));
#12618=CARTESIAN_POINT('Origin',(0.,0.,3.5));
#12619=CARTESIAN_POINT('',(-5.4,-6.61309271539571E-16,3.5));
#12620=CARTESIAN_POINT('Origin',(0.,0.,3.5));
#12621=CARTESIAN_POINT('',(-5.4,-6.61309271539571E-16,-3.5));
#12622=CARTESIAN_POINT('',(-5.4,-6.61309271539571E-16,3.5));
#12623=CARTESIAN_POINT('Origin',(0.,0.,-3.5));
#12624=CARTESIAN_POINT('Origin',(0.,0.,-3.15));
#12625=CARTESIAN_POINT('',(-4.,4.89858719658941E-16,-3.15));
#12626=CARTESIAN_POINT('',(4.,-4.89858719658941E-16,-3.15));
#12627=CARTESIAN_POINT('Origin',(0.,0.,-3.15));
#12628=CARTESIAN_POINT('',(4.35,-5.32721357629099E-16,-3.5));
#12629=CARTESIAN_POINT('',(4.,-4.89858719658941E-16,-3.15));
#12630=CARTESIAN_POINT('Origin',(0.,0.,-3.5));
#12631=CARTESIAN_POINT('Origin',(0.,0.,-3.15));
#12632=CARTESIAN_POINT('Origin',(0.,0.,3.5));
#12633=CARTESIAN_POINT('',(-4.,-4.89858719658941E-16,3.15));
#12634=CARTESIAN_POINT('',(-4.,-4.89858719658941E-16,3.5));
#12635=CARTESIAN_POINT('Origin',(0.,0.,3.15));
#12636=CARTESIAN_POINT('Origin',(0.,0.,3.5));
#12637=CARTESIAN_POINT('',(-4.35,-5.32721357629099E-16,3.5));
#12638=CARTESIAN_POINT('',(-4.35,-5.32721357629099E-16,3.5));
#12639=CARTESIAN_POINT('Origin',(0.,0.,3.5));
#12640=CARTESIAN_POINT('Origin',(0.,4.35,-3.5));
#12641=CARTESIAN_POINT('Origin',(0.,4.35,3.5));
#12642=CARTESIAN_POINT('Origin',(0.,0.,3.5));
#12643=CARTESIAN_POINT('',(-5.40000000000001,-6.61309271539572E-16,-3.14709490730489));
#12644=CARTESIAN_POINT('Origin',(0.,0.,-3.14709490730489));
#12645=CARTESIAN_POINT('',(-5.40000000000001,-6.61309271539572E-16,-2.61337962921956));
#12646=CARTESIAN_POINT('',(-5.40000000000001,-6.61309271539572E-16,3.5));
#12647=CARTESIAN_POINT('Origin',(0.,0.,-2.61337962921956));
#12648=CARTESIAN_POINT('Origin',(0.,0.,3.5));
#12649=CARTESIAN_POINT('',(-9.59999999999999,-1.17566092718146E-15,-2.61337962921956));
#12650=CARTESIAN_POINT('Origin',(0.,0.,-2.61337962921956));
#12651=CARTESIAN_POINT('',(-9.59999999999999,-1.17566092718146E-15,-3.325));
#12652=CARTESIAN_POINT('',(-9.59999999999999,-1.17566092718146E-15,3.5));
#12653=CARTESIAN_POINT('Origin',(0.,0.,-3.325));
#12654=CARTESIAN_POINT('Origin',(0.,0.,3.5));
#12655=CARTESIAN_POINT('',(-9.10999999999999,-1.11565323402324E-15,-3.325));
#12656=CARTESIAN_POINT('Origin',(0.,0.,-3.325));
#12657=CARTESIAN_POINT('',(-9.10999999999999,-1.11565323402324E-15,-3.14709490730489));
#12658=CARTESIAN_POINT('',(-9.10999999999999,-1.11565323402324E-15,3.5));
#12659=CARTESIAN_POINT('Origin',(0.,0.,-3.14709490730489));
#12660=CARTESIAN_POINT('Origin',(0.,0.,-1.85890868663651));
#12661=CARTESIAN_POINT('',(-6.80000000000001,-8.32759823420201E-16,-3.14709490730489));
#12662=CARTESIAN_POINT('Origin',(0.,0.,-3.14709490730489));
#12663=CARTESIAN_POINT('Origin',(-6.10000000000001,-7.47034547479886E-16,
-1.85890868663651));
#12664=CARTESIAN_POINT('Origin',(0.,9.10999999999999,-3.14709490730489));
#12665=CARTESIAN_POINT('Origin',(0.,9.59999999999999,-3.325));
#12666=CARTESIAN_POINT('Origin',(0.,9.59999999999999,-2.61337962921956));
#12667=CARTESIAN_POINT('',(0.,0.,0.));
#12668=CARTESIAN_POINT('Origin',(0.,0.,3.46944695195361E-15));
#12669=CARTESIAN_POINT('',(10.5,-1.28587913910472E-15,1.32284424277077E-16));
#12670=CARTESIAN_POINT('Origin',(11.5,-1.40834381901946E-15,-5.14125955950263E-17));
#12671=CARTESIAN_POINT('Origin',(3.74939945665464E-32,0.,3.59191163186835E-15));
#12672=CARTESIAN_POINT('',(0.,0.,0.));
#12673=CARTESIAN_POINT('Origin',(0.,0.,-20.));
#12674=CARTESIAN_POINT('',(-2.50000000000003,-3.06161699786842E-16,-19.5));
#12675=CARTESIAN_POINT('',(-2.,-2.4492935982947E-16,-20.));
#12676=CARTESIAN_POINT('',(-2.00000000000002,-2.44929359829473E-16,-20.));
#12677=CARTESIAN_POINT('',(-1.5,2.,-19.5));
#12678=CARTESIAN_POINT('Origin',(0.,0.,-19.5));
#12679=CARTESIAN_POINT('',(0.,2.,-20.));
#12680=CARTESIAN_POINT('Ctrl Pts',(-3.03595532552043E-14,2.,-20.));
#12681=CARTESIAN_POINT('Ctrl Pts',(-0.666666666666704,2.,-20.));
#12682=CARTESIAN_POINT('Ctrl Pts',(-1.50000000000006,2.,-19.5));
#12683=CARTESIAN_POINT('Origin',(0.,0.,-20.));
#12684=CARTESIAN_POINT('Origin',(3.07754268053168,-19.05,18.0916487));
#12685=CARTESIAN_POINT('',(3.07754268053168,-19.05,18.6916487));
#12686=CARTESIAN_POINT('Origin',(3.07754268053168,-19.05,18.0916487));
#12687=CARTESIAN_POINT('',(3.07754268053168,-26.05,18.6916487));
#12688=CARTESIAN_POINT('',(3.07754268053168,-19.05,18.6916487));
#12689=CARTESIAN_POINT('Origin',(3.07754268053168,-26.05,18.0916487));
#12690=CARTESIAN_POINT('Origin',(-3.07754268053168,-19.05,18.0916487));
#12691=CARTESIAN_POINT('',(-3.07754268053168,-19.05,18.6916487));
#12692=CARTESIAN_POINT('Origin',(-3.07754268053168,-19.05,18.0916487));
#12693=CARTESIAN_POINT('',(-3.07754268053168,-26.05,18.6916487));
#12694=CARTESIAN_POINT('',(-3.07754268053168,-19.05,18.6916487));
#12695=CARTESIAN_POINT('Origin',(-3.07754268053168,-26.05,18.0916487));
#12696=CARTESIAN_POINT('Origin',(5.14240166847829,-39.05,18.05275703));
#12697=CARTESIAN_POINT('',(5.14240166847829,-19.05,17.4940322769096));
#12698=CARTESIAN_POINT('Origin',(5.14240166847829,-19.05,18.05275703));
#12699=CARTESIAN_POINT('',(5.14240166847829,-39.05,17.4940322769096));
#12700=CARTESIAN_POINT('',(5.14240166847829,-39.05,17.4940322769096));
#12701=CARTESIAN_POINT('Origin',(5.14240166847829,-39.05,18.05275703));
#12702=CARTESIAN_POINT('Origin',(5.14240166847829,-19.05,18.05275703));
#12703=CARTESIAN_POINT('',(5.14240166847829,-19.05,18.6803534448829));
#12704=CARTESIAN_POINT('Origin',(5.14240166847829,-19.05,18.05275703));
#12705=CARTESIAN_POINT('',(5.14240166847829,-26.05,18.6803534448829));
#12706=CARTESIAN_POINT('',(5.14240166847829,-19.05,18.6803534448829));
#12707=CARTESIAN_POINT('',(5.76999808336115,-26.05,18.05275703));
#12708=CARTESIAN_POINT('Origin',(5.14240166847829,-26.05,18.05275703));
#12709=CARTESIAN_POINT('Origin',(5.14240166847829,-26.05,18.05275703));
#12710=CARTESIAN_POINT('Origin',(1.03370083423914,-39.05,18.05275703));
#12711=CARTESIAN_POINT('',(1.03370083423914,-19.05,17.4940322769095));
#12712=CARTESIAN_POINT('Origin',(1.03370083423914,-19.05,18.05275703));
#12713=CARTESIAN_POINT('',(1.03370083423914,-39.05,17.4940322769095));
#12714=CARTESIAN_POINT('',(1.03370083423914,-39.05,17.4940322769095));
#12715=CARTESIAN_POINT('Origin',(1.03370083423914,-39.05,18.05275703));
#12716=CARTESIAN_POINT('Origin',(1.03370083423914,-19.05,18.05275703));
#12717=CARTESIAN_POINT('',(1.03370083423914,-19.05,18.6358607227211));
#12718=CARTESIAN_POINT('Origin',(1.03370083423914,-19.05,18.05275703));
#12719=CARTESIAN_POINT('',(1.03370083423914,-26.05,18.6358607227211));
#12720=CARTESIAN_POINT('',(1.03370083423914,-19.05,18.6358607227211));
#12721=CARTESIAN_POINT('',(0.450597141518017,-26.05,18.05275703));
#12722=CARTESIAN_POINT('Origin',(1.03370083423914,-26.05,18.05275703));
#12723=CARTESIAN_POINT('Origin',(1.03370083423914,-26.05,18.05275703));
#12724=CARTESIAN_POINT('Origin',(-1.03370083423914,-39.05,18.05275703));
#12725=CARTESIAN_POINT('',(-1.03370083423914,-19.05,17.49275703));
#12726=CARTESIAN_POINT('Origin',(-1.03370083423914,-19.05,18.05275703));
#12727=CARTESIAN_POINT('',(-1.03370083423914,-39.05,17.49275703));
#12728=CARTESIAN_POINT('',(-1.03370083423914,-39.05,17.49275703));
#12729=CARTESIAN_POINT('Origin',(-1.03370083423914,-39.05,18.05275703));
#12730=CARTESIAN_POINT('Origin',(-1.03370083423914,-19.05,18.05275703));
#12731=CARTESIAN_POINT('',(-1.03370083423914,-19.05,18.6358607227211));
#12732=CARTESIAN_POINT('Origin',(-1.03370083423914,-19.05,18.05275703));
#12733=CARTESIAN_POINT('',(-1.03370083423914,-26.05,18.6358607227211));
#12734=CARTESIAN_POINT('',(-1.03370083423914,-19.05,18.6358607227211));
#12735=CARTESIAN_POINT('',(-0.450597141518015,-26.05,18.05275703));
#12736=CARTESIAN_POINT('Origin',(-1.03370083423914,-26.05,18.05275703));
#12737=CARTESIAN_POINT('Origin',(-1.03370083423914,-26.05,18.05275703));
#12738=CARTESIAN_POINT('Origin',(-5.14240166847829,-39.05,18.05275703));
#12739=CARTESIAN_POINT('',(-5.14240166847829,-19.05,17.4796445439162));
#12740=CARTESIAN_POINT('Origin',(-5.14240166847829,-19.05,18.05275703));
#12741=CARTESIAN_POINT('',(-5.14240166847829,-39.05,17.4796445439162));
#12742=CARTESIAN_POINT('',(-5.14240166847829,-39.05,17.4796445439162));
#12743=CARTESIAN_POINT('Origin',(-5.14240166847829,-39.05,18.05275703));
#12744=CARTESIAN_POINT('Origin',(-5.14240166847829,-19.05,18.05275703));
#12745=CARTESIAN_POINT('',(-5.14240166847829,-19.05,18.6960519731437));
#12746=CARTESIAN_POINT('Origin',(-5.14240166847829,-19.05,18.05275703));
#12747=CARTESIAN_POINT('',(-5.14240166847829,-26.05,18.6960519731437));
#12748=CARTESIAN_POINT('',(-5.14240166847829,-19.05,18.6960519731437));
#12749=CARTESIAN_POINT('',(-5.76999808336115,-26.05,18.1940054774267));
#12750=CARTESIAN_POINT('Origin',(-5.14240166847829,-26.05,18.05275703));
#12751=CARTESIAN_POINT('',(-5.76999808336115,-26.05,17.9115085825733));
#12752=CARTESIAN_POINT('Origin',(-5.14240166847829,-26.05,18.05275703));
#12753=CARTESIAN_POINT('',(-4.49910672533459,-26.05,18.05275703));
#12754=CARTESIAN_POINT('Origin',(-5.14240166847829,-26.05,18.05275703));
#12755=CARTESIAN_POINT('Origin',(-5.14240166847829,-26.05,18.05275703));
#12756=CARTESIAN_POINT('Origin',(-15.5000000000002,15.499999999999,21.5));
#12757=CARTESIAN_POINT('',(-14.2169247720412,15.2909115990818,22.5));
#12758=CARTESIAN_POINT('',(-14.2169247720412,15.7090884009161,22.5));
#12759=CARTESIAN_POINT('Origin',(-15.5000000000002,15.499999999999,22.5));
#12760=CARTESIAN_POINT('',(-14.2169247720412,15.0755053452223,22.4986744154405));
#12761=CARTESIAN_POINT('Ctrl Pts',(-14.2169247720412,15.0755053452223,22.4986744154405));
#12762=CARTESIAN_POINT('Ctrl Pts',(-14.2169247720412,15.1492548270625,22.4998683343397));
#12763=CARTESIAN_POINT('Ctrl Pts',(-14.2169247720412,15.2215283559774,22.5));
#12764=CARTESIAN_POINT('Ctrl Pts',(-14.2169247720412,15.2909115990818,22.5));
#12765=CARTESIAN_POINT('',(-14.2712590638928,15.0755053452223,22.5));
#12766=CARTESIAN_POINT('Origin',(-14.408692773315,15.0754562214691,21.0819378242979));
#12767=CARTESIAN_POINT('',(-15.0535932306082,14.2790491425763,22.5));
#12768=CARTESIAN_POINT('Origin',(-15.5000000000002,15.499999999999,22.5));
#12769=CARTESIAN_POINT('',(-15.0535932306082,14.150693333932,22.4926238954473));
#12770=CARTESIAN_POINT('Ctrl Pts',(-15.0535932306082,14.150693333932,22.4926238954473));
#12771=CARTESIAN_POINT('Ctrl Pts',(-15.0535932306082,14.1946294232377,22.4977184685514));
#12772=CARTESIAN_POINT('Ctrl Pts',(-15.0535932306082,14.2380336178649,22.5));
#12773=CARTESIAN_POINT('Ctrl Pts',(-15.0535932306082,14.2790491425763,22.5));
#12774=CARTESIAN_POINT('',(-15.9464067693921,14.150693333932,22.4926238954473));
#12775=CARTESIAN_POINT('Ctrl Pts',(-15.9464067693921,14.150693333932,22.4926238954473));
#12776=CARTESIAN_POINT('Ctrl Pts',(-15.7932604497824,14.150693333932,22.498498965783));
#12777=CARTESIAN_POINT('Ctrl Pts',(-15.6416369403475,14.150693333932,22.4987836866316));
#12778=CARTESIAN_POINT('Ctrl Pts',(-15.3583630596528,14.150693333932,22.4987836866316));
#12779=CARTESIAN_POINT('Ctrl Pts',(-15.2067395502179,14.150693333932,22.498498965783));
#12780=CARTESIAN_POINT('Ctrl Pts',(-15.0535932306082,14.150693333932,22.4926238954473));
#12781=CARTESIAN_POINT('',(-15.9464067693921,14.2790491425763,22.5));
#12782=CARTESIAN_POINT('Ctrl Pts',(-15.9464067693921,14.2790491425763,22.5));
#12783=CARTESIAN_POINT('Ctrl Pts',(-15.9464067693921,14.2380336178649,22.5));
#12784=CARTESIAN_POINT('Ctrl Pts',(-15.9464067693921,14.1946294232377,22.4977184685514));
#12785=CARTESIAN_POINT('Ctrl Pts',(-15.9464067693921,14.150693333932,22.4926238954473));
#12786=CARTESIAN_POINT('',(-16.7287409361076,15.0755053452224,22.5));
#12787=CARTESIAN_POINT('Origin',(-15.5000000000002,15.499999999999,22.5));
#12788=CARTESIAN_POINT('',(-16.783075227959,15.0755053452224,22.4986744154405));
#12789=CARTESIAN_POINT('Origin',(-16.5913072138684,15.0754562214658,21.0819377274086));
#12790=CARTESIAN_POINT('',(-16.7830752279591,15.2909115990815,22.5));
#12791=CARTESIAN_POINT('Ctrl Pts',(-16.7830752279591,15.2909115990815,22.5));
#12792=CARTESIAN_POINT('Ctrl Pts',(-16.783075227959,15.2216985832166,22.5));
#12793=CARTESIAN_POINT('Ctrl Pts',(-16.783075227959,15.1493694118255,22.4998701893346));
#12794=CARTESIAN_POINT('Ctrl Pts',(-16.783075227959,15.0755053452224,22.4986744154405));
#12795=CARTESIAN_POINT('',(-16.8000000000002,15.499999999999,22.5));
#12796=CARTESIAN_POINT('Origin',(-15.5000000000002,15.499999999999,22.5));
#12797=CARTESIAN_POINT('',(-17.8000000000002,15.499999999999,21.5));
#12798=CARTESIAN_POINT('Origin',(-16.8000000000002,15.499999999999,21.5));
#12799=CARTESIAN_POINT('',(-13.2000000000002,15.499999999999,21.5));
#12800=CARTESIAN_POINT('Origin',(-15.5000000000002,15.499999999999,21.5));
#12801=CARTESIAN_POINT('Origin',(-15.5000000000002,15.499999999999,21.5));
#12802=CARTESIAN_POINT('',(-16.7830752279591,15.7090884009162,22.5));
#12803=CARTESIAN_POINT('Origin',(-15.5000000000002,15.499999999999,22.5));
#12804=CARTESIAN_POINT('',(-16.7830752279591,15.9244946547757,22.4986744154405));
#12805=CARTESIAN_POINT('Ctrl Pts',(-16.7830752279591,15.9244946547757,22.4986744154405));
#12806=CARTESIAN_POINT('Ctrl Pts',(-16.7830752279591,15.8507451729355,22.4998683343397));
#12807=CARTESIAN_POINT('Ctrl Pts',(-16.7830752279591,15.7784716440207,22.5));
#12808=CARTESIAN_POINT('Ctrl Pts',(-16.7830752279591,15.7090884009163,22.5));
#12809=CARTESIAN_POINT('',(-16.7287409361075,15.9244946547757,22.5));
#12810=CARTESIAN_POINT('Origin',(-16.5913071385842,15.9245437785503,21.081937069871));
#12811=CARTESIAN_POINT('',(-15.9464067693921,16.7209508574216,22.5));
#12812=CARTESIAN_POINT('Origin',(-15.5000000000002,15.499999999999,22.5));
#12813=CARTESIAN_POINT('',(-15.9464067693921,16.849306666066,22.4926238954473));
#12814=CARTESIAN_POINT('Ctrl Pts',(-15.9464067693921,16.849306666066,22.4926238954473));
#12815=CARTESIAN_POINT('Ctrl Pts',(-15.9464067693921,16.8053705767603,22.4977184685514));
#12816=CARTESIAN_POINT('Ctrl Pts',(-15.9464067693921,16.761966382133,22.5));
#12817=CARTESIAN_POINT('Ctrl Pts',(-15.9464067693921,16.7209508574216,22.5));
#12818=CARTESIAN_POINT('',(-15.0535932306082,16.849306666066,22.4926238954473));
#12819=CARTESIAN_POINT('Ctrl Pts',(-15.0535932306082,16.849306666066,22.4926238954473));
#12820=CARTESIAN_POINT('Ctrl Pts',(-15.2067395502179,16.849306666066,22.498498965783));
#12821=CARTESIAN_POINT('Ctrl Pts',(-15.3583630596528,16.849306666066,22.4987836866316));
#12822=CARTESIAN_POINT('Ctrl Pts',(-15.6416369403475,16.849306666066,22.4987836866316));
#12823=CARTESIAN_POINT('Ctrl Pts',(-15.7932604497824,16.849306666066,22.498498965783));
#12824=CARTESIAN_POINT('Ctrl Pts',(-15.9464067693921,16.849306666066,22.4926238954473));
#12825=CARTESIAN_POINT('',(-15.0535932306082,16.7209508574216,22.5));
#12826=CARTESIAN_POINT('Ctrl Pts',(-15.0535932306082,16.7209508574216,22.5));
#12827=CARTESIAN_POINT('Ctrl Pts',(-15.0535932306082,16.7619803042099,22.5));
#12828=CARTESIAN_POINT('Ctrl Pts',(-15.0535932306082,16.8053757690175,22.4977178664875));
#12829=CARTESIAN_POINT('Ctrl Pts',(-15.0535932306082,16.849306666066,22.4926238954473));
#12830=CARTESIAN_POINT('',(-14.2712590638928,15.9244946547756,22.5));
#12831=CARTESIAN_POINT('Origin',(-15.5000000000002,15.499999999999,22.5));
#12832=CARTESIAN_POINT('',(-14.2169247720412,15.9244946547756,22.4986744154405));
#12833=CARTESIAN_POINT('Origin',(-14.4086927736111,15.9245437785289,21.0819378216379));
#12834=CARTESIAN_POINT('Ctrl Pts',(-14.2169247720412,15.7090884009161,22.5));
#12835=CARTESIAN_POINT('Ctrl Pts',(-14.2169247720412,15.7784716440206,22.5));
#12836=CARTESIAN_POINT('Ctrl Pts',(-14.2169247720412,15.8507451729355,22.4998683343397));
#12837=CARTESIAN_POINT('Ctrl Pts',(-14.2169247720412,15.9244946547756,22.4986744154405));
#12838=CARTESIAN_POINT('Origin',(15.4999999999998,15.5000000000002,21.5));
#12839=CARTESIAN_POINT('',(16.849306666066,15.0535932306082,22.4926238954474));
#12840=CARTESIAN_POINT('',(16.849306666066,15.946406769392,22.4926238954474));
#12841=CARTESIAN_POINT('Ctrl Pts',(16.849306666066,15.0535932306072,22.4926238954473));
#12842=CARTESIAN_POINT('Ctrl Pts',(16.849306666066,15.2067395502172,22.498498965783));
#12843=CARTESIAN_POINT('Ctrl Pts',(16.849306666066,15.3583630596525,22.4987836866316));
#12844=CARTESIAN_POINT('Ctrl Pts',(16.849306666066,15.6416369403478,22.4987836866316));
#12845=CARTESIAN_POINT('Ctrl Pts',(16.849306666066,15.7932604497831,22.498498965783));
#12846=CARTESIAN_POINT('Ctrl Pts',(16.849306666066,15.946406769393,22.4926238954473));
#12847=CARTESIAN_POINT('',(16.7209508574225,15.0535932306082,22.5));
#12848=CARTESIAN_POINT('Ctrl Pts',(16.7209508574225,15.0535932306082,22.5));
#12849=CARTESIAN_POINT('Ctrl Pts',(16.7619803042105,15.0535932306082,22.5));
#12850=CARTESIAN_POINT('Ctrl Pts',(16.8053757690178,15.0535932306082,22.4977178664875));
#12851=CARTESIAN_POINT('Ctrl Pts',(16.849306666066,15.0535932306082,22.4926238954474));
#12852=CARTESIAN_POINT('',(15.9244946547757,14.2712590638925,22.5));
#12853=CARTESIAN_POINT('Origin',(15.4999999999998,15.5000000000002,22.5));
#12854=CARTESIAN_POINT('',(15.9244946547757,14.2169247720412,22.4986744154405));
#12855=CARTESIAN_POINT('Origin',(15.9245437785481,14.4086928229744,21.0819374079517));
#12856=CARTESIAN_POINT('',(15.7090884009167,14.2169247720412,22.5));
#12857=CARTESIAN_POINT('Ctrl Pts',(15.7090884009167,14.2169247720412,22.5));
#12858=CARTESIAN_POINT('Ctrl Pts',(15.778471644021,14.2169247720412,22.5));
#12859=CARTESIAN_POINT('Ctrl Pts',(15.8507451729357,14.2169247720412,22.4998683343397));
#12860=CARTESIAN_POINT('Ctrl Pts',(15.9244946547757,14.2169247720412,22.4986744154405));
#12861=CARTESIAN_POINT('',(15.290911599083,14.2169247720412,22.5));
#12862=CARTESIAN_POINT('Origin',(15.4999999999998,15.5000000000002,22.5));
#12863=CARTESIAN_POINT('',(15.0755053452224,14.2169247720412,22.4986744154405));
#12864=CARTESIAN_POINT('Ctrl Pts',(15.0755053452224,14.2169247720412,22.4986744154405));
#12865=CARTESIAN_POINT('Ctrl Pts',(15.1492548270629,14.2169247720412,22.4998683343397));
#12866=CARTESIAN_POINT('Ctrl Pts',(15.2215283559782,14.2169247720412,22.5));
#12867=CARTESIAN_POINT('Ctrl Pts',(15.290911599083,14.2169247720412,22.5));
#12868=CARTESIAN_POINT('',(15.0755053452224,14.2712590638931,22.5));
#12869=CARTESIAN_POINT('Origin',(15.0754562214486,14.4086928584651,21.0819370944415));
#12870=CARTESIAN_POINT('',(14.2790491425772,15.0535932306082,22.5));
#12871=CARTESIAN_POINT('Origin',(15.4999999999998,15.5000000000002,22.5));
#12872=CARTESIAN_POINT('',(14.150693333932,15.0535932306082,22.4926238954472));
#12873=CARTESIAN_POINT('Ctrl Pts',(14.150693333932,15.0535932306082,22.4926238954472));
#12874=CARTESIAN_POINT('Ctrl Pts',(14.194629423238,15.0535932306082,22.4977184685514));
#12875=CARTESIAN_POINT('Ctrl Pts',(14.2380336178656,15.0535932306082,22.5));
#12876=CARTESIAN_POINT('Ctrl Pts',(14.2790491425772,15.0535932306082,22.5));
#12877=CARTESIAN_POINT('',(14.150693333932,15.5000000000002,22.4987836866315));
#12878=CARTESIAN_POINT('Ctrl Pts',(14.150693333932,15.0535932306072,22.4926238954471));
#12879=CARTESIAN_POINT('Ctrl Pts',(14.150693333932,15.2067395502172,22.4984989657829));
#12880=CARTESIAN_POINT('Ctrl Pts',(14.150693333932,15.3583630596525,22.4987836866315));
#12881=CARTESIAN_POINT('Ctrl Pts',(14.150693333932,15.5000000000002,22.4987836866315));
#12882=CARTESIAN_POINT('',(13.1999999999998,15.5000000000002,21.5));
#12883=CARTESIAN_POINT('Origin',(14.1999999999998,15.5000000000002,21.5));
#12884=CARTESIAN_POINT('',(17.7999999999998,15.5000000000002,21.5));
#12885=CARTESIAN_POINT('Origin',(15.4999999999998,15.5000000000002,21.5));
#12886=CARTESIAN_POINT('Origin',(15.4999999999998,15.5000000000002,21.5));
#12887=CARTESIAN_POINT('',(14.150693333932,15.946406769392,22.4926238954472));
#12888=CARTESIAN_POINT('Ctrl Pts',(14.150693333932,15.5000000000002,22.4987836866315));
#12889=CARTESIAN_POINT('Ctrl Pts',(14.150693333932,15.6416369403478,22.4987836866315));
#12890=CARTESIAN_POINT('Ctrl Pts',(14.150693333932,15.7932604497831,22.4984989657829));
#12891=CARTESIAN_POINT('Ctrl Pts',(14.150693333932,15.946406769393,22.4926238954471));
#12892=CARTESIAN_POINT('',(14.2790491425772,15.946406769392,22.5));
#12893=CARTESIAN_POINT('Ctrl Pts',(14.2790491425772,15.946406769392,22.5));
#12894=CARTESIAN_POINT('Ctrl Pts',(14.2380196957887,15.946406769392,22.5));
#12895=CARTESIAN_POINT('Ctrl Pts',(14.1946242309808,15.946406769392,22.4977178664874));
#12896=CARTESIAN_POINT('Ctrl Pts',(14.150693333932,15.946406769392,22.4926238954472));
#12897=CARTESIAN_POINT('',(15.0755053452224,16.7287409361073,22.5));
#12898=CARTESIAN_POINT('Origin',(15.4999999999998,15.5000000000002,22.5));
#12899=CARTESIAN_POINT('',(15.0755053452224,16.7830752279591,22.4986744154405));
#12900=CARTESIAN_POINT('Origin',(15.0754562214757,16.5913072155423,21.081937739007));
#12901=CARTESIAN_POINT('',(15.2909115990824,16.7830752279591,22.5));
#12902=CARTESIAN_POINT('Ctrl Pts',(15.2909115990824,16.7830752279591,22.5));
#12903=CARTESIAN_POINT('Ctrl Pts',(15.2215283559778,16.7830752279591,22.5));
#12904=CARTESIAN_POINT('Ctrl Pts',(15.1492548270627,16.7830752279591,22.4998683343397));
#12905=CARTESIAN_POINT('Ctrl Pts',(15.0755053452224,16.7830752279591,22.4986744154405));
#12906=CARTESIAN_POINT('',(15.7090884009173,16.7830752279591,22.5));
#12907=CARTESIAN_POINT('Origin',(15.4999999999998,15.5000000000002,22.5));
#12908=CARTESIAN_POINT('',(15.9244946547757,16.7830752279591,22.4986744154405));
#12909=CARTESIAN_POINT('Ctrl Pts',(15.9244946547757,16.7830752279591,22.4986744154405));
#12910=CARTESIAN_POINT('Ctrl Pts',(15.8507451729359,16.7830752279591,22.4998683343397));
#12911=CARTESIAN_POINT('Ctrl Pts',(15.7784716440214,16.7830752279591,22.5));
#12912=CARTESIAN_POINT('Ctrl Pts',(15.7090884009173,16.7830752279591,22.5));
#12913=CARTESIAN_POINT('',(15.9244946547757,16.7287409361078,22.5));
#12914=CARTESIAN_POINT('Origin',(15.9245437785572,16.5913071156743,21.0819368717019));
#12915=CARTESIAN_POINT('',(16.7209508574225,15.946406769392,22.5));
#12916=CARTESIAN_POINT('Origin',(15.4999999999998,15.5000000000002,22.5));
#12917=CARTESIAN_POINT('Ctrl Pts',(16.849306666066,15.946406769392,22.4926238954474));
#12918=CARTESIAN_POINT('Ctrl Pts',(16.8053757690179,15.946406769392,22.4977178664875));
#12919=CARTESIAN_POINT('Ctrl Pts',(16.7619803042105,15.946406769392,22.5));
#12920=CARTESIAN_POINT('Ctrl Pts',(16.7209508574225,15.946406769392,22.5));
#12921=CARTESIAN_POINT('Origin',(15.500000000001,-15.4999999999998,21.5));
#12922=CARTESIAN_POINT('',(16.783075227959,-15.7090884009229,22.5));
#12923=CARTESIAN_POINT('',(16.783075227959,-15.2909115990768,22.5));
#12924=CARTESIAN_POINT('Origin',(15.500000000001,-15.4999999999998,22.5));
#12925=CARTESIAN_POINT('',(16.783075227959,-15.9244946547758,22.4986744154406));
#12926=CARTESIAN_POINT('Ctrl Pts',(16.783075227959,-15.9244946547758,22.4986744154406));
#12927=CARTESIAN_POINT('Ctrl Pts',(16.783075227959,-15.8507451729379,22.4998683343397));
#12928=CARTESIAN_POINT('Ctrl Pts',(16.783075227959,-15.7784716440253,22.5));
#12929=CARTESIAN_POINT('Ctrl Pts',(16.783075227959,-15.7090884009229,22.5));
#12930=CARTESIAN_POINT('',(16.7287409361087,-15.9244946547758,22.5));
#12931=CARTESIAN_POINT('Origin',(16.5913071504895,-15.9245437785565,21.0819371680604));
#12932=CARTESIAN_POINT('',(15.946406769392,-16.7209508574228,22.5));
#12933=CARTESIAN_POINT('Origin',(15.500000000001,-15.4999999999998,22.5));
#12934=CARTESIAN_POINT('',(15.946406769392,-16.8493066660661,22.4926238954474));
#12935=CARTESIAN_POINT('Ctrl Pts',(15.946406769392,-16.8493066660661,22.4926238954474));
#12936=CARTESIAN_POINT('Ctrl Pts',(15.946406769392,-16.8053705767608,22.4977184685514));
#12937=CARTESIAN_POINT('Ctrl Pts',(15.946406769392,-16.7619663821339,22.5));
#12938=CARTESIAN_POINT('Ctrl Pts',(15.946406769392,-16.7209508574228,22.5));
#12939=CARTESIAN_POINT('',(15.0535932306081,-16.8493066660661,22.4926238954473));
#12940=CARTESIAN_POINT('Ctrl Pts',(15.0535932306081,-16.8493066660661,22.4926238954473));
#12941=CARTESIAN_POINT('Ctrl Pts',(15.2067395502181,-16.8493066660661,22.498498965783));
#12942=CARTESIAN_POINT('Ctrl Pts',(15.3583630596534,-16.8493066660661,22.4987836866316));
#12943=CARTESIAN_POINT('Ctrl Pts',(15.6416369403481,-16.8493066660661,22.4987836866316));
#12944=CARTESIAN_POINT('Ctrl Pts',(15.7932604497826,-16.8493066660661,22.498498965783));
#12945=CARTESIAN_POINT('Ctrl Pts',(15.946406769392,-16.8493066660661,22.4926238954474));
#12946=CARTESIAN_POINT('',(15.0535932306081,-16.7209508574221,22.5));
#12947=CARTESIAN_POINT('Ctrl Pts',(15.0535932306081,-16.7209508574221,22.5));
#12948=CARTESIAN_POINT('Ctrl Pts',(15.0535932306081,-16.7619663821334,22.5));
#12949=CARTESIAN_POINT('Ctrl Pts',(15.0535932306081,-16.8053705767605,22.4977184685514));
#12950=CARTESIAN_POINT('Ctrl Pts',(15.0535932306081,-16.8493066660661,22.4926238954473));
#12951=CARTESIAN_POINT('',(14.2712590638934,-15.9244946547757,22.5));
#12952=CARTESIAN_POINT('Origin',(15.500000000001,-15.4999999999998,22.5));
#12953=CARTESIAN_POINT('',(14.2169247720411,-15.9244946547757,22.4986744154405));
#12954=CARTESIAN_POINT('Origin',(14.4086928112399,-15.9245437785449,21.0819375020656));
#12955=CARTESIAN_POINT('',(14.2169247720411,-15.7090884009111,22.5));
#12956=CARTESIAN_POINT('Ctrl Pts',(14.2169247720411,-15.7090884009111,22.5));
#12957=CARTESIAN_POINT('Ctrl Pts',(14.2169247720411,-15.7784716440172,22.5));
#12958=CARTESIAN_POINT('Ctrl Pts',(14.2169247720411,-15.8507451729338,22.4998683343397));
#12959=CARTESIAN_POINT('Ctrl Pts',(14.2169247720411,-15.9244946547757,22.4986744154405));
#12960=CARTESIAN_POINT('',(14.200000000001,-15.4999999999998,22.5));
#12961=CARTESIAN_POINT('Origin',(15.500000000001,-15.4999999999998,22.5));
#12962=CARTESIAN_POINT('',(13.200000000001,-15.4999999999998,21.5));
#12963=CARTESIAN_POINT('Origin',(14.200000000001,-15.4999999999998,21.5));
#12964=CARTESIAN_POINT('',(17.800000000001,-15.4999999999998,21.5));
#12965=CARTESIAN_POINT('Origin',(15.500000000001,-15.4999999999998,21.5));
#12966=CARTESIAN_POINT('Origin',(15.500000000001,-15.4999999999998,21.5));
#12967=CARTESIAN_POINT('',(14.2169247720411,-15.2909115990886,22.5));
#12968=CARTESIAN_POINT('Origin',(15.500000000001,-15.4999999999998,22.5));
#12969=CARTESIAN_POINT('',(14.2169247720411,-15.0755053452224,22.4986744154404));
#12970=CARTESIAN_POINT('Ctrl Pts',(14.2169247720411,-15.0755053452224,22.4986744154404));
#12971=CARTESIAN_POINT('Ctrl Pts',(14.2169247720411,-15.149369411828,22.4998701893346));
#12972=CARTESIAN_POINT('Ctrl Pts',(14.2169247720411,-15.2216985832215,22.5));
#12973=CARTESIAN_POINT('Ctrl Pts',(14.2169247720411,-15.2909115990885,22.5));
#12974=CARTESIAN_POINT('',(14.2712590638939,-15.0755053452224,22.5));
#12975=CARTESIAN_POINT('Origin',(14.4086929128354,-15.0754562214325,21.0819366270359));
#12976=CARTESIAN_POINT('',(15.0535932306081,-14.2790491425776,22.5));
#12977=CARTESIAN_POINT('Origin',(15.500000000001,-15.4999999999998,22.5));
#12978=CARTESIAN_POINT('',(15.0535932306081,-14.1506933339321,22.4926238954471));
#12979=CARTESIAN_POINT('Ctrl Pts',(15.0535932306081,-14.1506933339321,22.4926238954471));
#12980=CARTESIAN_POINT('Ctrl Pts',(15.0535932306081,-14.1946242309809,22.4977178664874));
#12981=CARTESIAN_POINT('Ctrl Pts',(15.0535932306081,-14.2380196957889,22.5));
#12982=CARTESIAN_POINT('Ctrl Pts',(15.0535932306081,-14.2790491425776,22.5));
#12983=CARTESIAN_POINT('',(15.946406769392,-14.1506933339321,22.4926238954472));
#12984=CARTESIAN_POINT('Ctrl Pts',(15.946406769392,-14.1506933339321,22.4926238954472));
#12985=CARTESIAN_POINT('Ctrl Pts',(15.7932604497827,-14.1506933339321,22.4984989657829));
#12986=CARTESIAN_POINT('Ctrl Pts',(15.6416369403481,-14.1506933339321,22.4987836866315));
#12987=CARTESIAN_POINT('Ctrl Pts',(15.3583630596534,-14.1506933339321,22.4987836866315));
#12988=CARTESIAN_POINT('Ctrl Pts',(15.2067395502181,-14.1506933339321,22.4984989657829));
#12989=CARTESIAN_POINT('Ctrl Pts',(15.0535932306081,-14.1506933339321,22.4926238954471));
#12990=CARTESIAN_POINT('',(15.946406769392,-14.2790491425769,22.5));
#12991=CARTESIAN_POINT('Ctrl Pts',(15.946406769392,-14.2790491425769,22.5));
#12992=CARTESIAN_POINT('Ctrl Pts',(15.946406769392,-14.2380196957885,22.5));
#12993=CARTESIAN_POINT('Ctrl Pts',(15.946406769392,-14.1946242309807,22.4977178664875));
#12994=CARTESIAN_POINT('Ctrl Pts',(15.946406769392,-14.1506933339321,22.4926238954472));
#12995=CARTESIAN_POINT('',(16.7287409361081,-15.0755053452224,22.5));
#12996=CARTESIAN_POINT('Origin',(15.500000000001,-15.4999999999998,22.5));
#12997=CARTESIAN_POINT('',(16.783075227959,-15.0755053452224,22.4986744154405));
#12998=CARTESIAN_POINT('Origin',(16.5913071412757,-15.0754562214531,21.0819370843738));
#12999=CARTESIAN_POINT('Ctrl Pts',(16.783075227959,-15.2909115990768,22.5));
#13000=CARTESIAN_POINT('Ctrl Pts',(16.783075227959,-15.221528355974,22.5));
#13001=CARTESIAN_POINT('Ctrl Pts',(16.783075227959,-15.1492548270608,22.4998683343397));
#13002=CARTESIAN_POINT('Ctrl Pts',(16.783075227959,-15.0755053452224,22.4986744154405));
#13003=CARTESIAN_POINT('Origin',(-15.499999999999,-15.500000000001,21.5));
#13004=CARTESIAN_POINT('',(-14.1506933339321,-15.9464067693919,22.4926238954473));
#13005=CARTESIAN_POINT('',(-14.1506933339321,-15.0535932306081,22.4926238954472));
#13006=CARTESIAN_POINT('Ctrl Pts',(-14.1506933339321,-15.9464067693929,
22.4926238954473));
#13007=CARTESIAN_POINT('Ctrl Pts',(-14.1506933339321,-15.7932604497833,
22.498498965783));
#13008=CARTESIAN_POINT('Ctrl Pts',(-14.1506933339321,-15.6416369403484,
22.4987836866316));
#13009=CARTESIAN_POINT('Ctrl Pts',(-14.1506933339321,-15.3583630596531,
22.4987836866316));
#13010=CARTESIAN_POINT('Ctrl Pts',(-14.1506933339321,-15.2067395502174,
22.498498965783));
#13011=CARTESIAN_POINT('Ctrl Pts',(-14.1506933339321,-15.0535932306071,
22.4926238954472));
#13012=CARTESIAN_POINT('',(-14.279049142576,-15.9464067693919,22.5));
#13013=CARTESIAN_POINT('Ctrl Pts',(-14.279049142576,-15.9464067693919,22.5));
#13014=CARTESIAN_POINT('Ctrl Pts',(-14.2380196957879,-15.9464067693919,
22.5));
#13015=CARTESIAN_POINT('Ctrl Pts',(-14.1946242309804,-15.9464067693919,
22.4977178664875));
#13016=CARTESIAN_POINT('Ctrl Pts',(-14.1506933339321,-15.9464067693919,
22.4926238954473));
#13017=CARTESIAN_POINT('',(-15.0755053452225,-16.7287409361085,22.5));
#13018=CARTESIAN_POINT('Origin',(-15.499999999999,-15.500000000001,22.5));
#13019=CARTESIAN_POINT('',(-15.0755053452225,-16.783075227959,22.4986744154405));
#13020=CARTESIAN_POINT('Origin',(-15.0754562214636,-16.5913071902803,21.0819375230599));
#13021=CARTESIAN_POINT('',(-15.2909115990756,-16.783075227959,22.5));
#13022=CARTESIAN_POINT('Ctrl Pts',(-15.2909115990756,-16.783075227959,22.5));
#13023=CARTESIAN_POINT('Ctrl Pts',(-15.2215283559732,-16.783075227959,22.5));
#13024=CARTESIAN_POINT('Ctrl Pts',(-15.1492548270605,-16.783075227959,22.4998683343397));
#13025=CARTESIAN_POINT('Ctrl Pts',(-15.0755053452225,-16.783075227959,22.4986744154405));
#13026=CARTESIAN_POINT('',(-15.7090884009224,-16.783075227959,22.5));
#13027=CARTESIAN_POINT('Origin',(-15.499999999999,-15.500000000001,22.5));
#13028=CARTESIAN_POINT('',(-15.9244946547758,-16.7830752279589,22.4986744154405));
#13029=CARTESIAN_POINT('Ctrl Pts',(-15.9244946547758,-16.7830752279589,
22.4986744154405));
#13030=CARTESIAN_POINT('Ctrl Pts',(-15.8507451729377,-16.7830752279589,
22.4998683343397));
#13031=CARTESIAN_POINT('Ctrl Pts',(-15.7784716440249,-16.783075227959,22.5));
#13032=CARTESIAN_POINT('Ctrl Pts',(-15.7090884009224,-16.7830752279589,
22.5));
#13033=CARTESIAN_POINT('',(-15.9244946547758,-16.7287409361083,22.5));
#13034=CARTESIAN_POINT('Origin',(-15.9245437785704,-16.5913071031349,21.081936768303));
#13035=CARTESIAN_POINT('',(-16.720950857422,-15.9464067693919,22.5));
#13036=CARTESIAN_POINT('Origin',(-15.499999999999,-15.500000000001,22.5));
#13037=CARTESIAN_POINT('',(-16.8493066660661,-15.9464067693919,22.4926238954473));
#13038=CARTESIAN_POINT('Ctrl Pts',(-16.8493066660662,-15.9464067693919,
22.4926238954473));
#13039=CARTESIAN_POINT('Ctrl Pts',(-16.8053757690178,-15.9464067693919,
22.4977178664875));
#13040=CARTESIAN_POINT('Ctrl Pts',(-16.7619803042102,-15.9464067693919,
22.5));
#13041=CARTESIAN_POINT('Ctrl Pts',(-16.720950857422,-15.9464067693919,22.5));
#13042=CARTESIAN_POINT('',(-16.8493066660661,-15.500000000001,22.4987836866316));
#13043=CARTESIAN_POINT('Ctrl Pts',(-16.8493066660661,-15.9464067693929,
22.4926238954472));
#13044=CARTESIAN_POINT('Ctrl Pts',(-16.8493066660661,-15.7932604497833,
22.4984989657829));
#13045=CARTESIAN_POINT('Ctrl Pts',(-16.8493066660661,-15.6416369403484,
22.4987836866316));
#13046=CARTESIAN_POINT('Ctrl Pts',(-16.8493066660661,-15.500000000001,22.4987836866316));
#13047=CARTESIAN_POINT('',(-17.799999999999,-15.500000000001,21.5));
#13048=CARTESIAN_POINT('Origin',(-16.799999999999,-15.500000000001,21.5));
#13049=CARTESIAN_POINT('',(-13.199999999999,-15.500000000001,21.5));
#13050=CARTESIAN_POINT('Origin',(-15.499999999999,-15.500000000001,21.5));
#13051=CARTESIAN_POINT('Origin',(-15.499999999999,-15.500000000001,21.5));
#13052=CARTESIAN_POINT('',(-16.8493066660661,-15.0535932306081,22.4926238954472));
#13053=CARTESIAN_POINT('Ctrl Pts',(-16.8493066660661,-15.500000000001,22.4987836866316));
#13054=CARTESIAN_POINT('Ctrl Pts',(-16.8493066660661,-15.358363059653,22.4987836866316));
#13055=CARTESIAN_POINT('Ctrl Pts',(-16.8493066660661,-15.2067395502174,
22.4984989657829));
#13056=CARTESIAN_POINT('Ctrl Pts',(-16.8493066660661,-15.0535932306071,
22.4926238954472));
#13057=CARTESIAN_POINT('',(-16.7209508574212,-15.0535932306081,22.5));
#13058=CARTESIAN_POINT('Ctrl Pts',(-16.7209508574212,-15.0535932306081,
22.5));
#13059=CARTESIAN_POINT('Ctrl Pts',(-16.7619663821328,-15.0535932306081,
22.5));
#13060=CARTESIAN_POINT('Ctrl Pts',(-16.8053705767602,-15.0535932306081,
22.4977184685514));
#13061=CARTESIAN_POINT('Ctrl Pts',(-16.8493066660661,-15.0535932306081,
22.4926238954472));
#13062=CARTESIAN_POINT('',(-15.9244946547758,-14.2712590638937,22.5));
#13063=CARTESIAN_POINT('Origin',(-15.499999999999,-15.500000000001,22.5));
#13064=CARTESIAN_POINT('',(-15.9244946547758,-14.2169247720411,22.4986744154404));
#13065=CARTESIAN_POINT('Origin',(-15.924543778578,-14.4086929225942,21.0819365467638));
#13066=CARTESIAN_POINT('',(-15.7090884009099,-14.2169247720411,22.5));
#13067=CARTESIAN_POINT('Ctrl Pts',(-15.7090884009099,-14.2169247720411,
22.5));
#13068=CARTESIAN_POINT('Ctrl Pts',(-15.7784716440164,-14.2169247720411,
22.5));
#13069=CARTESIAN_POINT('Ctrl Pts',(-15.8507451729334,-14.2169247720411,
22.4998683343397));
#13070=CARTESIAN_POINT('Ctrl Pts',(-15.9244946547758,-14.2169247720411,
22.4986744154404));
#13071=CARTESIAN_POINT('',(-15.2909115990881,-14.2169247720411,22.5));
#13072=CARTESIAN_POINT('Origin',(-15.499999999999,-15.500000000001,22.5));
#13073=CARTESIAN_POINT('',(-15.0755053452225,-14.2169247720411,22.4986744154404));
#13074=CARTESIAN_POINT('Ctrl Pts',(-15.0755053452225,-14.2169247720411,
22.4986744154404));
#13075=CARTESIAN_POINT('Ctrl Pts',(-15.1492548270647,-14.2169247720411,
22.4998683343397));
#13076=CARTESIAN_POINT('Ctrl Pts',(-15.2215283559817,-14.2169247720411,
22.5));
#13077=CARTESIAN_POINT('Ctrl Pts',(-15.290911599088,-14.2169247720411,22.5));
#13078=CARTESIAN_POINT('',(-15.0755053452225,-14.2712590638936,22.5));
#13079=CARTESIAN_POINT('Origin',(-15.0754562214487,-14.4086928593299,21.0819370958974));
#13080=CARTESIAN_POINT('',(-14.2790491425767,-15.0535932306081,22.5));
#13081=CARTESIAN_POINT('Origin',(-15.499999999999,-15.500000000001,22.5));
#13082=CARTESIAN_POINT('Ctrl Pts',(-14.1506933339321,-15.0535932306081,
22.4926238954472));
#13083=CARTESIAN_POINT('Ctrl Pts',(-14.1946294232379,-15.0535932306081,
22.4977184685514));
#13084=CARTESIAN_POINT('Ctrl Pts',(-14.2380336178652,-15.0535932306081,
22.5));
#13085=CARTESIAN_POINT('Ctrl Pts',(-14.2790491425767,-15.0535932306081,
22.5));
#13086=CARTESIAN_POINT('Origin',(0.,0.,-1.5));
#13087=CARTESIAN_POINT('',(10.5,-1.28587913910472E-15,-2.));
#13088=CARTESIAN_POINT('Origin',(0.,0.,-2.));
#13089=CARTESIAN_POINT('',(11.,-1.34711147906209E-15,-1.5));
#13090=CARTESIAN_POINT('Origin',(10.5,-1.28587913910472E-15,-1.5));
#13091=CARTESIAN_POINT('',(-11.,1.34711147906209E-15,-1.5));
#13092=CARTESIAN_POINT('Origin',(0.,0.,-1.5));
#13093=CARTESIAN_POINT('Origin',(0.,0.,-1.5));
#13094=CARTESIAN_POINT('Origin',(0.,0.,-1.5));
#13095=CARTESIAN_POINT('',(3.5,-4.28626379701574E-16,-1.5));
#13096=CARTESIAN_POINT('Origin',(0.,0.,-1.5));
#13097=CARTESIAN_POINT('',(4.,-4.89858719658941E-16,-2.));
#13098=CARTESIAN_POINT('Origin',(4.,-4.89858719658941E-16,-1.5));
#13099=CARTESIAN_POINT('Origin',(0.,0.,-2.));
#13100=CARTESIAN_POINT('Origin',(-15.5000000000002,15.499999999999,22.5));
#13101=CARTESIAN_POINT('',(-18.5000000000011,15.499999999999,22.5));
#13102=CARTESIAN_POINT('Origin',(-15.5000000000002,15.499999999999,22.5));
#13103=CARTESIAN_POINT('',(-19.0000000000011,15.499999999999,23.));
#13104=CARTESIAN_POINT('Origin',(-19.0000000000011,15.499999999999,22.5));
#13105=CARTESIAN_POINT('Origin',(-15.5000000000002,15.499999999999,23.));
#13106=CARTESIAN_POINT('Origin',(15.4999999999998,15.5000000000002,22.5));
#13107=CARTESIAN_POINT('',(12.4999999999998,15.5000000000002,22.5));
#13108=CARTESIAN_POINT('Origin',(15.4999999999998,15.5000000000002,22.5));
#13109=CARTESIAN_POINT('',(11.9999999999998,15.5000000000002,23.));
#13110=CARTESIAN_POINT('Origin',(11.9999999999998,15.5000000000002,22.5));
#13111=CARTESIAN_POINT('Origin',(15.4999999999998,15.5000000000002,23.));
#13112=CARTESIAN_POINT('Origin',(15.500000000001,-15.4999999999998,22.5));
#13113=CARTESIAN_POINT('',(12.5000000000012,-15.4999999999998,22.5));
#13114=CARTESIAN_POINT('Origin',(15.500000000001,-15.4999999999998,22.5));
#13115=CARTESIAN_POINT('',(12.0000000000012,-15.4999999999998,23.));
#13116=CARTESIAN_POINT('Origin',(12.0000000000012,-15.4999999999998,22.5));
#13117=CARTESIAN_POINT('Origin',(15.500000000001,-15.4999999999998,23.));
#13118=CARTESIAN_POINT('Origin',(-15.499999999999,-15.500000000001,22.5));
#13119=CARTESIAN_POINT('',(-18.4999999999996,-15.500000000001,22.5));
#13120=CARTESIAN_POINT('Origin',(-15.499999999999,-15.500000000001,22.5));
#13121=CARTESIAN_POINT('',(-18.9999999999996,-15.500000000001,23.));
#13122=CARTESIAN_POINT('Origin',(-18.9999999999996,-15.500000000001,22.5));
#13123=CARTESIAN_POINT('Origin',(-15.499999999999,-15.500000000001,23.));
#13124=CARTESIAN_POINT('Origin',(0.,0.,22.5));
#13125=CARTESIAN_POINT('',(-3.5,-4.28626379701574E-16,22.5));
#13126=CARTESIAN_POINT('Origin',(0.,0.,22.5));
#13127=CARTESIAN_POINT('',(-4.,-4.89858719658941E-16,23.));
#13128=CARTESIAN_POINT('Origin',(-4.,-4.89858719658941E-16,22.5));
#13129=CARTESIAN_POINT('Origin',(0.,0.,23.));
#13130=CARTESIAN_POINT('Origin',(0.,0.,-20.));
#13131=CARTESIAN_POINT('Origin',(0.,0.,-20.));
#13132=CARTESIAN_POINT('',(1.5,2.,-19.5));
#13133=CARTESIAN_POINT('Ctrl Pts',(1.50000000000006,2.,-19.5));
#13134=CARTESIAN_POINT('Ctrl Pts',(0.666666666666704,2.,-20.));
#13135=CARTESIAN_POINT('Ctrl Pts',(3.03595532552043E-14,2.,-20.));
#13136=CARTESIAN_POINT('Origin',(0.,0.,-19.5));
#13137=CARTESIAN_POINT('Origin',(0.,0.,21.));
#13138=CARTESIAN_POINT('',(-2.5,3.06161699786838E-16,20.5));
#13139=CARTESIAN_POINT('',(2.5,-3.06161699786838E-16,20.5));
#13140=CARTESIAN_POINT('Origin',(0.,0.,20.5));
#13141=CARTESIAN_POINT('Origin',(0.,0.,20.5));
#13142=CARTESIAN_POINT('',(2.00000000000001,-2.44929359829472E-16,21.));
#13143=CARTESIAN_POINT('',(2.00000000000001,-2.44929359829472E-16,21.));
#13144=CARTESIAN_POINT('Origin',(0.,0.,21.));
#13145=CARTESIAN_POINT('Origin',(15.500000000001,-15.4999999999998,22.5));
#13146=CARTESIAN_POINT('',(17.800000000001,-15.4999999999998,21.));
#13147=CARTESIAN_POINT('Origin',(15.500000000001,-15.4999999999998,21.));
#13148=CARTESIAN_POINT('',(17.800000000001,-15.4999999999998,22.5));
#13149=CARTESIAN_POINT('Origin',(-15.499999999999,-15.500000000001,22.5));
#13150=CARTESIAN_POINT('',(-13.199999999999,-15.500000000001,21.));
#13151=CARTESIAN_POINT('Origin',(-15.499999999999,-15.500000000001,21.));
#13152=CARTESIAN_POINT('',(-13.199999999999,-15.500000000001,22.5));
#13153=CARTESIAN_POINT('Origin',(15.4999999999998,15.5000000000002,22.5));
#13154=CARTESIAN_POINT('',(17.7999999999998,15.5000000000002,21.));
#13155=CARTESIAN_POINT('Origin',(15.4999999999998,15.5000000000002,21.));
#13156=CARTESIAN_POINT('',(17.7999999999998,15.5000000000002,22.5));
#13157=CARTESIAN_POINT('Origin',(-15.5000000000002,15.499999999999,22.5));
#13158=CARTESIAN_POINT('',(-13.2000000000002,15.499999999999,21.));
#13159=CARTESIAN_POINT('Origin',(-15.5000000000002,15.499999999999,21.));
#13160=CARTESIAN_POINT('',(-13.2000000000002,15.499999999999,22.5));
#13161=CARTESIAN_POINT('Origin',(-15.5000000000002,15.499999999999,21.));
#13162=CARTESIAN_POINT('',(-18.5000000000011,15.499999999999,21.));
#13163=CARTESIAN_POINT('Origin',(-15.5000000000002,15.499999999999,21.));
#13164=CARTESIAN_POINT('',(-18.5000000000011,15.499999999999,21.));
#13165=CARTESIAN_POINT('Origin',(-15.499999999999,-15.500000000001,21.));
#13166=CARTESIAN_POINT('',(-18.4999999999996,-15.500000000001,21.));
#13167=CARTESIAN_POINT('Origin',(-15.499999999999,-15.500000000001,21.));
#13168=CARTESIAN_POINT('',(-18.4999999999996,-15.500000000001,21.));
#13169=CARTESIAN_POINT('Origin',(15.500000000001,-15.4999999999998,21.));
#13170=CARTESIAN_POINT('',(12.5000000000012,-15.4999999999998,21.));
#13171=CARTESIAN_POINT('Origin',(15.500000000001,-15.4999999999998,21.));
#13172=CARTESIAN_POINT('',(12.5000000000012,-15.4999999999998,21.));
#13173=CARTESIAN_POINT('Origin',(15.4999999999998,15.5000000000002,21.));
#13174=CARTESIAN_POINT('',(12.4999999999998,15.5000000000002,21.));
#13175=CARTESIAN_POINT('Origin',(15.4999999999998,15.5000000000002,21.));
#13176=CARTESIAN_POINT('',(12.4999999999998,15.5000000000002,21.));
#13177=CARTESIAN_POINT('Origin',(0.,0.,20.));
#13178=CARTESIAN_POINT('',(-2.5,-3.06161699786838E-16,20.));
#13179=CARTESIAN_POINT('',(-2.5,-3.06161699786838E-16,20.));
#13180=CARTESIAN_POINT('Origin',(0.,0.,20.));
#13181=CARTESIAN_POINT('Origin',(0.,0.,20.));
#13182=CARTESIAN_POINT('',(-2.8,-3.42901103761259E-16,20.));
#13183=CARTESIAN_POINT('Origin',(0.,0.,20.));
#13184=CARTESIAN_POINT('',(-2.8,-3.42901103761259E-16,21.));
#13185=CARTESIAN_POINT('',(-2.8,-3.42901103761259E-16,20.));
#13186=CARTESIAN_POINT('Origin',(0.,0.,21.));
#13187=CARTESIAN_POINT('Origin',(0.,0.,21.));
#13188=CARTESIAN_POINT('',(-3.5,-4.28626379701574E-16,21.));
#13189=CARTESIAN_POINT('Origin',(0.,0.,21.));
#13190=CARTESIAN_POINT('',(-3.5,-4.28626379701574E-16,21.));
#13191=CARTESIAN_POINT('Origin',(0.,0.,-20.));
#13192=CARTESIAN_POINT('',(-2.5,-3.06161699786838E-16,0.999999999999999));
#13193=CARTESIAN_POINT('Origin',(0.,0.,1.));
#13194=CARTESIAN_POINT('',(-2.5,-3.06161699786838E-16,-20.));
#13195=CARTESIAN_POINT('',(1.5,2.,-3.));
#13196=CARTESIAN_POINT('',(1.5,2.,-20.));
#13197=CARTESIAN_POINT('',(-1.5,2.,-3.));
#13198=CARTESIAN_POINT('Origin',(0.,0.,-3.));
#13199=CARTESIAN_POINT('',(-1.5,2.,-20.));
#13200=CARTESIAN_POINT('Origin',(0.,0.,1.));
#13201=CARTESIAN_POINT('',(2.8,-3.42901103761259E-16,1.));
#13202=CARTESIAN_POINT('Origin',(0.,0.,1.));
#13203=CARTESIAN_POINT('',(2.8,-3.42901103761259E-16,0.));
#13204=CARTESIAN_POINT('',(2.8,-3.42901103761259E-16,1.));
#13205=CARTESIAN_POINT('Origin',(0.,0.,0.));
#13206=CARTESIAN_POINT('Origin',(0.,0.,-1.73472347597681E-15));
#13207=CARTESIAN_POINT('',(3.5,-4.28626379701574E-16,-1.73472347597681E-15));
#13208=CARTESIAN_POINT('Origin',(0.,0.,-1.73472347597681E-15));
#13209=CARTESIAN_POINT('',(3.5,-4.28626379701574E-16,-1.73472347597681E-15));
#13210=CARTESIAN_POINT('Origin',(15.4999999999998,15.5000000000002,0.));
#13211=CARTESIAN_POINT('',(16.7499999999998,15.5000000000002,4.5));
#13212=CARTESIAN_POINT('Origin',(15.4999999999998,15.5000000000002,4.5));
#13213=CARTESIAN_POINT('',(16.7499999999998,15.5000000000002,-2.26682122522175E-17));
#13214=CARTESIAN_POINT('',(16.7499999999998,15.5000000000002,0.));
#13215=CARTESIAN_POINT('Origin',(15.4999999999998,15.5000000000002,-2.26682122522175E-17));
#13216=CARTESIAN_POINT('Origin',(15.4999999999998,15.5000000000002,4.5));
#13217=CARTESIAN_POINT('',(15.4999999999998,15.5000000000002,5.25107577378445));
#13218=CARTESIAN_POINT('',(16.7499999999998,15.5000000000002,4.5));
#13219=CARTESIAN_POINT('Origin',(-15.5,15.5,0.));
#13220=CARTESIAN_POINT('',(-14.25,15.5,4.5));
#13221=CARTESIAN_POINT('Origin',(-15.5,15.5,4.5));
#13222=CARTESIAN_POINT('',(-14.25,15.5,-2.26682122522175E-17));
#13223=CARTESIAN_POINT('',(-14.25,15.5,0.));
#13224=CARTESIAN_POINT('Origin',(-15.5,15.5,-2.26682122522175E-17));
#13225=CARTESIAN_POINT('Origin',(-15.5,15.5,4.5));
#13226=CARTESIAN_POINT('',(-15.5,15.5,5.25107577378445));
#13227=CARTESIAN_POINT('',(-14.25,15.5,4.5));
#13228=CARTESIAN_POINT('Origin',(-15.4999999999999,-15.5000000000001,0.));
#13229=CARTESIAN_POINT('',(-14.2499999999999,-15.5000000000001,4.5));
#13230=CARTESIAN_POINT('Origin',(-15.4999999999999,-15.5000000000001,4.5));
#13231=CARTESIAN_POINT('',(-14.2499999999999,-15.5000000000001,-2.26682122522175E-17));
#13232=CARTESIAN_POINT('',(-14.2499999999999,-15.5000000000001,0.));
#13233=CARTESIAN_POINT('Origin',(-15.4999999999999,-15.5000000000001,-2.26682122522175E-17));
#13234=CARTESIAN_POINT('Origin',(-15.4999999999999,-15.5000000000001,4.5));
#13235=CARTESIAN_POINT('',(-15.4999999999999,-15.5000000000001,5.25107577378445));
#13236=CARTESIAN_POINT('',(-14.2499999999999,-15.5000000000001,4.5));
#13237=CARTESIAN_POINT('Origin',(15.5000000000001,-15.4999999999999,0.));
#13238=CARTESIAN_POINT('',(16.7500000000001,-15.4999999999999,4.5));
#13239=CARTESIAN_POINT('Origin',(15.5000000000001,-15.4999999999999,4.5));
#13240=CARTESIAN_POINT('',(16.7500000000001,-15.4999999999999,-2.26682122522175E-17));
#13241=CARTESIAN_POINT('',(16.7500000000001,-15.4999999999999,0.));
#13242=CARTESIAN_POINT('Origin',(15.5000000000001,-15.4999999999999,-2.26682122522175E-17));
#13243=CARTESIAN_POINT('Origin',(15.5000000000001,-15.4999999999999,4.5));
#13244=CARTESIAN_POINT('',(15.5000000000001,-15.4999999999999,5.25107577378445));
#13245=CARTESIAN_POINT('',(16.7500000000001,-15.4999999999999,4.5));
#13246=CARTESIAN_POINT('Origin',(0.,0.,-2.));
#13247=CARTESIAN_POINT('',(-11.,-1.34711147906209E-15,0.));
#13248=CARTESIAN_POINT('Origin',(0.,0.,0.));
#13249=CARTESIAN_POINT('',(-11.,-1.34711147906209E-15,-2.));
#13250=CARTESIAN_POINT('Origin',(0.,-26.05,0.));
#13251=CARTESIAN_POINT('',(-4.49910672533459,-26.05,19.7031069949534));
#13252=CARTESIAN_POINT('',(-4.49910672533458,-26.05,-9.59122662784658E-16));
#13253=CARTESIAN_POINT('',(-5.76999808336115,-26.05,19.7031069949534));
#13254=CARTESIAN_POINT('',(-6.16740166847829,-26.05,19.7031069949534));
#13255=CARTESIAN_POINT('',(-5.76999808336115,-26.05,20.087091729753));
#13256=CARTESIAN_POINT('Origin',(-5.98131208163944,-25.25,16.1713743546801));
#13257=CARTESIAN_POINT('',(-2.95759138002602,-25.2500000000002,16.1713743546801));
#13258=CARTESIAN_POINT('',(-2.95759138002602,-25.15,16.1713743546801));
#13259=CARTESIAN_POINT('',(-2.95759138002602,-21.65,16.1713743546801));
#13260=CARTESIAN_POINT('',(-5.98131208163944,-25.25,16.1713743546801));
#13261=CARTESIAN_POINT('',(0.,-25.25,16.1713743546801));
#13262=CARTESIAN_POINT('',(-5.98131208163945,-25.15,16.1713743546801));
#13263=CARTESIAN_POINT('',(-5.98131208163944,-25.25,16.1713743546801));
#13264=CARTESIAN_POINT('',(-5.98131208163945,-25.15,16.1713743546801));
#13265=CARTESIAN_POINT('Origin',(-5.98131208163944,-25.25,16.1713743546801));
#13266=CARTESIAN_POINT('',(2.95951456075228,-25.15,16.1713743546801));
#13267=CARTESIAN_POINT('',(2.95956950877303,-25.25,16.1713743546801));
#13268=CARTESIAN_POINT('',(2.95987541746732,-25.8067237729578,16.1713743546801));
#13269=CARTESIAN_POINT('',(5.98131208163944,-25.15,16.1713743546801));
#13270=CARTESIAN_POINT('',(-5.98131208163945,-25.15,16.1713743546801));
#13271=CARTESIAN_POINT('',(5.98131208163944,-25.25,16.1713743546801));
#13272=CARTESIAN_POINT('',(5.98131208163944,-25.25,16.1713743546801));
#13273=CARTESIAN_POINT('',(0.,-25.25,16.1713743546801));
#13274=CARTESIAN_POINT('Origin',(0.,-3.87320497280319,20.2584044554064));
#13275=CARTESIAN_POINT('',(-2.95759138002602,-25.8067237729578,16.0649343193533));
#13276=CARTESIAN_POINT('',(-2.95759138002602,-3.87320497280319,20.2584044554064));
#13277=CARTESIAN_POINT('',(2.95987541746732,-25.8067237729578,16.0649343193533));
#13278=CARTESIAN_POINT('',(0.,-25.8067237729578,16.0649343193533));
#13279=CARTESIAN_POINT('',(2.94782252436072,-3.87164232318355,20.2587032184354));
#13280=CARTESIAN_POINT('',(6.16740166847829,-26.05,16.01842233));
#13281=CARTESIAN_POINT('',(6.16740166847829,-26.05,16.01842233));
#13282=CARTESIAN_POINT('',(5.76999808336115,-26.05,16.01842233));
#13283=CARTESIAN_POINT('',(5.76999808336115,-26.05,16.01842233));
#13284=CARTESIAN_POINT('',(4.49910672533458,-26.05,16.01842233));
#13285=CARTESIAN_POINT('',(6.16740166847829,-26.05,16.01842233));
#13286=CARTESIAN_POINT('',(3.73919230507128,-26.05,16.01842233));
#13287=CARTESIAN_POINT('',(3.73919230507128,-26.05,16.01842233));
#13288=CARTESIAN_POINT('',(2.41589305599208,-26.05,16.01842233));
#13289=CARTESIAN_POINT('',(6.16740166847829,-26.05,16.01842233));
#13290=CARTESIAN_POINT('',(1.64287666296561,-26.05,16.01842233));
#13291=CARTESIAN_POINT('',(1.64287666296561,-26.05,16.01842233));
#13292=CARTESIAN_POINT('',(0.450597141518017,-26.05,16.01842233));
#13293=CARTESIAN_POINT('',(6.16740166847829,-26.05,16.01842233));
#13294=CARTESIAN_POINT('',(-0.450597141518015,-26.05,16.01842233));
#13295=CARTESIAN_POINT('',(-0.450597141518015,-26.05,16.01842233));
#13296=CARTESIAN_POINT('',(-1.64287666296561,-26.05,16.01842233));
#13297=CARTESIAN_POINT('',(6.16740166847829,-26.05,16.01842233));
#13298=CARTESIAN_POINT('',(-2.41589305599208,-26.05,16.01842233));
#13299=CARTESIAN_POINT('',(-2.41589305599208,-26.05,16.01842233));
#13300=CARTESIAN_POINT('',(-3.73919230507128,-26.05,16.01842233));
#13301=CARTESIAN_POINT('',(6.16740166847829,-26.05,16.01842233));
#13302=CARTESIAN_POINT('',(-4.49910672533459,-26.05,16.01842233));
#13303=CARTESIAN_POINT('',(-4.49910672533459,-26.05,16.01842233));
#13304=CARTESIAN_POINT('',(-5.76999808336115,-26.05,16.01842233));
#13305=CARTESIAN_POINT('',(6.16740166847829,-26.05,16.01842233));
#13306=CARTESIAN_POINT('',(-6.16740166847829,-26.05,16.01842233));
#13307=CARTESIAN_POINT('',(6.16740166847829,-26.05,16.01842233));
#13308=CARTESIAN_POINT('',(-6.16740166847829,-26.05,16.01842233));
#13309=CARTESIAN_POINT('Origin',(0.,-26.05,0.));
#13310=CARTESIAN_POINT('',(5.7699980833611,-26.05,-1.47606258668463E-14));
#13311=CARTESIAN_POINT('',(5.76999808336115,-26.05,19.7031069949534));
#13312=CARTESIAN_POINT('',(5.7699980833611,-26.05,-1.47606258668463E-14));
#13313=CARTESIAN_POINT('',(4.49910672533458,-26.05,19.7031069949534));
#13314=CARTESIAN_POINT('',(-6.16740166847829,-26.05,19.7031069949534));
#13315=CARTESIAN_POINT('',(4.49910672533458,-26.05,0.));
#13316=CARTESIAN_POINT('Origin',(0.,-26.05,0.));
#13317=CARTESIAN_POINT('',(0.450597141518024,-26.05,19.7031069949534));
#13318=CARTESIAN_POINT('',(0.450597141517946,-26.05,-1.77708425185193E-15));
#13319=CARTESIAN_POINT('',(0.450597141517946,-26.05,-1.77708425185193E-15));
#13320=CARTESIAN_POINT('',(1.64287666296561,-26.05,19.7031069949534));
#13321=CARTESIAN_POINT('',(1.64287666296561,-26.05,0.));
#13322=CARTESIAN_POINT('',(-6.16740166847829,-26.05,19.7031069949534));
#13323=CARTESIAN_POINT('Origin',(0.,-26.05,0.));
#13324=CARTESIAN_POINT('',(-5.76999808336115,-26.05,20.087091729753));
#13325=CARTESIAN_POINT('',(-4.49910672533458,-26.05,-9.59122662784658E-16));
#13326=CARTESIAN_POINT('Origin',(0.,-26.05,0.));
#13327=CARTESIAN_POINT('',(2.41589305599208,-26.05,19.7031069949534));
#13328=CARTESIAN_POINT('',(3.73919230507128,-26.05,19.7031069949534));
#13329=CARTESIAN_POINT('',(-6.16740166847829,-26.05,19.7031069949534));
#13330=CARTESIAN_POINT('',(2.41589305599202,-26.05,-7.4678152517173E-15));
#13331=CARTESIAN_POINT('',(3.73919230507128,-26.05,0.));
#13332=CARTESIAN_POINT('Origin',(0.,-26.05,0.));
#13333=CARTESIAN_POINT('',(-0.450597141518015,-26.05,0.));
#13334=CARTESIAN_POINT('',(-0.450597141518015,-26.05,19.7031069949534));
#13335=CARTESIAN_POINT('',(-0.450597141518015,-26.05,0.));
#13336=CARTESIAN_POINT('',(-1.64287666296561,-26.05,19.7031069949534));
#13337=CARTESIAN_POINT('',(-6.16740166847829,-26.05,19.7031069949534));
#13338=CARTESIAN_POINT('',(-1.64287666296561,-26.05,0.));
#13339=CARTESIAN_POINT('Origin',(0.,-26.05,0.));
#13340=CARTESIAN_POINT('',(-3.73919230507128,-26.05,19.7031069949534));
#13341=CARTESIAN_POINT('',(-2.41589305599208,-26.05,19.7031069949534));
#13342=CARTESIAN_POINT('',(-6.16740166847829,-26.05,19.7031069949534));
#13343=CARTESIAN_POINT('',(-3.73919230507128,-26.05,-3.98561792289687E-16));
#13344=CARTESIAN_POINT('',(-2.41589305599208,-26.05,-2.57510870748878E-16));
#13345=CARTESIAN_POINT('Origin',(0.,-25.15,0.));
#13346=CARTESIAN_POINT('',(6.24413803261022,-25.15,20.439251480113));
#13347=CARTESIAN_POINT('',(-6.2441380326102,-25.15,20.439251480113));
#13348=CARTESIAN_POINT('',(-6.4441380326102,-25.15,20.439251480113));
#13349=CARTESIAN_POINT('',(-6.4441380326102,-25.15,20.239251480113));
#13350=CARTESIAN_POINT('Origin',(-6.2441380326102,-25.15,20.239251480113));
#13351=CARTESIAN_POINT('',(-6.4441380326102,-25.15,17.7916968417776));
#13352=CARTESIAN_POINT('',(-6.4441380326102,-25.15,20.439251480113));
#13353=CARTESIAN_POINT('',(-5.98131208163945,-25.15,17.7916968417776));
#13354=CARTESIAN_POINT('',(6.5139471661241,-25.15,17.7916968417776));
#13355=CARTESIAN_POINT('',(-5.98131208163945,-25.15,19.9341397053199));
#13356=CARTESIAN_POINT('',(-5.98131208163945,-25.15,19.9341397053199));
#13357=CARTESIAN_POINT('',(5.98131208163944,-25.15,19.9341397053199));
#13358=CARTESIAN_POINT('',(-5.98131208163945,-25.15,19.9341397053199));
#13359=CARTESIAN_POINT('',(5.98131208163944,-25.15,17.7916968417776));
#13360=CARTESIAN_POINT('',(5.98131208163944,-25.15,19.9341397053199));
#13361=CARTESIAN_POINT('',(6.44413803261022,-25.15,17.7916968417776));
#13362=CARTESIAN_POINT('',(6.5139471661241,-25.15,17.7916968417776));
#13363=CARTESIAN_POINT('',(6.44413803261022,-25.15,20.239251480113));
#13364=CARTESIAN_POINT('',(6.44413803261022,-25.15,20.439251480113));
#13365=CARTESIAN_POINT('Origin',(6.24413803261022,-25.15,20.239251480113));
#13366=CARTESIAN_POINT('Origin',(0.,-25.15,0.));
#13367=CARTESIAN_POINT('',(-6.4441380326102,-25.15,17.28743677));
#13368=CARTESIAN_POINT('',(-6.4441380326102,-25.15,15.866262579887));
#13369=CARTESIAN_POINT('',(-6.4441380326102,-25.15,20.439251480113));
#13370=CARTESIAN_POINT('',(-6.2441380326102,-25.15,15.6662625798871));
#13371=CARTESIAN_POINT('Origin',(-6.2441380326102,-25.15,15.866262579887));
#13372=CARTESIAN_POINT('',(-2.95759138002602,-25.15,15.6662625798871));
#13373=CARTESIAN_POINT('',(-6.4441380326102,-25.15,15.6662625798871));
#13374=CARTESIAN_POINT('',(-2.95759138002602,-25.15,15.8713743546801));
#13375=CARTESIAN_POINT('',(-2.95759138002602,-25.15,17.9559591518759));
#13376=CARTESIAN_POINT('',(-2.95759138002602,-25.15,17.9559591518759));
#13377=CARTESIAN_POINT('',(-5.98131208163945,-25.15,17.28743677));
#13378=CARTESIAN_POINT('',(-5.98131208163945,-25.15,19.9341397053199));
#13379=CARTESIAN_POINT('',(-6.50603553315926,-25.15,17.28743677));
#13380=CARTESIAN_POINT('Origin',(-1.64040045009627E-16,-19.15,0.));
#13381=CARTESIAN_POINT('',(7.,-19.15,21.));
#13382=CARTESIAN_POINT('',(-6.99999999999999,-19.15,21.));
#13383=CARTESIAN_POINT('',(7.,-19.15,21.));
#13384=CARTESIAN_POINT('',(-6.99999999999999,-19.15,15.));
#13385=CARTESIAN_POINT('',(-6.99999999999999,-19.15,21.));
#13386=CARTESIAN_POINT('',(7.,-19.15,15.));
#13387=CARTESIAN_POINT('',(-6.99999999999999,-19.15,15.));
#13388=CARTESIAN_POINT('',(7.,-19.15,15.));
#13389=CARTESIAN_POINT('',(6.24413803261022,-19.15,20.439251480113));
#13390=CARTESIAN_POINT('',(-6.2441380326102,-19.15,20.439251480113));
#13391=CARTESIAN_POINT('',(-6.4441380326102,-19.15,20.439251480113));
#13392=CARTESIAN_POINT('',(6.44413803261022,-19.15,20.239251480113));
#13393=CARTESIAN_POINT('Origin',(6.24413803261022,-19.15,20.239251480113));
#13394=CARTESIAN_POINT('',(6.44413803261022,-19.15,15.8662625798871));
#13395=CARTESIAN_POINT('',(6.44413803261022,-19.15,20.439251480113));
#13396=CARTESIAN_POINT('',(6.24413803261022,-19.15,15.6662625798871));
#13397=CARTESIAN_POINT('Origin',(6.24413803261022,-19.15,15.8662625798871));
#13398=CARTESIAN_POINT('',(-6.2441380326102,-19.15,15.6662625798871));
#13399=CARTESIAN_POINT('',(-6.4441380326102,-19.15,15.6662625798871));
#13400=CARTESIAN_POINT('',(-6.4441380326102,-19.15,15.866262579887));
#13401=CARTESIAN_POINT('Origin',(-6.2441380326102,-19.15,15.866262579887));
#13402=CARTESIAN_POINT('',(-6.4441380326102,-19.15,20.239251480113));
#13403=CARTESIAN_POINT('',(-6.4441380326102,-19.15,20.439251480113));
#13404=CARTESIAN_POINT('Origin',(-6.2441380326102,-19.15,20.239251480113));
#13405=CARTESIAN_POINT('',(-6.91263742609919,-19.15,20.7903865039785));
#13406=CARTESIAN_POINT('',(-6.91263742609919,-19.15,15.3685511151192));
#13407=CARTESIAN_POINT('',(-6.91263742609919,-19.15,20.8903865039785));
#13408=CARTESIAN_POINT('',(-6.81263742609919,-19.15,20.8903865039785));
#13409=CARTESIAN_POINT('Origin',(-6.81263742609919,-19.15,20.7903865039785));
#13410=CARTESIAN_POINT('',(6.81263742609919,-19.15,20.8903865039785));
#13411=CARTESIAN_POINT('',(-6.91263742609919,-19.15,20.8903865039785));
#13412=CARTESIAN_POINT('',(6.91263742609919,-19.15,20.7903865039785));
#13413=CARTESIAN_POINT('Origin',(6.81263742609919,-19.15,20.7903865039785));
#13414=CARTESIAN_POINT('',(6.9126374260992,-19.15,15.3685511151192));
#13415=CARTESIAN_POINT('',(6.91263742609919,-19.15,20.8903865039785));
#13416=CARTESIAN_POINT('',(6.7126374260992,-19.15,15.1685511151192));
#13417=CARTESIAN_POINT('Origin',(6.7126374260992,-19.15,15.3685511151192));
#13418=CARTESIAN_POINT('',(5.91755785021135,-19.15,15.1685511151192));
#13419=CARTESIAN_POINT('',(6.9126374260992,-19.15,15.1685511151192));
#13420=CARTESIAN_POINT('',(5.71755843850531,-19.15,15.3680660200363));
#13421=CARTESIAN_POINT('Origin',(5.91755785021135,-19.15,15.3685511151192));
#13422=CARTESIAN_POINT('',(5.91755785021135,-19.15,15.5675809249534));
#13423=CARTESIAN_POINT('Origin',(5.91755785021135,-19.15,15.3675809249534));
#13424=CARTESIAN_POINT('',(6.57262172842753,-19.15,15.5675809249534));
#13425=CARTESIAN_POINT('',(5.71755785021135,-19.15,15.5675809249534));
#13426=CARTESIAN_POINT('',(6.57262172842753,-19.15,20.5379331281475));
#13427=CARTESIAN_POINT('',(6.57262172842753,-19.15,15.5675809249534));
#13428=CARTESIAN_POINT('',(-6.57262172842753,-19.15,20.5379331281475));
#13429=CARTESIAN_POINT('',(-6.57262172842753,-19.15,20.5379331281475));
#13430=CARTESIAN_POINT('',(-6.57262172842753,-19.15,15.5675809249534));
#13431=CARTESIAN_POINT('',(-6.57262172842753,-19.15,15.5675809249534));
#13432=CARTESIAN_POINT('',(-5.91755785021134,-19.15,15.5675809249534));
#13433=CARTESIAN_POINT('',(-5.71755785021134,-19.15,15.5675809249534));
#13434=CARTESIAN_POINT('',(-5.71755843850531,-19.15,15.3680660200363));
#13435=CARTESIAN_POINT('Origin',(-5.91755785021134,-19.15,15.3675809249534));
#13436=CARTESIAN_POINT('',(-5.91755785021134,-19.15,15.1685511151192));
#13437=CARTESIAN_POINT('Origin',(-5.91755785021134,-19.15,15.3685511151192));
#13438=CARTESIAN_POINT('',(-6.71263742609919,-19.15,15.1685511151192));
#13439=CARTESIAN_POINT('',(-6.91263742609919,-19.15,15.1685511151192));
#13440=CARTESIAN_POINT('Origin',(-6.71263742609919,-19.15,15.3685511151192));
#13441=CARTESIAN_POINT('Origin',(0.,-24.65,0.));
#13442=CARTESIAN_POINT('',(-5.91755785021134,-24.65,15.1685511151192));
#13443=CARTESIAN_POINT('',(-5.71755843769827,-24.65,15.3680660198773));
#13444=CARTESIAN_POINT('Origin',(-5.91755785021134,-24.65,15.3685511151192));
#13445=CARTESIAN_POINT('',(-5.91755785021134,-24.65,15.5675809249534));
#13446=CARTESIAN_POINT('Origin',(-5.91755785021134,-24.65,15.3675809249534));
#13447=CARTESIAN_POINT('',(-6.57262172842753,-24.65,15.5675809249534));
#13448=CARTESIAN_POINT('',(-5.71755785021134,-24.65,15.5675809249534));
#13449=CARTESIAN_POINT('',(-6.57262172842753,-24.65,20.5379331281475));
#13450=CARTESIAN_POINT('',(-6.57262172842753,-24.65,15.5675809249534));
#13451=CARTESIAN_POINT('',(-6.57262172842753,-24.65,20.7903865039785));
#13452=CARTESIAN_POINT('',(-6.57262172842753,-24.65,20.5379331281475));
#13453=CARTESIAN_POINT('',(-6.91263742609919,-24.65,20.7903865039785));
#13454=CARTESIAN_POINT('',(1.0434677625913E-14,-24.65,20.7903865039785));
#13455=CARTESIAN_POINT('',(-6.91263742609919,-24.65,15.3685511151192));
#13456=CARTESIAN_POINT('',(-6.91263742609919,-24.65,20.8903865039785));
#13457=CARTESIAN_POINT('',(-6.71263742609919,-24.65,15.1685511151192));
#13458=CARTESIAN_POINT('Origin',(-6.71263742609919,-24.65,15.3685511151192));
#13459=CARTESIAN_POINT('',(-6.91263742609919,-24.65,15.1685511151192));
#13460=CARTESIAN_POINT('Origin',(0.,-24.65,0.));
#13461=CARTESIAN_POINT('',(6.57262172842753,-24.65,15.5675809249534));
#13462=CARTESIAN_POINT('',(5.91755785021135,-24.65,15.5675809249534));
#13463=CARTESIAN_POINT('',(5.71755785021135,-24.65,15.5675809249534));
#13464=CARTESIAN_POINT('',(5.71755843769828,-24.65,15.3680660198773));
#13465=CARTESIAN_POINT('Origin',(5.91755785021135,-24.65,15.3675809249534));
#13466=CARTESIAN_POINT('',(5.91755785021135,-24.65,15.1685511151192));
#13467=CARTESIAN_POINT('Origin',(5.91755785021135,-24.65,15.3685511151192));
#13468=CARTESIAN_POINT('',(6.7126374260992,-24.65,15.1685511151192));
#13469=CARTESIAN_POINT('',(6.9126374260992,-24.65,15.1685511151192));
#13470=CARTESIAN_POINT('',(6.9126374260992,-24.65,15.3685511151192));
#13471=CARTESIAN_POINT('Origin',(6.7126374260992,-24.65,15.3685511151192));
#13472=CARTESIAN_POINT('',(6.91263742609919,-24.65,20.7903865039785));
#13473=CARTESIAN_POINT('',(6.91263742609919,-24.65,20.8903865039785));
#13474=CARTESIAN_POINT('',(6.57262172842753,-24.65,20.7903865039785));
#13475=CARTESIAN_POINT('',(1.0434677625913E-14,-24.65,20.7903865039785));
#13476=CARTESIAN_POINT('',(6.57262172842753,-24.65,20.5379331281475));
#13477=CARTESIAN_POINT('',(6.57262172842753,-24.65,20.5379331281475));
#13478=CARTESIAN_POINT('',(6.57262172842753,-24.65,15.5675809249534));
#13479=CARTESIAN_POINT('Origin',(21.15,-21.15,13.));
#13480=CARTESIAN_POINT('',(16.9428932188134,-21.15,13.));
#13481=CARTESIAN_POINT('',(16.9428932188134,-21.15,22.5));
#13482=CARTESIAN_POINT('',(16.9428932188134,-21.15,23.));
#13483=CARTESIAN_POINT('',(7.,-21.15,22.5));
#13484=CARTESIAN_POINT('',(7.,-21.15,22.5));
#13485=CARTESIAN_POINT('',(7.,-21.15,21.5));
#13486=CARTESIAN_POINT('',(7.,-21.15,21.));
#13487=CARTESIAN_POINT('',(6.5,-21.15,21.));
#13488=CARTESIAN_POINT('Origin',(6.5,-21.15,21.5));
#13489=CARTESIAN_POINT('',(7.,-21.15,21.));
#13490=CARTESIAN_POINT('',(-6.99999999999999,-21.15,21.));
#13491=CARTESIAN_POINT('',(7.,-21.15,15.));
#13492=CARTESIAN_POINT('',(7.,-21.15,15.));
#13493=CARTESIAN_POINT('',(13.3295723862396,-21.15,15.));
#13494=CARTESIAN_POINT('',(21.15,-21.15,15.));
#13495=CARTESIAN_POINT('',(13.3295723862396,-21.15,13.));
#13496=CARTESIAN_POINT('',(13.3295723862396,-21.15,74.8495179596294));
#13497=CARTESIAN_POINT('',(21.15,-21.15,13.));
#13498=CARTESIAN_POINT('Origin',(21.15,-21.15,13.));
#13499=CARTESIAN_POINT('',(-6.99999999999999,-21.15,22.5));
#13500=CARTESIAN_POINT('',(-6.99999999999999,-21.15,21.5));
#13501=CARTESIAN_POINT('',(-6.99999999999999,-21.15,23.));
#13502=CARTESIAN_POINT('',(-16.9428932188134,-21.15,22.5));
#13503=CARTESIAN_POINT('',(-16.4428932188134,-21.15,22.5));
#13504=CARTESIAN_POINT('',(-16.9428932188134,-21.15,13.));
#13505=CARTESIAN_POINT('',(-16.9428932188134,-21.15,13.));
#13506=CARTESIAN_POINT('',(-13.3295723862395,-21.15,13.));
#13507=CARTESIAN_POINT('',(21.15,-21.15,13.));
#13508=CARTESIAN_POINT('',(-13.3295723862395,-21.15,15.));
#13509=CARTESIAN_POINT('',(-13.3295723862395,-21.15,74.8495179596294));
#13510=CARTESIAN_POINT('',(-6.99999999999999,-21.15,15.));
#13511=CARTESIAN_POINT('',(21.15,-21.15,15.));
#13512=CARTESIAN_POINT('',(-6.99999999999999,-21.15,21.));
#13513=CARTESIAN_POINT('',(-6.99999999999999,-21.15,21.));
#13514=CARTESIAN_POINT('',(-6.49999999999999,-21.15,21.));
#13515=CARTESIAN_POINT('',(-6.99999999999999,-21.15,21.));
#13516=CARTESIAN_POINT('Origin',(-6.49999999999999,-21.15,21.5));
#13517=CARTESIAN_POINT('Origin',(-15.5000000000002,15.499999999999,22.5));
#13518=CARTESIAN_POINT('',(-15.9464067693921,15.0755053452223,22.5));
#13519=CARTESIAN_POINT('',(-16.783075227959,15.0755053452224,22.5));
#13520=CARTESIAN_POINT('',(-15.9464067693921,15.0755053452223,22.5));
#13521=CARTESIAN_POINT('Origin',(-15.5000000000002,15.499999999999,22.5));
#13522=CARTESIAN_POINT('',(-15.0535932306082,15.0755053452223,22.5));
#13523=CARTESIAN_POINT('',(-15.0535932306082,15.0755053452223,22.5));
#13524=CARTESIAN_POINT('',(-15.0535932306082,15.0755053452223,22.5));
#13525=CARTESIAN_POINT('Origin',(-15.5000000000002,15.499999999999,22.5));
#13526=CARTESIAN_POINT('',(-14.2169247720412,15.9244946547756,22.5));
#13527=CARTESIAN_POINT('Origin',(-15.5000000000002,15.499999999999,22.5));
#13528=CARTESIAN_POINT('',(-15.0535932306082,15.9244946547756,22.5));
#13529=CARTESIAN_POINT('',(-15.0535932306082,15.9244946547756,22.5));
#13530=CARTESIAN_POINT('',(-15.0535932306082,16.849306666066,22.5));
#13531=CARTESIAN_POINT('Origin',(-15.5000000000002,15.499999999999,22.5));
#13532=CARTESIAN_POINT('',(-15.9464067693921,15.9244946547756,22.5));
#13533=CARTESIAN_POINT('',(-15.9464067693921,16.849306666066,22.5));
#13534=CARTESIAN_POINT('',(-15.9464067693921,15.9244946547756,22.5));
#13535=CARTESIAN_POINT('Origin',(15.4999999999998,15.5000000000002,22.5));
#13536=CARTESIAN_POINT('',(15.0755053452224,15.0535932306082,22.5));
#13537=CARTESIAN_POINT('',(15.0755053452224,15.0535932306082,22.5));
#13538=CARTESIAN_POINT('',(15.0755053452224,15.0535932306082,22.5));
#13539=CARTESIAN_POINT('Origin',(15.4999999999998,15.5000000000002,22.5));
#13540=CARTESIAN_POINT('',(15.9244946547757,14.2169247720412,22.5));
#13541=CARTESIAN_POINT('Origin',(15.4999999999998,15.5000000000002,22.5));
#13542=CARTESIAN_POINT('',(15.9244946547757,15.0535932306082,22.5));
#13543=CARTESIAN_POINT('',(15.9244946547757,15.0535932306082,22.5));
#13544=CARTESIAN_POINT('',(16.849306666066,15.0535932306082,22.5));
#13545=CARTESIAN_POINT('Origin',(15.4999999999998,15.5000000000002,22.5));
#13546=CARTESIAN_POINT('',(15.9244946547757,15.946406769392,22.5));
#13547=CARTESIAN_POINT('',(16.849306666066,15.946406769392,22.5));
#13548=CARTESIAN_POINT('',(15.9244946547757,15.946406769392,22.5));
#13549=CARTESIAN_POINT('Origin',(15.4999999999998,15.5000000000002,22.5));
#13550=CARTESIAN_POINT('',(15.9244946547757,16.7830752279591,22.5));
#13551=CARTESIAN_POINT('Origin',(15.500000000001,-15.4999999999998,22.5));
#13552=CARTESIAN_POINT('',(15.0535932306081,-15.9244946547757,22.5));
#13553=CARTESIAN_POINT('',(15.0535932306081,-15.9244946547757,22.5));
#13554=CARTESIAN_POINT('',(15.0535932306081,-16.8493066660661,22.5));
#13555=CARTESIAN_POINT('Origin',(15.500000000001,-15.4999999999998,22.5));
#13556=CARTESIAN_POINT('',(15.946406769392,-15.9244946547758,22.5));
#13557=CARTESIAN_POINT('',(15.946406769392,-16.8493066660661,22.5));
#13558=CARTESIAN_POINT('',(15.946406769392,-15.9244946547758,22.5));
#13559=CARTESIAN_POINT('Origin',(15.500000000001,-15.4999999999998,22.5));
#13560=CARTESIAN_POINT('',(16.783075227959,-15.9244946547758,22.5));
#13561=CARTESIAN_POINT('Origin',(15.500000000001,-15.4999999999998,22.5));
#13562=CARTESIAN_POINT('',(15.946406769392,-15.0755053452224,22.5));
#13563=CARTESIAN_POINT('',(16.783075227959,-15.0755053452224,22.5));
#13564=CARTESIAN_POINT('',(15.946406769392,-15.0755053452224,22.5));
#13565=CARTESIAN_POINT('Origin',(15.500000000001,-15.4999999999998,22.5));
#13566=CARTESIAN_POINT('',(15.0535932306081,-15.0755053452224,22.5));
#13567=CARTESIAN_POINT('',(15.0535932306081,-15.0755053452224,22.5));
#13568=CARTESIAN_POINT('',(15.0535932306081,-15.0755053452224,22.5));
#13569=CARTESIAN_POINT('Origin',(-15.499999999999,-15.500000000001,22.5));
#13570=CARTESIAN_POINT('',(-15.9244946547758,-15.9464067693919,22.5));
#13571=CARTESIAN_POINT('',(-16.8493066660661,-15.9464067693919,22.5));
#13572=CARTESIAN_POINT('',(-15.9244946547758,-15.9464067693919,22.5));
#13573=CARTESIAN_POINT('Origin',(-15.499999999999,-15.500000000001,22.5));
#13574=CARTESIAN_POINT('',(-15.9244946547758,-16.7830752279589,22.5));
#13575=CARTESIAN_POINT('Origin',(-15.499999999999,-15.500000000001,22.5));
#13576=CARTESIAN_POINT('',(-15.0755053452225,-15.9464067693919,22.5));
#13577=CARTESIAN_POINT('',(-15.0755053452225,-16.783075227959,22.5));
#13578=CARTESIAN_POINT('',(-15.0755053452225,-15.9464067693919,22.5));
#13579=CARTESIAN_POINT('Origin',(-15.499999999999,-15.500000000001,22.5));
#13580=CARTESIAN_POINT('',(-15.0755053452225,-15.0535932306081,22.5));
#13581=CARTESIAN_POINT('',(-15.0755053452225,-15.0535932306081,22.5));
#13582=CARTESIAN_POINT('',(-15.0755053452225,-15.0535932306081,22.5));
#13583=CARTESIAN_POINT('Origin',(-15.499999999999,-15.500000000001,22.5));
#13584=CARTESIAN_POINT('',(-15.9244946547758,-14.2169247720411,22.5));
#13585=CARTESIAN_POINT('Origin',(15.500000000001,-15.4999999999998,21.));
#13586=CARTESIAN_POINT('Origin',(-15.499999999999,-15.500000000001,21.));
#13587=CARTESIAN_POINT('Origin',(15.4999999999998,15.5000000000002,21.));
#13588=CARTESIAN_POINT('Origin',(-15.5000000000002,15.499999999999,21.));
#13589=CARTESIAN_POINT('Origin',(0.,0.,-2.));
#13590=CARTESIAN_POINT('Origin',(0.,0.,0.));
#13591=CARTESIAN_POINT('',(20.65,16.9428932188134,0.));
#13592=CARTESIAN_POINT('',(20.65,-16.9428932188135,0.));
#13593=CARTESIAN_POINT('',(20.65,-17.15,0.));
#13594=CARTESIAN_POINT('',(16.9428932188134,-20.65,0.));
#13595=CARTESIAN_POINT('',(18.7964466094067,-18.7964466094067,0.));
#13596=CARTESIAN_POINT('',(-16.9428932188135,-20.65,0.));
#13597=CARTESIAN_POINT('',(-17.15,-20.65,0.));
#13598=CARTESIAN_POINT('',(-20.65,-16.9428932188135,0.));
#13599=CARTESIAN_POINT('',(-18.7964466094068,-18.7964466094067,0.));
#13600=CARTESIAN_POINT('',(-20.65,16.9428932188135,0.));
#13601=CARTESIAN_POINT('',(-20.65,17.15,0.));
#13602=CARTESIAN_POINT('',(-16.9428932188134,20.65,0.));
#13603=CARTESIAN_POINT('',(-18.7964466094067,18.7964466094068,0.));
#13604=CARTESIAN_POINT('',(16.9428932188135,20.65,0.));
#13605=CARTESIAN_POINT('',(17.15,20.65,0.));
#13606=CARTESIAN_POINT('',(18.7964466094068,18.7964466094067,0.));
#13607=CARTESIAN_POINT('Origin',(0.,0.,-53.8495179596294));
#13608=CARTESIAN_POINT('',(-21.15,13.3295723862396,6.));
#13609=CARTESIAN_POINT('',(-21.15,13.3295723862396,8.));
#13610=CARTESIAN_POINT('',(-21.15,13.3295723862396,74.8495179596294));
#13611=CARTESIAN_POINT('',(-21.16,13.3136922001374,6.));
#13612=CARTESIAN_POINT('Origin',(0.,0.,6.));
#13613=CARTESIAN_POINT('',(-21.16,13.3136922001374,15.));
#13614=CARTESIAN_POINT('',(-21.16,13.3136922001374,-53.8495179596294));
#13615=CARTESIAN_POINT('',(-21.15,13.3295723862396,15.));
#13616=CARTESIAN_POINT('Origin',(0.,0.,15.));
#13617=CARTESIAN_POINT('',(-21.15,13.3295723862396,13.));
#13618=CARTESIAN_POINT('',(-21.15,13.3295723862396,74.8495179596294));
#13619=CARTESIAN_POINT('',(-13.3295723862396,21.15,13.));
#13620=CARTESIAN_POINT('Origin',(0.,0.,13.));
#13621=CARTESIAN_POINT('',(-13.3295723862396,21.15,15.));
#13622=CARTESIAN_POINT('',(-13.3295723862396,21.15,74.8495179596294));
#13623=CARTESIAN_POINT('',(-13.3136922001374,21.16,15.));
#13624=CARTESIAN_POINT('Origin',(0.,0.,15.));
#13625=CARTESIAN_POINT('',(-13.3136922001374,21.16,6.));
#13626=CARTESIAN_POINT('',(-13.3136922001374,21.16,-53.8495179596294));
#13627=CARTESIAN_POINT('',(-13.3295723862396,21.15,6.));
#13628=CARTESIAN_POINT('Origin',(0.,0.,6.));
#13629=CARTESIAN_POINT('',(-13.3295723862396,21.15,8.));
#13630=CARTESIAN_POINT('',(-13.3295723862396,21.15,74.8495179596294));
#13631=CARTESIAN_POINT('Origin',(0.,0.,7.99999999999999));
#13632=CARTESIAN_POINT('Origin',(0.,0.,-53.8495179596294));
#13633=CARTESIAN_POINT('',(-21.15,-13.3295723862396,8.));
#13634=CARTESIAN_POINT('',(-21.15,-13.3295723862396,6.));
#13635=CARTESIAN_POINT('',(-21.15,-13.3295723862396,74.8495179596294));
#13636=CARTESIAN_POINT('',(-13.3295723862395,-21.15,8.));
#13637=CARTESIAN_POINT('Origin',(0.,0.,7.99999999999999));
#13638=CARTESIAN_POINT('',(-13.3295723862396,-21.15,6.));
#13639=CARTESIAN_POINT('',(-13.3295723862395,-21.15,74.8495179596294));
#13640=CARTESIAN_POINT('',(-13.3136922001374,-21.16,6.));
#13641=CARTESIAN_POINT('Origin',(0.,0.,6.));
#13642=CARTESIAN_POINT('',(-13.3136922001374,-21.16,15.));
#13643=CARTESIAN_POINT('',(-13.3136922001374,-21.16,-53.8495179596294));
#13644=CARTESIAN_POINT('Origin',(0.,0.,15.));
#13645=CARTESIAN_POINT('',(-21.15,-13.3295723862396,13.));
#13646=CARTESIAN_POINT('Origin',(0.,0.,13.));
#13647=CARTESIAN_POINT('',(-21.15,-13.3295723862396,15.));
#13648=CARTESIAN_POINT('',(-21.15,-13.3295723862396,74.8495179596294));
#13649=CARTESIAN_POINT('',(-21.16,-13.3136922001374,15.));
#13650=CARTESIAN_POINT('Origin',(0.,0.,15.));
#13651=CARTESIAN_POINT('',(-21.16,-13.3136922001374,6.));
#13652=CARTESIAN_POINT('',(-21.16,-13.3136922001374,-53.8495179596294));
#13653=CARTESIAN_POINT('Origin',(0.,0.,6.));
#13654=CARTESIAN_POINT('Origin',(0.,0.,-53.8495179596294));
#13655=CARTESIAN_POINT('',(13.3295723862397,-21.1499999999999,8.));
#13656=CARTESIAN_POINT('',(13.3295723862396,-21.15,6.));
#13657=CARTESIAN_POINT('',(13.3295723862396,-21.15,74.8495179596294));
#13658=CARTESIAN_POINT('',(21.15,-13.3295723862396,8.));
#13659=CARTESIAN_POINT('Origin',(0.,0.,7.99999999999999));
#13660=CARTESIAN_POINT('',(21.15,-13.3295723862396,5.90050125628934));
#13661=CARTESIAN_POINT('',(21.15,-13.3295723862396,74.8495179596294));
#13662=CARTESIAN_POINT('',(21.16,-13.3136922001374,6.));
#13663=CARTESIAN_POINT('Ctrl Pts',(21.15,-13.3295723862395,5.90050125628935));
#13664=CARTESIAN_POINT('Ctrl Pts',(21.15,-13.3295723862395,5.93144873116386));
#13665=CARTESIAN_POINT('Ctrl Pts',(21.152908300343,-13.3249607038626,5.962075334302));
#13666=CARTESIAN_POINT('Ctrl Pts',(21.1588732610069,-13.3154828312255,5.99432645552961));
#13667=CARTESIAN_POINT('Ctrl Pts',(21.1594251894272,-13.3146057702829,5.99716923882504));
#13668=CARTESIAN_POINT('Ctrl Pts',(21.16,-13.3136922001374,5.99999999999999));
#13669=CARTESIAN_POINT('',(21.16,-13.3136922001374,15.));
#13670=CARTESIAN_POINT('',(21.16,-13.3136922001374,-53.8495179596294));
#13671=CARTESIAN_POINT('',(21.15,-13.3295723862396,15.));
#13672=CARTESIAN_POINT('Origin',(0.,0.,15.));
#13673=CARTESIAN_POINT('',(21.15,-13.3295723862396,13.));
#13674=CARTESIAN_POINT('',(21.15,-13.3295723862396,74.8495179596294));
#13675=CARTESIAN_POINT('Origin',(0.,0.,13.));
#13676=CARTESIAN_POINT('',(13.3136922001374,-21.16,15.));
#13677=CARTESIAN_POINT('Origin',(0.,0.,15.));
#13678=CARTESIAN_POINT('',(13.3136922001374,-21.16,6.));
#13679=CARTESIAN_POINT('',(13.3136922001374,-21.16,-53.8495179596294));
#13680=CARTESIAN_POINT('Origin',(0.,0.,6.));
#13681=CARTESIAN_POINT('Origin',(0.,0.,-53.8495179596294));
#13682=CARTESIAN_POINT('',(21.15,13.3295723862395,8.));
#13683=CARTESIAN_POINT('',(21.15,13.3295723862396,5.90050125628934));
#13684=CARTESIAN_POINT('',(21.15,13.3295723862396,74.8495179596294));
#13685=CARTESIAN_POINT('',(13.3295723862396,21.15,8.));
#13686=CARTESIAN_POINT('Origin',(0.,0.,7.99999999999999));
#13687=CARTESIAN_POINT('',(13.3295723862396,21.15,6.));
#13688=CARTESIAN_POINT('',(13.3295723862396,21.15,74.8495179596294));
#13689=CARTESIAN_POINT('',(13.3136922001374,21.16,6.));
#13690=CARTESIAN_POINT('Origin',(0.,0.,6.));
#13691=CARTESIAN_POINT('',(13.3136922001374,21.16,15.));
#13692=CARTESIAN_POINT('',(13.3136922001374,21.16,-53.8495179596294));
#13693=CARTESIAN_POINT('',(13.3295723862396,21.15,15.));
#13694=CARTESIAN_POINT('Origin',(0.,0.,15.));
#13695=CARTESIAN_POINT('',(13.3295723862396,21.15,13.));
#13696=CARTESIAN_POINT('',(13.3295723862396,21.15,74.8495179596294));
#13697=CARTESIAN_POINT('',(21.15,13.3295723862396,13.));
#13698=CARTESIAN_POINT('Origin',(0.,0.,13.));
#13699=CARTESIAN_POINT('',(21.15,13.3295723862396,15.));
#13700=CARTESIAN_POINT('',(21.15,13.3295723862396,74.8495179596294));
#13701=CARTESIAN_POINT('',(21.16,13.3136922001374,15.));
#13702=CARTESIAN_POINT('Origin',(0.,0.,15.));
#13703=CARTESIAN_POINT('',(21.16,13.3136922001374,6.));
#13704=CARTESIAN_POINT('',(21.16,13.3136922001374,-53.8495179596294));
#13705=CARTESIAN_POINT('Ctrl Pts',(21.16,13.3136922001374,5.99999999999999));
#13706=CARTESIAN_POINT('Ctrl Pts',(21.1594251894272,13.3146057702828,5.99716923882503));
#13707=CARTESIAN_POINT('Ctrl Pts',(21.1588732610069,13.3154828312255,5.99432645552961));
#13708=CARTESIAN_POINT('Ctrl Pts',(21.152908300343,13.3249607038626,5.962075334302));
#13709=CARTESIAN_POINT('Ctrl Pts',(21.15,13.3295723862395,5.93144873116386));
#13710=CARTESIAN_POINT('Ctrl Pts',(21.15,13.3295723862395,5.90050125628935));
#13711=CARTESIAN_POINT('Origin',(0.,0.,6.));
#13712=CARTESIAN_POINT('',(-21.15,-21.15,6.));
#13713=CARTESIAN_POINT('',(-21.16,1.10282702048017E-14,6.));
#13714=CARTESIAN_POINT('Origin',(0.,0.,6.));
#13715=CARTESIAN_POINT('',(21.15,-21.15,6.));
#13716=CARTESIAN_POINT('',(0.,-21.16,6.));
#13717=CARTESIAN_POINT('Origin',(0.,0.,6.));
#13718=CARTESIAN_POINT('',(0.,21.15,6.));
#13719=CARTESIAN_POINT('',(0.,21.16,6.));
#13720=CARTESIAN_POINT('Origin',(0.,0.,13.));
#13721=CARTESIAN_POINT('',(-21.0035533905933,17.2964466094067,13.));
#13722=CARTESIAN_POINT('',(-17.2964466094067,21.0035533905933,13.));
#13723=CARTESIAN_POINT('',(-17.15,21.15,13.));
#13724=CARTESIAN_POINT('',(-16.9428932188135,21.15,13.));
#13725=CARTESIAN_POINT('Origin',(-16.9428932188135,20.65,13.));
#13726=CARTESIAN_POINT('',(-21.15,21.15,13.));
#13727=CARTESIAN_POINT('',(-21.15,16.9428932188135,13.));
#13728=CARTESIAN_POINT('',(-21.15,-21.15,13.));
#13729=CARTESIAN_POINT('Origin',(-20.65,16.9428932188135,13.));
#13730=CARTESIAN_POINT('Origin',(0.,0.,13.));
#13731=CARTESIAN_POINT('',(-17.2964466094067,-21.0035533905933,13.));
#13732=CARTESIAN_POINT('',(-21.0035533905933,-17.2964466094067,13.));
#13733=CARTESIAN_POINT('',(-21.15,-17.15,13.));
#13734=CARTESIAN_POINT('',(-21.15,-16.9428932188135,13.));
#13735=CARTESIAN_POINT('Origin',(-20.65,-16.9428932188135,13.));
#13736=CARTESIAN_POINT('',(-21.15,-21.15,13.));
#13737=CARTESIAN_POINT('Origin',(-16.9428932188134,-20.65,13.));
#13738=CARTESIAN_POINT('Origin',(0.,0.,13.));
#13739=CARTESIAN_POINT('',(21.15,-16.9428932188134,13.));
#13740=CARTESIAN_POINT('',(21.15,21.15,13.));
#13741=CARTESIAN_POINT('',(21.0035533905933,-17.2964466094067,13.));
#13742=CARTESIAN_POINT('Origin',(20.65,-16.9428932188134,13.));
#13743=CARTESIAN_POINT('',(17.2964466094067,-21.0035533905933,13.));
#13744=CARTESIAN_POINT('',(17.15,-21.15,13.));
#13745=CARTESIAN_POINT('Origin',(16.9428932188134,-20.65,13.));
#13746=CARTESIAN_POINT('Origin',(-21.15,-21.15,13.));
#13747=CARTESIAN_POINT('',(-21.15,-16.9428932188135,22.5));
#13748=CARTESIAN_POINT('',(-21.15,-16.9428932188135,23.));
#13749=CARTESIAN_POINT('',(-21.15,16.9428932188135,22.5));
#13750=CARTESIAN_POINT('',(-21.15,17.15,22.5));
#13751=CARTESIAN_POINT('',(-21.15,16.9428932188135,13.));
#13752=CARTESIAN_POINT('',(-21.15,-21.15,15.));
#13753=CARTESIAN_POINT('Origin',(21.15,21.15,13.));
#13754=CARTESIAN_POINT('',(21.15,16.9428932188134,22.5));
#13755=CARTESIAN_POINT('',(21.15,-16.9428932188134,22.5));
#13756=CARTESIAN_POINT('',(21.15,-17.15,22.5));
#13757=CARTESIAN_POINT('',(21.15,-16.9428932188134,13.));
#13758=CARTESIAN_POINT('',(21.15,21.15,15.));
#13759=CARTESIAN_POINT('',(21.15,16.9428932188134,13.));
#13760=CARTESIAN_POINT('',(21.15,21.15,13.));
#13761=CARTESIAN_POINT('',(21.15,16.9428932188134,23.));
#13762=CARTESIAN_POINT('Origin',(0.,21.15,13.));
#13763=CARTESIAN_POINT('',(-16.9428932188135,21.15,22.5));
#13764=CARTESIAN_POINT('',(-16.9428932188135,21.15,23.));
#13765=CARTESIAN_POINT('',(16.9428932188134,21.15,22.5));
#13766=CARTESIAN_POINT('',(17.15,21.15,22.5));
#13767=CARTESIAN_POINT('',(16.9428932188134,21.15,13.));
#13768=CARTESIAN_POINT('',(16.9428932188134,21.15,13.));
#13769=CARTESIAN_POINT('',(-21.15,21.15,13.));
#13770=CARTESIAN_POINT('',(0.,21.15,15.));
#13771=CARTESIAN_POINT('Origin',(0.,0.,13.));
#13772=CARTESIAN_POINT('',(17.2964466094067,21.0035533905933,13.));
#13773=CARTESIAN_POINT('',(21.0035533905933,17.2964466094067,13.));
#13774=CARTESIAN_POINT('',(21.15,17.15,13.));
#13775=CARTESIAN_POINT('Origin',(20.65,16.9428932188134,13.));
#13776=CARTESIAN_POINT('Origin',(16.9428932188134,20.65,13.));
#13777=CARTESIAN_POINT('Origin',(0.,0.,23.));
#13778=CARTESIAN_POINT('',(6.5,-24.65,23.));
#13779=CARTESIAN_POINT('',(6.5,-20.65,23.));
#13780=CARTESIAN_POINT('',(6.5,-21.15,23.));
#13781=CARTESIAN_POINT('',(16.9428932188134,-20.65,23.));
#13782=CARTESIAN_POINT('',(16.4428932188134,-20.65,23.));
#13783=CARTESIAN_POINT('',(20.65,-16.9428932188134,23.));
#13784=CARTESIAN_POINT('',(18.7964466094067,-18.7964466094067,23.));
#13785=CARTESIAN_POINT('',(20.65,16.9428932188134,23.));
#13786=CARTESIAN_POINT('',(20.65,17.15,23.));
#13787=CARTESIAN_POINT('',(16.9428932188134,20.65,23.));
#13788=CARTESIAN_POINT('',(18.7964466094067,18.7964466094068,23.));
#13789=CARTESIAN_POINT('',(-16.9428932188135,20.65,23.));
#13790=CARTESIAN_POINT('',(-17.15,20.65,23.));
#13791=CARTESIAN_POINT('',(-20.65,16.9428932188135,23.));
#13792=CARTESIAN_POINT('',(-18.7964466094068,18.7964466094067,23.));
#13793=CARTESIAN_POINT('',(-20.65,-16.9428932188135,23.));
#13794=CARTESIAN_POINT('',(-20.65,-17.15,23.));
#13795=CARTESIAN_POINT('',(-16.9428932188134,-20.65,23.));
#13796=CARTESIAN_POINT('',(-18.7964466094067,-18.7964466094068,23.));
#13797=CARTESIAN_POINT('',(-6.49999999999999,-20.65,23.));
#13798=CARTESIAN_POINT('',(-6.99999999999999,-20.65,23.));
#13799=CARTESIAN_POINT('',(-6.49999999999999,-24.65,23.));
#13800=CARTESIAN_POINT('',(-6.49999999999999,-25.15,23.));
#13801=CARTESIAN_POINT('',(0.,-24.65,23.));
#13802=CARTESIAN_POINT('Origin',(0.,0.,15.));
#13803=CARTESIAN_POINT('',(-21.16,1.10282702048017E-14,15.));
#13804=CARTESIAN_POINT('Origin',(0.,0.,15.));
#13805=CARTESIAN_POINT('',(7.,-19.15,15.));
#13806=CARTESIAN_POINT('',(-6.99999999999999,-19.15,15.));
#13807=CARTESIAN_POINT('',(0.,-21.16,15.));
#13808=CARTESIAN_POINT('Origin',(0.,0.,15.));
#13809=CARTESIAN_POINT('',(21.16,0.,15.));
#13810=CARTESIAN_POINT('Origin',(0.,0.,15.));
#13811=CARTESIAN_POINT('',(0.,21.16,15.));
#13812=CARTESIAN_POINT('Origin',(-21.16,1.10282702048017E-14,-53.8495179596294));
#13813=CARTESIAN_POINT('Origin',(0.,-21.16,-53.8495179596294));
#13814=CARTESIAN_POINT('Origin',(21.16,0.,-53.8495179596294));
#13815=CARTESIAN_POINT('',(21.16,0.,6.));
#13816=CARTESIAN_POINT('Origin',(0.,21.16,-53.8495179596294));
#13817=CARTESIAN_POINT('Origin',(0.,0.,8.));
#13818=CARTESIAN_POINT('',(-17.2964466094067,21.0035533905933,8.));
#13819=CARTESIAN_POINT('',(-21.0035533905933,17.2964466094067,8.));
#13820=CARTESIAN_POINT('',(-19.15,19.15,8.));
#13821=CARTESIAN_POINT('',(-21.15,16.9428932188135,8.));
#13822=CARTESIAN_POINT('Origin',(-20.65,16.9428932188135,8.));
#13823=CARTESIAN_POINT('',(-21.15,21.15,8.));
#13824=CARTESIAN_POINT('',(-16.9428932188134,21.15,8.));
#13825=CARTESIAN_POINT('',(21.15,21.15,8.));
#13826=CARTESIAN_POINT('Origin',(-16.9428932188134,20.65,8.));
#13827=CARTESIAN_POINT('Origin',(0.,0.,8.));
#13828=CARTESIAN_POINT('',(-21.15,-16.9428932188135,8.));
#13829=CARTESIAN_POINT('',(-21.15,21.15,8.));
#13830=CARTESIAN_POINT('',(-21.0035533905933,-17.2964466094067,8.));
#13831=CARTESIAN_POINT('Origin',(-20.65,-16.9428932188135,8.));
#13832=CARTESIAN_POINT('',(-17.15,-21.15,8.));
#13833=CARTESIAN_POINT('',(-19.15,-19.15,8.));
#13834=CARTESIAN_POINT('',(-21.15,-21.15,8.));
#13835=CARTESIAN_POINT('Origin',(0.,0.,8.));
#13836=CARTESIAN_POINT('',(16.9428932188134,-21.1499999999999,8.));
#13837=CARTESIAN_POINT('',(-21.15,-21.15,8.));
#13838=CARTESIAN_POINT('',(17.2964466094067,-21.0035533905933,8.));
#13839=CARTESIAN_POINT('Origin',(16.9428932188134,-20.65,8.));
#13840=CARTESIAN_POINT('',(21.0035533905933,-17.2964466094067,8.));
#13841=CARTESIAN_POINT('',(19.15,-19.15,8.));
#13842=CARTESIAN_POINT('',(21.1500000000001,-16.9428932188135,8.));
#13843=CARTESIAN_POINT('Origin',(20.65,-16.9428932188135,8.));
#13844=CARTESIAN_POINT('',(21.1500000000001,-21.1499999999998,8.));
#13845=CARTESIAN_POINT('Origin',(-21.15,-21.15,10.));
#13846=CARTESIAN_POINT('',(-21.15,16.9428932188135,0.5));
#13847=CARTESIAN_POINT('',(-21.15,-16.9428932188135,0.5));
#13848=CARTESIAN_POINT('',(-21.15,-17.15,0.5));
#13849=CARTESIAN_POINT('',(-21.15,-16.9428932188135,8.));
#13850=CARTESIAN_POINT('',(-21.15,16.9428932188135,0.));
#13851=CARTESIAN_POINT('Origin',(21.15,-21.15,10.));
#13852=CARTESIAN_POINT('',(-17.15,-21.15,0.5));
#13853=CARTESIAN_POINT('',(16.9428932188134,-21.15,0.5));
#13854=CARTESIAN_POINT('',(17.15,-21.15,0.5));
#13855=CARTESIAN_POINT('',(16.9428932188134,-21.15,8.));
#13856=CARTESIAN_POINT('',(-17.15,-21.15,10.));
#13857=CARTESIAN_POINT('Origin',(21.15,21.15,10.));
#13858=CARTESIAN_POINT('',(21.15,21.15,5.90050125628934));
#13859=CARTESIAN_POINT('',(21.15,-16.9428932188135,0.5));
#13860=CARTESIAN_POINT('',(21.15,-16.9428932188135,0.));
#13861=CARTESIAN_POINT('',(21.15,16.9428932188134,0.5));
#13862=CARTESIAN_POINT('',(21.15,17.15,0.5));
#13863=CARTESIAN_POINT('',(21.15,16.9428932188134,8.));
#13864=CARTESIAN_POINT('',(21.15,16.9428932188134,8.));
#13865=CARTESIAN_POINT('',(21.1500000000001,-21.1499999999998,8.));
#13866=CARTESIAN_POINT('Origin',(0.,21.15,10.));
#13867=CARTESIAN_POINT('',(16.9428932188135,21.15,0.5));
#13868=CARTESIAN_POINT('',(-16.9428932188134,21.15,0.5));
#13869=CARTESIAN_POINT('',(-17.15,21.15,0.5));
#13870=CARTESIAN_POINT('',(-16.9428932188134,21.15,8.));
#13871=CARTESIAN_POINT('',(16.9428932188135,21.15,8.));
#13872=CARTESIAN_POINT('',(21.15,21.15,8.));
#13873=CARTESIAN_POINT('',(16.9428932188135,21.15,0.));
#13874=CARTESIAN_POINT('Origin',(0.,0.,8.));
#13875=CARTESIAN_POINT('',(21.0035533905933,17.2964466094067,8.));
#13876=CARTESIAN_POINT('Origin',(20.65,16.9428932188134,8.));
#13877=CARTESIAN_POINT('',(17.2964466094067,21.0035533905933,8.));
#13878=CARTESIAN_POINT('',(19.15,19.15,8.));
#13879=CARTESIAN_POINT('Origin',(16.9428932188135,20.65,8.));
#13880=CARTESIAN_POINT('Origin',(0.,0.,-1.73472347597681E-15));
#13881=CARTESIAN_POINT('Origin',(0.,0.,1.));
#13882=CARTESIAN_POINT('Origin',(-0.63621272960356,4.,-3.));
#13883=CARTESIAN_POINT('',(-0.63621272960356,2.,-3.));
#13884=CARTESIAN_POINT('Origin',(0.,2.,0.));
#13885=CARTESIAN_POINT('Origin',(0.,0.,-20.));
#13886=CARTESIAN_POINT('Origin',(0.,0.,21.));
#13887=CARTESIAN_POINT('Origin',(0.,0.,20.));
#13888=CARTESIAN_POINT('Origin',(0.,0.,21.));
#13889=CARTESIAN_POINT('Origin',(-15.5000000000002,15.499999999999,22.5));
#13890=CARTESIAN_POINT('',(-16.7830752279591,15.9244946547757,22.5));
#13891=CARTESIAN_POINT('Origin',(15.4999999999998,15.5000000000002,22.5));
#13892=CARTESIAN_POINT('',(15.0755053452224,15.946406769392,22.5));
#13893=CARTESIAN_POINT('',(15.0755053452224,16.7830752279591,22.5));
#13894=CARTESIAN_POINT('',(15.0755053452224,15.946406769392,22.5));
#13895=CARTESIAN_POINT('Origin',(-15.499999999999,-15.500000000001,22.5));
#13896=CARTESIAN_POINT('',(-15.9244946547758,-15.0535932306081,22.5));
#13897=CARTESIAN_POINT('',(-15.9244946547758,-15.0535932306081,22.5));
#13898=CARTESIAN_POINT('',(-16.8493066660661,-15.0535932306081,22.5));
#13899=CARTESIAN_POINT('Origin',(15.500000000001,-15.4999999999998,22.5));
#13900=CARTESIAN_POINT('',(14.2169247720411,-15.9244946547757,22.5));
#13901=CARTESIAN_POINT('Origin',(-21.15,-17.15,13.));
#13902=CARTESIAN_POINT('',(-17.2964466094067,-21.0035533905933,22.5));
#13903=CARTESIAN_POINT('',(-21.0035533905933,-17.2964466094067,22.5));
#13904=CARTESIAN_POINT('',(-21.15,-17.15,22.5));
#13905=CARTESIAN_POINT('',(-21.0035533905933,-17.2964466094067,13.));
#13906=CARTESIAN_POINT('',(-17.2964466094067,-21.0035533905933,23.));
#13907=CARTESIAN_POINT('Origin',(-17.15,-21.15,10.));
#13908=CARTESIAN_POINT('',(-21.0035533905933,-17.2964466094067,0.5));
#13909=CARTESIAN_POINT('',(-21.0035533905933,-17.2964466094067,0.));
#13910=CARTESIAN_POINT('',(-17.15,-21.15,0.5));
#13911=CARTESIAN_POINT('Origin',(17.15,-21.15,13.));
#13912=CARTESIAN_POINT('',(21.0035533905933,-17.2964466094067,22.5));
#13913=CARTESIAN_POINT('',(21.0035533905933,-17.2964466094067,23.));
#13914=CARTESIAN_POINT('',(17.2964466094067,-21.0035533905933,22.5));
#13915=CARTESIAN_POINT('',(17.15,-21.15,22.5));
#13916=CARTESIAN_POINT('',(17.2964466094067,-21.0035533905933,13.));
#13917=CARTESIAN_POINT('Origin',(21.15,-17.15,10.));
#13918=CARTESIAN_POINT('',(17.2964466094067,-21.0035533905933,0.5));
#13919=CARTESIAN_POINT('',(17.2964466094067,-21.0035533905933,0.));
#13920=CARTESIAN_POINT('',(21.0035533905933,-17.2964466094067,0.5));
#13921=CARTESIAN_POINT('',(21.15,-17.15,0.5));
#13922=CARTESIAN_POINT('',(21.0035533905933,-17.2964466094067,8.));
#13923=CARTESIAN_POINT('Origin',(21.15,17.15,13.));
#13924=CARTESIAN_POINT('',(17.2964466094067,21.0035533905933,22.5));
#13925=CARTESIAN_POINT('',(21.0035533905933,17.2964466094067,22.5));
#13926=CARTESIAN_POINT('',(21.15,17.15,22.5));
#13927=CARTESIAN_POINT('',(21.0035533905933,17.2964466094067,13.));
#13928=CARTESIAN_POINT('',(17.2964466094067,21.0035533905933,23.));
#13929=CARTESIAN_POINT('Origin',(17.15,21.15,10.));
#13930=CARTESIAN_POINT('',(21.0035533905933,17.2964466094067,0.5));
#13931=CARTESIAN_POINT('',(21.0035533905933,17.2964466094067,0.));
#13932=CARTESIAN_POINT('',(17.2964466094067,21.0035533905933,0.5));
#13933=CARTESIAN_POINT('',(17.15,21.15,0.5));
#13934=CARTESIAN_POINT('',(17.2964466094067,21.0035533905933,8.));
#13935=CARTESIAN_POINT('Origin',(-17.15,21.15,13.));
#13936=CARTESIAN_POINT('',(-21.0035533905933,17.2964466094067,22.5));
#13937=CARTESIAN_POINT('',(-17.2964466094067,21.0035533905933,22.5));
#13938=CARTESIAN_POINT('',(-17.15,21.15,22.5));
#13939=CARTESIAN_POINT('',(-17.2964466094067,21.0035533905933,13.));
#13940=CARTESIAN_POINT('',(-21.0035533905933,17.2964466094067,23.));
#13941=CARTESIAN_POINT('Origin',(-21.15,17.15,10.));
#13942=CARTESIAN_POINT('',(-17.2964466094067,21.0035533905933,0.5));
#13943=CARTESIAN_POINT('',(-21.0035533905933,17.2964466094067,0.5));
#13944=CARTESIAN_POINT('',(-21.15,17.15,0.5));
#13945=CARTESIAN_POINT('',(-21.0035533905933,17.2964466094067,8.));
#13946=CARTESIAN_POINT('',(-17.2964466094067,21.0035533905933,0.));
#13947=CARTESIAN_POINT('Origin',(-16.9428932188134,-20.65,13.));
#13948=CARTESIAN_POINT('Origin',(-16.9428932188134,-20.65,22.5));
#13949=CARTESIAN_POINT('Origin',(-18.7964466094067,-18.7964466094068,22.5));
#13950=CARTESIAN_POINT('Origin',(-16.9428932188134,-20.65,22.5));
#13951=CARTESIAN_POINT('Origin',(-20.65,-16.9428932188135,22.5));
#13952=CARTESIAN_POINT('Origin',(-20.65,-16.9428932188135,13.));
#13953=CARTESIAN_POINT('Origin',(-20.65,-16.9428932188135,22.5));
#13954=CARTESIAN_POINT('Origin',(-20.65,-16.9428932188135,22.5));
#13955=CARTESIAN_POINT('Origin',(-20.65,-16.9428932188135,22.5));
#13956=CARTESIAN_POINT('Origin',(-20.65,0.,22.5));
#13957=CARTESIAN_POINT('Origin',(-20.65,16.9428932188135,22.5));
#13958=CARTESIAN_POINT('Origin',(-20.65,16.9428932188135,13.));
#13959=CARTESIAN_POINT('Origin',(-20.65,16.9428932188135,22.5));
#13960=CARTESIAN_POINT('Origin',(16.9428932188134,-20.65,13.));
#13961=CARTESIAN_POINT('Origin',(16.9428932188134,-20.65,22.5));
#13962=CARTESIAN_POINT('Origin',(-20.65,16.9428932188135,22.5));
#13963=CARTESIAN_POINT('Origin',(-20.65,16.9428932188135,22.5));
#13964=CARTESIAN_POINT('Origin',(20.65,-16.9428932188134,13.));
#13965=CARTESIAN_POINT('Origin',(20.65,-16.9428932188134,22.5));
#13966=CARTESIAN_POINT('Origin',(18.7964466094067,-18.7964466094067,22.5));
#13967=CARTESIAN_POINT('Origin',(16.9428932188134,-20.65,22.5));
#13968=CARTESIAN_POINT('Origin',(20.65,-16.9428932188134,22.5));
#13969=CARTESIAN_POINT('Origin',(-18.7964466094068,18.7964466094067,22.5));
#13970=CARTESIAN_POINT('Origin',(-16.9428932188135,20.65,22.5));
#13971=CARTESIAN_POINT('Origin',(-16.9428932188135,20.65,13.));
#13972=CARTESIAN_POINT('Origin',(-16.9428932188135,20.65,22.5));
#13973=CARTESIAN_POINT('Origin',(20.65,-16.9428932188134,22.5));
#13974=CARTESIAN_POINT('Origin',(20.65,-16.9428932188134,22.5));
#13975=CARTESIAN_POINT('Origin',(-16.9428932188135,20.65,22.5));
#13976=CARTESIAN_POINT('Origin',(-16.9428932188135,20.65,22.5));
#13977=CARTESIAN_POINT('Origin',(20.65,16.9428932188134,13.));
#13978=CARTESIAN_POINT('Origin',(20.65,16.9428932188134,22.5));
#13979=CARTESIAN_POINT('Origin',(20.65,1.6937134647244E-15,22.5));
#13980=CARTESIAN_POINT('Origin',(20.65,16.9428932188134,22.5));
#13981=CARTESIAN_POINT('Origin',(0.,20.65,22.5));
#13982=CARTESIAN_POINT('Origin',(16.9428932188134,20.65,22.5));
#13983=CARTESIAN_POINT('Origin',(16.9428932188134,20.65,13.));
#13984=CARTESIAN_POINT('Origin',(16.9428932188134,20.65,22.5));
#13985=CARTESIAN_POINT('Origin',(20.65,16.9428932188134,22.5));
#13986=CARTESIAN_POINT('Origin',(20.65,16.9428932188134,22.5));
#13987=CARTESIAN_POINT('Origin',(16.9428932188134,20.65,22.5));
#13988=CARTESIAN_POINT('Origin',(16.9428932188134,20.65,22.5));
#13989=CARTESIAN_POINT('Origin',(18.7964466094067,18.7964466094068,22.5));
#13990=CARTESIAN_POINT('Origin',(20.65,16.9428932188134,10.));
#13991=CARTESIAN_POINT('Origin',(20.65,16.9428932188134,0.5));
#13992=CARTESIAN_POINT('Origin',(20.65,16.9428932188134,0.5));
#13993=CARTESIAN_POINT('Origin',(20.65,16.9428932188134,0.5));
#13994=CARTESIAN_POINT('Origin',(20.65,16.9428932188134,0.5));
#13995=CARTESIAN_POINT('Origin',(18.7964466094068,18.7964466094067,0.5));
#13996=CARTESIAN_POINT('Origin',(16.9428932188135,20.65,0.5));
#13997=CARTESIAN_POINT('Origin',(16.9428932188135,20.65,10.));
#13998=CARTESIAN_POINT('Origin',(16.9428932188135,20.65,0.5));
#13999=CARTESIAN_POINT('Origin',(20.65,-16.9428932188135,10.));
#14000=CARTESIAN_POINT('Origin',(20.65,-16.9428932188135,0.5));
#14001=CARTESIAN_POINT('Origin',(20.65,21.15,0.5));
#14002=CARTESIAN_POINT('Origin',(20.65,-16.9428932188135,0.5));
#14003=CARTESIAN_POINT('Origin',(16.9428932188135,20.65,0.5));
#14004=CARTESIAN_POINT('Origin',(16.9428932188135,20.65,0.5));
#14005=CARTESIAN_POINT('Origin',(20.65,-16.9428932188135,0.5));
#14006=CARTESIAN_POINT('Origin',(20.65,-16.9428932188135,0.5));
#14007=CARTESIAN_POINT('Origin',(0.,20.65,0.5));
#14008=CARTESIAN_POINT('Origin',(-16.9428932188134,20.65,0.5));
#14009=CARTESIAN_POINT('Origin',(-16.9428932188134,20.65,10.));
#14010=CARTESIAN_POINT('Origin',(-16.9428932188134,20.65,0.5));
#14011=CARTESIAN_POINT('Origin',(16.9428932188134,-20.65,10.));
#14012=CARTESIAN_POINT('Origin',(16.9428932188134,-20.65,0.5));
#14013=CARTESIAN_POINT('Origin',(18.7964466094067,-18.7964466094068,0.5));
#14014=CARTESIAN_POINT('Origin',(16.9428932188134,-20.65,0.5));
#14015=CARTESIAN_POINT('Origin',(-16.9428932188134,20.65,0.5));
#14016=CARTESIAN_POINT('Origin',(-16.9428932188134,20.65,0.5));
#14017=CARTESIAN_POINT('Origin',(16.9428932188134,-20.65,0.5));
#14018=CARTESIAN_POINT('Origin',(16.9428932188134,-20.65,0.5));
#14019=CARTESIAN_POINT('Origin',(-18.7964466094067,18.7964466094068,0.5));
#14020=CARTESIAN_POINT('Origin',(-20.65,16.9428932188135,0.5));
#14021=CARTESIAN_POINT('Origin',(-20.65,16.9428932188135,10.));
#14022=CARTESIAN_POINT('Origin',(-20.65,16.9428932188135,0.5));
#14023=CARTESIAN_POINT('Origin',(21.15,-20.65,0.5));
#14024=CARTESIAN_POINT('Origin',(-16.9428932188136,-20.6500000000002,0.499999999999742));
#14025=CARTESIAN_POINT('Origin',(-20.65,16.9428932188135,0.5));
#14026=CARTESIAN_POINT('Origin',(-20.65,16.9428932188135,0.5));
#14027=CARTESIAN_POINT('Origin',(-18.7964466094068,-18.7964466094067,0.5));
#14028=CARTESIAN_POINT('Origin',(-20.65,-16.9428932188135,0.5));
#14029=CARTESIAN_POINT('Origin',(-20.65,-21.15,0.5));
#14030=CARTESIAN_POINT('Origin',(-20.65,-16.9428932188135,0.5));
#14031=CARTESIAN_POINT('Origin',(-20.65,-16.9428932188135,0.5));
#14032=CARTESIAN_POINT('Origin',(-20.65,-16.9428932188135,0.5));
#14033=CARTESIAN_POINT('Origin',(-20.65,-16.9428932188135,10.));
#14034=CARTESIAN_POINT('Origin',(21.65,4.01898110273586E-17,5.90050125628934));
#14035=CARTESIAN_POINT('Origin',(-15.0535932306082,15.0755053452223,21.5));
#14036=CARTESIAN_POINT('',(-14.2169247720412,15.0755053452223,21.5));
#14037=CARTESIAN_POINT('',(-14.2169247720412,15.0755053452223,21.5));
#14038=CARTESIAN_POINT('',(-15.0535932306082,15.0755053452223,21.5));
#14039=CARTESIAN_POINT('',(-15.0535932306082,15.0755053452223,21.5));
#14040=CARTESIAN_POINT('',(-15.0535932306082,15.0755053452223,21.5));
#14041=CARTESIAN_POINT('Origin',(-15.0535932306082,15.0755053452223,21.5));
#14042=CARTESIAN_POINT('',(-15.0535932306082,14.150693333932,21.5));
#14043=CARTESIAN_POINT('',(-15.0535932306082,14.150693333932,21.5));
#14044=CARTESIAN_POINT('',(-15.0535932306082,15.0755053452223,21.5));
#14045=CARTESIAN_POINT('Origin',(-15.9464067693921,14.150693333932,21.5));
#14046=CARTESIAN_POINT('',(-15.9464067693921,14.150693333932,21.5));
#14047=CARTESIAN_POINT('',(-15.9464067693921,14.150693333932,21.5));
#14048=CARTESIAN_POINT('',(-15.9464067693921,14.150693333932,21.5));
#14049=CARTESIAN_POINT('Origin',(-15.9464067693921,15.0755053452223,21.5));
#14050=CARTESIAN_POINT('',(-15.9464067693921,15.0755053452223,21.5));
#14051=CARTESIAN_POINT('',(-15.9464067693921,15.0755053452223,21.5));
#14052=CARTESIAN_POINT('',(-15.9464067693921,15.0755053452223,21.5));
#14053=CARTESIAN_POINT('Origin',(-16.783075227959,15.0755053452224,21.5));
#14054=CARTESIAN_POINT('',(-16.783075227959,15.0755053452224,21.5));
#14055=CARTESIAN_POINT('',(-16.783075227959,15.0755053452224,21.5));
#14056=CARTESIAN_POINT('',(-16.783075227959,15.0755053452224,21.5));
#14057=CARTESIAN_POINT('Origin',(-16.7830752279591,15.9244946547757,21.5));
#14058=CARTESIAN_POINT('',(-16.7830752279591,15.9244946547757,21.5));
#14059=CARTESIAN_POINT('',(-16.7830752279591,15.9244946547757,21.5));
#14060=CARTESIAN_POINT('',(-16.7830752279591,15.9244946547757,21.5));
#14061=CARTESIAN_POINT('Origin',(-15.9464067693921,15.9244946547756,21.5));
#14062=CARTESIAN_POINT('',(-15.9464067693921,15.9244946547756,21.5));
#14063=CARTESIAN_POINT('',(-15.9464067693921,15.9244946547756,21.5));
#14064=CARTESIAN_POINT('',(-15.9464067693921,15.9244946547756,21.5));
#14065=CARTESIAN_POINT('Origin',(-15.9464067693921,16.849306666066,21.5));
#14066=CARTESIAN_POINT('',(-15.9464067693921,16.849306666066,21.5));
#14067=CARTESIAN_POINT('',(-15.9464067693921,16.849306666066,21.5));
#14068=CARTESIAN_POINT('',(-15.9464067693921,16.849306666066,21.5));
#14069=CARTESIAN_POINT('Origin',(-15.9464067693921,16.849306666066,21.5));
#14070=CARTESIAN_POINT('',(-15.0535932306082,16.849306666066,21.5));
#14071=CARTESIAN_POINT('',(-15.0535932306082,16.849306666066,21.5));
#14072=CARTESIAN_POINT('',(-15.9464067693921,16.849306666066,21.5));
#14073=CARTESIAN_POINT('Origin',(-15.0535932306082,16.849306666066,21.5));
#14074=CARTESIAN_POINT('',(-15.0535932306082,15.9244946547756,21.5));
#14075=CARTESIAN_POINT('',(-15.0535932306082,16.849306666066,21.5));
#14076=CARTESIAN_POINT('',(-15.0535932306082,15.9244946547756,21.5));
#14077=CARTESIAN_POINT('Origin',(-15.0535932306082,15.9244946547756,21.5));
#14078=CARTESIAN_POINT('',(-14.2169247720412,15.9244946547756,21.5));
#14079=CARTESIAN_POINT('',(-14.2169247720412,15.9244946547756,21.5));
#14080=CARTESIAN_POINT('',(-15.0535932306082,15.9244946547756,21.5));
#14081=CARTESIAN_POINT('Origin',(-14.2169247720412,15.9244946547756,21.5));
#14082=CARTESIAN_POINT('',(-14.2169247720412,15.9244946547756,21.5));
#14083=CARTESIAN_POINT('Origin',(0.,0.,21.5));
#14084=CARTESIAN_POINT('Origin',(15.0755053452224,15.0535932306082,21.5));
#14085=CARTESIAN_POINT('',(15.0755053452224,14.2169247720412,21.5));
#14086=CARTESIAN_POINT('',(15.0755053452224,14.2169247720412,21.5));
#14087=CARTESIAN_POINT('',(15.0755053452224,15.0535932306082,21.5));
#14088=CARTESIAN_POINT('',(15.0755053452224,15.0535932306082,21.5));
#14089=CARTESIAN_POINT('',(15.0755053452224,15.0535932306082,21.5));
#14090=CARTESIAN_POINT('Origin',(15.0755053452224,15.0535932306082,21.5));
#14091=CARTESIAN_POINT('',(14.150693333932,15.0535932306082,21.5));
#14092=CARTESIAN_POINT('',(14.150693333932,15.0535932306082,21.5));
#14093=CARTESIAN_POINT('',(15.0755053452224,15.0535932306082,21.5));
#14094=CARTESIAN_POINT('Origin',(14.150693333932,15.946406769392,21.5));
#14095=CARTESIAN_POINT('',(14.150693333932,15.946406769392,21.5));
#14096=CARTESIAN_POINT('',(14.150693333932,15.946406769392,21.5));
#14097=CARTESIAN_POINT('',(14.150693333932,15.946406769392,21.5));
#14098=CARTESIAN_POINT('Origin',(15.0755053452224,15.946406769392,21.5));
#14099=CARTESIAN_POINT('',(15.0755053452224,15.946406769392,21.5));
#14100=CARTESIAN_POINT('',(15.0755053452224,15.946406769392,21.5));
#14101=CARTESIAN_POINT('',(15.0755053452224,15.946406769392,21.5));
#14102=CARTESIAN_POINT('Origin',(15.0755053452224,16.7830752279591,21.5));
#14103=CARTESIAN_POINT('',(15.0755053452224,16.7830752279591,21.5));
#14104=CARTESIAN_POINT('',(15.0755053452224,16.7830752279591,21.5));
#14105=CARTESIAN_POINT('',(15.0755053452224,16.7830752279591,21.5));
#14106=CARTESIAN_POINT('Origin',(15.9244946547757,16.7830752279591,21.5));
#14107=CARTESIAN_POINT('',(15.9244946547757,16.7830752279591,21.5));
#14108=CARTESIAN_POINT('',(15.9244946547757,16.7830752279591,21.5));
#14109=CARTESIAN_POINT('',(15.9244946547757,16.7830752279591,21.5));
#14110=CARTESIAN_POINT('Origin',(15.9244946547757,15.946406769392,21.5));
#14111=CARTESIAN_POINT('',(15.9244946547757,15.946406769392,21.5));
#14112=CARTESIAN_POINT('',(15.9244946547757,15.946406769392,21.5));
#14113=CARTESIAN_POINT('',(15.9244946547757,15.946406769392,21.5));
#14114=CARTESIAN_POINT('Origin',(16.849306666066,15.946406769392,21.5));
#14115=CARTESIAN_POINT('',(16.849306666066,15.946406769392,21.5));
#14116=CARTESIAN_POINT('',(16.849306666066,15.946406769392,21.5));
#14117=CARTESIAN_POINT('',(16.849306666066,15.946406769392,21.5));
#14118=CARTESIAN_POINT('Origin',(16.849306666066,15.946406769392,21.5));
#14119=CARTESIAN_POINT('',(16.849306666066,15.0535932306082,21.5));
#14120=CARTESIAN_POINT('',(16.849306666066,15.0535932306082,21.5));
#14121=CARTESIAN_POINT('',(16.849306666066,15.946406769392,21.5));
#14122=CARTESIAN_POINT('Origin',(16.849306666066,15.0535932306082,21.5));
#14123=CARTESIAN_POINT('',(15.9244946547757,15.0535932306082,21.5));
#14124=CARTESIAN_POINT('',(16.849306666066,15.0535932306082,21.5));
#14125=CARTESIAN_POINT('',(15.9244946547757,15.0535932306082,21.5));
#14126=CARTESIAN_POINT('Origin',(15.9244946547757,15.0535932306082,21.5));
#14127=CARTESIAN_POINT('',(15.9244946547757,14.2169247720412,21.5));
#14128=CARTESIAN_POINT('',(15.9244946547757,14.2169247720412,21.5));
#14129=CARTESIAN_POINT('',(15.9244946547757,15.0535932306082,21.5));
#14130=CARTESIAN_POINT('Origin',(15.9244946547757,14.2169247720412,21.5));
#14131=CARTESIAN_POINT('',(15.9244946547757,14.2169247720412,21.5));
#14132=CARTESIAN_POINT('Origin',(0.,0.,21.5));
#14133=CARTESIAN_POINT('Origin',(15.0535932306081,-15.0755053452224,21.5));
#14134=CARTESIAN_POINT('',(14.2169247720411,-15.0755053452224,21.5));
#14135=CARTESIAN_POINT('',(14.2169247720411,-15.0755053452224,21.5));
#14136=CARTESIAN_POINT('',(15.0535932306081,-15.0755053452224,21.5));
#14137=CARTESIAN_POINT('',(15.0535932306081,-15.0755053452224,21.5));
#14138=CARTESIAN_POINT('',(15.0535932306081,-15.0755053452224,21.5));
#14139=CARTESIAN_POINT('Origin',(15.0535932306081,-15.0755053452224,21.5));
#14140=CARTESIAN_POINT('',(15.0535932306081,-14.1506933339321,21.5));
#14141=CARTESIAN_POINT('',(15.0535932306081,-14.1506933339321,21.5));
#14142=CARTESIAN_POINT('',(15.0535932306081,-15.0755053452224,21.5));
#14143=CARTESIAN_POINT('Origin',(15.946406769392,-14.1506933339321,21.5));
#14144=CARTESIAN_POINT('',(15.946406769392,-14.1506933339321,21.5));
#14145=CARTESIAN_POINT('',(15.946406769392,-14.1506933339321,21.5));
#14146=CARTESIAN_POINT('',(15.946406769392,-14.1506933339321,21.5));
#14147=CARTESIAN_POINT('Origin',(15.946406769392,-15.0755053452224,21.5));
#14148=CARTESIAN_POINT('',(15.946406769392,-15.0755053452224,21.5));
#14149=CARTESIAN_POINT('',(15.946406769392,-15.0755053452224,21.5));
#14150=CARTESIAN_POINT('',(15.946406769392,-15.0755053452224,21.5));
#14151=CARTESIAN_POINT('Origin',(16.783075227959,-15.0755053452224,21.5));
#14152=CARTESIAN_POINT('',(16.783075227959,-15.0755053452224,21.5));
#14153=CARTESIAN_POINT('',(16.783075227959,-15.0755053452224,21.5));
#14154=CARTESIAN_POINT('',(16.783075227959,-15.0755053452224,21.5));
#14155=CARTESIAN_POINT('Origin',(16.783075227959,-15.9244946547758,21.5));
#14156=CARTESIAN_POINT('',(16.783075227959,-15.9244946547758,21.5));
#14157=CARTESIAN_POINT('',(16.783075227959,-15.9244946547758,21.5));
#14158=CARTESIAN_POINT('',(16.783075227959,-15.9244946547758,21.5));
#14159=CARTESIAN_POINT('Origin',(15.946406769392,-15.9244946547758,21.5));
#14160=CARTESIAN_POINT('',(15.946406769392,-15.9244946547758,21.5));
#14161=CARTESIAN_POINT('',(15.946406769392,-15.9244946547758,21.5));
#14162=CARTESIAN_POINT('',(15.946406769392,-15.9244946547758,21.5));
#14163=CARTESIAN_POINT('Origin',(15.946406769392,-16.8493066660661,21.5));
#14164=CARTESIAN_POINT('',(15.946406769392,-16.8493066660661,21.5));
#14165=CARTESIAN_POINT('',(15.946406769392,-16.8493066660661,21.5));
#14166=CARTESIAN_POINT('',(15.946406769392,-16.8493066660661,21.5));
#14167=CARTESIAN_POINT('Origin',(15.946406769392,-16.8493066660661,21.5));
#14168=CARTESIAN_POINT('',(15.0535932306081,-16.8493066660661,21.5));
#14169=CARTESIAN_POINT('',(15.0535932306081,-16.8493066660661,21.5));
#14170=CARTESIAN_POINT('',(15.946406769392,-16.8493066660661,21.5));
#14171=CARTESIAN_POINT('Origin',(15.0535932306081,-16.8493066660661,21.5));
#14172=CARTESIAN_POINT('',(15.0535932306081,-15.9244946547757,21.5));
#14173=CARTESIAN_POINT('',(15.0535932306081,-16.8493066660661,21.5));
#14174=CARTESIAN_POINT('',(15.0535932306081,-15.9244946547757,21.5));
#14175=CARTESIAN_POINT('Origin',(15.0535932306081,-15.9244946547757,21.5));
#14176=CARTESIAN_POINT('',(14.2169247720411,-15.9244946547757,21.5));
#14177=CARTESIAN_POINT('',(14.2169247720411,-15.9244946547757,21.5));
#14178=CARTESIAN_POINT('',(15.0535932306081,-15.9244946547757,21.5));
#14179=CARTESIAN_POINT('Origin',(14.2169247720411,-15.9244946547757,21.5));
#14180=CARTESIAN_POINT('',(14.2169247720411,-15.9244946547757,21.5));
#14181=CARTESIAN_POINT('Origin',(0.,0.,21.5));
#14182=CARTESIAN_POINT('Origin',(-15.0755053452225,-15.0535932306081,21.5));
#14183=CARTESIAN_POINT('',(-15.0755053452225,-14.2169247720411,21.5));
#14184=CARTESIAN_POINT('',(-15.0755053452225,-14.2169247720411,21.5));
#14185=CARTESIAN_POINT('',(-15.0755053452225,-15.0535932306081,21.5));
#14186=CARTESIAN_POINT('',(-15.0755053452225,-15.0535932306081,21.5));
#14187=CARTESIAN_POINT('',(-15.0755053452225,-15.0535932306081,21.5));
#14188=CARTESIAN_POINT('Origin',(-15.0755053452225,-15.0535932306081,21.5));
#14189=CARTESIAN_POINT('',(-14.1506933339321,-15.0535932306081,21.5));
#14190=CARTESIAN_POINT('',(-14.1506933339321,-15.0535932306081,21.5));
#14191=CARTESIAN_POINT('',(-15.0755053452225,-15.0535932306081,21.5));
#14192=CARTESIAN_POINT('Origin',(-14.1506933339321,-15.9464067693919,21.5));
#14193=CARTESIAN_POINT('',(-14.1506933339321,-15.9464067693919,21.5));
#14194=CARTESIAN_POINT('',(-14.1506933339321,-15.9464067693919,21.5));
#14195=CARTESIAN_POINT('',(-14.1506933339321,-15.9464067693919,21.5));
#14196=CARTESIAN_POINT('Origin',(-15.0755053452225,-15.9464067693919,21.5));
#14197=CARTESIAN_POINT('',(-15.0755053452225,-15.9464067693919,21.5));
#14198=CARTESIAN_POINT('',(-15.0755053452225,-15.9464067693919,21.5));
#14199=CARTESIAN_POINT('',(-15.0755053452225,-15.9464067693919,21.5));
#14200=CARTESIAN_POINT('Origin',(-15.0755053452225,-16.783075227959,21.5));
#14201=CARTESIAN_POINT('',(-15.0755053452225,-16.783075227959,21.5));
#14202=CARTESIAN_POINT('',(-15.0755053452225,-16.783075227959,21.5));
#14203=CARTESIAN_POINT('',(-15.0755053452225,-16.783075227959,21.5));
#14204=CARTESIAN_POINT('Origin',(-15.9244946547758,-16.7830752279589,21.5));
#14205=CARTESIAN_POINT('',(-15.9244946547758,-16.7830752279589,21.5));
#14206=CARTESIAN_POINT('',(-15.9244946547758,-16.7830752279589,21.5));
#14207=CARTESIAN_POINT('',(-15.9244946547758,-16.7830752279589,21.5));
#14208=CARTESIAN_POINT('Origin',(-15.9244946547758,-15.9464067693919,21.5));
#14209=CARTESIAN_POINT('',(-15.9244946547758,-15.9464067693919,21.5));
#14210=CARTESIAN_POINT('',(-15.9244946547758,-15.9464067693919,21.5));
#14211=CARTESIAN_POINT('',(-15.9244946547758,-15.9464067693919,21.5));
#14212=CARTESIAN_POINT('Origin',(-16.8493066660661,-15.9464067693919,21.5));
#14213=CARTESIAN_POINT('',(-16.8493066660661,-15.9464067693919,21.5));
#14214=CARTESIAN_POINT('',(-16.8493066660661,-15.9464067693919,21.5));
#14215=CARTESIAN_POINT('',(-16.8493066660661,-15.9464067693919,21.5));
#14216=CARTESIAN_POINT('Origin',(-16.8493066660661,-15.9464067693919,21.5));
#14217=CARTESIAN_POINT('',(-16.8493066660661,-15.0535932306081,21.5));
#14218=CARTESIAN_POINT('',(-16.8493066660661,-15.0535932306081,21.5));
#14219=CARTESIAN_POINT('',(-16.8493066660661,-15.9464067693919,21.5));
#14220=CARTESIAN_POINT('Origin',(-16.8493066660661,-15.0535932306081,21.5));
#14221=CARTESIAN_POINT('',(-15.9244946547758,-15.0535932306081,21.5));
#14222=CARTESIAN_POINT('',(-16.8493066660661,-15.0535932306081,21.5));
#14223=CARTESIAN_POINT('',(-15.9244946547758,-15.0535932306081,21.5));
#14224=CARTESIAN_POINT('Origin',(-15.9244946547758,-15.0535932306081,21.5));
#14225=CARTESIAN_POINT('',(-15.9244946547758,-14.2169247720411,21.5));
#14226=CARTESIAN_POINT('',(-15.9244946547758,-14.2169247720411,21.5));
#14227=CARTESIAN_POINT('',(-15.9244946547758,-15.0535932306081,21.5));
#14228=CARTESIAN_POINT('Origin',(-15.9244946547758,-14.2169247720411,21.5));
#14229=CARTESIAN_POINT('',(-15.9244946547758,-14.2169247720411,21.5));
#14230=CARTESIAN_POINT('Origin',(0.,0.,21.5));
#14231=CARTESIAN_POINT('Origin',(-6.99999999999999,-25.15,23.));
#14232=CARTESIAN_POINT('',(-6.99999999999999,-24.65,21.5));
#14233=CARTESIAN_POINT('',(-6.99999999999999,-25.15,21.5));
#14234=CARTESIAN_POINT('',(-6.99999999999999,-24.65,22.5));
#14235=CARTESIAN_POINT('',(-6.99999999999999,-24.65,22.5));
#14236=CARTESIAN_POINT('',(-6.99999999999999,-21.15,22.5));
#14237=CARTESIAN_POINT('Origin',(-6.99999999999999,-25.15,21.));
#14238=CARTESIAN_POINT('',(-6.49999999999999,-24.65,21.));
#14239=CARTESIAN_POINT('',(-6.49999999999999,-25.15,21.));
#14240=CARTESIAN_POINT('',(-6.99999999999999,-19.15,21.));
#14241=CARTESIAN_POINT('',(7.,-19.15,21.));
#14242=CARTESIAN_POINT('',(6.5,-24.65,21.));
#14243=CARTESIAN_POINT('',(6.5,-25.15,21.));
#14244=CARTESIAN_POINT('',(-6.99999999999999,-24.65,21.));
#14245=CARTESIAN_POINT('Origin',(7.,-25.15,21.));
#14246=CARTESIAN_POINT('',(7.,-24.65,22.5));
#14247=CARTESIAN_POINT('',(7.,-25.15,22.5));
#14248=CARTESIAN_POINT('',(7.,-24.65,21.5));
#14249=CARTESIAN_POINT('',(7.,-24.65,21.5));
#14250=CARTESIAN_POINT('',(7.,-25.15,21.5));
#14251=CARTESIAN_POINT('Origin',(3.28080090019254E-16,-25.15,0.));
#14252=CARTESIAN_POINT('',(6.5,-25.15,22.5));
#14253=CARTESIAN_POINT('',(-6.49999999999999,-25.15,22.5));
#14254=CARTESIAN_POINT('',(3.28080090019254E-16,-25.15,22.5));
#14255=CARTESIAN_POINT('',(-6.49999999999999,-25.15,21.5));
#14256=CARTESIAN_POINT('',(-6.49999999999999,-25.15,21.5));
#14257=CARTESIAN_POINT('',(6.5,-25.15,21.5));
#14258=CARTESIAN_POINT('',(7.,-25.15,21.5));
#14259=CARTESIAN_POINT('',(6.5,-25.15,22.5));
#14260=CARTESIAN_POINT('Origin',(7.,-19.15,15.));
#14261=CARTESIAN_POINT('Origin',(-6.99999999999999,-19.15,21.));
#14262=CARTESIAN_POINT('Origin',(-6.91263742609919,-24.65,20.8903865039785));
#14263=CARTESIAN_POINT('',(6.47262172842753,-24.55,20.8903865039785));
#14264=CARTESIAN_POINT('',(6.81263742609919,-24.55,20.8903865039785));
#14265=CARTESIAN_POINT('',(-6.91263742609919,-24.55,20.8903865039785));
#14266=CARTESIAN_POINT('',(6.81263742609919,-24.65,20.8903865039785));
#14267=CARTESIAN_POINT('',(-6.81263742609919,-24.55,20.8903865039785));
#14268=CARTESIAN_POINT('',(-6.81263742609919,-24.65,20.8903865039785));
#14269=CARTESIAN_POINT('',(-6.47262172842753,-24.55,20.8903865039785));
#14270=CARTESIAN_POINT('',(-6.91263742609919,-24.55,20.8903865039785));
#14271=CARTESIAN_POINT('',(-6.47262172842753,-25.55,20.8903865039785));
#14272=CARTESIAN_POINT('',(-6.47262172842753,-24.65,20.8903865039785));
#14273=CARTESIAN_POINT('',(6.47262172842753,-25.55,20.8903865039785));
#14274=CARTESIAN_POINT('',(6.57262172842753,-25.55,20.8903865039785));
#14275=CARTESIAN_POINT('',(6.47262172842753,-24.65,20.8903865039785));
#14276=CARTESIAN_POINT('Origin',(-6.91263742609919,-24.65,20.8903865039785));
#14277=CARTESIAN_POINT('',(-6.91263742609919,-24.65,20.7903865039785));
#14278=CARTESIAN_POINT('',(-6.91263742609919,-24.65,15.3685511151192));
#14279=CARTESIAN_POINT('Origin',(-6.91263742609919,-24.65,15.1685511151192));
#14280=CARTESIAN_POINT('',(-5.91755785021134,-24.65,15.1685511151192));
#14281=CARTESIAN_POINT('',(-6.71263742609919,-24.65,15.1685511151192));
#14282=CARTESIAN_POINT('Origin',(-5.71755785021134,-24.65,15.5675809249534));
#14283=CARTESIAN_POINT('',(-5.91755785021134,-24.65,15.5675809249534));
#14284=CARTESIAN_POINT('',(-6.57262172842753,-24.65,15.5675809249534));
#14285=CARTESIAN_POINT('Origin',(-6.57262172842753,-24.65,15.5675809249534));
#14286=CARTESIAN_POINT('',(-6.57262172842753,-24.65,20.5379331281475));
#14287=CARTESIAN_POINT('Origin',(-6.57262172842753,-24.65,20.5379331281475));
#14288=CARTESIAN_POINT('',(6.57262172842753,-25.55,20.5379331281475));
#14289=CARTESIAN_POINT('',(6.57262172842753,-25.65,20.5379331281475));
#14290=CARTESIAN_POINT('',(-6.57262172842753,-25.55,20.5379331281475));
#14291=CARTESIAN_POINT('',(-6.57262172842753,-25.55,20.5379331281475));
#14292=CARTESIAN_POINT('',(-6.57262172842753,-25.65,20.5379331281475));
#14293=CARTESIAN_POINT('',(6.57262172842753,-24.65,20.5379331281475));
#14294=CARTESIAN_POINT('Origin',(6.57262172842753,-24.65,15.5675809249534));
#14295=CARTESIAN_POINT('',(6.57262172842753,-24.65,15.5675809249534));
#14296=CARTESIAN_POINT('Origin',(5.71755785021135,-24.65,15.5675809249534));
#14297=CARTESIAN_POINT('',(5.91755785021135,-24.65,15.5675809249534));
#14298=CARTESIAN_POINT('Origin',(6.9126374260992,-24.65,15.1685511151192));
#14299=CARTESIAN_POINT('',(5.91755785021135,-24.65,15.1685511151192));
#14300=CARTESIAN_POINT('',(6.7126374260992,-24.65,15.1685511151192));
#14301=CARTESIAN_POINT('Origin',(6.91263742609919,-24.65,20.8903865039785));
#14302=CARTESIAN_POINT('',(6.91263742609919,-24.65,20.7903865039785));
#14303=CARTESIAN_POINT('',(6.9126374260992,-24.65,15.3685511151192));
#14304=CARTESIAN_POINT('Origin',(-6.57262172842753,-25.65,20.5379331281475));
#14305=CARTESIAN_POINT('',(-6.57262172842753,-25.55,20.7903865039785));
#14306=CARTESIAN_POINT('',(-6.57262172842753,-25.55,20.8903865081475));
#14307=CARTESIAN_POINT('',(-6.57262172842753,-25.65,20.7903865039785));
#14308=CARTESIAN_POINT('Origin',(6.57262172842753,-25.65,20.5379331281475));
#14309=CARTESIAN_POINT('',(6.57262172842753,-25.55,20.7903865039785));
#14310=CARTESIAN_POINT('',(6.57262172842753,-25.65,20.7903865039785));
#14311=CARTESIAN_POINT('',(6.57262172842753,-25.55,20.5379331281475));
#14312=CARTESIAN_POINT('Origin',(0.,-25.65,0.));
#14313=CARTESIAN_POINT('',(6.47262172842753,-25.65,20.7903865039785));
#14314=CARTESIAN_POINT('',(-6.47262172842753,-25.65,20.7903865039785));
#14315=CARTESIAN_POINT('',(-6.57262172842753,-25.65,20.7903865039785));
#14316=CARTESIAN_POINT('',(-6.47262172842753,-25.65,20.6379331281475));
#14317=CARTESIAN_POINT('',(-6.47262172842753,-25.65,20.5379331281475));
#14318=CARTESIAN_POINT('',(6.47262172842753,-25.65,20.6379331281475));
#14319=CARTESIAN_POINT('',(6.57262172842753,-25.65,20.6379331281475));
#14320=CARTESIAN_POINT('',(6.47262172842753,-25.65,20.8903865081475));
#14321=CARTESIAN_POINT('Origin',(0.,-25.15,0.));
#14322=CARTESIAN_POINT('',(2.95759138002602,-25.15,15.8713743546801));
#14323=CARTESIAN_POINT('',(2.95951456075253,-25.15,15.8713743546801));
#14324=CARTESIAN_POINT('',(0.,-25.15,15.8713743546801));
#14325=CARTESIAN_POINT('',(2.95759138002602,-25.15,15.6662625798871));
#14326=CARTESIAN_POINT('',(2.95759138002602,-25.15,17.9559591518759));
#14327=CARTESIAN_POINT('',(6.24413803261022,-25.15,15.6662625798871));
#14328=CARTESIAN_POINT('',(-6.4441380326102,-25.15,15.6662625798871));
#14329=CARTESIAN_POINT('',(6.44413803261022,-25.15,15.8662625798871));
#14330=CARTESIAN_POINT('Origin',(6.24413803261022,-25.15,15.8662625798871));
#14331=CARTESIAN_POINT('',(6.44413803261022,-25.15,17.28743677));
#14332=CARTESIAN_POINT('',(6.44413803261022,-25.15,20.439251480113));
#14333=CARTESIAN_POINT('',(5.98131208163944,-25.15,17.28743677));
#14334=CARTESIAN_POINT('',(-6.50603553315926,-25.15,17.28743677));
#14335=CARTESIAN_POINT('',(5.98131208163944,-25.15,19.9341397053199));
#14336=CARTESIAN_POINT('',(2.95951456075229,-25.15,0.));
#14337=CARTESIAN_POINT('Origin',(6.44413803261022,-25.15,20.439251480113));
#14338=CARTESIAN_POINT('',(6.44413803261022,-25.15,20.239251480113));
#14339=CARTESIAN_POINT('',(6.44413803261022,-23.35,17.7916968417776));
#14340=CARTESIAN_POINT('',(6.44413803261022,-25.15,17.7916968417776));
#14341=CARTESIAN_POINT('',(6.44413803261022,-23.15,17.5916968417776));
#14342=CARTESIAN_POINT('Origin',(6.44413803261022,-23.35,17.5916968417776));
#14343=CARTESIAN_POINT('',(6.44413803261022,-23.15,17.48743677));
#14344=CARTESIAN_POINT('',(6.44413803261022,-23.15,20.439251480113));
#14345=CARTESIAN_POINT('',(6.44413803261022,-23.35,17.28743677));
#14346=CARTESIAN_POINT('Origin',(6.44413803261022,-23.35,17.48743677));
#14347=CARTESIAN_POINT('',(6.44413803261022,-25.15,17.28743677));
#14348=CARTESIAN_POINT('',(6.44413803261022,-25.15,15.8662625798871));
#14349=CARTESIAN_POINT('Origin',(-6.4441380326102,-25.15,20.439251480113));
#14350=CARTESIAN_POINT('',(-6.2441380326102,-25.15,20.439251480113));
#14351=CARTESIAN_POINT('',(6.24413803261022,-25.15,20.439251480113));
#14352=CARTESIAN_POINT('Origin',(-6.4441380326102,-25.15,20.439251480113));
#14353=CARTESIAN_POINT('',(-6.4441380326102,-25.15,20.239251480113));
#14354=CARTESIAN_POINT('',(-6.4441380326102,-25.15,15.866262579887));
#14355=CARTESIAN_POINT('',(-6.4441380326102,-23.35,17.28743677));
#14356=CARTESIAN_POINT('',(-6.4441380326102,-25.15,17.28743677));
#14357=CARTESIAN_POINT('',(-6.4441380326102,-23.15,17.48743677));
#14358=CARTESIAN_POINT('Origin',(-6.4441380326102,-23.35,17.48743677));
#14359=CARTESIAN_POINT('',(-6.4441380326102,-23.15,17.5916968417776));
#14360=CARTESIAN_POINT('',(-6.4441380326102,-23.15,20.439251480113));
#14361=CARTESIAN_POINT('',(-6.4441380326102,-23.35,17.7916968417776));
#14362=CARTESIAN_POINT('Origin',(-6.4441380326102,-23.35,17.5916968417776));
#14363=CARTESIAN_POINT('',(-6.4441380326102,-25.15,17.7916968417776));
#14364=CARTESIAN_POINT('Origin',(-6.4441380326102,-25.15,15.6662625798871));
#14365=CARTESIAN_POINT('',(6.24413803261022,-25.15,15.6662625798871));
#14366=CARTESIAN_POINT('',(2.95759138002602,-21.65,15.6662625798871));
#14367=CARTESIAN_POINT('',(2.95759138002602,-25.15,15.6662625798871));
#14368=CARTESIAN_POINT('',(-2.95759138002602,-21.65,15.6662625798871));
#14369=CARTESIAN_POINT('',(-6.4441380326102,-21.65,15.6662625798871));
#14370=CARTESIAN_POINT('',(-2.95759138002602,-25.15,15.6662625798871));
#14371=CARTESIAN_POINT('',(-6.2441380326102,-25.15,15.6662625798871));
#14372=CARTESIAN_POINT('',(-4.59667775945098,-21.5957796891094,15.6662625798871));
#14373=CARTESIAN_POINT('',(-4.596677759451,-24.4279072252837,15.6662625798871));
#14374=CARTESIAN_POINT('',(-4.596677759451,-24.6279072252837,15.6662625798871));
#14375=CARTESIAN_POINT('',(-4.79667775945098,-21.3957796891094,15.6662625798871));
#14376=CARTESIAN_POINT('Origin',(-4.79667775945098,-21.5957796891094,15.6662625798871));
#14377=CARTESIAN_POINT('',(-4.88149688987714,-21.3957796891094,15.6662625798871));
#14378=CARTESIAN_POINT('',(-4.59667775945098,-21.3957796891094,15.6662625798871));
#14379=CARTESIAN_POINT('',(-5.08149688987714,-21.5957796891094,15.6662625798871));
#14380=CARTESIAN_POINT('Origin',(-4.88149688987714,-21.5957796891094,15.6662625798871));
#14381=CARTESIAN_POINT('',(-5.08149688987715,-24.4279072252837,15.6662625798871));
#14382=CARTESIAN_POINT('',(-5.08149688987713,-21.3957796891094,15.6662625798871));
#14383=CARTESIAN_POINT('',(-4.88149688987715,-24.6279072252837,15.6662625798871));
#14384=CARTESIAN_POINT('Origin',(-4.88149688987715,-24.4279072252837,15.6662625798871));
#14385=CARTESIAN_POINT('',(-4.796677759451,-24.6279072252837,15.6662625798871));
#14386=CARTESIAN_POINT('',(-5.08149688987715,-24.6279072252837,15.6662625798871));
#14387=CARTESIAN_POINT('Origin',(-4.796677759451,-24.4279072252837,15.6662625798871));
#14388=CARTESIAN_POINT('',(5.08149688987715,-21.5957796891094,15.6662625798871));
#14389=CARTESIAN_POINT('',(5.08149688987715,-24.4279072252838,15.6662625798871));
#14390=CARTESIAN_POINT('',(5.08149688987715,-21.8805988195356,15.6662625798871));
#14391=CARTESIAN_POINT('',(4.88149688987715,-21.3957796891094,15.6662625798871));
#14392=CARTESIAN_POINT('Origin',(4.88149688987715,-21.5957796891094,15.6662625798871));
#14393=CARTESIAN_POINT('',(4.796677759451,-21.3957796891094,15.6662625798871));
#14394=CARTESIAN_POINT('',(4.596677759451,-21.3957796891094,15.6662625798871));
#14395=CARTESIAN_POINT('',(4.596677759451,-21.5957796891094,15.6662625798871));
#14396=CARTESIAN_POINT('Origin',(4.796677759451,-21.5957796891094,15.6662625798871));
#14397=CARTESIAN_POINT('',(4.596677759451,-24.4279072252838,15.6662625798871));
#14398=CARTESIAN_POINT('',(4.596677759451,-21.8805988195356,15.6662625798871));
#14399=CARTESIAN_POINT('',(4.796677759451,-24.6279072252837,15.6662625798871));
#14400=CARTESIAN_POINT('Origin',(4.796677759451,-24.4279072252838,15.6662625798871));
#14401=CARTESIAN_POINT('',(4.88149688987715,-24.6279072252837,15.6662625798871));
#14402=CARTESIAN_POINT('',(5.08149688987715,-24.6279072252837,15.6662625798871));
#14403=CARTESIAN_POINT('Origin',(4.88149688987715,-24.4279072252838,15.6662625798871));
#14404=CARTESIAN_POINT('Origin',(-2.95759138002602,-21.65,17.9559591518759));
#14405=CARTESIAN_POINT('',(-2.95759138002602,-21.65,15.8713743546801));
#14406=CARTESIAN_POINT('',(-2.95759138002602,-21.65,17.9559591518759));
#14407=CARTESIAN_POINT('',(-2.95759138002602,-21.6924239190132,15.8713743546801));
#14408=CARTESIAN_POINT('Origin',(2.95759138002602,-21.65,17.9559591518759));
#14409=CARTESIAN_POINT('',(2.95759138002602,-21.65,15.8713743546801));
#14410=CARTESIAN_POINT('',(2.95759138002602,-21.65,15.8713743546801));
#14411=CARTESIAN_POINT('',(2.95759138002602,-21.65,17.9559591518759));
#14412=CARTESIAN_POINT('Origin',(0.,-21.65,0.));
#14413=CARTESIAN_POINT('',(2.95759138002602,-21.65,15.8713743546801));
#14414=CARTESIAN_POINT('Origin',(0.,-23.15,0.));
#14415=CARTESIAN_POINT('',(-5.98131208163945,-23.15,17.5916968417776));
#14416=CARTESIAN_POINT('',(-5.98131208163945,-23.15,17.48743677));
#14417=CARTESIAN_POINT('',(-5.98131208163945,-23.15,19.9341397053199));
#14418=CARTESIAN_POINT('',(0.,-23.15,17.5916968417776));
#14419=CARTESIAN_POINT('',(0.,-23.15,17.48743677));
#14420=CARTESIAN_POINT('Origin',(-6.50603553315926,-23.15,17.28743677));
#14421=CARTESIAN_POINT('',(-5.98131208163945,-23.35,17.28743677));
#14422=CARTESIAN_POINT('',(-5.98131208163945,-25.15,17.28743677));
#14423=CARTESIAN_POINT('',(-6.50603553315926,-23.35,17.28743677));
#14424=CARTESIAN_POINT('Origin',(6.5139471661241,-23.15,17.7916968417776));
#14425=CARTESIAN_POINT('',(-5.98131208163945,-23.35,17.7916968417776));
#14426=CARTESIAN_POINT('',(6.5139471661241,-23.35,17.7916968417776));
#14427=CARTESIAN_POINT('',(-5.98131208163945,-25.15,17.7916968417776));
#14428=CARTESIAN_POINT('Origin',(6.5139471661241,-23.15,17.7916968417776));
#14429=CARTESIAN_POINT('',(5.98131208163944,-23.35,17.7916968417776));
#14430=CARTESIAN_POINT('',(5.98131208163944,-25.15,17.7916968417776));
#14431=CARTESIAN_POINT('',(6.5139471661241,-23.35,17.7916968417776));
#14432=CARTESIAN_POINT('Origin',(-6.50603553315926,-23.15,17.28743677));
#14433=CARTESIAN_POINT('',(5.98131208163944,-23.35,17.28743677));
#14434=CARTESIAN_POINT('',(-6.50603553315926,-23.35,17.28743677));
#14435=CARTESIAN_POINT('',(5.98131208163944,-25.15,17.28743677));
#14436=CARTESIAN_POINT('Origin',(0.,-23.15,0.));
#14437=CARTESIAN_POINT('',(5.98131208163944,-23.15,17.5916968417776));
#14438=CARTESIAN_POINT('',(0.,-23.15,17.5916968417776));
#14439=CARTESIAN_POINT('',(5.98131208163944,-23.15,17.48743677));
#14440=CARTESIAN_POINT('',(5.98131208163944,-23.15,19.9341397053199));
#14441=CARTESIAN_POINT('',(0.,-23.15,17.48743677));
#14442=CARTESIAN_POINT('Origin',(5.98131208163944,-25.25,19.9341397053199));
#14443=CARTESIAN_POINT('Origin',(5.98131208163944,-23.35,17.5916968417776));
#14444=CARTESIAN_POINT('',(5.98131208163944,-25.25,19.9341397053199));
#14445=CARTESIAN_POINT('',(5.98131208163944,-25.25,19.9341397053199));
#14446=CARTESIAN_POINT('',(5.98131208163944,-25.25,-2.35866502605889E-17));
#14447=CARTESIAN_POINT('Origin',(5.98131208163944,-23.35,17.48743677));
#14448=CARTESIAN_POINT('Origin',(-5.98131208163944,-25.25,19.9341397053199));
#14449=CARTESIAN_POINT('',(-5.98131208163944,-25.25,19.9341397053199));
#14450=CARTESIAN_POINT('',(-5.98131208163944,-25.25,19.9341397053199));
#14451=CARTESIAN_POINT('',(0.,-25.25,19.9341397053199));
#14452=CARTESIAN_POINT('Origin',(-5.98131208163944,-25.25,19.9341397053199));
#14453=CARTESIAN_POINT('Origin',(-5.98131208163944,-23.35,17.5916968417776));
#14454=CARTESIAN_POINT('Origin',(-5.98131208163944,-23.35,17.48743677));
#14455=CARTESIAN_POINT('',(-5.98131208163944,-25.25,0.));
#14456=CARTESIAN_POINT('Origin',(-0.102322971432991,0.0238015493476108,
0.));
#14457=CARTESIAN_POINT('',(-6.16740166847829,-26.05,20.087091729753));
#14458=CARTESIAN_POINT('',(-6.16740166847829,-26.05,20.087091729753));
#14459=CARTESIAN_POINT('',(-6.16740166847829,-26.05,16.01842233));
#14460=CARTESIAN_POINT('Origin',(0.,2.78637747268404,14.5738638400497));
#14461=CARTESIAN_POINT('',(6.16740166847829,-26.05,20.087091729753));
#14462=CARTESIAN_POINT('',(6.16740166847829,-26.05,20.087091729753));
#14463=CARTESIAN_POINT('',(-5.76999808336115,-26.05,20.087091729753));
#14464=CARTESIAN_POINT('Origin',(0.10232297143293,0.0238015493475968,-2.35866502605889E-17));
#14465=CARTESIAN_POINT('',(6.16740166847829,-26.05,16.01842233));
#14466=CARTESIAN_POINT('Origin',(-3.73919230507128,-26.55,-3.98561792289687E-16));
#14467=CARTESIAN_POINT('',(-3.73919230507128,-26.55,19.7031069949534));
#14468=CARTESIAN_POINT('',(-3.73919230507128,-26.55,19.7031069949534));
#14469=CARTESIAN_POINT('',(-3.73919230507128,-26.55,16.01842233));
#14470=CARTESIAN_POINT('',(-3.73919230507128,-26.55,-3.98561792289687E-16));
#14471=CARTESIAN_POINT('',(-3.73919230507128,-26.55,16.01842233));
#14472=CARTESIAN_POINT('Origin',(0.,-26.55,20.087091729753));
#14473=CARTESIAN_POINT('',(-6.16740166847829,-26.55,20.087091729753));
#14474=CARTESIAN_POINT('',(-6.16740166847829,-26.55,20.087091729753));
#14475=CARTESIAN_POINT('',(6.16740166847829,-26.55,20.087091729753));
#14476=CARTESIAN_POINT('',(0.,-26.55,20.087091729753));
#14477=CARTESIAN_POINT('',(6.16740166847829,-26.55,20.087091729753));
#14478=CARTESIAN_POINT('Origin',(-4.49910672533458,-26.55,-9.59122662784658E-16));
#14479=CARTESIAN_POINT('',(-4.49910672533459,-26.55,19.7031069949534));
#14480=CARTESIAN_POINT('',(-4.49910672533459,-26.55,16.01842233));
#14481=CARTESIAN_POINT('',(-4.49910672533458,-26.55,-9.59122662784658E-16));
#14482=CARTESIAN_POINT('',(-4.49910672533459,-26.55,19.7031069949534));
#14483=CARTESIAN_POINT('',(-4.49910672533459,-26.55,16.01842233));
#14484=CARTESIAN_POINT('Origin',(0.,-26.55,16.01842233));
#14485=CARTESIAN_POINT('',(-4.49910672533459,-26.55,16.01842233));
#14486=CARTESIAN_POINT('Origin',(0.,-26.55,0.));
#14487=CARTESIAN_POINT('',(-2.41589305599208,-26.55,19.7031069949534));
#14488=CARTESIAN_POINT('',(-6.16740166847829,-26.55,19.7031069949534));
#14489=CARTESIAN_POINT('',(-2.41589305599208,-26.55,16.01842233));
#14490=CARTESIAN_POINT('',(-2.41589305599208,-26.55,-2.57510870748878E-16));
#14491=CARTESIAN_POINT('',(-1.64287666296561,-26.55,16.01842233));
#14492=CARTESIAN_POINT('',(-2.41589305599208,-26.55,16.01842233));
#14493=CARTESIAN_POINT('',(-1.64287666296561,-26.55,19.7031069949534));
#14494=CARTESIAN_POINT('',(-1.64287666296561,-26.55,0.));
#14495=CARTESIAN_POINT('',(-0.450597141518015,-26.55,19.7031069949534));
#14496=CARTESIAN_POINT('',(-6.16740166847829,-26.55,19.7031069949534));
#14497=CARTESIAN_POINT('',(-0.450597141518015,-26.55,16.01842233));
#14498=CARTESIAN_POINT('',(-0.450597141518015,-26.55,0.));
#14499=CARTESIAN_POINT('',(0.450597141518017,-26.55,16.01842233));
#14500=CARTESIAN_POINT('',(-0.450597141518015,-26.55,16.01842233));
#14501=CARTESIAN_POINT('',(0.450597141518023,-26.55,19.7031069949534));
#14502=CARTESIAN_POINT('',(0.450597141517946,-26.55,-1.77708425185193E-15));
#14503=CARTESIAN_POINT('',(1.64287666296561,-26.55,19.7031069949534));
#14504=CARTESIAN_POINT('',(-6.16740166847829,-26.55,19.7031069949534));
#14505=CARTESIAN_POINT('',(1.64287666296561,-26.55,16.01842233));
#14506=CARTESIAN_POINT('',(1.64287666296561,-26.55,0.));
#14507=CARTESIAN_POINT('',(2.41589305599208,-26.55,16.01842233));
#14508=CARTESIAN_POINT('',(1.64287666296561,-26.55,16.01842233));
#14509=CARTESIAN_POINT('',(2.41589305599208,-26.55,19.7031069949534));
#14510=CARTESIAN_POINT('',(2.41589305599202,-26.55,-7.4678152517173E-15));
#14511=CARTESIAN_POINT('',(3.73919230507128,-26.55,19.7031069949534));
#14512=CARTESIAN_POINT('',(-6.16740166847829,-26.55,19.7031069949534));
#14513=CARTESIAN_POINT('',(3.73919230507128,-26.55,16.01842233));
#14514=CARTESIAN_POINT('',(3.73919230507128,-26.55,0.));
#14515=CARTESIAN_POINT('',(4.49910672533458,-26.55,16.01842233));
#14516=CARTESIAN_POINT('',(3.73919230507128,-26.55,16.01842233));
#14517=CARTESIAN_POINT('',(4.49910672533458,-26.55,19.7031069949534));
#14518=CARTESIAN_POINT('',(4.49910672533458,-26.55,0.));
#14519=CARTESIAN_POINT('',(5.76999808336115,-26.55,19.7031069949534));
#14520=CARTESIAN_POINT('',(-6.16740166847829,-26.55,19.7031069949534));
#14521=CARTESIAN_POINT('',(5.76999808336115,-26.55,16.01842233));
#14522=CARTESIAN_POINT('',(5.7699980833611,-26.55,-1.47606258668463E-14));
#14523=CARTESIAN_POINT('',(6.16740166847829,-26.55,16.01842233));
#14524=CARTESIAN_POINT('',(5.76999808336115,-26.55,16.01842233));
#14525=CARTESIAN_POINT('',(6.16740166847829,-26.55,16.01842233));
#14526=CARTESIAN_POINT('',(-6.16740166847829,-26.55,16.01842233));
#14527=CARTESIAN_POINT('',(-6.16740166847829,-26.55,20.087091729753));
#14528=CARTESIAN_POINT('',(-5.76999808336115,-26.55,16.01842233));
#14529=CARTESIAN_POINT('',(-6.16740166847829,-26.55,16.01842233));
#14530=CARTESIAN_POINT('',(-5.76999808336115,-26.55,19.7031069949534));
#14531=CARTESIAN_POINT('',(-5.76999808336115,-26.55,20.087091729753));
#14532=CARTESIAN_POINT('',(-6.16740166847829,-26.55,19.7031069949534));
#14533=CARTESIAN_POINT('Origin',(-1.64287666296561,-26.55,0.));
#14534=CARTESIAN_POINT('',(-1.64287666296561,-26.55,19.7031069949534));
#14535=CARTESIAN_POINT('',(-1.64287666296561,-26.55,16.01842233));
#14536=CARTESIAN_POINT('Origin',(-2.41589305599208,-26.55,-2.57510870748878E-16));
#14537=CARTESIAN_POINT('',(-2.41589305599208,-26.55,19.7031069949534));
#14538=CARTESIAN_POINT('',(-2.41589305599208,-26.55,16.01842233));
#14539=CARTESIAN_POINT('Origin',(0.,-26.55,16.01842233));
#14540=CARTESIAN_POINT('Origin',(-0.450597141518015,-26.55,0.));
#14541=CARTESIAN_POINT('',(-0.450597141518015,-26.55,19.7031069949534));
#14542=CARTESIAN_POINT('',(-0.450597141518015,-26.55,16.01842233));
#14543=CARTESIAN_POINT('Origin',(0.,-26.55,16.01842233));
#14544=CARTESIAN_POINT('',(0.450597141518017,-26.55,16.01842233));
#14545=CARTESIAN_POINT('Origin',(0.450597141517946,-26.55,-1.77708425185193E-15));
#14546=CARTESIAN_POINT('',(0.450597141518023,-26.55,19.7031069949534));
#14547=CARTESIAN_POINT('Origin',(2.41589305599202,-26.55,-7.4678152517173E-15));
#14548=CARTESIAN_POINT('',(2.41589305599208,-26.55,19.7031069949534));
#14549=CARTESIAN_POINT('',(2.41589305599208,-26.55,16.01842233));
#14550=CARTESIAN_POINT('Origin',(1.64287666296561,-26.55,0.));
#14551=CARTESIAN_POINT('',(1.64287666296561,-26.55,19.7031069949534));
#14552=CARTESIAN_POINT('',(1.64287666296561,-26.55,16.01842233));
#14553=CARTESIAN_POINT('Origin',(0.,-26.55,16.01842233));
#14554=CARTESIAN_POINT('Origin',(4.49910672533458,-26.55,0.));
#14555=CARTESIAN_POINT('',(4.49910672533458,-26.55,19.7031069949534));
#14556=CARTESIAN_POINT('',(4.49910672533458,-26.55,16.01842233));
#14557=CARTESIAN_POINT('Origin',(3.73919230507128,-26.55,0.));
#14558=CARTESIAN_POINT('',(3.73919230507128,-26.55,19.7031069949534));
#14559=CARTESIAN_POINT('',(3.73919230507128,-26.55,16.01842233));
#14560=CARTESIAN_POINT('Origin',(0.,-26.55,16.01842233));
#14561=CARTESIAN_POINT('Origin',(5.7699980833611,-26.55,-1.47606258668463E-14));
#14562=CARTESIAN_POINT('',(5.76999808336115,-26.55,19.7031069949534));
#14563=CARTESIAN_POINT('',(5.76999808336115,-26.55,16.01842233));
#14564=CARTESIAN_POINT('Origin',(0.,-26.55,16.01842233));
#14565=CARTESIAN_POINT('',(6.16740166847829,-26.55,16.01842233));
#14566=CARTESIAN_POINT('Origin',(6.16740166847829,-26.55,0.));
#14567=CARTESIAN_POINT('Origin',(-6.16740166847829,-26.55,20.087091729753));
#14568=CARTESIAN_POINT('',(-6.16740166847829,-26.55,16.01842233));
#14569=CARTESIAN_POINT('Origin',(-6.16740166847829,-26.55,16.01842233));
#14570=CARTESIAN_POINT('',(-5.76999808336115,-26.55,16.01842233));
#14571=CARTESIAN_POINT('Origin',(-5.76999808336115,-26.55,20.087091729753));
#14572=CARTESIAN_POINT('',(-5.76999808336115,-26.55,19.7031069949534));
#14573=CARTESIAN_POINT('',(-5.76999808336115,-26.05,20.087091729753));
#14574=CARTESIAN_POINT('Origin',(-6.16740166847829,-26.05,19.7031069949534));
#14575=CARTESIAN_POINT('Origin',(-6.16740166847829,-26.05,19.7031069949534));
#14576=CARTESIAN_POINT('Origin',(-6.16740166847829,-26.05,19.7031069949534));
#14577=CARTESIAN_POINT('Origin',(-6.16740166847829,-26.05,19.7031069949534));
#14578=CARTESIAN_POINT('Origin',(-6.16740166847829,-26.05,19.7031069949534));
#14579=CARTESIAN_POINT('Origin',(-6.16740166847829,-26.05,19.7031069949534));
#14580=CARTESIAN_POINT('Origin',(-6.71263742609919,-24.65,15.3685511151192));
#14581=CARTESIAN_POINT('Origin',(6.7126374260992,-24.65,15.3685511151192));
#14582=CARTESIAN_POINT('Origin',(-6.2441380326102,-25.15,20.239251480113));
#14583=CARTESIAN_POINT('Origin',(6.24413803261022,-25.15,20.239251480113));
#14584=CARTESIAN_POINT('Origin',(6.24413803261022,-25.15,15.8662625798871));
#14585=CARTESIAN_POINT('Origin',(-6.2441380326102,-25.15,15.866262579887));
#14586=CARTESIAN_POINT('Origin',(-16.9428932188134,-20.65,22.5));
#14587=CARTESIAN_POINT('Origin',(-16.9428932188134,-20.65,22.5));
#14588=CARTESIAN_POINT('Origin',(1.6937134647244E-15,-20.65,22.5));
#14589=CARTESIAN_POINT('Origin',(-6.50000000000046,-20.6500000000005,22.5000000000005));
#14590=CARTESIAN_POINT('Origin',(-6.49999999999999,-25.15,22.5));
#14591=CARTESIAN_POINT('Origin',(-6.49999999999999,-24.65,22.5));
#14592=CARTESIAN_POINT('Origin',(3.28080090019254E-16,-24.65,22.5));
#14593=CARTESIAN_POINT('Origin',(-6.49999999999999,-24.65,22.5));
#14594=CARTESIAN_POINT('Origin',(6.5,-24.65,22.5));
#14595=CARTESIAN_POINT('Origin',(6.5,5.33130146281288E-16,22.5));
#14596=CARTESIAN_POINT('Origin',(6.5,-24.65,22.5));
#14597=CARTESIAN_POINT('Origin',(6.50000000000037,-20.6500000000004,22.5000000000004));
#14598=CARTESIAN_POINT('Origin',(1.6937134647244E-15,-20.65,22.5));
#14599=CARTESIAN_POINT('Origin',(16.9428932188134,-20.65,22.5));
#14600=CARTESIAN_POINT('Origin',(16.9428932188134,-20.65,22.5));
#14601=CARTESIAN_POINT('Origin',(6.5,-25.15,21.5));
#14602=CARTESIAN_POINT('Origin',(6.5,-24.65,21.5));
#14603=CARTESIAN_POINT('Origin',(3.28080090019254E-16,-24.65,21.5));
#14604=CARTESIAN_POINT('Origin',(-6.49999999999999,-24.65,21.5));
#14605=CARTESIAN_POINT('Origin',(6.5,-24.65,21.5));
#14606=CARTESIAN_POINT('Origin',(-6.49999999999999,-25.15,21.5));
#14607=CARTESIAN_POINT('Origin',(-6.49999999999999,-24.65,21.5));
#14608=CARTESIAN_POINT('Origin',(-6.49999999999999,-24.65,21.5));
#14609=CARTESIAN_POINT('Origin',(-6.49999999999999,-24.65,21.5));
#14610=CARTESIAN_POINT('Origin',(-6.49999999999998,-24.65,-2.8189256484623E-15));
#14611=CARTESIAN_POINT('Origin',(-6.49999999999999,-24.65,22.5));
#14612=CARTESIAN_POINT('Origin',(-6.49999999999999,-24.65,22.5));
#14613=CARTESIAN_POINT('Origin',(6.5,-24.65,22.5));
#14614=CARTESIAN_POINT('Origin',(6.5,-24.65,22.5));
#14615=CARTESIAN_POINT('Origin',(6.5,-24.65,0.));
#14616=CARTESIAN_POINT('Origin',(6.5,-24.65,21.5));
#14617=CARTESIAN_POINT('Origin',(6.5,-24.65,21.5));
#14618=CARTESIAN_POINT('Origin',(-6.81263742609919,-24.65,20.7903865039785));
#14619=CARTESIAN_POINT('Origin',(-6.81263742609925,-24.5500000000001,20.7903865039785));
#14620=CARTESIAN_POINT('Origin',(1.0434677625913E-14,-24.55,20.7903865039785));
#14621=CARTESIAN_POINT('Origin',(-6.4726217284279,-24.5500000000004,20.7903865039789));
#14622=CARTESIAN_POINT('Origin',(-6.47262172842758,-25.55,1.59286440428248E-14));
#14623=CARTESIAN_POINT('Origin',(-6.47262172842753,-25.55,20.7903865039785));
#14624=CARTESIAN_POINT('Origin',(-6.47262172842774,-25.5500000000002,20.6379331281472));
#14625=CARTESIAN_POINT('Origin',(-6.47262172842753,-25.65,20.7903865039785));
#14626=CARTESIAN_POINT('Origin',(-6.47262172842753,-25.55,20.7903865039785));
#14627=CARTESIAN_POINT('Origin',(0.,-25.55,20.6379331281475));
#14628=CARTESIAN_POINT('Origin',(6.47262172842797,-25.5500000000004,20.637933128147));
#14629=CARTESIAN_POINT('Origin',(-6.47262172842753,-25.55,20.7903865039785));
#14630=CARTESIAN_POINT('Origin',(-6.47262172842753,-25.55,20.7903865039785));
#14631=CARTESIAN_POINT('Origin',(6.47262172842753,-25.55,0.));
#14632=CARTESIAN_POINT('Origin',(6.47262172842753,-25.55,20.7903865039785));
#14633=CARTESIAN_POINT('Origin',(1.0434677625913E-14,-25.55,20.7903865039785));
#14634=CARTESIAN_POINT('Origin',(6.47262172842753,-25.55,20.7903865039785));
#14635=CARTESIAN_POINT('Origin',(6.47262172842753,-25.55,20.7903865039785));
#14636=CARTESIAN_POINT('Origin',(6.47262172842753,-25.55,20.7903865039785));
#14637=CARTESIAN_POINT('Origin',(6.81263742609919,-24.65,20.7903865039785));
#14638=CARTESIAN_POINT('Origin',(6.8126374260993,-24.5500000000001,20.7903865039786));
#14639=CARTESIAN_POINT('Origin',(6.47262172842753,-24.65,20.7903865039785));
#14640=CARTESIAN_POINT('Origin',(6.47262172842778,-24.5500000000003,20.7903865039787));
#14641=CARTESIAN_POINT('Origin',(1.0434677625913E-14,-24.55,20.7903865039785));
#14642=CARTESIAN_POINT('Origin',(-5.91755785021134,-24.65,15.3685511151192));
#14643=CARTESIAN_POINT('',(-5.71755843850531,-21.9,15.3680660200363));
#14644=CARTESIAN_POINT('Origin',(-5.91755785021134,-24.65,15.3675809249534));
#14645=CARTESIAN_POINT('Origin',(5.91755785021135,-24.65,15.3685511151192));
#14646=CARTESIAN_POINT('',(5.71755843850531,-21.9,15.3680660200363));
#14647=CARTESIAN_POINT('Origin',(5.91755785021135,-24.65,15.3675809249534));
#14648=CARTESIAN_POINT('Origin',(4.596677759451,-21.3957796891094,15.9662625798871));
#14649=CARTESIAN_POINT('',(4.796677759451,-21.3957796891094,15.9662625798871));
#14650=CARTESIAN_POINT('',(4.88149688987715,-21.3957796891094,15.9662625798871));
#14651=CARTESIAN_POINT('',(4.596677759451,-21.3957796891094,15.9662625798871));
#14652=CARTESIAN_POINT('',(4.796677759451,-21.3957796891094,15.6662625798871));
#14653=CARTESIAN_POINT('',(4.88149688987715,-21.3957796891094,15.9662625798871));
#14654=CARTESIAN_POINT('Origin',(4.596677759451,-21.8805988195356,15.9662625798871));
#14655=CARTESIAN_POINT('',(4.596677759451,-24.4279072252838,15.9662625798871));
#14656=CARTESIAN_POINT('',(4.596677759451,-21.5957796891094,15.9662625798871));
#14657=CARTESIAN_POINT('',(4.596677759451,-24.6279072252837,15.9662625798871));
#14658=CARTESIAN_POINT('',(4.596677759451,-24.4279072252838,15.6662625798871));
#14659=CARTESIAN_POINT('',(4.596677759451,-21.5957796891094,15.9662625798871));
#14660=CARTESIAN_POINT('Origin',(5.08149688987715,-24.6279072252837,15.9662625798871));
#14661=CARTESIAN_POINT('',(4.88149688987715,-24.6279072252837,15.9662625798871));
#14662=CARTESIAN_POINT('',(4.796677759451,-24.6279072252837,15.9662625798871));
#14663=CARTESIAN_POINT('',(5.08149688987715,-24.6279072252837,15.9662625798871));
#14664=CARTESIAN_POINT('',(4.88149688987715,-24.6279072252837,15.6662625798871));
#14665=CARTESIAN_POINT('',(4.796677759451,-24.6279072252837,15.9662625798871));
#14666=CARTESIAN_POINT('Origin',(5.08149688987715,-21.8805988195356,15.9662625798871));
#14667=CARTESIAN_POINT('',(5.08149688987715,-24.4279072252838,15.9662625798871));
#14668=CARTESIAN_POINT('',(5.08149688987715,-24.4279072252838,15.9662625798871));
#14669=CARTESIAN_POINT('',(5.08149688987715,-21.5957796891094,15.9662625798871));
#14670=CARTESIAN_POINT('',(5.08149688987715,-21.3957796891094,15.9662625798871));
#14671=CARTESIAN_POINT('',(5.08149688987715,-21.5957796891094,15.6662625798871));
#14672=CARTESIAN_POINT('Origin',(0.,0.,15.9662625798871));
#14673=CARTESIAN_POINT('Origin',(4.88149688987715,-24.4279072252838,15.9662625798871));
#14674=CARTESIAN_POINT('Origin',(4.796677759451,-24.4279072252838,15.9662625798871));
#14675=CARTESIAN_POINT('Origin',(4.796677759451,-21.5957796891094,15.9662625798871));
#14676=CARTESIAN_POINT('Origin',(4.88149688987715,-21.5957796891094,15.9662625798871));
#14677=CARTESIAN_POINT('Origin',(-4.59667775945098,-21.3957796891094,15.9662625798871));
#14678=CARTESIAN_POINT('',(-4.88149688987714,-21.3957796891094,15.9662625798871));
#14679=CARTESIAN_POINT('',(-4.79667775945098,-21.3957796891094,15.9662625798871));
#14680=CARTESIAN_POINT('',(-4.59667775945098,-21.3957796891094,15.9662625798871));
#14681=CARTESIAN_POINT('',(-4.88149688987714,-21.3957796891094,15.6662625798871));
#14682=CARTESIAN_POINT('',(-4.79667775945098,-21.3957796891094,15.9662625798871));
#14683=CARTESIAN_POINT('Origin',(-5.08149688987713,-21.3957796891094,15.9662625798871));
#14684=CARTESIAN_POINT('',(-5.08149688987715,-24.4279072252837,15.9662625798871));
#14685=CARTESIAN_POINT('',(-5.08149688987714,-21.5957796891094,15.9662625798871));
#14686=CARTESIAN_POINT('',(-5.08149688987714,-21.8805988195355,15.9662625798871));
#14687=CARTESIAN_POINT('',(-5.08149688987715,-24.4279072252837,15.6662625798871));
#14688=CARTESIAN_POINT('',(-5.08149688987714,-21.5957796891094,15.9662625798871));
#14689=CARTESIAN_POINT('Origin',(-5.08149688987715,-24.6279072252837,15.9662625798871));
#14690=CARTESIAN_POINT('',(-4.88149688987715,-24.6279072252837,15.9662625798871));
#14691=CARTESIAN_POINT('',(-4.88149688987715,-24.6279072252837,15.9662625798871));
#14692=CARTESIAN_POINT('',(-4.796677759451,-24.6279072252837,15.9662625798871));
#14693=CARTESIAN_POINT('',(-5.08149688987715,-24.6279072252837,15.9662625798871));
#14694=CARTESIAN_POINT('',(-4.796677759451,-24.6279072252837,15.6662625798871));
#14695=CARTESIAN_POINT('Origin',(-4.596677759451,-24.6279072252837,15.9662625798871));
#14696=CARTESIAN_POINT('',(-4.59667775945099,-21.5957796891094,15.9662625798871));
#14697=CARTESIAN_POINT('',(-4.596677759451,-24.4279072252837,15.9662625798871));
#14698=CARTESIAN_POINT('',(-4.59667775945099,-21.8805988195355,15.9662625798871));
#14699=CARTESIAN_POINT('',(-4.59667775945098,-21.5957796891094,15.6662625798871));
#14700=CARTESIAN_POINT('',(-4.596677759451,-24.4279072252837,15.9662625798871));
#14701=CARTESIAN_POINT('Origin',(0.,0.,15.9662625798871));
#14702=CARTESIAN_POINT('Origin',(-4.88149688987715,-24.4279072252837,15.9662625798871));
#14703=CARTESIAN_POINT('Origin',(-4.88149688987714,-21.5957796891094,15.9662625798871));
#14704=CARTESIAN_POINT('Origin',(-4.79667775945098,-21.5957796891094,15.9662625798871));
#14705=CARTESIAN_POINT('Origin',(-4.796677759451,-24.4279072252837,15.9662625798871));
#14706=CARTESIAN_POINT('Origin',(-4.88149688987715,-24.4279072252837,15.9662625798871));
#14707=CARTESIAN_POINT('Origin',(-4.88149688987714,-21.5957796891094,15.9662625798871));
#14708=CARTESIAN_POINT('Origin',(-4.79667775945098,-21.5957796891094,15.9662625798871));
#14709=CARTESIAN_POINT('Origin',(-4.796677759451,-24.4279072252837,15.9662625798871));
#14710=CARTESIAN_POINT('Origin',(4.88149688987715,-24.4279072252838,15.9662625798871));
#14711=CARTESIAN_POINT('Origin',(4.796677759451,-24.4279072252838,15.9662625798871));
#14712=CARTESIAN_POINT('Origin',(4.796677759451,-21.5957796891094,15.9662625798871));
#14713=CARTESIAN_POINT('Origin',(4.88149688987715,-21.5957796891094,15.9662625798871));
#14714=CARTESIAN_POINT('Origin',(0.,0.,15.8713743546801));
#14715=CARTESIAN_POINT('',(2.95987541746732,-25.8067237729578,15.8713743546801));
#14716=CARTESIAN_POINT('',(2.95761469112985,-21.6924239190132,15.8713743546801));
#14717=CARTESIAN_POINT('',(-2.95759138002602,-25.8067237729578,15.8713743546801));
#14718=CARTESIAN_POINT('',(-2.95759138002602,-25.8067237729578,15.8713743546801));
#14719=CARTESIAN_POINT('',(-2.95759138002602,-21.6924239190132,15.8713743546801));
#14720=CARTESIAN_POINT('',(2.55637397263266,-25.3825827160731,15.8713743546801));
#14721=CARTESIAN_POINT('',(-2.55637397263266,-25.382582716073,15.8713743546801));
#14722=CARTESIAN_POINT('',(2.55637397263266,-25.3825827160731,15.8713743546801));
#14723=CARTESIAN_POINT('',(2.55637397263266,-21.6924239190132,15.8713743546801));
#14724=CARTESIAN_POINT('',(2.55637397263266,-21.6924239190132,15.8713743546801));
#14725=CARTESIAN_POINT('',(-2.55637397263266,-21.6924239190132,15.8713743546801));
#14726=CARTESIAN_POINT('',(2.55637397263266,-21.6924239190132,15.8713743546801));
#14727=CARTESIAN_POINT('',(-2.55637397263266,-21.6924239190132,15.8713743546801));
#14728=CARTESIAN_POINT('Origin',(-2.95759138002602,-21.65,15.8713743546801));
#14729=CARTESIAN_POINT('',(-2.95759138002602,-25.8067237729578,15.8713743546801));
#14730=CARTESIAN_POINT('Origin',(2.95987541746732,-25.8067237729578,15.8713743546801));
#14731=CARTESIAN_POINT('',(2.95987541746732,-25.8067237729578,15.8713743546801));
#14732=CARTESIAN_POINT('Origin',(4.62200534953526E-16,-25.8067237729578,
15.8713743546801));
#14733=CARTESIAN_POINT('Origin',(2.55637397263266,-21.6924239190132,15.8713743546801));
#14734=CARTESIAN_POINT('',(2.55637397263266,-25.3825827160731,16.1460258611039));
#14735=CARTESIAN_POINT('',(2.55637397263266,-25.3825827160731,15.8713743546801));
#14736=CARTESIAN_POINT('',(2.55637397263267,-25.25,16.1713743546801));
#14737=CARTESIAN_POINT('',(2.55637397263266,-3.87320497280319,20.2584044554064));
#14738=CARTESIAN_POINT('',(2.55637397263266,-21.6924239190132,16.1713743546801));
#14739=CARTESIAN_POINT('',(2.55637397263266,-21.6924239190132,16.1713743546801));
#14740=CARTESIAN_POINT('',(2.55637397263266,-21.6924239190132,15.8713743546801));
#14741=CARTESIAN_POINT('Origin',(2.55637397263266,-25.3825827160731,15.8713743546801));
#14742=CARTESIAN_POINT('',(-2.55637397263266,-25.3825827160731,16.1460258611039));
#14743=CARTESIAN_POINT('',(-2.55637397263266,-25.382582716073,15.8713743546801));
#14744=CARTESIAN_POINT('',(-1.51295318952941E-14,-25.382582716073,16.1460258611039));
#14745=CARTESIAN_POINT('Origin',(-2.55637397263266,-21.6924239190132,15.8713743546801));
#14746=CARTESIAN_POINT('',(-2.55637397263266,-25.25,16.1713743546801));
#14747=CARTESIAN_POINT('',(-2.55637397263266,-21.6924239190132,16.1713743546801));
#14748=CARTESIAN_POINT('',(-2.55637397263266,-21.6924239190132,16.1713743546801));
#14749=CARTESIAN_POINT('',(-2.55637397263265,-3.87320497280318,20.2584044554064));
#14750=CARTESIAN_POINT('',(-2.55637397263266,-21.6924239190132,15.8713743546801));
#14751=CARTESIAN_POINT('Origin',(2.55637397263266,-21.6924239190132,15.8713743546801));
#14752=CARTESIAN_POINT('',(2.55637397263266,-21.6924239190132,16.1713743546801));
#14753=CARTESIAN_POINT('Origin',(0.,-3.87320497280319,20.2584044554064));
#14754=CARTESIAN_POINT('',(0.,-25.25,16.1713743546801));
#14755=CARTESIAN_POINT('Origin',(-5.98131208163944,-25.25,16.1713743546801));
#14756=CARTESIAN_POINT('Origin',(-5.14240166847829,-19.05,18.05275703));
#14757=CARTESIAN_POINT('Origin',(-5.14240166847829,-26.05,18.05275703));
#14758=CARTESIAN_POINT('Origin',(-5.14240166847829,-39.05,18.05275703));
#14759=CARTESIAN_POINT('Origin',(-1.03370083423914,-39.05,18.05275703));
#14760=CARTESIAN_POINT('Origin',(0.,-19.05,0.));
#14761=CARTESIAN_POINT('Origin',(1.03370083423914,-39.05,18.05275703));
#14762=CARTESIAN_POINT('Origin',(0.,-19.05,0.));
#14763=CARTESIAN_POINT('Origin',(5.14240166847829,-39.05,18.05275703));
#14764=CARTESIAN_POINT('Origin',(0.,-19.05,0.));
#14765=CARTESIAN_POINT('Origin',(-3.07754268053168,-19.05,18.0916487));
#14766=CARTESIAN_POINT('Origin',(3.07754268053168,-19.05,18.0916487));
#14767=CARTESIAN_POINT('Origin',(0.,-23.35,17.5916968417776));
#14768=CARTESIAN_POINT('Origin',(0.,-23.35,17.48743677));
#14769=CARTESIAN_POINT('Origin',(0.,-23.35,17.5916968417776));
#14770=CARTESIAN_POINT('Origin',(0.,-23.35,17.48743677));
#14771=CARTESIAN_POINT('',(0.,0.,0.));
#14772=CARTESIAN_POINT('',(0.,0.,0.));
#14773=CARTESIAN_POINT('',(35.95,-12.5,31.5));
#14774=CARTESIAN_POINT('',(-2.66453525910038E-14,-12.5,31.5));
#14775=CARTESIAN_POINT('',(-0.0950594113376191,-27.9685709043271,-56.7135061656971));
#14776=UNCERTAINTY_MEASURE_WITH_UNIT(LENGTH_MEASURE(0.01),#14790,
'DISTANCE_ACCURACY_VALUE',
'Maximum model space distance between geometric entities at asserted c
onnectivities');
#14777=UNCERTAINTY_MEASURE_WITH_UNIT(LENGTH_MEASURE(0.01),#14790,
'DISTANCE_ACCURACY_VALUE',
'Maximum model space distance between geometric entities at asserted c
onnectivities');
#14778=UNCERTAINTY_MEASURE_WITH_UNIT(LENGTH_MEASURE(0.01),#14790,
'DISTANCE_ACCURACY_VALUE',
'Maximum model space distance between geometric entities at asserted c
onnectivities');
#14779=UNCERTAINTY_MEASURE_WITH_UNIT(LENGTH_MEASURE(0.01),#14790,
'DISTANCE_ACCURACY_VALUE',
'Maximum model space distance between geometric entities at asserted c
onnectivities');
#14780=UNCERTAINTY_MEASURE_WITH_UNIT(LENGTH_MEASURE(0.01),#14790,
'DISTANCE_ACCURACY_VALUE',
'Maximum model space distance between geometric entities at asserted c
onnectivities');
#14781=UNCERTAINTY_MEASURE_WITH_UNIT(LENGTH_MEASURE(0.01),#14790,
'DISTANCE_ACCURACY_VALUE',
'Maximum model space distance between geometric entities at asserted c
onnectivities');
#14782=UNCERTAINTY_MEASURE_WITH_UNIT(LENGTH_MEASURE(0.01),#14790,
'DISTANCE_ACCURACY_VALUE',
'Maximum model space distance between geometric entities at asserted c
onnectivities');
#14783=(
GEOMETRIC_REPRESENTATION_CONTEXT(3)
GLOBAL_UNCERTAINTY_ASSIGNED_CONTEXT((#14776))
GLOBAL_UNIT_ASSIGNED_CONTEXT((#14790,#14792,#14793))
REPRESENTATION_CONTEXT('','3D')
);
#14784=(
GEOMETRIC_REPRESENTATION_CONTEXT(3)
GLOBAL_UNCERTAINTY_ASSIGNED_CONTEXT((#14777))
GLOBAL_UNIT_ASSIGNED_CONTEXT((#14790,#14792,#14793))
REPRESENTATION_CONTEXT('','3D')
);
#14785=(
GEOMETRIC_REPRESENTATION_CONTEXT(3)
GLOBAL_UNCERTAINTY_ASSIGNED_CONTEXT((#14778))
GLOBAL_UNIT_ASSIGNED_CONTEXT((#14790,#14792,#14793))
REPRESENTATION_CONTEXT('','3D')
);
#14786=(
GEOMETRIC_REPRESENTATION_CONTEXT(3)
GLOBAL_UNCERTAINTY_ASSIGNED_CONTEXT((#14779))
GLOBAL_UNIT_ASSIGNED_CONTEXT((#14790,#14792,#14793))
REPRESENTATION_CONTEXT('','3D')
);
#14787=(
GEOMETRIC_REPRESENTATION_CONTEXT(3)
GLOBAL_UNCERTAINTY_ASSIGNED_CONTEXT((#14780))
GLOBAL_UNIT_ASSIGNED_CONTEXT((#14790,#14792,#14793))
REPRESENTATION_CONTEXT('','3D')
);
#14788=(
GEOMETRIC_REPRESENTATION_CONTEXT(3)
GLOBAL_UNCERTAINTY_ASSIGNED_CONTEXT((#14781))
GLOBAL_UNIT_ASSIGNED_CONTEXT((#14790,#14792,#14793))
REPRESENTATION_CONTEXT('','3D')
);
#14789=(
GEOMETRIC_REPRESENTATION_CONTEXT(3)
GLOBAL_UNCERTAINTY_ASSIGNED_CONTEXT((#14782))
GLOBAL_UNIT_ASSIGNED_CONTEXT((#14790,#14792,#14793))
REPRESENTATION_CONTEXT('','3D')
);
#14790=(
LENGTH_UNIT()
NAMED_UNIT(*)
SI_UNIT(.MILLI.,.METRE.)
);
#14791=(
LENGTH_UNIT()
NAMED_UNIT(*)
SI_UNIT($,.METRE.)
);
#14792=(
NAMED_UNIT(*)
PLANE_ANGLE_UNIT()
SI_UNIT($,.RADIAN.)
);
#14793=(
NAMED_UNIT(*)
SI_UNIT($,.STERADIAN.)
SOLID_ANGLE_UNIT()
);
#14794=SHAPE_DEFINITION_REPRESENTATION(#14800,#14811);
#14795=SHAPE_DEFINITION_REPRESENTATION(#14801,#14812);
#14796=SHAPE_DEFINITION_REPRESENTATION(#14802,#14813);
#14797=SHAPE_DEFINITION_REPRESENTATION(#14803,#14814);
#14798=SHAPE_DEFINITION_REPRESENTATION(#14804,#14815);
#14799=SHAPE_DEFINITION_REPRESENTATION(#14805,#14816);
#14800=PRODUCT_DEFINITION_SHAPE('',$,#14818);
#14801=PRODUCT_DEFINITION_SHAPE('',$,#14819);
#14802=PRODUCT_DEFINITION_SHAPE('',$,#14820);
#14803=PRODUCT_DEFINITION_SHAPE('',$,#14821);
#14804=PRODUCT_DEFINITION_SHAPE('',$,#14822);
#14805=PRODUCT_DEFINITION_SHAPE('',$,#14823);
#14806=PRODUCT_DEFINITION_SHAPE($,$,#26);
#14807=PRODUCT_DEFINITION_SHAPE($,$,#27);
#14808=PRODUCT_DEFINITION_SHAPE($,$,#28);
#14809=PRODUCT_DEFINITION_SHAPE($,$,#29);
#14810=PRODUCT_DEFINITION_SHAPE($,$,#30);
#14811=SHAPE_REPRESENTATION('',(#8724,#9605,#9606,#9607,#9608,#9609),#14783);
#14812=SHAPE_REPRESENTATION('',(#8725),#14784);
#14813=SHAPE_REPRESENTATION('',(#8771),#14785);
#14814=SHAPE_REPRESENTATION('',(#8841),#14786);
#14815=SHAPE_REPRESENTATION('',(#8922),#14787);
#14816=SHAPE_REPRESENTATION('',(#8926),#14788);
#14817=PRODUCT_DEFINITION_CONTEXT('part definition',#14837,'design');
#14818=PRODUCT_DEFINITION('CardFeeder','CardFeeder v9',#14824,#14817);
#14819=PRODUCT_DEFINITION('Roller','Roller',#14825,#14817);
#14820=PRODUCT_DEFINITION('RollerMount','RollerMount',#14826,#14817);
#14821=PRODUCT_DEFINITION('5972K222_Ball Bearing',
'5972K222_6082rs_8mmx22mmx7mm v1',#14827,#14817);
#14822=PRODUCT_DEFINITION('9262K673_Oil-Resistant Buna-N O-Ring',
'9262K673_O-Ring_21mmx25mm_70A v1',#14828,#14817);
#14823=PRODUCT_DEFINITION('17HE08-1004S','17HE08-1004S v1',#14829,#14817);
#14824=PRODUCT_DEFINITION_FORMATION('',$,#14839);
#14825=PRODUCT_DEFINITION_FORMATION('',$,#14840);
#14826=PRODUCT_DEFINITION_FORMATION('',$,#14841);
#14827=PRODUCT_DEFINITION_FORMATION('',$,#14842);
#14828=PRODUCT_DEFINITION_FORMATION('',$,#14843);
#14829=PRODUCT_DEFINITION_FORMATION('',$,#14844);
#14830=PRODUCT_RELATED_PRODUCT_CATEGORY('CardFeeder v9','CardFeeder v9',
(#14839));
#14831=PRODUCT_RELATED_PRODUCT_CATEGORY('Roller','Roller',(#14840));
#14832=PRODUCT_RELATED_PRODUCT_CATEGORY('RollerMount','RollerMount',(#14841));
#14833=PRODUCT_RELATED_PRODUCT_CATEGORY(
'5972K222_6082rs_8mmx22mmx7mm v1','5972K222_6082rs_8mmx22mmx7mm v1',(#14842));
#14834=PRODUCT_RELATED_PRODUCT_CATEGORY(
'9262K673_O-Ring_21mmx25mm_70A v1','9262K673_O-Ring_21mmx25mm_70A v1',(#14843));
#14835=PRODUCT_RELATED_PRODUCT_CATEGORY('17HE08-1004S v1',
'17HE08-1004S v1',(#14844));
#14836=APPLICATION_PROTOCOL_DEFINITION('international standard',
'automotive_design',2009,#14837);
#14837=APPLICATION_CONTEXT(
'Core Data for Automotive Mechanical Design Process');
#14838=PRODUCT_CONTEXT('part definition',#14837,'mechanical');
#14839=PRODUCT('CardFeeder','CardFeeder v9',$,(#14838));
#14840=PRODUCT('Roller','Roller',$,(#14838));
#14841=PRODUCT('RollerMount','RollerMount',$,(#14838));
#14842=PRODUCT('5972K222_Ball Bearing',
'5972K222_6082rs_8mmx22mmx7mm v1','STEP AP203',(#14838));
#14843=PRODUCT('9262K673_Oil-Resistant Buna-N O-Ring',
'9262K673_O-Ring_21mmx25mm_70A v1','STEP AP203',(#14838));
#14844=PRODUCT('17HE08-1004S','17HE08-1004S v1','STEP AP214',(#14838));
#14845=PRESENTATION_STYLE_ASSIGNMENT((#14854));
#14846=PRESENTATION_STYLE_ASSIGNMENT((#14855));
#14847=PRESENTATION_STYLE_ASSIGNMENT((#14856));
#14848=PRESENTATION_STYLE_ASSIGNMENT((#14857));
#14849=PRESENTATION_STYLE_ASSIGNMENT((#14858));
#14850=PRESENTATION_STYLE_ASSIGNMENT((#14859));
#14851=PRESENTATION_STYLE_ASSIGNMENT((#14860));
#14852=PRESENTATION_STYLE_ASSIGNMENT((#14861));
#14853=PRESENTATION_STYLE_ASSIGNMENT((#14862));
#14854=SURFACE_STYLE_USAGE(.BOTH.,#14863);
#14855=SURFACE_STYLE_USAGE(.BOTH.,#14864);
#14856=SURFACE_STYLE_USAGE(.BOTH.,#14865);
#14857=SURFACE_STYLE_USAGE(.BOTH.,#14866);
#14858=SURFACE_STYLE_USAGE(.BOTH.,#14867);
#14859=SURFACE_STYLE_USAGE(.BOTH.,#14868);
#14860=SURFACE_STYLE_USAGE(.BOTH.,#14869);
#14861=SURFACE_STYLE_USAGE(.BOTH.,#14870);
#14862=SURFACE_STYLE_USAGE(.BOTH.,#14871);
#14863=SURFACE_SIDE_STYLE('',(#14872));
#14864=SURFACE_SIDE_STYLE('',(#14873));
#14865=SURFACE_SIDE_STYLE('',(#14874));
#14866=SURFACE_SIDE_STYLE('',(#14875));
#14867=SURFACE_SIDE_STYLE('',(#14876));
#14868=SURFACE_SIDE_STYLE('',(#14877));
#14869=SURFACE_SIDE_STYLE('',(#14878));
#14870=SURFACE_SIDE_STYLE('',(#14879));
#14871=SURFACE_SIDE_STYLE('',(#14880));
#14872=SURFACE_STYLE_FILL_AREA(#14881);
#14873=SURFACE_STYLE_FILL_AREA(#14882);
#14874=SURFACE_STYLE_FILL_AREA(#14883);
#14875=SURFACE_STYLE_FILL_AREA(#14884);
#14876=SURFACE_STYLE_FILL_AREA(#14885);
#14877=SURFACE_STYLE_FILL_AREA(#14886);
#14878=SURFACE_STYLE_FILL_AREA(#14887);
#14879=SURFACE_STYLE_FILL_AREA(#14888);
#14880=SURFACE_STYLE_FILL_AREA(#14889);
#14881=FILL_AREA_STYLE('Steel - Satin',(#14890));
#14882=FILL_AREA_STYLE('Opaque(255,255,255)',(#14891));
#14883=FILL_AREA_STYLE('Opaque(63,63,63)',(#14892));
#14884=FILL_AREA_STYLE('Opaque(0,128,64)',(#14893));
#14885=FILL_AREA_STYLE('Opaque(0,128,255)',(#14894));
#14886=FILL_AREA_STYLE('Opaque(255,0,0)',(#14895));
#14887=FILL_AREA_STYLE('Opaque(64,64,64)',(#14896));
#14888=FILL_AREA_STYLE('Opaque(255,255,192)',(#14897));
#14889=FILL_AREA_STYLE('Opaque(0,255,0)',(#14898));
#14890=FILL_AREA_STYLE_COLOUR('Steel - Satin',#14899);
#14891=FILL_AREA_STYLE_COLOUR('Opaque(255,255,255)',#14900);
#14892=FILL_AREA_STYLE_COLOUR('Opaque(63,63,63)',#14901);
#14893=FILL_AREA_STYLE_COLOUR('Opaque(0,128,64)',#14902);
#14894=FILL_AREA_STYLE_COLOUR('Opaque(0,128,255)',#14903);
#14895=FILL_AREA_STYLE_COLOUR('Opaque(255,0,0)',#14904);
#14896=FILL_AREA_STYLE_COLOUR('Opaque(64,64,64)',#14905);
#14897=FILL_AREA_STYLE_COLOUR('Opaque(255,255,192)',#14906);
#14898=FILL_AREA_STYLE_COLOUR('Opaque(0,255,0)',#14907);
#14899=COLOUR_RGB('Steel - Satin',0.627450980392157,0.627450980392157,0.627450980392157);
#14900=COLOUR_RGB('Opaque(255,255,255)',1.,1.,1.);
#14901=COLOUR_RGB('Opaque(63,63,63)',0.250980392156863,0.250980392156863,
0.250980392156863);
#14902=COLOUR_RGB('Opaque(0,128,64)',0.,0.501960784313725,0.250980392156863);
#14903=COLOUR_RGB('Opaque(0,128,255)',0.,0.501960784313725,1.);
#14904=COLOUR_RGB('Opaque(255,0,0)',1.,0.,0.);
#14905=COLOUR_RGB('Opaque(64,64,64)',0.250980392156863,0.250980392156863,
0.250980392156863);
#14906=COLOUR_RGB('Opaque(255,255,192)',1.,1.,0.752941176470588);
#14907=COLOUR_RGB('Opaque(0,255,0)',0.,1.,0.);
ENDSEC;
END-ISO-10303-21;
