ISO-10303-21;
HEADER;
FILE_DESCRIPTION (( 'STEP AP203' ),
    '1' );
FILE_NAME ('5972K222_Ball Bearing.STEP',
    '2024-06-03T18:59:27',
    ( 'Administrator' ),
    ( 'Managed by Terraform' ),
    'SwSTEP 2.0',
    'SolidWorks 2017',
    '' );
FILE_SCHEMA (( 'CONFIG_CONTROL_DESIGN' ));
ENDSEC;

DATA;
#1 = EDGE_LOOP ( 'NONE', ( #56, #1556, #1329, #57 ) ) ;
#2 = ORIENTED_EDGE ( 'NONE', *, *, #647, .F. ) ;
#3 = ORIENTED_EDGE ( 'NONE', *, *, #879, .T. ) ;
#4 = ORIENTED_EDGE ( 'NONE', *, *, #412, .T. ) ;
#5 = CARTESIAN_POINT ( 'NONE',  ( 5.400000000000006600, 0.0000000000000000000, -2.613379629219559700 ) ) ;
#6 = CARTESIAN_POINT ( 'NONE',  ( 7.500000000000000000, 0.0000000000000000000, 0.0000000000000000000 ) ) ;
#7 = EDGE_CURVE ( 'NONE', #981, #226, #1552, .T. ) ;
#8 = AXIS2_PLACEMENT_3D ( 'NONE', #392, #532, #1582 ) ;
#9 = CARTESIAN_POINT ( 'NONE',  ( 0.0000000000000000000, 0.0000000000000000000, 3.499999999999999100 ) ) ;
#10 = DIRECTION ( 'NONE',  ( -1.000000000000000000, 0.0000000000000000000, -0.0000000000000000000 ) ) ;
#11 = CIRCLE ( 'NONE', #1236, 9.599999999999994300 ) ;
#12 = CARTESIAN_POINT ( 'NONE',  ( -11.00000000000000400, 0.0000000000000000000, 3.149999999999999500 ) ) ;
#13 = CARTESIAN_POINT ( 'NONE',  ( 0.0000000000000000000, 0.0000000000000000000, 2.613379629219557500 ) ) ;
#14 = SPHERICAL_SURFACE ( 'NONE', #1271, 2.613379629219557500 ) ;
#15 = EDGE_CURVE ( 'NONE', #1247, #985, #1042, .T. ) ;
#16 = FACE_OUTER_BOUND ( 'NONE', #299, .T. ) ;
#17 = DIRECTION ( 'NONE',  ( 1.000000000000000000, 0.0000000000000000000, 0.0000000000000000000 ) ) ;
#18 = CARTESIAN_POINT ( 'NONE',  ( 5.863736118510232100, 4.676173513940490500, 0.0000000000000000000 ) ) ;
#19 = CIRCLE ( 'NONE', #1117, 2.613379629219557500 ) ;
#20 = DIRECTION ( 'NONE',  ( -1.000000000000000000, 0.0000000000000000000, -0.0000000000000000000 ) ) ;
#21 = ORIENTED_EDGE ( 'NONE', *, *, #766, .F. ) ;
#22 = VERTEX_POINT ( 'NONE', #1075 ) ;
#23 = ORIENTED_EDGE ( 'NONE', *, *, #424, .T. ) ;
#24 = ORIENTED_EDGE ( 'NONE', *, *, #1422, .F. ) ;
#25 = DIRECTION ( 'NONE',  ( -0.0000000000000000000, -0.0000000000000000000, 1.000000000000000000 ) ) ;
#26 = SECURITY_CLASSIFICATION_LEVEL ( 'unclassified' ) ;
#27 = DIRECTION ( 'NONE',  ( -0.0000000000000000000, -0.0000000000000000000, 1.000000000000000000 ) ) ;
#28 = CARTESIAN_POINT ( 'NONE',  ( -5.400000000000002100, 6.613092715395709400E-016, 3.499999999999999100 ) ) ;
#29 = EDGE_CURVE ( 'NONE', #74, #1596, #606, .T. ) ;
#30 = CARTESIAN_POINT ( 'NONE',  ( 9.109999999999992300, 0.0000000000000000000, 3.325000000000000600 ) ) ;
#31 = FACE_OUTER_BOUND ( 'NONE', #942, .T. ) ;
#32 = DIRECTION ( 'NONE',  ( 1.000000000000000000, 0.0000000000000000000, 0.0000000000000000000 ) ) ;
#33 = CIRCLE ( 'NONE', #865, 9.599999999999999600 ) ;
#34 = ORIENTED_EDGE ( 'NONE', *, *, #459, .T. ) ;
#35 = AXIS2_PLACEMENT_3D ( 'NONE', #85, #103, #1043 ) ;
#36 = ORIENTED_EDGE ( 'NONE', *, *, #619, .T. ) ;
#37 = ORIENTED_EDGE ( 'NONE', *, *, #1415, .T. ) ;
#38 = ORIENTED_EDGE ( 'NONE', *, *, #192, .F. ) ;
#39 = AXIS2_PLACEMENT_3D ( 'NONE', #552, #1347, #566 ) ;
#40 = DIRECTION ( 'NONE',  ( 1.000000000000000000, 0.0000000000000000000, 0.0000000000000000000 ) ) ;
#41 = DIRECTION ( 'NONE',  ( 1.000000000000000000, 0.0000000000000000000, 0.0000000000000000000 ) ) ;
#42 = ORIENTED_EDGE ( 'NONE', *, *, #204, .F. ) ;
#43 = VERTEX_POINT ( 'NONE', #945 ) ;
#44 = DIRECTION ( 'NONE',  ( -0.0000000000000000000, -0.0000000000000000000, 1.000000000000000000 ) ) ;
#45 = EDGE_CURVE ( 'NONE', #697, #1641, #998, .T. ) ;
#46 = AXIS2_PLACEMENT_3D ( 'NONE', #196, #992, #1375 ) ;
#47 = CARTESIAN_POINT ( 'NONE',  ( 0.0000000000000000000, 0.0000000000000000000, 3.500000000000000000 ) ) ;
#48 = CYLINDRICAL_SURFACE ( 'NONE', #492, 5.400000000000005700 ) ;
#49 = FACE_OUTER_BOUND ( 'NONE', #1528, .T. ) ;
#50 = CYLINDRICAL_SURFACE ( 'NONE', #968, 11.00000000000000000 ) ;
#51 = CARTESIAN_POINT ( 'NONE',  ( 0.0000000000000000000, 0.0000000000000000000, -1.555555555555555400 ) ) ;
#52 = EDGE_CURVE ( 'NONE', #937, #1206, #854, .T. ) ;
#53 = FACE_OUTER_BOUND ( 'NONE', #899, .T. ) ;
#54 = ORIENTED_EDGE ( 'NONE', *, *, #15, .F. ) ;
#55 = AXIS2_PLACEMENT_3D ( 'NONE', #1462, #554, #1469 ) ;
#56 = ORIENTED_EDGE ( 'NONE', *, *, #292, .F. ) ;
#57 = ORIENTED_EDGE ( 'NONE', *, *, #1372, .F. ) ;
#58 = EDGE_LOOP ( 'NONE', ( #1350, #1142, #1248, #1622 ) ) ;
#59 = DIRECTION ( 'NONE',  ( 1.000000000000000000, 0.0000000000000000000, 0.0000000000000000000 ) ) ;
#60 = ORIENTED_EDGE ( 'NONE', *, *, #1589, .T. ) ;
#61 = AXIS2_PLACEMENT_3D ( 'NONE', #454, #255, #1179 ) ;
#62 = ADVANCED_FACE ( 'NONE', ( #1264 ), #181, .F. ) ;
#63 = DATE_AND_TIME ( #1397, #217 ) ;
#64 = AXIS2_PLACEMENT_3D ( 'NONE', #1433, #649, #1166 ) ;
#65 = CIRCLE ( 'NONE', #46, 2.613379629219557500 ) ;
#66 = DIRECTION ( 'NONE',  ( 1.000000000000000000, 0.0000000000000000000, 0.0000000000000000000 ) ) ;
#67 = PLANE ( 'NONE',  #281 ) ;
#68 = FACE_OUTER_BOUND ( 'NONE', #58, .T. ) ;
#69 = CIRCLE ( 'NONE', #180, 9.599999999999999600 ) ;
#70 = VERTEX_POINT ( 'NONE', #1499 ) ;
#71 = CARTESIAN_POINT ( 'NONE',  ( 0.0000000000000000000, 0.0000000000000000000, -1.555555555555556000 ) ) ;
#72 = DIRECTION ( 'NONE',  ( 0.0000000000000000000, -1.000000000000000000, 0.0000000000000000000 ) ) ;
#73 = EDGE_CURVE ( 'NONE', #775, #819, #833, .T. ) ;
#74 = VERTEX_POINT ( 'NONE', #1368 ) ;
#75 = ORIENTED_EDGE ( 'NONE', *, *, #832, .F. ) ;
#76 = ORIENTED_EDGE ( 'NONE', *, *, #7, .T. ) ;
#77 = EDGE_LOOP ( 'NONE', ( #856, #627, #964, #1600 ) ) ;
#78 = AXIS2_PLACEMENT_3D ( 'NONE', #1095, #695, #1612 ) ;
#79 = CARTESIAN_POINT ( 'NONE',  ( -5.400000000000002100, 6.613092715395708500E-016, 1.555555555555557800 ) ) ;
#80 = CARTESIAN_POINT ( 'NONE',  ( 0.0000000000000000000, 0.0000000000000000000, 0.0000000000000000000 ) ) ;
#81 = EDGE_CURVE ( 'NONE', #444, #857, #1140, .T. ) ;
#82 = PERSON_AND_ORGANIZATION ( #225, #106 ) ;
#83 = AXIS2_PLACEMENT_3D ( 'NONE', #1628, #170, #1484 ) ;
#84 = CARTESIAN_POINT ( 'NONE',  ( 0.0000000000000000000, 0.0000000000000000000, 3.499999999999999100 ) ) ;
#85 = CARTESIAN_POINT ( 'NONE',  ( 0.0000000000000000000, 0.0000000000000000000, -3.200466997880628000E-016 ) ) ;
#86 = CIRCLE ( 'NONE', #1440, 10.65000000000000000 ) ;
#87 = TOROIDAL_SURFACE ( 'NONE', #635, 6.100000000000006800, 1.466091313363489900 ) ;
#88 = CARTESIAN_POINT ( 'NONE',  ( 0.0000000000000000000, 9.599999999999994300, 2.613379629219557000 ) ) ;
#89 = DIRECTION ( 'NONE',  ( 0.7818314824680309100, 0.6234898018587320400, 0.0000000000000000000 ) ) ;
#90 = ADVANCED_FACE ( 'NONE', ( #1403 ), #769, .F. ) ;
#91 = CIRCLE ( 'NONE', #1255, 6.800000000000006900 ) ;
#92 = DIRECTION ( 'NONE',  ( -0.0000000000000000000, -0.0000000000000000000, 1.000000000000000000 ) ) ;
#93 = VECTOR ( 'NONE', #839, 1000.000000000000000 ) ;
#94 = DIRECTION ( 'NONE',  ( -0.9749279121818257300, -0.2225209339563050100, 0.0000000000000000000 ) ) ;
#95 = ORIENTED_EDGE ( 'NONE', *, *, #1070, .F. ) ;
#96 = ORIENTED_EDGE ( 'NONE', *, *, #119, .T. ) ;
#97 = EDGE_LOOP ( 'NONE', ( #841, #117, #168, #700 ) ) ;
#98 = DIRECTION ( 'NONE',  ( -1.000000000000000000, 0.0000000000000000000, 0.0000000000000000000 ) ) ;
#99 = EDGE_CURVE ( 'NONE', #748, #550, #139, .T. ) ;
#100 = ORIENTED_EDGE ( 'NONE', *, *, #1681, .F. ) ;
#101 = DIRECTION ( 'NONE',  ( 1.000000000000000000, 0.0000000000000000000, 0.0000000000000000000 ) ) ;
#102 = ADVANCED_FACE ( 'NONE', ( #869 ), #250, .T. ) ;
#103 = DIRECTION ( 'NONE',  ( -0.0000000000000000000, -0.0000000000000000000, 1.000000000000000000 ) ) ;
#104 = CC_DESIGN_DATE_AND_TIME_ASSIGNMENT ( #1316, #1085, ( #313 ) ) ;
#105 = ADVANCED_FACE ( 'NONE', ( #1698 ), #565, .F. ) ;
#106 = ORGANIZATION ( 'UNSPECIFIED', 'UNSPECIFIED', '' ) ;
#107 = CONICAL_SURFACE ( 'NONE', #1572, 10.65000000000000000, 0.7853981633974420600 ) ;
#108 = AXIS2_PLACEMENT_3D ( 'NONE', #1260, #730, #737 ) ;
#109 = DIRECTION ( 'NONE',  ( 1.000000000000000000, 0.0000000000000000000, 0.0000000000000000000 ) ) ;
#110 = SPHERICAL_SURFACE ( 'NONE', #150, 2.613379629219557500 ) ;
#111 = CYLINDRICAL_SURFACE ( 'NONE', #340, 11.00000000000000000 ) ;
#112 = CLOSED_SHELL ( 'NONE', ( #646, #1054 ) ) ;
#113 = DIRECTION ( 'NONE',  ( -0.0000000000000000000, -0.0000000000000000000, 1.000000000000000000 ) ) ;
#114 = ADVANCED_FACE ( 'NONE', ( #1346 ), #692, .T. ) ;
#115 = DIRECTION ( 'NONE',  ( 1.000000000000000000, 0.0000000000000000000, 0.0000000000000000000 ) ) ;
#116 = DIRECTION ( 'NONE',  ( -0.0000000000000000000, -0.0000000000000000000, 1.000000000000000000 ) ) ;
#117 = ORIENTED_EDGE ( 'NONE', *, *, #683, .T. ) ;
#118 = ORIENTED_EDGE ( 'NONE', *, *, #906, .F. ) ;
#119 = EDGE_CURVE ( 'NONE', #753, #1064, #373, .T. ) ;
#120 = MANIFOLD_SOLID_BREP ( 'Revolve1[1]', #680 ) ;
#121 = ORIENTED_EDGE ( 'NONE', *, *, #1218, .T. ) ;
#122 = VERTEX_POINT ( 'NONE', #183 ) ;
#123 = AXIS2_PLACEMENT_3D ( 'NONE', #993, #1376, #1513 ) ;
#124 = DIRECTION ( 'NONE',  ( -0.6234898018587432500, -0.7818314824680220300, 0.0000000000000000000 ) ) ;
#125 = CARTESIAN_POINT ( 'NONE',  ( 9.599999999999994300, 0.0000000000000000000, 3.500000000000000000 ) ) ;
#126 = CARTESIAN_POINT ( 'NONE',  ( -5.400000000000005700, 6.613092715395714400E-016, 3.499999999999999100 ) ) ;
#127 = APPROVAL ( #296, 'UNSPECIFIED' ) ;
#128 = ADVANCED_FACE ( 'NONE', ( #53, #205 ), #1481, .F. ) ;
#129 = CARTESIAN_POINT ( 'NONE',  ( 0.0000000000000000000, 0.0000000000000000000, 3.149999999999999500 ) ) ;
#130 = DIRECTION ( 'NONE',  ( 1.000000000000000000, 0.0000000000000000000, 0.0000000000000000000 ) ) ;
#131 = CIRCLE ( 'NONE', #385, 2.613379629219557500 ) ;
#132 = EDGE_CURVE ( 'NONE', #531, #302, #1225, .T. ) ;
#133 = CIRCLE ( 'NONE', #1717, 5.400000000000005700 ) ;
#134 = AXIS2_PLACEMENT_3D ( 'NONE', #355, #617, #1526 ) ;
#135 = APPROVAL_ROLE ( '' ) ;
#136 = DIRECTION ( 'NONE',  ( -0.4338837391175525700, 0.9009688679024218100, 0.0000000000000000000 ) ) ;
#137 = FACE_OUTER_BOUND ( 'NONE', #595, .T. ) ;
#138 = DIRECTION ( 'NONE',  ( -0.0000000000000000000, -0.0000000000000000000, 1.000000000000000000 ) ) ;
#139 = LINE ( 'NONE', #537, #747 ) ;
#140 = CLOSED_SHELL ( 'NONE', ( #399, #249, #1045, #105, #639, #382, #1149, #1443, #62, #788, #370, #128, #1549, #1714, #1133, #1304 ) ) ;
#141 = CARTESIAN_POINT ( 'NONE',  ( 0.0000000000000000000, 0.0000000000000000000, 3.499999999999999100 ) ) ;
#142 = DIRECTION ( 'NONE',  ( 0.6234898018587320400, -0.7818314824680310200, 0.0000000000000000000 ) ) ;
#143 = VERTEX_POINT ( 'NONE', #1238 ) ;
#144 = ORIENTED_EDGE ( 'NONE', *, *, #1471, .T. ) ;
#145 = MECHANICAL_CONTEXT ( 'NONE', #947, 'mechanical' ) ;
#146 = CARTESIAN_POINT ( 'NONE',  ( -7.311959341363692700, -1.668907004672287800, 0.0000000000000000000 ) ) ;
#147 = CARTESIAN_POINT ( 'NONE',  ( 0.0000000000000000000, 0.0000000000000000000, 3.499999999999999100 ) ) ;
#148 = ORIENTED_EDGE ( 'NONE', *, *, #557, .F. ) ;
#149 = EDGE_CURVE ( 'NONE', #74, #1596, #19, .T. ) ;
#150 = AXIS2_PLACEMENT_3D ( 'NONE', #640, #98, #1169 ) ;
#151 = CARTESIAN_POINT ( 'NONE',  ( -7.311959341363692700, -1.668907004672287800, 0.0000000000000000000 ) ) ;
#152 = CARTESIAN_POINT ( 'NONE',  ( 0.0000000000000000000, 0.0000000000000000000, 3.500000000000000000 ) ) ;
#153 = CARTESIAN_POINT ( 'NONE',  ( -7.311959341363692700, -1.668907004672287800, -2.613379629219557500 ) ) ;
#154 = CARTESIAN_POINT ( 'NONE',  ( 9.599999999999994300, 0.0000000000000000000, -2.613379629219559700 ) ) ;
#155 = FACE_OUTER_BOUND ( 'NONE', #279, .T. ) ;
#156 = DIRECTION ( 'NONE',  ( 1.000000000000000000, 0.0000000000000000000, 0.0000000000000000000 ) ) ;
#157 = FACE_OUTER_BOUND ( 'NONE', #1268, .T. ) ;
#158 = CIRCLE ( 'NONE', #660, 5.400000000000006600 ) ;
#159 = ORIENTED_EDGE ( 'NONE', *, *, #451, .T. ) ;
#160 = CC_DESIGN_PERSON_AND_ORGANIZATION_ASSIGNMENT ( #365, #287, ( #472 ) ) ;
#161 = CARTESIAN_POINT ( 'NONE',  ( -3.254128043381738300, -6.757266509268117900, 0.0000000000000000000 ) ) ;
#162 = CARTESIAN_POINT ( 'NONE',  ( 5.400000000000002100, 0.0000000000000000000, 3.499999999999999100 ) ) ;
#163 = DIRECTION ( 'NONE',  ( 0.0000000000000000000, -1.000000000000000000, 0.0000000000000000000 ) ) ;
#164 = VERTEX_POINT ( 'NONE', #154 ) ;
#165 = EDGE_LOOP ( 'NONE', ( #1068, #1677, #425, #24 ) ) ;
#166 = ORIENTED_EDGE ( 'NONE', *, *, #309, .F. ) ;
#167 = ORIENTED_EDGE ( 'NONE', *, *, #691, .F. ) ;
#168 = ORIENTED_EDGE ( 'NONE', *, *, #1195, .T. ) ;
#169 = DIRECTION ( 'NONE',  ( 1.000000000000000000, 0.0000000000000000000, 0.0000000000000000000 ) ) ;
#170 = DIRECTION ( 'NONE',  ( -0.0000000000000000000, -0.0000000000000000000, 1.000000000000000000 ) ) ;
#171 = EDGE_CURVE ( 'NONE', #529, #488, #481, .T. ) ;
#172 = DIRECTION ( 'NONE',  ( -0.0000000000000000000, -0.0000000000000000000, 1.000000000000000000 ) ) ;
#173 = APPROVAL_DATE_TIME ( #1505, #1293 ) ;
#174 = MANIFOLD_SOLID_BREP ( 'Revolve3[2]', #420 ) ;
#175 = VECTOR ( 'NONE', #512, 1000.000000000000000 ) ;
#176 = DIRECTION ( 'NONE',  ( 1.000000000000000000, 0.0000000000000000000, 0.0000000000000000000 ) ) ;
#177 = CIRCLE ( 'NONE', #134, 6.800000000000006000 ) ;
#178 = EDGE_CURVE ( 'NONE', #70, #1146, #790, .T. ) ;
#179 = CIRCLE ( 'NONE', #362, 9.109999999999992300 ) ;
#180 = AXIS2_PLACEMENT_3D ( 'NONE', #1109, #308, #699 ) ;
#181 = CONICAL_SURFACE ( 'NONE', #1705, 4.350000000000000500, 0.7853981633974489500 ) ;
#182 = ORIENTED_EDGE ( 'NONE', *, *, #424, .F. ) ;
#183 = CARTESIAN_POINT ( 'NONE',  ( 9.599999999999994300, 0.0000000000000000000, -3.325000000000002000 ) ) ;
#184 = DIRECTION ( 'NONE',  ( -0.0000000000000000000, -0.0000000000000000000, 1.000000000000000000 ) ) ;
#185 = DIRECTION ( 'NONE',  ( 1.000000000000000000, 0.0000000000000000000, 0.0000000000000000000 ) ) ;
#186 = ORIENTED_EDGE ( 'NONE', *, *, #1159, .F. ) ;
#187 = ORIENTED_EDGE ( 'NONE', *, *, #906, .T. ) ;
#188 = VERTEX_POINT ( 'NONE', #1231 ) ;
#189 = DIRECTION ( 'NONE',  ( -0.0000000000000000000, -0.0000000000000000000, 1.000000000000000000 ) ) ;
#190 = DIRECTION ( 'NONE',  ( -0.0000000000000000000, -0.0000000000000000000, 1.000000000000000000 ) ) ;
#191 = DESIGN_CONTEXT ( 'detailed design', #1467, 'design' ) ;
#192 = EDGE_CURVE ( 'NONE', #206, #775, #1511, .T. ) ;
#193 = ADVANCED_FACE ( 'NONE', ( #1447 ), #111, .T. ) ;
#194 = AXIS2_PLACEMENT_3D ( 'NONE', #9, #1053, #1180 ) ;
#195 = CALENDAR_DATE ( 2024, 3, 6 ) ;
#196 = CARTESIAN_POINT ( 'NONE',  ( -7.500000000000000000, 9.184850993605147900E-016, 0.0000000000000000000 ) ) ;
#197 = DIRECTION ( 'NONE',  ( -0.0000000000000000000, -0.0000000000000000000, 1.000000000000000000 ) ) ;
#198 = VECTOR ( 'NONE', #797, 1000.000000000000000 ) ;
#199 = CIRCLE ( 'NONE', #236, 9.599999999999994300 ) ;
#200 = CYLINDRICAL_SURFACE ( 'NONE', #267, 5.400000000000003900 ) ;
#201 = VECTOR ( 'NONE', #638, 1000.000000000000000 ) ;
#202 = DIRECTION ( 'NONE',  ( 1.000000000000000000, 0.0000000000000000000, 0.0000000000000000000 ) ) ;
#203 = CARTESIAN_POINT ( 'NONE',  ( 3.254128043381644600, -6.757266509268164100, 2.613379629219557500 ) ) ;
#204 = EDGE_CURVE ( 'NONE', #256, #753, #69, .T. ) ;
#205 = FACE_BOUND ( 'NONE', #714, .T. ) ;
#206 = VERTEX_POINT ( 'NONE', #827 ) ;
#207 = AXIS2_PLACEMENT_3D ( 'NONE', #597, #1520, #1508 ) ;
#208 = ORIENTED_EDGE ( 'NONE', *, *, #376, .T. ) ;
#209 = VERTEX_POINT ( 'NONE', #1348 ) ;
#210 = ORIENTED_EDGE ( 'NONE', *, *, #929, .F. ) ;
#211 = ORIENTED_EDGE ( 'NONE', *, *, #659, .T. ) ;
#212 = DIRECTION ( 'NONE',  ( 1.000000000000000000, 0.0000000000000000000, 0.0000000000000000000 ) ) ;
#213 = CARTESIAN_POINT ( 'NONE',  ( 5.400000000000003900, 0.0000000000000000000, 3.499999999999999100 ) ) ;
#214 = EDGE_CURVE ( 'NONE', #1227, #750, #395, .T. ) ;
#215 = DIRECTION ( 'NONE',  ( -0.0000000000000000000, -0.0000000000000000000, 1.000000000000000000 ) ) ;
#216 = AXIS2_PLACEMENT_3D ( 'NONE', #334, #1115, #185 ) ;
#217 = LOCAL_TIME ( 13, 59, 27.00000000000000000, #436 ) ;
#218 = CC_DESIGN_APPROVAL ( #1293, ( #341 ) ) ;
#219 = FACE_OUTER_BOUND ( 'NONE', #486, .T. ) ;
#220 = DIRECTION ( 'NONE',  ( -0.0000000000000000000, -0.0000000000000000000, 1.000000000000000000 ) ) ;
#221 = CARTESIAN_POINT ( 'NONE',  ( -4.000000000000001800, 0.0000000000000000000, -3.150000000000000400 ) ) ;
#222 = VECTOR ( 'NONE', #1191, 1000.000000000000000 ) ;
#223 = DIRECTION ( 'NONE',  ( -0.0000000000000000000, -0.0000000000000000000, 1.000000000000000000 ) ) ;
#224 = TOROIDAL_SURFACE ( 'NONE', #216, 7.500000000000000000, 2.613379629219557500 ) ;
#225 = PERSON ( 'UNSPECIFIED', 'UNSPECIFIED', 'UNSPECIFIED', ('UNSPECIFIED'), ('UNSPECIFIED'), ('UNSPECIFIED') ) ;
#226 = VERTEX_POINT ( 'NONE', #1358 ) ;
#227 = DIRECTION ( 'NONE',  ( 1.000000000000000000, 0.0000000000000000000, 0.0000000000000000000 ) ) ;
#228 = CARTESIAN_POINT ( 'NONE',  ( 0.0000000000000000000, 7.500000000000000000, 0.0000000000000000000 ) ) ;
#229 = EDGE_CURVE ( 'NONE', #122, #164, #504, .T. ) ;
#230 = ORIENTED_EDGE ( 'NONE', *, *, #171, .T. ) ;
#231 = ORIENTED_EDGE ( 'NONE', *, *, #557, .T. ) ;
#232 = CARTESIAN_POINT ( 'NONE',  ( 0.0000000000000000000, 0.0000000000000000000, -3.150000000000000400 ) ) ;
#233 = CARTESIAN_POINT ( 'NONE',  ( 0.0000000000000000000, 0.0000000000000000000, 3.499999999999999100 ) ) ;
#234 = EDGE_LOOP ( 'NONE', ( #301, #961, #1112, #332 ) ) ;
#235 = ORIENTED_EDGE ( 'NONE', *, *, #1542, .T. ) ;
#236 = AXIS2_PLACEMENT_3D ( 'NONE', #1357, #689, #1608 ) ;
#237 = MANIFOLD_SOLID_BREP ( 'CirPattern1[4]', #1533 ) ;
#238 = CARTESIAN_POINT ( 'NONE',  ( -10.65000000000000000, 1.304248841091931300E-015, -3.500000000000000000 ) ) ;
#239 = DIRECTION ( 'NONE',  ( 0.9749279121818227300, -0.2225209339563182200, 0.0000000000000000000 ) ) ;
#240 = EDGE_CURVE ( 'NONE', #1597, #209, #465, .T. ) ;
#241 = DIRECTION ( 'NONE',  ( -0.0000000000000000000, -0.0000000000000000000, 1.000000000000000000 ) ) ;
#242 = AXIS2_PLACEMENT_3D ( 'NONE', #1473, #1607, #1030 ) ;
#243 = CONICAL_SURFACE ( 'NONE', #1097, 11.00000000000000400, 0.7853981633974470600 ) ;
#244 = FACE_OUTER_BOUND ( 'NONE', #712, .T. ) ;
#245 = SPHERICAL_SURFACE ( 'NONE', #1593, 2.613379629219557500 ) ;
#246 = CARTESIAN_POINT ( 'NONE',  ( -9.109999999999992300, 1.115653234023237900E-015, 3.499999999999999100 ) ) ;
#247 = VECTOR ( 'NONE', #1647, 1000.000000000000000 ) ;
#248 = DIRECTION ( 'NONE',  ( 0.7818314824680221400, -0.6234898018587432500, 0.0000000000000000000 ) ) ;
#249 = ADVANCED_FACE ( 'NONE', ( #443 ), #1107, .F. ) ;
#250 = SPHERICAL_SURFACE ( 'NONE', #8, 2.613379629219557500 ) ;
#251 = EDGE_LOOP ( 'NONE', ( #511, #445, #676, #1660 ) ) ;
#252 = EDGE_LOOP ( 'NONE', ( #2, #1702 ) ) ;
#253 = ORIENTED_EDGE ( 'NONE', *, *, #1715, .F. ) ;
#254 = AXIS2_PLACEMENT_3D ( 'NONE', #634, #342, #1150 ) ;
#255 = DIRECTION ( 'NONE',  ( -0.0000000000000000000, -0.0000000000000000000, 1.000000000000000000 ) ) ;
#256 = VERTEX_POINT ( 'NONE', #1502 ) ;
#257 = DIRECTION ( 'NONE',  ( -0.0000000000000000000, -0.0000000000000000000, 1.000000000000000000 ) ) ;
#258 = DIRECTION ( 'NONE',  ( -0.0000000000000000000, -0.0000000000000000000, 1.000000000000000000 ) ) ;
#259 =( GEOMETRIC_REPRESENTATION_CONTEXT ( 3 ) GLOBAL_UNCERTAINTY_ASSIGNED_CONTEXT ( ( #1388 ) ) GLOBAL_UNIT_ASSIGNED_CONTEXT ( ( #698, #1216, #1613 ) ) REPRESENTATION_CONTEXT ( 'NONE', 'WORKASPACE' ) );
#260 = MANIFOLD_SOLID_BREP ( 'CirPattern1[3]', #609 ) ;
#261 = ADVANCED_FACE ( 'NONE', ( #1470 ), #1696, .F. ) ;
#262 = CARTESIAN_POINT ( 'NONE',  ( 5.400000000000005700, 0.0000000000000000000, 2.613379629219556600 ) ) ;
#263 = DIRECTION ( 'NONE',  ( -0.9009688679024218100, -0.4338837391175526200, 0.0000000000000000000 ) ) ;
#264 = EDGE_CURVE ( 'NONE', #1247, #1186, #728, .T. ) ;
#265 = TOROIDAL_SURFACE ( 'NONE', #1651, 6.100000000000005900, 1.466091313363490100 ) ;
#266 = FACE_OUTER_BOUND ( 'NONE', #528, .T. ) ;
#267 = AXIS2_PLACEMENT_3D ( 'NONE', #1345, #25, #957 ) ;
#268 = DIRECTION ( 'NONE',  ( -0.0000000000000000000, -0.0000000000000000000, 1.000000000000000000 ) ) ;
#269 = FACE_BOUND ( 'NONE', #875, .T. ) ;
#270 = LINE ( 'NONE', #1653, #247 ) ;
#271 = ORIENTED_EDGE ( 'NONE', *, *, #843, .T. ) ;
#272 = DIRECTION ( 'NONE',  ( 1.000000000000000000, 0.0000000000000000000, 0.0000000000000000000 ) ) ;
#273 = DIRECTION ( 'NONE',  ( -0.0000000000000000000, -0.0000000000000000000, 1.000000000000000000 ) ) ;
#274 = DIRECTION ( 'NONE',  ( -0.0000000000000000000, -0.0000000000000000000, 1.000000000000000000 ) ) ;
#275 = ORIENTED_EDGE ( 'NONE', *, *, #45, .T. ) ;
#276 = EDGE_LOOP ( 'NONE', ( #1130, #1021 ) ) ;
#277 = EDGE_CURVE ( 'NONE', #1641, #1455, #1086, .T. ) ;
#278 = ORIENTED_EDGE ( 'NONE', *, *, #1629, .F. ) ;
#279 = EDGE_LOOP ( 'NONE', ( #467, #482, #208, #446 ) ) ;
#280 = EDGE_LOOP ( 'NONE', ( #735, #677 ) ) ;
#281 = AXIS2_PLACEMENT_3D ( 'NONE', #345, #1006, #618 ) ;
#282 = CARTESIAN_POINT ( 'NONE',  ( -9.109999999999992300, 1.115653234023237900E-015, -3.147094907304890800 ) ) ;
#283 = PERSON_AND_ORGANIZATION_ROLE ( 'design_owner' ) ;
#284 = CARTESIAN_POINT ( 'NONE',  ( 9.599999999999997900, 0.0000000000000000000, 3.499999999999999100 ) ) ;
#285 = CARTESIAN_POINT ( 'NONE',  ( 11.00000000000000400, 1.347111479062088800E-015, 3.149999999999999500 ) ) ;
#286 = DIRECTION ( 'NONE',  ( 1.000000000000000000, 0.0000000000000000000, 0.0000000000000000000 ) ) ;
#287 = PERSON_AND_ORGANIZATION_ROLE ( 'classification_officer' ) ;
#288 = CARTESIAN_POINT ( 'NONE',  ( 7.500000000000000000, 0.0000000000000000000, 0.0000000000000000000 ) ) ;
#289 = CARTESIAN_POINT ( 'NONE',  ( 0.0000000000000000000, 0.0000000000000000000, -3.325000000000002000 ) ) ;
#290 = COORDINATED_UNIVERSAL_TIME_OFFSET ( 6, 0, .BEHIND. ) ;
#291 = CIRCLE ( 'NONE', #64, 9.599999999999994300 ) ;
#292 = EDGE_CURVE ( 'NONE', #819, #1187, #1654, .T. ) ;
#293 = VECTOR ( 'NONE', #1065, 1000.000000000000100 ) ;
#294 = DIRECTION ( 'NONE',  ( 0.2225209339563049300, -0.9749279121818257300, 0.0000000000000000000 ) ) ;
#295 = DIRECTION ( 'NONE',  ( 0.7818314824680310200, 0.6234898018587321500, 0.0000000000000000000 ) ) ;
#296 = APPROVAL_STATUS ( 'not_yet_approved' ) ;
#297 = FACE_OUTER_BOUND ( 'NONE', #1168, .T. ) ;
#298 = VERTEX_POINT ( 'NONE', #960 ) ;
#299 = EDGE_LOOP ( 'NONE', ( #729, #1325 ) ) ;
#300 = CARTESIAN_POINT ( 'NONE',  ( 5.863736118510232100, 4.676173513940490500, 0.0000000000000000000 ) ) ;
#301 = ORIENTED_EDGE ( 'NONE', *, *, #619, .F. ) ;
#302 = VERTEX_POINT ( 'NONE', #847 ) ;
#303 = ORIENTED_EDGE ( 'NONE', *, *, #1326, .T. ) ;
#304 = AXIS2_PLACEMENT_3D ( 'NONE', #1121, #189, #1384 ) ;
#305 = DIRECTION ( 'NONE',  ( 1.224646799147353200E-016, 1.000000000000000000, 0.0000000000000000000 ) ) ;
#306 = CALENDAR_DATE ( 2024, 3, 6 ) ;
#307 = DIRECTION ( 'NONE',  ( -0.0000000000000000000, -0.0000000000000000000, 1.000000000000000000 ) ) ;
#308 = DIRECTION ( 'NONE',  ( -0.0000000000000000000, -0.0000000000000000000, 1.000000000000000000 ) ) ;
#309 = EDGE_CURVE ( 'NONE', #748, #593, #1615, .T. ) ;
#310 = FACE_OUTER_BOUND ( 'NONE', #795, .T. ) ;
#311 = AXIS2_PLACEMENT_3D ( 'NONE', #1257, #1253, #1637 ) ;
#312 = CYLINDRICAL_SURFACE ( 'NONE', #1684, 4.000000000000000900 ) ;
#313 = PRODUCT_DEFINITION ( 'UNKNOWN', '', #341, #191 ) ;
#314 = EDGE_LOOP ( 'NONE', ( #1645, #1618, #1251, #1233 ) ) ;
#315 = ORIENTED_EDGE ( 'NONE', *, *, #501, .T. ) ;
#316 = ORIENTED_EDGE ( 'NONE', *, *, #1422, .T. ) ;
#317 = ORIENTED_EDGE ( 'NONE', *, *, #1638, .F. ) ;
#318 = ORIENTED_EDGE ( 'NONE', *, *, #751, .F. ) ;
#319 = VERTEX_POINT ( 'NONE', #1123 ) ;
#320 = DIRECTION ( 'NONE',  ( 1.000000000000000000, 0.0000000000000000000, 0.0000000000000000000 ) ) ;
#321 = DIRECTION ( 'NONE',  ( -0.0000000000000000000, -0.0000000000000000000, 1.000000000000000000 ) ) ;
#322 = EDGE_CURVE ( 'NONE', #545, #1472, #1425, .T. ) ;
#323 = AXIS2_PLACEMENT_3D ( 'NONE', #1501, #974, #156 ) ;
#324 = PERSON_AND_ORGANIZATION ( #225, #106 ) ;
#325 = DIRECTION ( 'NONE',  ( -1.000000000000000000, 1.224646799147353700E-016, 0.0000000000000000000 ) ) ;
#326 = SPHERICAL_SURFACE ( 'NONE', #453, 2.613379629219557500 ) ;
#327 = DIRECTION ( 'NONE',  ( 1.000000000000000000, 0.0000000000000000000, 0.0000000000000000000 ) ) ;
#328 = EDGE_CURVE ( 'NONE', #1307, #349, #1571, .T. ) ;
#329 = ADVANCED_FACE ( 'NONE', ( #709 ), #224, .F. ) ;
#330 = AXIS2_PLACEMENT_3D ( 'NONE', #88, #1014, #338 ) ;
#331 = VECTOR ( 'NONE', #719, 1000.000000000000000 ) ;
#332 = ORIENTED_EDGE ( 'NONE', *, *, #894, .T. ) ;
#333 = DIRECTION ( 'NONE',  ( 1.000000000000000000, 0.0000000000000000000, 0.0000000000000000000 ) ) ;
#334 = CARTESIAN_POINT ( 'NONE',  ( 0.0000000000000000000, 0.0000000000000000000, 0.0000000000000000000 ) ) ;
#335 = EDGE_LOOP ( 'NONE', ( #187, #672 ) ) ;
#336 = EDGE_LOOP ( 'NONE', ( #54, #588, #1675, #1093 ) ) ;
#337 = EDGE_LOOP ( 'NONE', ( #351, #1049, #3, #21 ) ) ;
#338 = DIRECTION ( 'NONE',  ( 1.000000000000000000, 0.0000000000000000000, 0.0000000000000000000 ) ) ;
#339 = CARTESIAN_POINT ( 'NONE',  ( 0.0000000000000000000, 0.0000000000000000000, -3.500000000000000000 ) ) ;
#340 = AXIS2_PLACEMENT_3D ( 'NONE', #1217, #422, #41 ) ;
#341 = PRODUCT_DEFINITION_FORMATION_WITH_SPECIFIED_SOURCE ( 'ANY', '', #893, .NOT_KNOWN. ) ;
#342 = DIRECTION ( 'NONE',  ( -0.0000000000000000000, -0.0000000000000000000, 1.000000000000000000 ) ) ;
#343 = ADVANCED_FACE ( 'NONE', ( #955 ), #1344, .T. ) ;
#344 = FACE_OUTER_BOUND ( 'NONE', #1267, .T. ) ;
#345 = CARTESIAN_POINT ( 'NONE',  ( 0.0000000000000000000, 9.599999999999994300, -3.325000000000002400 ) ) ;
#346 = EDGE_CURVE ( 'NONE', #1302, #354, #996, .T. ) ;
#347 = CIRCLE ( 'NONE', #1055, 2.613379629219557500 ) ;
#348 = CARTESIAN_POINT ( 'NONE',  ( -9.599999999999994300, 1.175660927181458400E-015, 3.499999999999999100 ) ) ;
#349 = VERTEX_POINT ( 'NONE', #718 ) ;
#350 = AXIS2_PLACEMENT_3D ( 'NONE', #1594, #925, #130 ) ;
#351 = ORIENTED_EDGE ( 'NONE', *, *, #863, .F. ) ;
#352 = VERTEX_POINT ( 'NONE', #1521 ) ;
#353 = ORIENTED_EDGE ( 'NONE', *, *, #229, .F. ) ;
#354 = VERTEX_POINT ( 'NONE', #586 ) ;
#355 = CARTESIAN_POINT ( 'NONE',  ( 0.0000000000000000000, 0.0000000000000000000, 3.147094907304889500 ) ) ;
#356 = DIRECTION ( 'NONE',  ( 1.000000000000000000, 0.0000000000000000000, 0.0000000000000000000 ) ) ;
#357 = CARTESIAN_POINT ( 'NONE',  ( 0.0000000000000000000, 0.0000000000000000000, 3.499999999999999100 ) ) ;
#358 = ADVANCED_FACE ( 'NONE', ( #587 ), #648, .F. ) ;
#359 = EDGE_CURVE ( 'NONE', #937, #43, #270, .T. ) ;
#360 = DIRECTION ( 'NONE',  ( -0.0000000000000000000, -0.0000000000000000000, 1.000000000000000000 ) ) ;
#361 = CARTESIAN_POINT ( 'NONE',  ( 0.0000000000000000000, 0.0000000000000000000, -2.613379629219559700 ) ) ;
#362 = AXIS2_PLACEMENT_3D ( 'NONE', #375, #1295, #364 ) ;
#363 = CARTESIAN_POINT ( 'NONE',  ( 3.254128043381644600, -6.757266509268164100, 0.0000000000000000000 ) ) ;
#364 = DIRECTION ( 'NONE',  ( 1.000000000000000000, 0.0000000000000000000, 0.0000000000000000000 ) ) ;
#365 = PERSON_AND_ORGANIZATION ( #225, #106 ) ;
#366 = LOCAL_TIME ( 13, 59, 27.00000000000000000, #724 ) ;
#367 = DIRECTION ( 'NONE',  ( 0.0000000000000000000, 1.000000000000000000, 0.0000000000000000000 ) ) ;
#368 = CARTESIAN_POINT ( 'NONE',  ( 0.0000000000000000000, 0.0000000000000000000, 3.499999999999999100 ) ) ;
#369 = CIRCLE ( 'NONE', #1507, 4.000000000000000000 ) ;
#370 = ADVANCED_FACE ( 'NONE', ( #1510 ), #1041, .F. ) ;
#371 = CARTESIAN_POINT ( 'NONE',  ( -9.599999999999994300, 1.175660927181458400E-015, 3.499999999999999100 ) ) ;
#372 = VECTOR ( 'NONE', #641, 1000.000000000000000 ) ;
#373 = LINE ( 'NONE', #1210, #331 ) ;
#374 = CARTESIAN_POINT ( 'NONE',  ( 6.800000000000007800, 0.0000000000000000000, -3.147094907304889900 ) ) ;
#375 = CARTESIAN_POINT ( 'NONE',  ( 0.0000000000000000000, 0.0000000000000000000, 3.325000000000000600 ) ) ;
#376 = EDGE_CURVE ( 'NONE', #1327, #209, #1468, .T. ) ;
#377 = ORIENTED_EDGE ( 'NONE', *, *, #1184, .T. ) ;
#378 = DIRECTION ( 'NONE',  ( -0.2225209339563182200, -0.9749279121818227300, 0.0000000000000000000 ) ) ;
#379 = ORIENTED_EDGE ( 'NONE', *, *, #843, .F. ) ;
#380 = CLOSED_SHELL ( 'NONE', ( #343, #102 ) ) ;
#381 = ORIENTED_EDGE ( 'NONE', *, *, #741, .T. ) ;
#382 = ADVANCED_FACE ( 'NONE', ( #563 ), #1636, .F. ) ;
#383 = CARTESIAN_POINT ( 'NONE',  ( 0.0000000000000000000, 0.0000000000000000000, 3.325000000000000600 ) ) ;
#384 = DIRECTION ( 'NONE',  ( -1.224646799147353200E-016, -1.000000000000000000, 0.0000000000000000000 ) ) ;
#385 = AXIS2_PLACEMENT_3D ( 'NONE', #1377, #1256, #325 ) ;
#386 = ADVANCED_FACE ( 'NONE', ( #1244 ), #463, .F. ) ;
#387 = DIRECTION ( 'NONE',  ( -0.0000000000000000000, -0.0000000000000000000, 1.000000000000000000 ) ) ;
#388 = DIRECTION ( 'NONE',  ( -0.0000000000000000000, -0.0000000000000000000, 1.000000000000000000 ) ) ;
#389 = PERSON_AND_ORGANIZATION ( #225, #106 ) ;
#390 = CIRCLE ( 'NONE', #716, 2.613379629219557000 ) ;
#391 = FACE_BOUND ( 'NONE', #276, .T. ) ;
#392 = CARTESIAN_POINT ( 'NONE',  ( -5.863736118510165500, 4.676173513940574000, 0.0000000000000000000 ) ) ;
#393 = CARTESIAN_POINT ( 'NONE',  ( 11.00000000000000000, 0.0000000000000000000, 3.499999999999999100 ) ) ;
#394 = DIRECTION ( 'NONE',  ( 0.9009688679024218100, 0.4338837391175525100, -0.0000000000000000000 ) ) ;
#395 = LINE ( 'NONE', #442, #889 ) ;
#396 = DIRECTION ( 'NONE',  ( 0.7071067811865465700, 8.659560562354923000E-017, -0.7071067811865483500 ) ) ;
#397 = EDGE_CURVE ( 'NONE', #962, #593, #91, .T. ) ;
#398 = EDGE_LOOP ( 'NONE', ( #1598, #1579, #121, #1282 ) ) ;
#399 = ADVANCED_FACE ( 'NONE', ( #1125 ), #1298, .F. ) ;
#400 = ORIENTED_EDGE ( 'NONE', *, *, #799, .F. ) ;
#401 = ORIENTED_EDGE ( 'NONE', *, *, #811, .F. ) ;
#402 = AXIS2_PLACEMENT_3D ( 'NONE', #905, #917, #384 ) ;
#403 = DIRECTION ( 'NONE',  ( -0.0000000000000000000, -0.0000000000000000000, 1.000000000000000000 ) ) ;
#404 = ORIENTED_EDGE ( 'NONE', *, *, #766, .T. ) ;
#405 = ORIENTED_EDGE ( 'NONE', *, *, #536, .F. ) ;
#406 = CARTESIAN_POINT ( 'NONE',  ( -5.863736118510165500, 4.676173513940574000, 0.0000000000000000000 ) ) ;
#407 = CARTESIAN_POINT ( 'NONE',  ( -4.000000000000001800, 4.898587196589414800E-016, -3.150000000000000400 ) ) ;
#408 = DIRECTION ( 'NONE',  ( 0.4338837391175528500, -0.9009688679024217000, 0.0000000000000000000 ) ) ;
#409 = AXIS2_PLACEMENT_3D ( 'NONE', #526, #113, #1057 ) ;
#410 = DIRECTION ( 'NONE',  ( 0.0000000000000000000, 0.0000000000000000000, -1.000000000000000000 ) ) ;
#411 = DIRECTION ( 'NONE',  ( 1.000000000000000000, 0.0000000000000000000, 0.0000000000000000000 ) ) ;
#412 = EDGE_CURVE ( 'NONE', #545, #1146, #727, .T. ) ;
#413 = CIRCLE ( 'NONE', #969, 9.599999999999994300 ) ;
#414 = AXIS2_PLACEMENT_3D ( 'NONE', #1252, #591, #851 ) ;
#415 = PERSON_AND_ORGANIZATION_ROLE ( 'creator' ) ;
#416 = DIRECTION ( 'NONE',  ( 0.4338837391175528500, -0.9009688679024218100, 0.0000000000000000000 ) ) ;
#417 = CIRCLE ( 'NONE', #1094, 9.109999999999992300 ) ;
#418 = LINE ( 'NONE', #238, #372 ) ;
#419 = DIRECTION ( 'NONE',  ( 1.000000000000000000, 0.0000000000000000000, 0.0000000000000000000 ) ) ;
#420 = CLOSED_SHELL ( 'NONE', ( #1655, #637, #1697, #1539, #658, #1001, #902, #475, #1530, #1670, #358 ) ) ;
#421 = PLANE ( 'NONE',  #1417 ) ;
#422 = DIRECTION ( 'NONE',  ( -0.0000000000000000000, -0.0000000000000000000, 1.000000000000000000 ) ) ;
#423 = ORIENTED_EDGE ( 'NONE', *, *, #943, .T. ) ;
#424 = EDGE_CURVE ( 'NONE', #164, #820, #850, .T. ) ;
#425 = ORIENTED_EDGE ( 'NONE', *, *, #229, .T. ) ;
#426 = VERTEX_POINT ( 'NONE', #625 ) ;
#427 = VERTEX_POINT ( 'NONE', #1414 ) ;
#428 = DIRECTION ( 'NONE',  ( 1.000000000000000000, 0.0000000000000000000, 0.0000000000000000000 ) ) ;
#429 = APPLICATION_PROTOCOL_DEFINITION ( 'international standard', 'config_control_design', 1994, #1467 ) ;
#430 = DIRECTION ( 'NONE',  ( 0.2225209339563183300, 0.9749279121818227300, -0.0000000000000000000 ) ) ;
#431 = CARTESIAN_POINT ( 'NONE',  ( 10.65000000000000000, 0.0000000000000000000, -3.500000000000000000 ) ) ;
#432 = CARTESIAN_POINT ( 'NONE',  ( 0.0000000000000000000, 10.65000000000000000, -3.500000000000000000 ) ) ;
#433 = CARTESIAN_POINT ( 'NONE',  ( 0.0000000000000000000, 0.0000000000000000000, -3.200466997880628000E-016 ) ) ;
#434 = CARTESIAN_POINT ( 'NONE',  ( -9.109999999999992300, 1.115653234023237900E-015, -3.325000000000002000 ) ) ;
#435 = DIRECTION ( 'NONE',  ( -0.0000000000000000000, -0.0000000000000000000, 1.000000000000000000 ) ) ;
#436 = COORDINATED_UNIVERSAL_TIME_OFFSET ( 6, 0, .BEHIND. ) ;
#437 = AXIS2_PLACEMENT_3D ( 'NONE', #987, #705, #169 ) ;
#438 = SPHERICAL_SURFACE ( 'NONE', #980, 2.613379629219557500 ) ;
#439 = CC_DESIGN_DATE_AND_TIME_ASSIGNMENT ( #991, #1602, ( #472 ) ) ;
#440 = PLANE ( 'NONE',  #882 ) ;
#441 = CIRCLE ( 'NONE', #1050, 9.109999999999992300 ) ;
#442 = CARTESIAN_POINT ( 'NONE',  ( 4.000000000000000900, 0.0000000000000000000, 3.499999999999999100 ) ) ;
#443 = FACE_OUTER_BOUND ( 'NONE', #1306, .T. ) ;
#444 = VERTEX_POINT ( 'NONE', #615 ) ;
#445 = ORIENTED_EDGE ( 'NONE', *, *, #580, .T. ) ;
#446 = ORIENTED_EDGE ( 'NONE', *, *, #1276, .F. ) ;
#447 = CARTESIAN_POINT ( 'NONE',  ( -9.599999999999994300, 1.175660927181458400E-015, 2.613379629219557500 ) ) ;
#448 = DIRECTION ( 'NONE',  ( 1.000000000000000000, 0.0000000000000000000, 0.0000000000000000000 ) ) ;
#449 = ORIENTED_EDGE ( 'NONE', *, *, #632, .T. ) ;
#450 = ORIENTED_EDGE ( 'NONE', *, *, #669, .F. ) ;
#451 = EDGE_CURVE ( 'NONE', #733, #298, #1590, .T. ) ;
#452 = VERTEX_POINT ( 'NONE', #1680 ) ;
#453 = AXIS2_PLACEMENT_3D ( 'NONE', #300, #1444, #933 ) ;
#454 = CARTESIAN_POINT ( 'NONE',  ( 0.0000000000000000000, 0.0000000000000000000, 3.499999999999999100 ) ) ;
#455 = CARTESIAN_POINT ( 'NONE',  ( 0.0000000000000000000, 0.0000000000000000000, -2.613379629219559700 ) ) ;
#456 = DIRECTION ( 'NONE',  ( 1.000000000000000000, 0.0000000000000000000, 0.0000000000000000000 ) ) ;
#457 = DIRECTION ( 'NONE',  ( 0.2225209339563182200, 0.9749279121818227300, -0.0000000000000000000 ) ) ;
#458 = DIRECTION ( 'NONE',  ( 1.000000000000000000, 0.0000000000000000000, 0.0000000000000000000 ) ) ;
#459 = EDGE_CURVE ( 'NONE', #840, #352, #812, .T. ) ;
#460 = CIRCLE ( 'NONE', #480, 10.99999999999999600 ) ;
#461 = AXIS2_PLACEMENT_3D ( 'NONE', #513, #223, #773 ) ;
#462 = FACE_OUTER_BOUND ( 'NONE', #336, .T. ) ;
#463 = CYLINDRICAL_SURFACE ( 'NONE', #1581, 9.599999999999997900 ) ;
#464 = CARTESIAN_POINT ( 'NONE',  ( 0.0000000000000000000, 0.0000000000000000000, 3.500000000000000000 ) ) ;
#465 = LINE ( 'NONE', #28, #93 ) ;
#466 = ORIENTED_EDGE ( 'NONE', *, *, #277, .T. ) ;
#467 = ORIENTED_EDGE ( 'NONE', *, *, #7, .F. ) ;
#468 = ORIENTED_EDGE ( 'NONE', *, *, #1380, .T. ) ;
#469 = EDGE_LOOP ( 'NONE', ( #253, #1391 ) ) ;
#470 = CARTESIAN_POINT ( 'NONE',  ( -6.100000000000006800, 7.470345474798862200E-016, -1.858908686636511200 ) ) ;
#471 = EDGE_CURVE ( 'NONE', #589, #22, #690, .T. ) ;
#472 = SECURITY_CLASSIFICATION ( '', '', #26 ) ;
#473 = CARTESIAN_POINT ( 'NONE',  ( 5.399999999999999500, 0.0000000000000000000, -1.555555555555555400 ) ) ;
#474 = CARTESIAN_POINT ( 'NONE',  ( 0.0000000000000000000, 0.0000000000000000000, 3.499999999999999100 ) ) ;
#475 = ADVANCED_FACE ( 'NONE', ( #16, #768 ), #67, .F. ) ;
#476 = TOROIDAL_SURFACE ( 'NONE', #1382, 7.500000000000000000, 2.613379629219557500 ) ;
#477 = TOROIDAL_SURFACE ( 'NONE', #859, 7.500000000000000000, 2.613379629219557500 ) ;
#478 = EDGE_CURVE ( 'NONE', #302, #1187, #1263, .T. ) ;
#479 = LINE ( 'NONE', #246, #1490 ) ;
#480 = AXIS2_PLACEMENT_3D ( 'NONE', #720, #1392, #605 ) ;
#481 = CIRCLE ( 'NONE', #1141, 1.466091313363490100 ) ;
#482 = ORIENTED_EDGE ( 'NONE', *, *, #570, .T. ) ;
#483 = CARTESIAN_POINT ( 'NONE',  ( 0.0000000000000000000, 0.0000000000000000000, 3.147094907304889100 ) ) ;
#484 = CARTESIAN_POINT ( 'NONE',  ( 6.100000000000006800, 0.0000000000000000000, -1.858908686636511200 ) ) ;
#485 = VERTEX_POINT ( 'NONE', #203 ) ;
#486 = EDGE_LOOP ( 'NONE', ( #631, #36, #793, #1167 ) ) ;
#487 = ORIENTED_EDGE ( 'NONE', *, *, #459, .F. ) ;
#488 = VERTEX_POINT ( 'NONE', #1155 ) ;
#489 = EDGE_CURVE ( 'NONE', #1186, #1247, #913, .T. ) ;
#490 = AXIS2_PLACEMENT_3D ( 'NONE', #655, #1457, #1565 ) ;
#491 = DIRECTION ( 'NONE',  ( 0.9009688679024157000, -0.4338837391175650600, 0.0000000000000000000 ) ) ;
#492 = AXIS2_PLACEMENT_3D ( 'NONE', #368, #1426, #779 ) ;
#493 = DIRECTION ( 'NONE',  ( -0.0000000000000000000, -0.0000000000000000000, 1.000000000000000000 ) ) ;
#494 = CARTESIAN_POINT ( 'NONE',  ( 0.0000000000000000000, 0.0000000000000000000, -3.147094907304889900 ) ) ;
#495 = DIRECTION ( 'NONE',  ( -0.0000000000000000000, -0.0000000000000000000, 1.000000000000000000 ) ) ;
#496 = CARTESIAN_POINT ( 'NONE',  ( -3.254128043381738300, -6.757266509268117900, 0.0000000000000000000 ) ) ;
#497 = CYLINDRICAL_SURFACE ( 'NONE', #538, 4.000000000000000900 ) ;
#498 = LINE ( 'NONE', #285, #1465 ) ;
#499 = DIRECTION ( 'NONE',  ( 1.000000000000000000, 0.0000000000000000000, 0.0000000000000000000 ) ) ;
#500 = DIRECTION ( 'NONE',  ( -0.0000000000000000000, -0.0000000000000000000, 1.000000000000000000 ) ) ;
#501 = EDGE_CURVE ( 'NONE', #427, #962, #604, .T. ) ;
#502 = CIRCLE ( 'NONE', #1196, 2.613379629219557900 ) ;
#503 = DIRECTION ( 'NONE',  ( 0.7071067811865479100, 0.0000000000000000000, 0.7071067811865470200 ) ) ;
#504 = LINE ( 'NONE', #952, #1160 ) ;
#505 = DIRECTION ( 'NONE',  ( 1.000000000000000000, 0.0000000000000000000, 0.0000000000000000000 ) ) ;
#506 = CC_DESIGN_APPROVAL ( #757, ( #472 ) ) ;
#507 = EDGE_LOOP ( 'NONE', ( #1004, #630 ) ) ;
#508 = EDGE_LOOP ( 'NONE', ( #837, #939 ) ) ;
#509 = EDGE_LOOP ( 'NONE', ( #450, #1411 ) ) ;
#510 = PLANE ( 'NONE',  #1362 ) ;
#511 = ORIENTED_EDGE ( 'NONE', *, *, #669, .T. ) ;
#512 = DIRECTION ( 'NONE',  ( -0.0000000000000000000, -0.0000000000000000000, 1.000000000000000000 ) ) ;
#513 = CARTESIAN_POINT ( 'NONE',  ( 0.0000000000000000000, 0.0000000000000000000, -2.613379629219559700 ) ) ;
#514 = DIRECTION ( 'NONE',  ( -0.0000000000000000000, -0.0000000000000000000, 1.000000000000000000 ) ) ;
#515 = AXIS2_PLACEMENT_3D ( 'NONE', #789, #1451, #803 ) ;
#516 = DIRECTION ( 'NONE',  ( 1.000000000000000000, 0.0000000000000000000, 0.0000000000000000000 ) ) ;
#517 = DIRECTION ( 'NONE',  ( -0.0000000000000000000, -0.0000000000000000000, 1.000000000000000000 ) ) ;
#518 = LINE ( 'NONE', #393, #1631 ) ;
#519 = FACE_OUTER_BOUND ( 'NONE', #1088, .T. ) ;
#520 = CARTESIAN_POINT ( 'NONE',  ( 0.0000000000000000000, 0.0000000000000000000, -3.500000000000000000 ) ) ;
#521 = VECTOR ( 'NONE', #274, 1000.000000000000000 ) ;
#522 = ADVANCED_FACE ( 'NONE', ( #1222 ), #50, .T. ) ;
#523 = ORIENTED_EDGE ( 'NONE', *, *, #346, .T. ) ;
#524 = AXIS2_PLACEMENT_3D ( 'NONE', #867, #1262, #721 ) ;
#525 = EDGE_LOOP ( 'NONE', ( #95, #1493, #235, #796 ) ) ;
#526 = CARTESIAN_POINT ( 'NONE',  ( 0.0000000000000000000, 0.0000000000000000000, 1.858908686636509900 ) ) ;
#527 = DIRECTION ( 'NONE',  ( -0.0000000000000000000, -0.0000000000000000000, 1.000000000000000000 ) ) ;
#528 = EDGE_LOOP ( 'NONE', ( #1661, #1390 ) ) ;
#529 = VERTEX_POINT ( 'NONE', #904 ) ;
#530 = ORIENTED_EDGE ( 'NONE', *, *, #1415, .F. ) ;
#531 = VERTEX_POINT ( 'NONE', #1162 ) ;
#532 = DIRECTION ( 'NONE',  ( -0.6234898018587431400, -0.7818314824680220300, 0.0000000000000000000 ) ) ;
#533 = DIRECTION ( 'NONE',  ( -0.0000000000000000000, -0.0000000000000000000, 1.000000000000000000 ) ) ;
#534 = ADVANCED_FACE ( 'NONE', ( #297 ), #868, .T. ) ;
#535 = CARTESIAN_POINT ( 'NONE',  ( 3.254128043381644600, -6.757266509268164100, 0.0000000000000000000 ) ) ;
#536 = EDGE_CURVE ( 'NONE', #1578, #819, #418, .T. ) ;
#537 = CARTESIAN_POINT ( 'NONE',  ( -5.400000000000006600, 6.613092715395715400E-016, 3.499999999999999100 ) ) ;
#538 = AXIS2_PLACEMENT_3D ( 'NONE', #1603, #273, #1322 ) ;
#539 = DIRECTION ( 'NONE',  ( 1.000000000000000000, 0.0000000000000000000, 0.0000000000000000000 ) ) ;
#540 = CARTESIAN_POINT ( 'NONE',  ( 4.000000000000000000, 0.0000000000000000000, 3.149999999999999900 ) ) ;
#541 = CIRCLE ( 'NONE', #1584, 9.599999999999994300 ) ;
#542 = VECTOR ( 'NONE', #804, 1000.000000000000000 ) ;
#543 = VECTOR ( 'NONE', #220, 1000.000000000000000 ) ;
#544 = CLOSED_SHELL ( 'NONE', ( #1062, #534 ) ) ;
#545 = VERTEX_POINT ( 'NONE', #1424 ) ;
#546 = AXIS2_PLACEMENT_3D ( 'NONE', #780, #911, #505 ) ;
#547 = DIRECTION ( 'NONE',  ( -1.000000000000000000, 0.0000000000000000000, 0.0000000000000000000 ) ) ;
#548 = MANIFOLD_SOLID_BREP ( 'CirPattern1[5]', #112 ) ;
#549 = DIRECTION ( 'NONE',  ( -0.7071067811865479100, 8.659560562354937800E-017, 0.7071067811865470200 ) ) ;
#550 = VERTEX_POINT ( 'NONE', #1040 ) ;
#551 = ORIENTED_EDGE ( 'NONE', *, *, #711, .F. ) ;
#552 = CARTESIAN_POINT ( 'NONE',  ( 0.0000000000000000000, 0.0000000000000000000, 0.0000000000000000000 ) ) ;
#553 = CARTESIAN_POINT ( 'NONE',  ( 0.0000000000000000000, 0.0000000000000000000, -3.500000000000000000 ) ) ;
#554 = DIRECTION ( 'NONE',  ( -0.0000000000000000000, -0.0000000000000000000, 1.000000000000000000 ) ) ;
#555 = CARTESIAN_POINT ( 'NONE',  ( 0.0000000000000000000, 4.350000000000000500, 3.500000000000000000 ) ) ;
#556 = DIRECTION ( 'NONE',  ( 1.000000000000000000, 0.0000000000000000000, 0.0000000000000000000 ) ) ;
#557 = EDGE_CURVE ( 'NONE', #572, #1204, #179, .T. ) ;
#558 = SHAPE_DEFINITION_REPRESENTATION ( #923, #1617 ) ;
#559 = APPROVAL_ROLE ( '' ) ;
#560 = CARTESIAN_POINT ( 'NONE',  ( 9.599999999999994300, 0.0000000000000000000, -3.500000000000000000 ) ) ;
#561 = CIRCLE ( 'NONE', #1071, 2.613379629219557500 ) ;
#562 = FACE_OUTER_BOUND ( 'NONE', #715, .T. ) ;
#563 = FACE_OUTER_BOUND ( 'NONE', #1288, .T. ) ;
#564 = DIRECTION ( 'NONE',  ( 1.000000000000000000, 0.0000000000000000000, 0.0000000000000000000 ) ) ;
#565 = TOROIDAL_SURFACE ( 'NONE', #702, 7.500000000000000000, 2.613379629219557500 ) ;
#566 = DIRECTION ( 'NONE',  ( 1.000000000000000000, 0.0000000000000000000, 0.0000000000000000000 ) ) ;
#567 = CARTESIAN_POINT ( 'NONE',  ( 0.0000000000000000000, 0.0000000000000000000, 3.500000000000000000 ) ) ;
#568 = CARTESIAN_POINT ( 'NONE',  ( 5.863736118510232100, 4.676173513940490500, 0.0000000000000000000 ) ) ;
#569 = EDGE_LOOP ( 'NONE', ( #23, #316 ) ) ;
#570 = EDGE_CURVE ( 'NONE', #981, #1327, #347, .T. ) ;
#571 = ORIENTED_EDGE ( 'NONE', *, *, #1659, .T. ) ;
#572 = VERTEX_POINT ( 'NONE', #1691 ) ;
#573 = ORIENTED_EDGE ( 'NONE', *, *, #489, .T. ) ;
#574 = EDGE_LOOP ( 'NONE', ( #919, #1575 ) ) ;
#575 = AXIS2_PLACEMENT_3D ( 'NONE', #1492, #430, #1483 ) ;
#576 = DIRECTION ( 'NONE',  ( 0.0000000000000000000, 0.0000000000000000000, -1.000000000000000000 ) ) ;
#577 = DIRECTION ( 'NONE',  ( -0.0000000000000000000, -0.0000000000000000000, 1.000000000000000000 ) ) ;
#578 = DIRECTION ( 'NONE',  ( 1.000000000000000000, 0.0000000000000000000, 0.0000000000000000000 ) ) ;
#579 = DIRECTION ( 'NONE',  ( 1.000000000000000000, 0.0000000000000000000, 0.0000000000000000000 ) ) ;
#580 = EDGE_CURVE ( 'NONE', #1283, #872, #1366, .T. ) ;
#581 = PERSON_AND_ORGANIZATION ( #225, #106 ) ;
#582 = AXIS2_PLACEMENT_3D ( 'NONE', #1418, #1148, #1527 ) ;
#583 = FACE_BOUND ( 'NONE', #858, .T. ) ;
#584 = CC_DESIGN_PERSON_AND_ORGANIZATION_ASSIGNMENT ( #82, #826, ( #341 ) ) ;
#585 = FACE_OUTER_BOUND ( 'NONE', #469, .T. ) ;
#586 = CARTESIAN_POINT ( 'NONE',  ( -5.863736118510165500, 4.676173513940574000, 2.613379629219557500 ) ) ;
#587 = FACE_OUTER_BOUND ( 'NONE', #77, .T. ) ;
#588 = ORIENTED_EDGE ( 'NONE', *, *, #489, .F. ) ;
#589 = VERTEX_POINT ( 'NONE', #1434 ) ;
#590 = VERTEX_POINT ( 'NONE', #1152 ) ;
#591 = DIRECTION ( 'NONE',  ( -0.0000000000000000000, -0.0000000000000000000, 1.000000000000000000 ) ) ;
#592 = ORIENTED_EDGE ( 'NONE', *, *, #1159, .T. ) ;
#593 = VERTEX_POINT ( 'NONE', #1695 ) ;
#594 = EDGE_CURVE ( 'NONE', #226, #981, #1551, .T. ) ;
#595 = EDGE_LOOP ( 'NONE', ( #377, #144, #182, #353 ) ) ;
#596 = CC_DESIGN_SECURITY_CLASSIFICATION ( #472, ( #341 ) ) ;
#597 = CARTESIAN_POINT ( 'NONE',  ( 0.0000000000000000000, 0.0000000000000000000, 3.149999999999999900 ) ) ;
#598 = EDGE_CURVE ( 'NONE', #1657, #550, #934, .T. ) ;
#599 = MANIFOLD_SOLID_BREP ( 'Revolve3[1]', #1679 ) ;
#600 = CIRCLE ( 'NONE', #1524, 4.000000000000001800 ) ;
#601 = AXIS2_PLACEMENT_3D ( 'NONE', #1710, #1058, #1314 ) ;
#602 = CIRCLE ( 'NONE', #1303, 4.350000000000000500 ) ;
#603 = ADVANCED_FACE ( 'NONE', ( #1383 ), #1200, .T. ) ;
#604 = CIRCLE ( 'NONE', #874, 1.466091313363489600 ) ;
#605 = DIRECTION ( 'NONE',  ( 1.000000000000000000, 0.0000000000000000000, 0.0000000000000000000 ) ) ;
#606 = CIRCLE ( 'NONE', #1270, 2.613379629219557500 ) ;
#607 = ORIENTED_EDGE ( 'NONE', *, *, #929, .T. ) ;
#608 = ORIENTED_EDGE ( 'NONE', *, *, #192, .T. ) ;
#609 = CLOSED_SHELL ( 'NONE', ( #1560, #1177 ) ) ;
#610 = ORIENTED_EDGE ( 'NONE', *, *, #863, .T. ) ;
#611 = DIRECTION ( 'NONE',  ( 1.000000000000000000, 0.0000000000000000000, 0.0000000000000000000 ) ) ;
#612 = AXIS2_PLACEMENT_3D ( 'NONE', #1666, #1028, #1287 ) ;
#613 = AXIS2_PLACEMENT_3D ( 'NONE', #84, #1273, #101 ) ;
#614 = CARTESIAN_POINT ( 'NONE',  ( -9.599999999999994300, 1.175660927181458400E-015, -2.613379629219559700 ) ) ;
#615 = CARTESIAN_POINT ( 'NONE',  ( 9.599999999999994300, 0.0000000000000000000, 2.613379629219557500 ) ) ;
#616 = CONICAL_SURFACE ( 'NONE', #1395, 11.00000000000000400, 0.7853981633974470600 ) ;
#617 = DIRECTION ( 'NONE',  ( -0.0000000000000000000, -0.0000000000000000000, 1.000000000000000000 ) ) ;
#618 = DIRECTION ( 'NONE',  ( 1.000000000000000000, 0.0000000000000000000, 0.0000000000000000000 ) ) ;
#619 = EDGE_CURVE ( 'NONE', #1126, #697, #886, .T. ) ;
#620 = CARTESIAN_POINT ( 'NONE',  ( -5.400000000000005700, 6.613092715395714400E-016, -3.500000000000000000 ) ) ;
#621 = CIRCLE ( 'NONE', #1082, 5.400000000000005700 ) ;
#622 = AXIS2_PLACEMENT_3D ( 'NONE', #805, #949, #814 ) ;
#623 = VECTOR ( 'NONE', #44, 1000.000000000000000 ) ;
#624 = ORIENTED_EDGE ( 'NONE', *, *, #73, .F. ) ;
#625 = CARTESIAN_POINT ( 'NONE',  ( 9.599999999999999600, 0.0000000000000000000, -1.555555555555556000 ) ) ;
#626 = ORIENTED_EDGE ( 'NONE', *, *, #478, .T. ) ;
#627 = ORIENTED_EDGE ( 'NONE', *, *, #824, .F. ) ;
#628 = DIRECTION ( 'NONE',  ( -0.0000000000000000000, -0.0000000000000000000, 1.000000000000000000 ) ) ;
#629 = CARTESIAN_POINT ( 'NONE',  ( 0.0000000000000000000, 0.0000000000000000000, -3.147094907304890800 ) ) ;
#630 = ORIENTED_EDGE ( 'NONE', *, *, #328, .T. ) ;
#631 = ORIENTED_EDGE ( 'NONE', *, *, #1659, .F. ) ;
#632 = EDGE_CURVE ( 'NONE', #733, #298, #1674, .T. ) ;
#633 = DIRECTION ( 'NONE',  ( -0.0000000000000000000, -0.0000000000000000000, 1.000000000000000000 ) ) ;
#634 = CARTESIAN_POINT ( 'NONE',  ( 0.0000000000000000000, 0.0000000000000000000, -3.325000000000002000 ) ) ;
#635 = AXIS2_PLACEMENT_3D ( 'NONE', #761, #517, #1439 ) ;
#636 = DIRECTION ( 'NONE',  ( 1.000000000000000000, 0.0000000000000000000, 0.0000000000000000000 ) ) ;
#637 = ADVANCED_FACE ( 'NONE', ( #137 ), #1323, .T. ) ;
#638 = DIRECTION ( 'NONE',  ( -0.0000000000000000000, -0.0000000000000000000, 1.000000000000000000 ) ) ;
#639 = ADVANCED_FACE ( 'NONE', ( #1719 ), #978, .T. ) ;
#640 = CARTESIAN_POINT ( 'NONE',  ( 0.0000000000000000000, 7.500000000000000000, 0.0000000000000000000 ) ) ;
#641 = DIRECTION ( 'NONE',  ( -0.7071067811865431300, 8.659560562354878600E-017, 0.7071067811865519000 ) ) ;
#642 = APPROVAL_PERSON_ORGANIZATION ( #324, #757, #135 ) ;
#643 = DIRECTION ( 'NONE',  ( -0.7071067811865465700, 0.0000000000000000000, -0.7071067811865483500 ) ) ;
#644 = CYLINDRICAL_SURFACE ( 'NONE', #1709, 5.400000000000006600 ) ;
#645 = LINE ( 'NONE', #662, #293 ) ;
#646 = ADVANCED_FACE ( 'NONE', ( #1158 ), #1017, .T. ) ;
#647 = EDGE_CURVE ( 'NONE', #982, #1284, #502, .T. ) ;
#648 = CYLINDRICAL_SURFACE ( 'NONE', #123, 5.400000000000006600 ) ;
#649 = DIRECTION ( 'NONE',  ( -0.0000000000000000000, -0.0000000000000000000, 1.000000000000000000 ) ) ;
#650 = ORIENTED_EDGE ( 'NONE', *, *, #1605, .F. ) ;
#651 = CC_DESIGN_APPROVAL ( #127, ( #313 ) ) ;
#652 = ORIENTED_EDGE ( 'NONE', *, *, #132, .T. ) ;
#653 = ORIENTED_EDGE ( 'NONE', *, *, #1132, .F. ) ;
#654 = ORIENTED_EDGE ( 'NONE', *, *, #359, .T. ) ;
#655 = CARTESIAN_POINT ( 'NONE',  ( 0.0000000000000000000, 0.0000000000000000000, -3.149999999999999500 ) ) ;
#656 = VERTEX_POINT ( 'NONE', #1034 ) ;
#657 = CARTESIAN_POINT ( 'NONE',  ( 0.0000000000000000000, 0.0000000000000000000, 1.858908686636509900 ) ) ;
#658 = ADVANCED_FACE ( 'NONE', ( #1242 ), #87, .T. ) ;
#659 = EDGE_CURVE ( 'NONE', #748, #427, #975, .T. ) ;
#660 = AXIS2_PLACEMENT_3D ( 'NONE', #361, #765, #1673 ) ;
#661 = CARTESIAN_POINT ( 'NONE',  ( 11.00000000000000400, 1.347111479062088800E-015, 3.149999999999999500 ) ) ;
#662 = CARTESIAN_POINT ( 'NONE',  ( 4.000000000000001800, 4.898587196589415800E-016, -3.150000000000000400 ) ) ;
#663 = ADVANCED_FACE ( 'NONE', ( #585 ), #708, .T. ) ;
#664 = TOROIDAL_SURFACE ( 'NONE', #409, 6.100000000000005900, 1.466091313363490100 ) ;
#665 = CONICAL_SURFACE ( 'NONE', #414, 4.350000000000000500, 0.7853981633974489500 ) ;
#666 = CARTESIAN_POINT ( 'NONE',  ( 0.0000000000000000000, 0.0000000000000000000, -3.150000000000000400 ) ) ;
#667 = CARTESIAN_POINT ( 'NONE',  ( 0.0000000000000000000, 0.0000000000000000000, -3.500000000000000000 ) ) ;
#668 = CIRCLE ( 'NONE', #956, 9.599999999999999600 ) ;
#669 = EDGE_CURVE ( 'NONE', #444, #1283, #1275, .T. ) ;
#670 = VECTOR ( 'NONE', #1568, 1000.000000000000000 ) ;
#671 = AXIS2_PLACEMENT_3D ( 'NONE', #1400, #1664, #755 ) ;
#672 = ORIENTED_EDGE ( 'NONE', *, *, #178, .T. ) ;
#673 = CARTESIAN_POINT ( 'NONE',  ( -4.350000000000000500, 5.327213576290987200E-016, 3.500000000000000000 ) ) ;
#674 = CARTESIAN_POINT ( 'NONE',  ( 9.109999999999992300, 0.0000000000000000000, -3.325000000000002000 ) ) ;
#675 = PLANE ( 'NONE',  #1619 ) ;
#676 = ORIENTED_EDGE ( 'NONE', *, *, #1459, .F. ) ;
#677 = ORIENTED_EDGE ( 'NONE', *, *, #149, .T. ) ;
#678 = CC_DESIGN_PERSON_AND_ORGANIZATION_ASSIGNMENT ( #389, #415, ( #313 ) ) ;
#679 = ORIENTED_EDGE ( 'NONE', *, *, #1124, .T. ) ;
#680 = CLOSED_SHELL ( 'NONE', ( #522, #1427, #781, #1412, #90, #1163, #1686, #746, #888, #329, #386, #1033, #1321, #193 ) ) ;
#681 = DIRECTION ( 'NONE',  ( -1.000000000000000000, 0.0000000000000000000, 0.0000000000000000000 ) ) ;
#682 = CARTESIAN_POINT ( 'NONE',  ( 9.109999999999992300, 0.0000000000000000000, 3.499999999999999100 ) ) ;
#683 = EDGE_CURVE ( 'NONE', #1597, #696, #621, .T. ) ;
#684 = CC_DESIGN_PERSON_AND_ORGANIZATION_ASSIGNMENT ( #1564, #1229, ( #341 ) ) ;
#685 = APPROVAL_ROLE ( '' ) ;
#686 = CIRCLE ( 'NONE', #946, 1.466091313363489900 ) ;
#687 = LINE ( 'NONE', #1587, #521 ) ;
#688 = DIRECTION ( 'NONE',  ( 0.0000000000000000000, -0.0000000000000000000, 1.000000000000000000 ) ) ;
#689 = DIRECTION ( 'NONE',  ( -0.0000000000000000000, -0.0000000000000000000, 1.000000000000000000 ) ) ;
#690 = CIRCLE ( 'NONE', #900, 4.350000000000000500 ) ;
#691 = EDGE_CURVE ( 'NONE', #256, #891, #1509, .T. ) ;
#692 = CYLINDRICAL_SURFACE ( 'NONE', #437, 9.599999999999994300 ) ;
#693 = ORIENTED_EDGE ( 'NONE', *, *, #1116, .T. ) ;
#694 = AXIS2_PLACEMENT_3D ( 'NONE', #1632, #1627, #838 ) ;
#695 = DIRECTION ( 'NONE',  ( 0.2225209339563182200, 0.9749279121818227300, -0.0000000000000000000 ) ) ;
#696 = VERTEX_POINT ( 'NONE', #1059 ) ;
#697 = VERTEX_POINT ( 'NONE', #798 ) ;
#698 =( LENGTH_UNIT ( ) NAMED_UNIT ( * ) SI_UNIT ( .MILLI., .METRE. ) );
#699 = DIRECTION ( 'NONE',  ( 1.000000000000000000, 0.0000000000000000000, 0.0000000000000000000 ) ) ;
#700 = ORIENTED_EDGE ( 'NONE', *, *, #943, .F. ) ;
#701 = DIRECTION ( 'NONE',  ( -0.0000000000000000000, -0.0000000000000000000, 1.000000000000000000 ) ) ;
#702 = AXIS2_PLACEMENT_3D ( 'NONE', #80, #1102, #1224 ) ;
#703 = VECTOR ( 'NONE', #802, 1000.000000000000000 ) ;
#704 = AXIS2_PLACEMENT_3D ( 'NONE', #1245, #457, #1648 ) ;
#705 = DIRECTION ( 'NONE',  ( -0.0000000000000000000, -0.0000000000000000000, 1.000000000000000000 ) ) ;
#706 = CARTESIAN_POINT ( 'NONE',  ( 0.0000000000000000000, 0.0000000000000000000, 0.0000000000000000000 ) ) ;
#707 = CYLINDRICAL_SURFACE ( 'NONE', #1500, 9.599999999999994300 ) ;
#708 = SPHERICAL_SURFACE ( 'NONE', #990, 2.613379629219557500 ) ;
#709 = FACE_OUTER_BOUND ( 'NONE', #398, .T. ) ;
#710 = ORIENTED_EDGE ( 'NONE', *, *, #722, .T. ) ;
#711 = EDGE_CURVE ( 'NONE', #531, #1639, #498, .T. ) ;
#712 = EDGE_LOOP ( 'NONE', ( #1367, #1678, #624, #38 ) ) ;
#713 = ORIENTED_EDGE ( 'NONE', *, *, #1359, .F. ) ;
#714 = EDGE_LOOP ( 'NONE', ( #1703, #860 ) ) ;
#715 = EDGE_LOOP ( 'NONE', ( #749, #1529, #118, #1625 ) ) ;
#716 = AXIS2_PLACEMENT_3D ( 'NONE', #1073, #394, #136 ) ;
#717 = DIRECTION ( 'NONE',  ( 1.000000000000000000, 0.0000000000000000000, 0.0000000000000000000 ) ) ;
#718 = CARTESIAN_POINT ( 'NONE',  ( -7.311959341363692700, -1.668907004672287800, 2.613379629219557500 ) ) ;
#719 = DIRECTION ( 'NONE',  ( -0.0000000000000000000, -0.0000000000000000000, 1.000000000000000000 ) ) ;
#720 = CARTESIAN_POINT ( 'NONE',  ( 0.0000000000000000000, 0.0000000000000000000, -3.149999999999999500 ) ) ;
#721 = DIRECTION ( 'NONE',  ( -0.7818314824680221400, 0.6234898018587432500, 0.0000000000000000000 ) ) ;
#722 = EDGE_CURVE ( 'NONE', #545, #981, #1364, .T. ) ;
#723 = AXIS2_PLACEMENT_3D ( 'NONE', #629, #1550, #1683 ) ;
#724 = COORDINATED_UNIVERSAL_TIME_OFFSET ( 6, 0, .BEHIND. ) ;
#725 = CIRCLE ( 'NONE', #1134, 10.65000000000000000 ) ;
#726 = DIRECTION ( 'NONE',  ( 1.000000000000000000, 0.0000000000000000000, 0.0000000000000000000 ) ) ;
#727 = LINE ( 'NONE', #213, #543 ) ;
#728 = CIRCLE ( 'NONE', #1234, 9.109999999999992300 ) ;
#729 = ORIENTED_EDGE ( 'NONE', *, *, #1184, .F. ) ;
#730 = DIRECTION ( 'NONE',  ( -0.0000000000000000000, -0.0000000000000000000, 1.000000000000000000 ) ) ;
#731 = CARTESIAN_POINT ( 'NONE',  ( -5.863736118510165500, 4.676173513940574000, 0.0000000000000000000 ) ) ;
#732 = ORIENTED_EDGE ( 'NONE', *, *, #1009, .T. ) ;
#733 = VERTEX_POINT ( 'NONE', #1310 ) ;
#734 = EDGE_CURVE ( 'NONE', #1186, #188, #1588, .T. ) ;
#735 = ORIENTED_EDGE ( 'NONE', *, *, #29, .F. ) ;
#736 = ORIENTED_EDGE ( 'NONE', *, *, #1459, .T. ) ;
#737 = DIRECTION ( 'NONE',  ( 1.000000000000000000, 0.0000000000000000000, 0.0000000000000000000 ) ) ;
#738 = CALENDAR_DATE ( 2024, 3, 6 ) ;
#739 = DIRECTION ( 'NONE',  ( 1.000000000000000000, 0.0000000000000000000, 0.0000000000000000000 ) ) ;
#740 = CARTESIAN_POINT ( 'NONE',  ( -11.00000000000000400, 0.0000000000000000000, 3.149999999999999500 ) ) ;
#741 = EDGE_CURVE ( 'NONE', #1069, #485, #1548, .T. ) ;
#742 = CIRCLE ( 'NONE', #515, 10.65000000000000400 ) ;
#743 = AXIS2_PLACEMENT_3D ( 'NONE', #1334, #821, #1170 ) ;
#744 = CYLINDRICAL_SURFACE ( 'NONE', #778, 9.109999999999992300 ) ;
#745 = DIRECTION ( 'NONE',  ( -0.0000000000000000000, -0.0000000000000000000, 1.000000000000000000 ) ) ;
#746 = ADVANCED_FACE ( 'NONE', ( #932, #49 ), #1315, .F. ) ;
#747 = VECTOR ( 'NONE', #800, 1000.000000000000000 ) ;
#748 = VERTEX_POINT ( 'NONE', #809 ) ;
#749 = ORIENTED_EDGE ( 'NONE', *, *, #322, .T. ) ;
#750 = VERTEX_POINT ( 'NONE', #540 ) ;
#751 = EDGE_CURVE ( 'NONE', #1204, #572, #417, .T. ) ;
#752 = CLOSED_SHELL ( 'NONE', ( #1037, #1435 ) ) ;
#753 = VERTEX_POINT ( 'NONE', #791 ) ;
#754 = CARTESIAN_POINT ( 'NONE',  ( 0.0000000000000000000, 0.0000000000000000000, -3.147094907304890800 ) ) ;
#755 = DIRECTION ( 'NONE',  ( 1.000000000000000000, 0.0000000000000000000, 0.0000000000000000000 ) ) ;
#756 = AXIS2_PLACEMENT_3D ( 'NONE', #233, #1419, #1687 ) ;
#757 = APPROVAL ( #1626, 'UNSPECIFIED' ) ;
#758 = CARTESIAN_POINT ( 'NONE',  ( 0.0000000000000000000, 0.0000000000000000000, -3.147094907304890800 ) ) ;
#759 = DIRECTION ( 'NONE',  ( -0.0000000000000000000, -0.0000000000000000000, 1.000000000000000000 ) ) ;
#760 = DIRECTION ( 'NONE',  ( -0.0000000000000000000, -0.0000000000000000000, 1.000000000000000000 ) ) ;
#761 = CARTESIAN_POINT ( 'NONE',  ( 0.0000000000000000000, 0.0000000000000000000, -1.858908686636511200 ) ) ;
#762 = ADVANCED_FACE ( 'NONE', ( #269, #1138 ), #675, .F. ) ;
#763 = CIRCLE ( 'NONE', #108, 6.800000000000006900 ) ;
#764 = DIRECTION ( 'NONE',  ( 0.0000000000000000000, 0.0000000000000000000, -1.000000000000000000 ) ) ;
#765 = DIRECTION ( 'NONE',  ( -0.0000000000000000000, -0.0000000000000000000, 1.000000000000000000 ) ) ;
#766 = EDGE_CURVE ( 'NONE', #1643, #488, #687, .T. ) ;
#767 = FACE_OUTER_BOUND ( 'NONE', #1555, .T. ) ;
#768 = FACE_BOUND ( 'NONE', #1351, .T. ) ;
#769 = CYLINDRICAL_SURFACE ( 'NONE', #61, 9.599999999999997900 ) ;
#770 = DIRECTION ( 'NONE',  ( -0.6234898018587320400, 0.7818314824680309100, 0.0000000000000000000 ) ) ;
#771 = EDGE_LOOP ( 'NONE', ( #60, #1531 ) ) ;
#772 = CARTESIAN_POINT ( 'NONE',  ( 4.350000000000000500, 0.0000000000000000000, 3.500000000000000000 ) ) ;
#773 = DIRECTION ( 'NONE',  ( 1.000000000000000000, 0.0000000000000000000, 0.0000000000000000000 ) ) ;
#774 = EDGE_LOOP ( 'NONE', ( #1046, #1026, #1474, #1349 ) ) ;
#775 = VERTEX_POINT ( 'NONE', #1337 ) ;
#776 = ORIENTED_EDGE ( 'NONE', *, *, #277, .F. ) ;
#777 = EDGE_CURVE ( 'NONE', #143, #319, #883, .T. ) ;
#778 = AXIS2_PLACEMENT_3D ( 'NONE', #1399, #215, #1406 ) ;
#779 = DIRECTION ( 'NONE',  ( 1.000000000000000000, 0.0000000000000000000, 0.0000000000000000000 ) ) ;
#780 = CARTESIAN_POINT ( 'NONE',  ( 0.0000000000000000000, 0.0000000000000000000, 3.499999999999999100 ) ) ;
#781 = ADVANCED_FACE ( 'NONE', ( #344 ), #849, .F. ) ;
#782 = DATE_AND_TIME ( #738, #845 ) ;
#783 = DIRECTION ( 'NONE',  ( 1.000000000000000000, 0.0000000000000000000, 0.0000000000000000000 ) ) ;
#784 = FACE_OUTER_BOUND ( 'NONE', #314, .T. ) ;
#785 = FACE_OUTER_BOUND ( 'NONE', #337, .T. ) ;
#786 = AXIS2_PLACEMENT_3D ( 'NONE', #51, #190, #327 ) ;
#787 = FACE_BOUND ( 'NONE', #771, .T. ) ;
#788 = ADVANCED_FACE ( 'NONE', ( #1445 ), #312, .F. ) ;
#789 = CARTESIAN_POINT ( 'NONE',  ( 0.0000000000000000000, 0.0000000000000000000, 3.500000000000000000 ) ) ;
#790 = CIRCLE ( 'NONE', #83, 5.400000000000005700 ) ;
#791 = CARTESIAN_POINT ( 'NONE',  ( 9.599999999999999600, 0.0000000000000000000, 1.555555555555555400 ) ) ;
#792 = EDGE_LOOP ( 'NONE', ( #317, #523 ) ) ;
#793 = ORIENTED_EDGE ( 'NONE', *, *, #1359, .T. ) ;
#794 = EDGE_LOOP ( 'NONE', ( #650, #732, #4, #1090 ) ) ;
#795 = EDGE_LOOP ( 'NONE', ( #1063, #381 ) ) ;
#796 = ORIENTED_EDGE ( 'NONE', *, *, #471, .F. ) ;
#797 = DIRECTION ( 'NONE',  ( -0.0000000000000000000, -0.0000000000000000000, 1.000000000000000000 ) ) ;
#798 = CARTESIAN_POINT ( 'NONE',  ( -4.000000000000000000, 5.112900386440199500E-016, 3.149999999999999900 ) ) ;
#799 = EDGE_CURVE ( 'NONE', #550, #1657, #158, .T. ) ;
#800 = DIRECTION ( 'NONE',  ( -0.0000000000000000000, -0.0000000000000000000, 1.000000000000000000 ) ) ;
#801 = AXIS2_PLACEMENT_3D ( 'NONE', #667, #1583, #927 ) ;
#802 = DIRECTION ( 'NONE',  ( -0.0000000000000000000, -0.0000000000000000000, 1.000000000000000000 ) ) ;
#803 = DIRECTION ( 'NONE',  ( 1.000000000000000000, 0.0000000000000000000, 0.0000000000000000000 ) ) ;
#804 = DIRECTION ( 'NONE',  ( -0.0000000000000000000, -0.0000000000000000000, 1.000000000000000000 ) ) ;
#805 = CARTESIAN_POINT ( 'NONE',  ( 0.0000000000000000000, 0.0000000000000000000, -1.555555555555555400 ) ) ;
#806 = CIRCLE ( 'NONE', #1404, 9.599999999999994300 ) ;
#807 = DIRECTION ( 'NONE',  ( -1.000000000000000000, 0.0000000000000000000, 0.0000000000000000000 ) ) ;
#808 = DIRECTION ( 'NONE',  ( -0.9749279121818257300, -0.2225209339563050100, 0.0000000000000000000 ) ) ;
#809 = CARTESIAN_POINT ( 'NONE',  ( -5.400000000000006600, 7.470345474798862200E-016, -3.147094907304890800 ) ) ;
#810 = CIRCLE ( 'NONE', #1606, 5.400000000000005700 ) ;
#811 = EDGE_CURVE ( 'NONE', #1578, #206, #725, .T. ) ;
#812 = CIRCLE ( 'NONE', #582, 9.109999999999992300 ) ;
#813 = AXIS2_PLACEMENT_3D ( 'NONE', #470, #1385, #1393 ) ;
#814 = DIRECTION ( 'NONE',  ( 1.000000000000000000, 0.0000000000000000000, 0.0000000000000000000 ) ) ;
#815 = ORIENTED_EDGE ( 'NONE', *, *, #1504, .T. ) ;
#816 = APPLICATION_PROTOCOL_DEFINITION ( 'international standard', 'config_control_design', 1994, #947 ) ;
#817 = EDGE_LOOP ( 'NONE', ( #873, #834, #607, #963 ) ) ;
#818 = EDGE_LOOP ( 'NONE', ( #592, #1003, #1448, #1389 ) ) ;
#819 = VERTEX_POINT ( 'NONE', #1685 ) ;
#820 = VERTEX_POINT ( 'NONE', #614 ) ;
#821 = DIRECTION ( 'NONE',  ( -0.0000000000000000000, -0.0000000000000000000, 1.000000000000000000 ) ) ;
#822 = DIRECTION ( 'NONE',  ( 1.000000000000000000, 0.0000000000000000000, 0.0000000000000000000 ) ) ;
#823 = DIRECTION ( 'NONE',  ( -0.0000000000000000000, -0.0000000000000000000, 1.000000000000000000 ) ) ;
#824 = EDGE_CURVE ( 'NONE', #427, #748, #1635, .T. ) ;
#825 = CARTESIAN_POINT ( 'NONE',  ( 5.400000000000006600, 0.0000000000000000000, 3.499999999999999100 ) ) ;
#826 = PERSON_AND_ORGANIZATION_ROLE ( 'design_supplier' ) ;
#827 = CARTESIAN_POINT ( 'NONE',  ( 10.65000000000000000, 0.0000000000000000000, -3.500000000000000000 ) ) ;
#828 = CYLINDRICAL_SURFACE ( 'NONE', #194, 9.109999999999992300 ) ;
#829 = FACE_OUTER_BOUND ( 'NONE', #1147, .T. ) ;
#830 = DIRECTION ( 'NONE',  ( -1.000000000000000000, 0.0000000000000000000, -0.0000000000000000000 ) ) ;
#831 = CIRCLE ( 'NONE', #242, 5.400000000000002100 ) ;
#832 = EDGE_CURVE ( 'NONE', #529, #1308, #177, .T. ) ;
#833 = CIRCLE ( 'NONE', #490, 10.99999999999999600 ) ;
#834 = ORIENTED_EDGE ( 'NONE', *, *, #711, .T. ) ;
#835 = AXIS2_PLACEMENT_3D ( 'NONE', #884, #871, #202 ) ;
#836 = ORIENTED_EDGE ( 'NONE', *, *, #594, .T. ) ;
#837 = ORIENTED_EDGE ( 'NONE', *, *, #328, .F. ) ;
#838 = DIRECTION ( 'NONE',  ( 1.000000000000000000, 0.0000000000000000000, 0.0000000000000000000 ) ) ;
#839 = DIRECTION ( 'NONE',  ( -0.0000000000000000000, -0.0000000000000000000, 1.000000000000000000 ) ) ;
#840 = VERTEX_POINT ( 'NONE', #1413 ) ;
#841 = ORIENTED_EDGE ( 'NONE', *, *, #240, .F. ) ;
#842 = CARTESIAN_POINT ( 'NONE',  ( 0.0000000000000000000, 0.0000000000000000000, 3.147094907304889100 ) ) ;
#843 = EDGE_CURVE ( 'NONE', #43, #426, #668, .T. ) ;
#844 = AXIS2_PLACEMENT_3D ( 'NONE', #1173, #1157, #1305 ) ;
#845 = LOCAL_TIME ( 13, 59, 27.00000000000000000, #290 ) ;
#846 = AXIS2_PLACEMENT_3D ( 'NONE', #406, #124, #248 ) ;
#847 = CARTESIAN_POINT ( 'NONE',  ( -10.65000000000000400, 0.0000000000000000000, 3.500000000000000000 ) ) ;
#848 = LINE ( 'NONE', #162, #1489 ) ;
#849 = CYLINDRICAL_SURFACE ( 'NONE', #55, 9.599999999999997900 ) ;
#850 = CIRCLE ( 'NONE', #612, 9.599999999999994300 ) ;
#851 = DIRECTION ( 'NONE',  ( 1.000000000000000000, 0.0000000000000000000, 0.0000000000000000000 ) ) ;
#852 = DIRECTION ( 'NONE',  ( 0.0000000000000000000, 0.0000000000000000000, -1.000000000000000000 ) ) ;
#853 = MANIFOLD_SOLID_BREP ( 'CirPattern1[1]', #544 ) ;
#854 = CIRCLE ( 'NONE', #1446, 9.599999999999994300 ) ;
#855 = EDGE_CURVE ( 'NONE', #985, #188, #441, .T. ) ;
#856 = ORIENTED_EDGE ( 'NONE', *, *, #99, .F. ) ;
#857 = VERTEX_POINT ( 'NONE', #1007 ) ;
#858 = EDGE_LOOP ( 'NONE', ( #318, #148 ) ) ;
#859 = AXIS2_PLACEMENT_3D ( 'NONE', #1646, #1239, #717 ) ;
#860 = ORIENTED_EDGE ( 'NONE', *, *, #471, .T. ) ;
#861 = DIRECTION ( 'NONE',  ( -0.0000000000000000000, -0.0000000000000000000, 1.000000000000000000 ) ) ;
#862 = DIRECTION ( 'NONE',  ( -0.0000000000000000000, -0.0000000000000000000, 1.000000000000000000 ) ) ;
#863 = EDGE_CURVE ( 'NONE', #143, #1643, #133, .T. ) ;
#864 = COORDINATED_UNIVERSAL_TIME_OFFSET ( 6, 0, .BEHIND. ) ;
#865 = AXIS2_PLACEMENT_3D ( 'NONE', #1048, #1089, #564 ) ;
#866 = CIRCLE ( 'NONE', #1486, 4.350000000000000500 ) ;
#867 = CARTESIAN_POINT ( 'NONE',  ( -5.863736118510165500, 4.676173513940574000, 0.0000000000000000000 ) ) ;
#868 = SPHERICAL_SURFACE ( 'NONE', #1460, 2.613379629219557500 ) ;
#869 = FACE_OUTER_BOUND ( 'NONE', #792, .T. ) ;
#870 = ORIENTED_EDGE ( 'NONE', *, *, #1151, .T. ) ;
#871 = DIRECTION ( 'NONE',  ( -0.0000000000000000000, -0.0000000000000000000, 1.000000000000000000 ) ) ;
#872 = VERTEX_POINT ( 'NONE', #897 ) ;
#873 = ORIENTED_EDGE ( 'NONE', *, *, #132, .F. ) ;
#874 = AXIS2_PLACEMENT_3D ( 'NONE', #484, #72, #1020 ) ;
#875 = EDGE_LOOP ( 'NONE', ( #75, #1022 ) ) ;
#876 = AXIS2_PLACEMENT_3D ( 'NONE', #383, #1706, #109 ) ;
#877 = DIRECTION ( 'NONE',  ( -0.0000000000000000000, -0.0000000000000000000, 1.000000000000000000 ) ) ;
#878 = DIRECTION ( 'NONE',  ( -0.0000000000000000000, -0.0000000000000000000, 1.000000000000000000 ) ) ;
#879 = EDGE_CURVE ( 'NONE', #319, #488, #1199, .T. ) ;
#880 = ADVANCED_FACE ( 'NONE', ( #1716, #1156 ), #1553, .F. ) ;
#881 = CIRCLE ( 'NONE', #1243, 2.613379629219557500 ) ;
#882 = AXIS2_PLACEMENT_3D ( 'NONE', #1092, #576, #830 ) ;
#883 = LINE ( 'NONE', #126, #542 ) ;
#884 = CARTESIAN_POINT ( 'NONE',  ( 0.0000000000000000000, 0.0000000000000000000, 3.499999999999999100 ) ) ;
#885 = CARTESIAN_POINT ( 'NONE',  ( 0.0000000000000000000, 0.0000000000000000000, 3.499999999999999100 ) ) ;
#886 = LINE ( 'NONE', #1708, #201 ) ;
#887 = DIRECTION ( 'NONE',  ( 1.000000000000000000, 0.0000000000000000000, 0.0000000000000000000 ) ) ;
#888 = ADVANCED_FACE ( 'NONE', ( #1104 ), #1421, .F. ) ;
#889 = VECTOR ( 'NONE', #1365, 1000.000000000000000 ) ;
#890 = DIRECTION ( 'NONE',  ( 0.0000000000000000000, 0.0000000000000000000, -1.000000000000000000 ) ) ;
#891 = VERTEX_POINT ( 'NONE', #1286 ) ;
#892 = ORIENTED_EDGE ( 'NONE', *, *, #1589, .F. ) ;
#893 = PRODUCT ( '5972K222_Ball Bearing', '5972K222_Ball Bearing', '', ( #145 ) ) ;
#894 = EDGE_CURVE ( 'NONE', #750, #697, #369, .T. ) ;
#895 = ORIENTED_EDGE ( 'NONE', *, *, #264, .T. ) ;
#896 = ORIENTED_EDGE ( 'NONE', *, *, #1570, .F. ) ;
#897 = CARTESIAN_POINT ( 'NONE',  ( -9.599999999999994300, 1.175660927181458400E-015, 3.325000000000000600 ) ) ;
#898 = CARTESIAN_POINT ( 'NONE',  ( 5.863736118510232100, 4.676173513940490500, 0.0000000000000000000 ) ) ;
#899 = EDGE_LOOP ( 'NONE', ( #186, #1532 ) ) ;
#900 = AXIS2_PLACEMENT_3D ( 'NONE', #339, #500, #1008 ) ;
#901 = CARTESIAN_POINT ( 'NONE',  ( -7.311959341363692700, -1.668907004672287800, 0.0000000000000000000 ) ) ;
#902 = ADVANCED_FACE ( 'NONE', ( #462 ), #744, .F. ) ;
#903 = CARTESIAN_POINT ( 'NONE',  ( 0.0000000000000000000, 7.500000000000000000, 0.0000000000000000000 ) ) ;
#904 = CARTESIAN_POINT ( 'NONE',  ( 6.800000000000006000, 0.0000000000000000000, 3.147094907304889500 ) ) ;
#905 = CARTESIAN_POINT ( 'NONE',  ( 0.0000000000000000000, 7.500000000000000000, 0.0000000000000000000 ) ) ;
#906 = EDGE_CURVE ( 'NONE', #1146, #70, #810, .T. ) ;
#907 = FACE_OUTER_BOUND ( 'NONE', #97, .T. ) ;
#908 = CARTESIAN_POINT ( 'NONE',  ( 0.0000000000000000000, 0.0000000000000000000, -3.325000000000002000 ) ) ;
#909 = FACE_OUTER_BOUND ( 'NONE', #817, .T. ) ;
#910 = ADVANCED_FACE ( 'NONE', ( #1016 ), #14, .T. ) ;
#911 = DIRECTION ( 'NONE',  ( -0.0000000000000000000, -0.0000000000000000000, 1.000000000000000000 ) ) ;
#912 = PRODUCT_RELATED_PRODUCT_CATEGORY ( 'detail', '', ( #893 ) ) ;
#913 = CIRCLE ( 'NONE', #254, 9.109999999999992300 ) ;
#914 = EDGE_LOOP ( 'NONE', ( #1328, #401 ) ) ;
#915 = ORIENTED_EDGE ( 'NONE', *, *, #52, .F. ) ;
#916 = DIRECTION ( 'NONE',  ( 0.0000000000000000000, 0.0000000000000000000, -1.000000000000000000 ) ) ;
#917 = DIRECTION ( 'NONE',  ( -1.000000000000000000, 1.224646799147353200E-016, 0.0000000000000000000 ) ) ;
#918 = EDGE_LOOP ( 'NONE', ( #1228, #776 ) ) ;
#919 = ORIENTED_EDGE ( 'NONE', *, *, #989, .F. ) ;
#920 = ORIENTED_EDGE ( 'NONE', *, *, #722, .F. ) ;
#921 = ADVANCED_FACE ( 'NONE', ( #767 ), #110, .T. ) ;
#922 = AXIS2_PLACEMENT_3D ( 'NONE', #433, #1354, #822 ) ;
#923 = PRODUCT_DEFINITION_SHAPE ( 'NONE', 'NONE',  #313 ) ;
#924 = DIRECTION ( 'NONE',  ( -0.0000000000000000000, -0.0000000000000000000, 1.000000000000000000 ) ) ;
#925 = DIRECTION ( 'NONE',  ( -0.0000000000000000000, -0.0000000000000000000, 1.000000000000000000 ) ) ;
#926 = CARTESIAN_POINT ( 'NONE',  ( 9.109999999999992300, 0.0000000000000000000, 3.499999999999999100 ) ) ;
#927 = DIRECTION ( 'NONE',  ( 1.000000000000000000, 0.0000000000000000000, 0.0000000000000000000 ) ) ;
#928 = CARTESIAN_POINT ( 'NONE',  ( -9.599999999999997900, 1.175660927181458800E-015, 3.499999999999999100 ) ) ;
#929 = EDGE_CURVE ( 'NONE', #1639, #1187, #1381, .T. ) ;
#930 = TOROIDAL_SURFACE ( 'NONE', #1145, 6.100000000000006800, 1.466091313363489900 ) ;
#931 = AXIS2_PLACEMENT_3D ( 'NONE', #147, #1087, #556 ) ;
#932 = FACE_BOUND ( 'NONE', #1353, .T. ) ;
#933 = DIRECTION ( 'NONE',  ( 0.7818314824680309100, 0.6234898018587320400, 0.0000000000000000000 ) ) ;
#934 = CIRCLE ( 'NONE', #461, 5.400000000000006600 ) ;
#935 = EDGE_LOOP ( 'NONE', ( #1281, #1114, #210, #1250 ) ) ;
#936 = ORIENTED_EDGE ( 'NONE', *, *, #29, .T. ) ;
#937 = VERTEX_POINT ( 'NONE', #1201 ) ;
#938 = ORIENTED_EDGE ( 'NONE', *, *, #45, .F. ) ;
#939 = ORIENTED_EDGE ( 'NONE', *, *, #1031, .T. ) ;
#940 = CARTESIAN_POINT ( 'NONE',  ( 3.254128043381644600, -6.757266509268164100, 0.0000000000000000000 ) ) ;
#941 = CARTESIAN_POINT ( 'NONE',  ( 0.0000000000000000000, 10.65000000000000400, 3.500000000000000000 ) ) ;
#942 = EDGE_LOOP ( 'NONE', ( #1431, #1185, #1205, #1285 ) ) ;
#943 = EDGE_CURVE ( 'NONE', #209, #1327, #1672, .T. ) ;
#944 = DIRECTION ( 'NONE',  ( -0.4338837391175651700, -0.9009688679024158200, 0.0000000000000000000 ) ) ;
#945 = CARTESIAN_POINT ( 'NONE',  ( -9.599999999999999600, 1.175660927181458800E-015, -1.555555555555556000 ) ) ;
#946 = AXIS2_PLACEMENT_3D ( 'NONE', #1309, #1450, #1438 ) ;
#947 = APPLICATION_CONTEXT ( 'configuration controlled 3d designs of mechanical parts and assemblies' ) ;
#948 = DIRECTION ( 'NONE',  ( 0.0000000000000000000, 0.0000000000000000000, -1.000000000000000000 ) ) ;
#949 = DIRECTION ( 'NONE',  ( -0.0000000000000000000, -0.0000000000000000000, 1.000000000000000000 ) ) ;
#950 = CARTESIAN_POINT ( 'NONE',  ( -4.350000000000000500, 5.327213576290987200E-016, 3.500000000000000000 ) ) ;
#951 = FACE_OUTER_BOUND ( 'NONE', #774, .T. ) ;
#952 = CARTESIAN_POINT ( 'NONE',  ( 9.599999999999994300, 0.0000000000000000000, 3.499999999999999100 ) ) ;
#953 = VECTOR ( 'NONE', #268, 1000.000000000000000 ) ;
#954 = EDGE_CURVE ( 'NONE', #1283, #444, #1525, .T. ) ;
#955 = FACE_OUTER_BOUND ( 'NONE', #1129, .T. ) ;
#956 = AXIS2_PLACEMENT_3D ( 'NONE', #71, #1154, #499 ) ;
#957 = DIRECTION ( 'NONE',  ( 1.000000000000000000, 0.0000000000000000000, 0.0000000000000000000 ) ) ;
#958 = ORIENTED_EDGE ( 'NONE', *, *, #1070, .T. ) ;
#959 = CARTESIAN_POINT ( 'NONE',  ( 4.000000000000001800, 0.0000000000000000000, -3.150000000000000400 ) ) ;
#960 = CARTESIAN_POINT ( 'NONE',  ( 0.0000000000000000000, 7.500000000000000000, 2.613379629219557500 ) ) ;
#961 = ORIENTED_EDGE ( 'NONE', *, *, #1562, .F. ) ;
#962 = VERTEX_POINT ( 'NONE', #374 ) ;
#963 = ORIENTED_EDGE ( 'NONE', *, *, #478, .F. ) ;
#964 = ORIENTED_EDGE ( 'NONE', *, *, #1103, .T. ) ;
#965 = DIRECTION ( 'NONE',  ( -0.0000000000000000000, -0.0000000000000000000, 1.000000000000000000 ) ) ;
#966 = CLOSED_SHELL ( 'NONE', ( #921, #910 ) ) ;
#967 = DIRECTION ( 'NONE',  ( 0.9009688679024157000, -0.4338837391175652800, 0.0000000000000000000 ) ) ;
#968 = AXIS2_PLACEMENT_3D ( 'NONE', #1139, #759, #1554 ) ;
#969 = AXIS2_PLACEMENT_3D ( 'NONE', #464, #983, #59 ) ;
#970 = CARTESIAN_POINT ( 'NONE',  ( -5.863736118510165500, 4.676173513940574000, -2.613379629219557500 ) ) ;
#971 = DIRECTION ( 'NONE',  ( 0.7071067811865431300, 0.0000000000000000000, 0.7071067811865519000 ) ) ;
#972 = PERSON_AND_ORGANIZATION ( #225, #106 ) ;
#973 = VECTOR ( 'NONE', #387, 1000.000000000000000 ) ;
#974 = DIRECTION ( 'NONE',  ( -0.0000000000000000000, -0.0000000000000000000, 1.000000000000000000 ) ) ;
#975 = CIRCLE ( 'NONE', #723, 5.400000000000006600 ) ;
#976 = CARTESIAN_POINT ( 'NONE',  ( -7.311959341363692700, -1.668907004672287800, 0.0000000000000000000 ) ) ;
#977 = EDGE_CURVE ( 'NONE', #1308, #529, #1178, .T. ) ;
#978 = CYLINDRICAL_SURFACE ( 'NONE', #756, 5.400000000000002100 ) ;
#979 = ORIENTED_EDGE ( 'NONE', *, *, #451, .F. ) ;
#980 = AXIS2_PLACEMENT_3D ( 'NONE', #940, #1077, #416 ) ;
#981 = VERTEX_POINT ( 'NONE', #1074 ) ;
#982 = VERTEX_POINT ( 'NONE', #1289 ) ;
#983 = DIRECTION ( 'NONE',  ( -0.0000000000000000000, -0.0000000000000000000, 1.000000000000000000 ) ) ;
#984 = DIRECTION ( 'NONE',  ( 1.000000000000000000, 0.0000000000000000000, 0.0000000000000000000 ) ) ;
#985 = VERTEX_POINT ( 'NONE', #282 ) ;
#986 = ORIENTED_EDGE ( 'NONE', *, *, #894, .F. ) ;
#987 = CARTESIAN_POINT ( 'NONE',  ( 0.0000000000000000000, 0.0000000000000000000, 3.499999999999999100 ) ) ;
#988 = DIRECTION ( 'NONE',  ( -1.000000000000000000, 0.0000000000000000000, 0.0000000000000000000 ) ) ;
#989 = EDGE_CURVE ( 'NONE', #656, #452, #1083, .T. ) ;
#990 = AXIS2_PLACEMENT_3D ( 'NONE', #496, #1416, #1078 ) ;
#991 = DATE_AND_TIME ( #1609, #1079 ) ;
#992 = DIRECTION ( 'NONE',  ( 1.224646799147353200E-016, 1.000000000000000000, 0.0000000000000000000 ) ) ;
#993 = CARTESIAN_POINT ( 'NONE',  ( 0.0000000000000000000, 0.0000000000000000000, 3.499999999999999100 ) ) ;
#994 = LINE ( 'NONE', #1320, #198 ) ;
#995 = LINE ( 'NONE', #284, #973 ) ;
#996 = CIRCLE ( 'NONE', #524, 2.613379629219557000 ) ;
#997 = DIRECTION ( 'NONE',  ( -0.7818314824680220300, 0.6234898018587431400, 0.0000000000000000000 ) ) ;
#998 = LINE ( 'NONE', #950, #1202 ) ;
#999 = EDGE_CURVE ( 'NONE', #840, #572, #479, .T. ) ;
#1000 = ORIENTED_EDGE ( 'NONE', *, *, #632, .F. ) ;
#1001 = ADVANCED_FACE ( 'NONE', ( #1319, #391 ), #510, .F. ) ;
#1002 = ORIENTED_EDGE ( 'NONE', *, *, #149, .F. ) ;
#1003 = ORIENTED_EDGE ( 'NONE', *, *, #240, .T. ) ;
#1004 = ORIENTED_EDGE ( 'NONE', *, *, #1031, .F. ) ;
#1005 = DIRECTION ( 'NONE',  ( -0.0000000000000000000, -0.0000000000000000000, 1.000000000000000000 ) ) ;
#1006 = DIRECTION ( 'NONE',  ( 0.0000000000000000000, -0.0000000000000000000, 1.000000000000000000 ) ) ;
#1007 = CARTESIAN_POINT ( 'NONE',  ( 9.599999999999994300, 0.0000000000000000000, 3.325000000000000600 ) ) ;
#1008 = DIRECTION ( 'NONE',  ( 1.000000000000000000, 0.0000000000000000000, 0.0000000000000000000 ) ) ;
#1009 = EDGE_CURVE ( 'NONE', #1472, #545, #831, .T. ) ;
#1010 = ADVANCED_FACE ( 'NONE', ( #68 ), #1061, .F. ) ;
#1011 = AXIS2_PLACEMENT_3D ( 'NONE', #1039, #514, #1601 ) ;
#1012 = LOCAL_TIME ( 13, 59, 27.00000000000000000, #1360 ) ;
#1013 = CIRCLE ( 'NONE', #1036, 9.599999999999994300 ) ;
#1014 = DIRECTION ( 'NONE',  ( 0.0000000000000000000, -0.0000000000000000000, 1.000000000000000000 ) ) ;
#1015 = DIRECTION ( 'NONE',  ( 1.000000000000000000, 0.0000000000000000000, 0.0000000000000000000 ) ) ;
#1016 = FACE_OUTER_BOUND ( 'NONE', #1620, .T. ) ;
#1017 = SPHERICAL_SURFACE ( 'NONE', #1518, 2.613379629219557500 ) ;
#1018 = EDGE_CURVE ( 'NONE', #426, #43, #33, .T. ) ;
#1019 = EDGE_LOOP ( 'NONE', ( #42, #1498, #37, #1512 ) ) ;
#1020 = DIRECTION ( 'NONE',  ( 0.0000000000000000000, 0.0000000000000000000, -1.000000000000000000 ) ) ;
#1021 = ORIENTED_EDGE ( 'NONE', *, *, #1338, .T. ) ;
#1022 = ORIENTED_EDGE ( 'NONE', *, *, #977, .F. ) ;
#1023 = AXIS2_PLACEMENT_3D ( 'NONE', #1371, #172, #1519 ) ;
#1024 = DIRECTION ( 'NONE',  ( 0.9009688679024217000, 0.4338837391175527900, -0.0000000000000000000 ) ) ;
#1025 = EDGE_LOOP ( 'NONE', ( #653, #1387 ) ) ;
#1026 = ORIENTED_EDGE ( 'NONE', *, *, #1629, .T. ) ;
#1027 = DIRECTION ( 'NONE',  ( 1.000000000000000000, 0.0000000000000000000, 0.0000000000000000000 ) ) ;
#1028 = DIRECTION ( 'NONE',  ( -0.0000000000000000000, -0.0000000000000000000, 1.000000000000000000 ) ) ;
#1029 = DIRECTION ( 'NONE',  ( 0.4338837391175528500, -0.9009688679024218100, 0.0000000000000000000 ) ) ;
#1030 = DIRECTION ( 'NONE',  ( 1.000000000000000000, 0.0000000000000000000, 0.0000000000000000000 ) ) ;
#1031 = EDGE_CURVE ( 'NONE', #1307, #349, #1402, .T. ) ;
#1032 = CARTESIAN_POINT ( 'NONE',  ( 0.0000000000000000000, 0.0000000000000000000, -1.858908686636511200 ) ) ;
#1033 = ADVANCED_FACE ( 'NONE', ( #1038, #787 ), #1209, .F. ) ;
#1034 = CARTESIAN_POINT ( 'NONE',  ( -3.254128043381738300, -6.757266509268117900, -2.613379629219557500 ) ) ;
#1035 = FACE_OUTER_BOUND ( 'NONE', #1373, .T. ) ;
#1036 = AXIS2_PLACEMENT_3D ( 'NONE', #908, #1409, #1291 ) ;
#1037 = ADVANCED_FACE ( 'NONE', ( #1611 ), #1296, .T. ) ;
#1038 = FACE_OUTER_BOUND ( 'NONE', #914, .T. ) ;
#1039 = CARTESIAN_POINT ( 'NONE',  ( 0.0000000000000000000, 0.0000000000000000000, 2.613379629219557500 ) ) ;
#1040 = CARTESIAN_POINT ( 'NONE',  ( -5.400000000000006600, 6.613092715395715400E-016, -2.613379629219559700 ) ) ;
#1041 = CONICAL_SURFACE ( 'NONE', #1401, 4.000000000000001800, 0.7853981633974470600 ) ;
#1042 = LINE ( 'NONE', #1335, #1300 ) ;
#1043 = DIRECTION ( 'NONE',  ( 1.000000000000000000, 0.0000000000000000000, 0.0000000000000000000 ) ) ;
#1044 = ORIENTED_EDGE ( 'NONE', *, *, #1018, .T. ) ;
#1045 = ADVANCED_FACE ( 'NONE', ( #562 ), #200, .T. ) ;
#1046 = ORIENTED_EDGE ( 'NONE', *, *, #832, .T. ) ;
#1047 = EDGE_LOOP ( 'NONE', ( #1183, #1621, #1410, #1127 ) ) ;
#1048 = CARTESIAN_POINT ( 'NONE',  ( 0.0000000000000000000, 0.0000000000000000000, -1.555555555555556000 ) ) ;
#1049 = ORIENTED_EDGE ( 'NONE', *, *, #777, .T. ) ;
#1050 = AXIS2_PLACEMENT_3D ( 'NONE', #754, #878, #227 ) ;
#1051 = PLANE ( 'NONE',  #1317 ) ;
#1052 = DIRECTION ( 'NONE',  ( 0.0000000000000000000, -0.0000000000000000000, 1.000000000000000000 ) ) ;
#1053 = DIRECTION ( 'NONE',  ( -0.0000000000000000000, -0.0000000000000000000, 1.000000000000000000 ) ) ;
#1054 = ADVANCED_FACE ( 'NONE', ( #1261 ), #245, .T. ) ;
#1055 = AXIS2_PLACEMENT_3D ( 'NONE', #1292, #1428, #890 ) ;
#1056 = FACE_OUTER_BOUND ( 'NONE', #574, .T. ) ;
#1057 = DIRECTION ( 'NONE',  ( 1.000000000000000000, 0.0000000000000000000, 0.0000000000000000000 ) ) ;
#1058 = DIRECTION ( 'NONE',  ( -0.0000000000000000000, -0.0000000000000000000, 1.000000000000000000 ) ) ;
#1059 = CARTESIAN_POINT ( 'NONE',  ( 5.400000000000005700, 0.0000000000000000000, -3.500000000000000000 ) ) ;
#1060 = AXIS2_PLACEMENT_3D ( 'NONE', #1563, #1693, #1280 ) ;
#1061 = CYLINDRICAL_SURFACE ( 'NONE', #1220, 9.109999999999992300 ) ;
#1062 = ADVANCED_FACE ( 'NONE', ( #1343 ), #326, .T. ) ;
#1063 = ORIENTED_EDGE ( 'NONE', *, *, #1151, .F. ) ;
#1064 = VERTEX_POINT ( 'NONE', #125 ) ;
#1065 = DIRECTION ( 'NONE',  ( 0.7071067811865465700, 8.659560562354923000E-017, -0.7071067811865483500 ) ) ;
#1066 = ORIENTED_EDGE ( 'NONE', *, *, #811, .T. ) ;
#1067 = ORIENTED_EDGE ( 'NONE', *, *, #1514, .T. ) ;
#1068 = ORIENTED_EDGE ( 'NONE', *, *, #1471, .F. ) ;
#1069 = VERTEX_POINT ( 'NONE', #1221 ) ;
#1070 = EDGE_CURVE ( 'NONE', #1227, #589, #645, .T. ) ;
#1071 = AXIS2_PLACEMENT_3D ( 'NONE', #288, #1237, #1230 ) ;
#1072 = CARTESIAN_POINT ( 'NONE',  ( 5.863736118510232100, 4.676173513940490500, 2.613379629219557500 ) ) ;
#1073 = CARTESIAN_POINT ( 'NONE',  ( 3.254128043381644600, -6.757266509268164100, 0.0000000000000000000 ) ) ;
#1074 = CARTESIAN_POINT ( 'NONE',  ( 4.886620370780442500, 0.0000000000000000000, -3.200466997880628000E-016 ) ) ;
#1075 = CARTESIAN_POINT ( 'NONE',  ( -4.350000000000000500, 0.0000000000000000000, -3.500000000000000000 ) ) ;
#1076 = APPROVAL_STATUS ( 'not_yet_approved' ) ;
#1077 = DIRECTION ( 'NONE',  ( 0.9009688679024217000, 0.4338837391175527900, -0.0000000000000000000 ) ) ;
#1078 = DIRECTION ( 'NONE',  ( -0.4338837391175650600, -0.9009688679024157000, 0.0000000000000000000 ) ) ;
#1079 = LOCAL_TIME ( 13, 59, 27.00000000000000000, #864 ) ;
#1080 = EDGE_CURVE ( 'NONE', #22, #589, #602, .T. ) ;
#1081 = APPROVAL_PERSON_ORGANIZATION ( #972, #1293, #559 ) ;
#1082 = AXIS2_PLACEMENT_3D ( 'NONE', #1711, #116, #1198 ) ;
#1083 = CIRCLE ( 'NONE', #1188, 2.613379629219557500 ) ;
#1084 = DIRECTION ( 'NONE',  ( 1.000000000000000000, 0.0000000000000000000, 0.0000000000000000000 ) ) ;
#1085 = DATE_TIME_ROLE ( 'creation_date' ) ;
#1086 = CIRCLE ( 'NONE', #1312, 4.350000000000000500 ) ;
#1087 = DIRECTION ( 'NONE',  ( -0.0000000000000000000, -0.0000000000000000000, 1.000000000000000000 ) ) ;
#1088 = EDGE_LOOP ( 'NONE', ( #405, #1066, #608, #1111 ) ) ;
#1089 = DIRECTION ( 'NONE',  ( -0.0000000000000000000, -0.0000000000000000000, 1.000000000000000000 ) ) ;
#1090 = ORIENTED_EDGE ( 'NONE', *, *, #178, .F. ) ;
#1091 = ORIENTED_EDGE ( 'NONE', *, *, #1570, .T. ) ;
#1092 = CARTESIAN_POINT ( 'NONE',  ( 0.0000000000000000000, 9.599999999999994300, 3.325000000000000600 ) ) ;
#1093 = ORIENTED_EDGE ( 'NONE', *, *, #1132, .T. ) ;
#1094 = AXIS2_PLACEMENT_3D ( 'NONE', #1720, #258, #1324 ) ;
#1095 = CARTESIAN_POINT ( 'NONE',  ( 7.311959341363669700, -1.668907004672386600, 0.0000000000000000000 ) ) ;
#1096 = DIRECTION ( 'NONE',  ( -0.0000000000000000000, -0.0000000000000000000, 1.000000000000000000 ) ) ;
#1097 = AXIS2_PLACEMENT_3D ( 'NONE', #129, #916, #807 ) ;
#1098 = DIRECTION ( 'NONE',  ( 1.000000000000000000, 0.0000000000000000000, 0.0000000000000000000 ) ) ;
#1099 = DIRECTION ( 'NONE',  ( -0.6234898018587319300, 0.7818314824680311400, 0.0000000000000000000 ) ) ;
#1100 = SPHERICAL_SURFACE ( 'NONE', #1623, 2.613379629219557500 ) ;
#1101 = CIRCLE ( 'NONE', #1060, 5.400000000000005700 ) ;
#1102 = DIRECTION ( 'NONE',  ( -0.0000000000000000000, -0.0000000000000000000, 1.000000000000000000 ) ) ;
#1103 = EDGE_CURVE ( 'NONE', #427, #1657, #1652, .T. ) ;
#1104 = FACE_OUTER_BOUND ( 'NONE', #1249, .T. ) ;
#1105 = AXIS2_PLACEMENT_3D ( 'NONE', #1161, #241, #419 ) ;
#1106 = CARTESIAN_POINT ( 'NONE',  ( 0.0000000000000000000, 0.0000000000000000000, -3.500000000000000000 ) ) ;
#1107 = TOROIDAL_SURFACE ( 'NONE', #1165, 7.500000000000000000, 2.613379629219557500 ) ;
#1108 = DIRECTION ( 'NONE',  ( -0.0000000000000000000, -0.0000000000000000000, 1.000000000000000000 ) ) ;
#1109 = CARTESIAN_POINT ( 'NONE',  ( 0.0000000000000000000, 0.0000000000000000000, 1.555555555555555400 ) ) ;
#1110 = EDGE_LOOP ( 'NONE', ( #166, #211, #315, #1644 ) ) ;
#1111 = ORIENTED_EDGE ( 'NONE', *, *, #1394, .F. ) ;
#1112 = ORIENTED_EDGE ( 'NONE', *, *, #214, .T. ) ;
#1113 = ORIENTED_EDGE ( 'NONE', *, *, #977, .T. ) ;
#1114 = ORIENTED_EDGE ( 'NONE', *, *, #292, .T. ) ;
#1115 = DIRECTION ( 'NONE',  ( -0.0000000000000000000, -0.0000000000000000000, 1.000000000000000000 ) ) ;
#1116 = EDGE_CURVE ( 'NONE', #1206, #426, #995, .T. ) ;
#1117 = AXIS2_PLACEMENT_3D ( 'NONE', #568, #1099, #1488 ) ;
#1118 = CARTESIAN_POINT ( 'NONE',  ( 0.0000000000000000000, 0.0000000000000000000, -3.500000000000000000 ) ) ;
#1119 = DIRECTION ( 'NONE',  ( -0.6234898018587431400, -0.7818314824680220300, 0.0000000000000000000 ) ) ;
#1120 = CIRCLE ( 'NONE', #1331, 5.400000000000005700 ) ;
#1121 = CARTESIAN_POINT ( 'NONE',  ( 0.0000000000000000000, 0.0000000000000000000, 3.149999999999999500 ) ) ;
#1122 = VECTOR ( 'NONE', #138, 1000.000000000000000 ) ;
#1123 = CARTESIAN_POINT ( 'NONE',  ( -5.400000000000005700, 6.613092715395714400E-016, 3.147094907304889100 ) ) ;
#1124 = EDGE_CURVE ( 'NONE', #302, #531, #742, .T. ) ;
#1125 = FACE_OUTER_BOUND ( 'NONE', #1557, .T. ) ;
#1126 = VERTEX_POINT ( 'NONE', #407 ) ;
#1127 = ORIENTED_EDGE ( 'NONE', *, *, #1688, .F. ) ;
#1128 = CARTESIAN_POINT ( 'NONE',  ( 0.0000000000000000000, 0.0000000000000000000, -3.150000000000000400 ) ) ;
#1129 = EDGE_LOOP ( 'NONE', ( #1370, #1181 ) ) ;
#1130 = ORIENTED_EDGE ( 'NONE', *, *, #397, .T. ) ;
#1131 = CARTESIAN_POINT ( 'NONE',  ( 0.0000000000000000000, 0.0000000000000000000, -3.500000000000000000 ) ) ;
#1132 = EDGE_CURVE ( 'NONE', #188, #985, #1694, .T. ) ;
#1133 = ADVANCED_FACE ( 'NONE', ( #1240 ), #1569, .T. ) ;
#1134 = AXIS2_PLACEMENT_3D ( 'NONE', #1396, #877, #611 ) ;
#1135 = DIRECTION ( 'NONE',  ( -0.0000000000000000000, -0.0000000000000000000, 1.000000000000000000 ) ) ;
#1136 = CIRCLE ( 'NONE', #1671, 2.613379629219557900 ) ;
#1137 = CIRCLE ( 'NONE', #801, 5.400000000000005700 ) ;
#1138 = FACE_OUTER_BOUND ( 'NONE', #1144, .T. ) ;
#1139 = CARTESIAN_POINT ( 'NONE',  ( 0.0000000000000000000, 0.0000000000000000000, 3.499999999999999100 ) ) ;
#1140 = LINE ( 'NONE', #1192, #1656 ) ;
#1141 = AXIS2_PLACEMENT_3D ( 'NONE', #1479, #163, #1223 ) ;
#1142 = ORIENTED_EDGE ( 'NONE', *, *, #1290, .F. ) ;
#1143 = ORIENTED_EDGE ( 'NONE', *, *, #204, .T. ) ;
#1144 = EDGE_LOOP ( 'NONE', ( #1491, #34 ) ) ;
#1145 = AXIS2_PLACEMENT_3D ( 'NONE', #1032, #760, #636 ) ;
#1146 = VERTEX_POINT ( 'NONE', #1190 ) ;
#1147 = EDGE_LOOP ( 'NONE', ( #379, #468, #1143, #1226 ) ) ;
#1148 = DIRECTION ( 'NONE',  ( -0.0000000000000000000, -0.0000000000000000000, 1.000000000000000000 ) ) ;
#1149 = ADVANCED_FACE ( 'NONE', ( #219 ), #497, .F. ) ;
#1150 = DIRECTION ( 'NONE',  ( 1.000000000000000000, 0.0000000000000000000, 0.0000000000000000000 ) ) ;
#1151 = EDGE_CURVE ( 'NONE', #1069, #485, #390, .T. ) ;
#1152 = CARTESIAN_POINT ( 'NONE',  ( -9.599999999999994300, 1.175660927181458400E-015, -3.325000000000002000 ) ) ;
#1153 = CYLINDRICAL_SURFACE ( 'NONE', #1663, 5.400000000000005700 ) ;
#1154 = DIRECTION ( 'NONE',  ( -0.0000000000000000000, -0.0000000000000000000, 1.000000000000000000 ) ) ;
#1155 = CARTESIAN_POINT ( 'NONE',  ( 5.400000000000005700, 0.0000000000000000000, 3.147094907304889100 ) ) ;
#1156 = FACE_BOUND ( 'NONE', #1164, .T. ) ;
#1157 = DIRECTION ( 'NONE',  ( -0.0000000000000000000, -0.0000000000000000000, 1.000000000000000000 ) ) ;
#1158 = FACE_OUTER_BOUND ( 'NONE', #508, .T. ) ;
#1159 = EDGE_CURVE ( 'NONE', #696, #1597, #1137, .T. ) ;
#1160 = VECTOR ( 'NONE', #577, 1000.000000000000000 ) ;
#1161 = CARTESIAN_POINT ( 'NONE',  ( 0.0000000000000000000, 0.0000000000000000000, 3.149999999999999500 ) ) ;
#1162 = CARTESIAN_POINT ( 'NONE',  ( 10.65000000000000400, 1.325680160077010200E-015, 3.500000000000000000 ) ) ;
#1163 = ADVANCED_FACE ( 'NONE', ( #909 ), #616, .T. ) ;
#1164 = EDGE_LOOP ( 'NONE', ( #1067, #610 ) ) ;
#1165 = AXIS2_PLACEMENT_3D ( 'NONE', #706, #1616, #448 ) ;
#1166 = DIRECTION ( 'NONE',  ( 1.000000000000000000, 0.0000000000000000000, 0.0000000000000000000 ) ) ;
#1167 = ORIENTED_EDGE ( 'NONE', *, *, #214, .F. ) ;
#1168 = EDGE_LOOP ( 'NONE', ( #1002, #936 ) ) ;
#1169 = DIRECTION ( 'NONE',  ( 0.0000000000000000000, 1.000000000000000000, 0.0000000000000000000 ) ) ;
#1170 = DIRECTION ( 'NONE',  ( 1.000000000000000000, 0.0000000000000000000, 0.0000000000000000000 ) ) ;
#1171 = AXIS2_PLACEMENT_3D ( 'NONE', #941, #1452, #1595 ) ;
#1172 = CARTESIAN_POINT ( 'NONE',  ( 0.0000000000000000000, 9.599999999999994300, -2.613379629219559200 ) ) ;
#1173 = CARTESIAN_POINT ( 'NONE',  ( 0.0000000000000000000, 0.0000000000000000000, 3.499999999999999100 ) ) ;
#1174 = FACE_OUTER_BOUND ( 'NONE', #569, .T. ) ;
#1175 = AXIS2_PLACEMENT_3D ( 'NONE', #363, #1024, #1029 ) ;
#1176 = CIRCLE ( 'NONE', #575, 2.613379629219557900 ) ;
#1177 = ADVANCED_FACE ( 'NONE', ( #310 ), #438, .T. ) ;
#1178 = CIRCLE ( 'NONE', #743, 6.800000000000006000 ) ;
#1179 = DIRECTION ( 'NONE',  ( 1.000000000000000000, 0.0000000000000000000, 0.0000000000000000000 ) ) ;
#1180 = DIRECTION ( 'NONE',  ( 1.000000000000000000, 0.0000000000000000000, 0.0000000000000000000 ) ) ;
#1181 = ORIENTED_EDGE ( 'NONE', *, *, #1638, .T. ) ;
#1182 = CARTESIAN_POINT ( 'NONE',  ( 0.0000000000000000000, 9.109999999999992300, 3.147094907304889500 ) ) ;
#1183 = ORIENTED_EDGE ( 'NONE', *, *, #580, .F. ) ;
#1184 = EDGE_CURVE ( 'NONE', #122, #590, #199, .T. ) ;
#1185 = ORIENTED_EDGE ( 'NONE', *, *, #309, .T. ) ;
#1186 = VERTEX_POINT ( 'NONE', #674 ) ;
#1187 = VERTEX_POINT ( 'NONE', #12 ) ;
#1188 = AXIS2_PLACEMENT_3D ( 'NONE', #1591, #1301, #944 ) ;
#1189 = ADVANCED_FACE ( 'NONE', ( #583, #157 ), #440, .F. ) ;
#1190 = CARTESIAN_POINT ( 'NONE',  ( 5.400000000000005700, 0.0000000000000000000, 3.500000000000000000 ) ) ;
#1191 = DIRECTION ( 'NONE',  ( -0.0000000000000000000, -0.0000000000000000000, 1.000000000000000000 ) ) ;
#1192 = CARTESIAN_POINT ( 'NONE',  ( 9.599999999999994300, 0.0000000000000000000, 3.499999999999999100 ) ) ;
#1193 = DIRECTION ( 'NONE',  ( 0.0000000000000000000, 0.0000000000000000000, -1.000000000000000000 ) ) ;
#1194 = CARTESIAN_POINT ( 'NONE',  ( 0.0000000000000000000, 0.0000000000000000000, 3.149999999999999500 ) ) ;
#1195 = EDGE_CURVE ( 'NONE', #696, #1327, #848, .T. ) ;
#1196 = AXIS2_PLACEMENT_3D ( 'NONE', #1574, #378, #239 ) ;
#1197 = CIRCLE ( 'NONE', #694, 9.109999999999992300 ) ;
#1198 = DIRECTION ( 'NONE',  ( 1.000000000000000000, 0.0000000000000000000, 0.0000000000000000000 ) ) ;
#1199 = CIRCLE ( 'NONE', #1449, 5.400000000000005700 ) ;
#1200 = CYLINDRICAL_SURFACE ( 'NONE', #546, 9.599999999999994300 ) ;
#1201 = CARTESIAN_POINT ( 'NONE',  ( -9.599999999999994300, 1.175660927181458600E-015, -3.500000000000000000 ) ) ;
#1202 = VECTOR ( 'NONE', #549, 1000.000000000000100 ) ;
#1203 = DIRECTION ( 'NONE',  ( 0.0000000000000000000, 0.0000000000000000000, -1.000000000000000000 ) ) ;
#1204 = VERTEX_POINT ( 'NONE', #30 ) ;
#1205 = ORIENTED_EDGE ( 'NONE', *, *, #397, .F. ) ;
#1206 = VERTEX_POINT ( 'NONE', #560 ) ;
#1207 = EDGE_CURVE ( 'NONE', #1455, #1641, #866, .T. ) ;
#1208 = EDGE_LOOP ( 'NONE', ( #713, #275, #466, #1265 ) ) ;
#1209 = PLANE ( 'NONE',  #1630 ) ;
#1210 = CARTESIAN_POINT ( 'NONE',  ( 9.599999999999997900, 0.0000000000000000000, 3.499999999999999100 ) ) ;
#1211 = CC_DESIGN_PERSON_AND_ORGANIZATION_ASSIGNMENT ( #1487, #283, ( #893 ) ) ;
#1212 = CARTESIAN_POINT ( 'NONE',  ( 0.0000000000000000000, 0.0000000000000000000, 0.0000000000000000000 ) ) ;
#1213 = CARTESIAN_POINT ( 'NONE',  ( -6.800000000000006000, 8.327598234202009000E-016, 3.147094907304889500 ) ) ;
#1214 = MANIFOLD_SOLID_BREP ( 'Revolve1[2]', #140 ) ;
#1215 = DIRECTION ( 'NONE',  ( 0.9749279121818257300, 0.2225209339563050100, 0.0000000000000000000 ) ) ;
#1216 =( NAMED_UNIT ( * ) PLANE_ANGLE_UNIT ( ) SI_UNIT ( $, .RADIAN. ) );
#1217 = CARTESIAN_POINT ( 'NONE',  ( 0.0000000000000000000, 0.0000000000000000000, 3.499999999999999100 ) ) ;
#1218 = EDGE_CURVE ( 'NONE', #426, #753, #561, .T. ) ;
#1219 = CIRCLE ( 'NONE', #323, 9.599999999999999600 ) ;
#1220 = AXIS2_PLACEMENT_3D ( 'NONE', #141, #1690, #286 ) ;
#1221 = CARTESIAN_POINT ( 'NONE',  ( 3.254128043381644600, -6.757266509268164100, -2.613379629219557500 ) ) ;
#1222 = FACE_OUTER_BOUND ( 'NONE', #935, .T. ) ;
#1223 = DIRECTION ( 'NONE',  ( 0.0000000000000000000, 0.0000000000000000000, -1.000000000000000000 ) ) ;
#1224 = DIRECTION ( 'NONE',  ( 1.000000000000000000, 0.0000000000000000000, 0.0000000000000000000 ) ) ;
#1225 = CIRCLE ( 'NONE', #1437, 10.65000000000000400 ) ;
#1226 = ORIENTED_EDGE ( 'NONE', *, *, #1218, .F. ) ;
#1227 = VERTEX_POINT ( 'NONE', #959 ) ;
#1228 = ORIENTED_EDGE ( 'NONE', *, *, #1207, .F. ) ;
#1229 = PERSON_AND_ORGANIZATION_ROLE ( 'creator' ) ;
#1230 = DIRECTION ( 'NONE',  ( 0.0000000000000000000, 0.0000000000000000000, -1.000000000000000000 ) ) ;
#1231 = CARTESIAN_POINT ( 'NONE',  ( 9.109999999999992300, 0.0000000000000000000, -3.147094907304890800 ) ) ;
#1232 = ORIENTED_EDGE ( 'NONE', *, *, #659, .F. ) ;
#1233 = ORIENTED_EDGE ( 'NONE', *, *, #734, .F. ) ;
#1234 = AXIS2_PLACEMENT_3D ( 'NONE', #289, #321, #984 ) ;
#1235 = DIRECTION ( 'NONE',  ( -0.0000000000000000000, -0.0000000000000000000, 1.000000000000000000 ) ) ;
#1236 = AXIS2_PLACEMENT_3D ( 'NONE', #520, #533, #1586 ) ;
#1237 = DIRECTION ( 'NONE',  ( 0.0000000000000000000, -1.000000000000000000, 0.0000000000000000000 ) ) ;
#1238 = CARTESIAN_POINT ( 'NONE',  ( -5.400000000000005700, 6.613092715395714400E-016, 2.613379629219556600 ) ) ;
#1239 = DIRECTION ( 'NONE',  ( -0.0000000000000000000, -0.0000000000000000000, 1.000000000000000000 ) ) ;
#1240 = FACE_OUTER_BOUND ( 'NONE', #794, .T. ) ;
#1241 = EDGE_CURVE ( 'NONE', #753, #256, #1219, .T. ) ;
#1242 = FACE_OUTER_BOUND ( 'NONE', #1110, .T. ) ;
#1243 = AXIS2_PLACEMENT_3D ( 'NONE', #1624, #305, #1614 ) ;
#1244 = FACE_OUTER_BOUND ( 'NONE', #1535, .T. ) ;
#1245 = CARTESIAN_POINT ( 'NONE',  ( 7.311959341363669700, -1.668907004672386600, 0.0000000000000000000 ) ) ;
#1246 = EDGE_LOOP ( 'NONE', ( #487, #1369, #231, #100 ) ) ;
#1247 = VERTEX_POINT ( 'NONE', #434 ) ;
#1248 = ORIENTED_EDGE ( 'NONE', *, *, #1681, .T. ) ;
#1249 = EDGE_LOOP ( 'NONE', ( #167, #1592, #96, #1091 ) ) ;
#1250 = ORIENTED_EDGE ( 'NONE', *, *, #1649, .F. ) ;
#1251 = ORIENTED_EDGE ( 'NONE', *, *, #855, .T. ) ;
#1252 = CARTESIAN_POINT ( 'NONE',  ( 0.0000000000000000000, 0.0000000000000000000, 3.500000000000000000 ) ) ;
#1253 = DIRECTION ( 'NONE',  ( 0.0000000000000000000, 0.0000000000000000000, -1.000000000000000000 ) ) ;
#1254 = EDGE_CURVE ( 'NONE', #982, #1284, #1176, .T. ) ;
#1255 = AXIS2_PLACEMENT_3D ( 'NONE', #494, #1269, #1015 ) ;
#1256 = DIRECTION ( 'NONE',  ( 1.224646799147353200E-016, 1.000000000000000000, 0.0000000000000000000 ) ) ;
#1257 = CARTESIAN_POINT ( 'NONE',  ( 0.0000000000000000000, 0.0000000000000000000, -3.150000000000000400 ) ) ;
#1258 = CIRCLE ( 'NONE', #876, 9.599999999999994300 ) ;
#1259 = FACE_OUTER_BOUND ( 'NONE', #1475, .T. ) ;
#1260 = CARTESIAN_POINT ( 'NONE',  ( 0.0000000000000000000, 0.0000000000000000000, -3.147094907304889900 ) ) ;
#1261 = FACE_OUTER_BOUND ( 'NONE', #507, .T. ) ;
#1262 = DIRECTION ( 'NONE',  ( 0.6234898018587431400, 0.7818314824680221400, -0.0000000000000000000 ) ) ;
#1263 = LINE ( 'NONE', #740, #1278 ) ;
#1264 = FACE_OUTER_BOUND ( 'NONE', #1408, .T. ) ;
#1265 = ORIENTED_EDGE ( 'NONE', *, *, #1504, .F. ) ;
#1266 = EDGE_LOOP ( 'NONE', ( #1580, #400 ) ) ;
#1267 = EDGE_LOOP ( 'NONE', ( #915, #654, #271, #1558 ) ) ;
#1268 = EDGE_LOOP ( 'NONE', ( #736, #1454 ) ) ;
#1269 = DIRECTION ( 'NONE',  ( -0.0000000000000000000, -0.0000000000000000000, 1.000000000000000000 ) ) ;
#1270 = AXIS2_PLACEMENT_3D ( 'NONE', #18, #142, #295 ) ;
#1271 = AXIS2_PLACEMENT_3D ( 'NONE', #903, #547, #367 ) ;
#1272 = CARTESIAN_POINT ( 'NONE',  ( 0.0000000000000000000, 0.0000000000000000000, 3.149999999999999900 ) ) ;
#1273 = DIRECTION ( 'NONE',  ( -0.0000000000000000000, -0.0000000000000000000, 1.000000000000000000 ) ) ;
#1274 = VECTOR ( 'NONE', #503, 1000.000000000000100 ) ;
#1275 = CIRCLE ( 'NONE', #1546, 9.599999999999994300 ) ;
#1276 = EDGE_CURVE ( 'NONE', #226, #209, #881, .T. ) ;
#1277 = DIRECTION ( 'NONE',  ( 1.000000000000000000, 0.0000000000000000000, 0.0000000000000000000 ) ) ;
#1278 = VECTOR ( 'NONE', #1538, 1000.000000000000100 ) ;
#1279 = AXIS2_PLACEMENT_3D ( 'NONE', #976, #1378, #1658 ) ;
#1280 = DIRECTION ( 'NONE',  ( 1.000000000000000000, 0.0000000000000000000, 0.0000000000000000000 ) ) ;
#1281 = ORIENTED_EDGE ( 'NONE', *, *, #73, .T. ) ;
#1282 = ORIENTED_EDGE ( 'NONE', *, *, #1241, .T. ) ;
#1283 = VERTEX_POINT ( 'NONE', #447 ) ;
#1284 = VERTEX_POINT ( 'NONE', #1356 ) ;
#1285 = ORIENTED_EDGE ( 'NONE', *, *, #501, .F. ) ;
#1286 = CARTESIAN_POINT ( 'NONE',  ( -9.599999999999994300, 1.175660927181458600E-015, 3.500000000000000000 ) ) ;
#1287 = DIRECTION ( 'NONE',  ( 1.000000000000000000, 0.0000000000000000000, 0.0000000000000000000 ) ) ;
#1288 = EDGE_LOOP ( 'NONE', ( #571, #958, #1432, #1497 ) ) ;
#1289 = CARTESIAN_POINT ( 'NONE',  ( 7.311959341363669700, -1.668907004672386600, -2.613379629219557500 ) ) ;
#1290 = EDGE_CURVE ( 'NONE', #352, #840, #1197, .T. ) ;
#1291 = DIRECTION ( 'NONE',  ( 1.000000000000000000, 0.0000000000000000000, 0.0000000000000000000 ) ) ;
#1292 = CARTESIAN_POINT ( 'NONE',  ( 7.500000000000000000, 0.0000000000000000000, 0.0000000000000000000 ) ) ;
#1293 = APPROVAL ( #1076, 'UNSPECIFIED' ) ;
#1294 = LINE ( 'NONE', #926, #703 ) ;
#1295 = DIRECTION ( 'NONE',  ( -0.0000000000000000000, -0.0000000000000000000, 1.000000000000000000 ) ) ;
#1296 = SPHERICAL_SURFACE ( 'NONE', #78, 2.613379629219557500 ) ;
#1297 = DIRECTION ( 'NONE',  ( 0.2225209339563050400, -0.9749279121818257300, 0.0000000000000000000 ) ) ;
#1298 = TOROIDAL_SURFACE ( 'NONE', #671, 7.500000000000000000, 2.613379629219557500 ) ;
#1299 = EDGE_CURVE ( 'NONE', #488, #319, #1120, .T. ) ;
#1300 = VECTOR ( 'NONE', #965, 1000.000000000000000 ) ;
#1301 = DIRECTION ( 'NONE',  ( -0.9009688679024157000, 0.4338837391175651700, 0.0000000000000000000 ) ) ;
#1302 = VERTEX_POINT ( 'NONE', #970 ) ;
#1303 = AXIS2_PLACEMENT_3D ( 'NONE', #553, #1461, #115 ) ;
#1304 = ADVANCED_FACE ( 'NONE', ( #1506, #1585 ), #421, .F. ) ;
#1305 = DIRECTION ( 'NONE',  ( 1.000000000000000000, 0.0000000000000000000, 0.0000000000000000000 ) ) ;
#1306 = EDGE_LOOP ( 'NONE', ( #303, #836, #920, #1480 ) ) ;
#1307 = VERTEX_POINT ( 'NONE', #153 ) ;
#1308 = VERTEX_POINT ( 'NONE', #1213 ) ;
#1309 = CARTESIAN_POINT ( 'NONE',  ( -6.100000000000005900, 7.470345474798862200E-016, 1.858908686636509900 ) ) ;
#1310 = CARTESIAN_POINT ( 'NONE',  ( 0.0000000000000000000, 7.500000000000000000, -2.613379629219557500 ) ) ;
#1311 = ADVANCED_FACE ( 'NONE', ( #785 ), #1153, .F. ) ;
#1312 = AXIS2_PLACEMENT_3D ( 'NONE', #47, #197, #458 ) ;
#1313 = DIRECTION ( 'NONE',  ( -0.0000000000000000000, -0.0000000000000000000, 1.000000000000000000 ) ) ;
#1314 = DIRECTION ( 'NONE',  ( 1.000000000000000000, 0.0000000000000000000, 0.0000000000000000000 ) ) ;
#1315 = PLANE ( 'NONE',  #1171 ) ;
#1316 = DATE_AND_TIME ( #306, #1012 ) ;
#1317 = AXIS2_PLACEMENT_3D ( 'NONE', #1172, #1193, #1458 ) ;
#1318 = FACE_OUTER_BOUND ( 'NONE', #1208, .T. ) ;
#1319 = FACE_OUTER_BOUND ( 'NONE', #1025, .T. ) ;
#1320 = CARTESIAN_POINT ( 'NONE',  ( -5.400000000000003900, 6.613092715395712400E-016, 3.499999999999999100 ) ) ;
#1321 = ADVANCED_FACE ( 'NONE', ( #519 ), #107, .T. ) ;
#1322 = DIRECTION ( 'NONE',  ( 1.000000000000000000, 0.0000000000000000000, 0.0000000000000000000 ) ) ;
#1323 = CYLINDRICAL_SURFACE ( 'NONE', #844, 9.599999999999994300 ) ;
#1324 = DIRECTION ( 'NONE',  ( 1.000000000000000000, 0.0000000000000000000, 0.0000000000000000000 ) ) ;
#1325 = ORIENTED_EDGE ( 'NONE', *, *, #1485, .F. ) ;
#1326 = EDGE_CURVE ( 'NONE', #1472, #226, #65, .T. ) ;
#1327 = VERTEX_POINT ( 'NONE', #473 ) ;
#1328 = ORIENTED_EDGE ( 'NONE', *, *, #1534, .F. ) ;
#1329 = ORIENTED_EDGE ( 'NONE', *, *, #1649, .T. ) ;
#1330 = ORIENTED_EDGE ( 'NONE', *, *, #1207, .T. ) ;
#1331 = AXIS2_PLACEMENT_3D ( 'NONE', #842, #823, #40 ) ;
#1332 = CARTESIAN_POINT ( 'NONE',  ( 0.0000000000000000000, 0.0000000000000000000, 3.499999999999999100 ) ) ;
#1333 = DIRECTION ( 'NONE',  ( 0.0000000000000000000, -1.000000000000000000, 0.0000000000000000000 ) ) ;
#1334 = CARTESIAN_POINT ( 'NONE',  ( 0.0000000000000000000, 0.0000000000000000000, 3.147094907304889500 ) ) ;
#1335 = CARTESIAN_POINT ( 'NONE',  ( -9.109999999999992300, 1.115653234023237900E-015, 3.499999999999999100 ) ) ;
#1336 = DIRECTION ( 'NONE',  ( 0.2225209339563050400, -0.9749279121818257300, 0.0000000000000000000 ) ) ;
#1337 = CARTESIAN_POINT ( 'NONE',  ( 10.99999999999999600, 0.0000000000000000000, -3.149999999999999500 ) ) ;
#1338 = EDGE_CURVE ( 'NONE', #593, #962, #763, .T. ) ;
#1339 = AXIS2_PLACEMENT_3D ( 'NONE', #6, #1333, #948 ) ;
#1340 = DIRECTION ( 'NONE',  ( -0.0000000000000000000, -0.0000000000000000000, 1.000000000000000000 ) ) ;
#1341 = CIRCLE ( 'NONE', #1476, 4.000000000000001800 ) ;
#1342 = DIRECTION ( 'NONE',  ( 1.000000000000000000, 0.0000000000000000000, 0.0000000000000000000 ) ) ;
#1343 = FACE_OUTER_BOUND ( 'NONE', #280, .T. ) ;
#1344 = SPHERICAL_SURFACE ( 'NONE', #1496, 2.613379629219557500 ) ;
#1345 = CARTESIAN_POINT ( 'NONE',  ( 0.0000000000000000000, 0.0000000000000000000, 3.499999999999999100 ) ) ;
#1346 = FACE_OUTER_BOUND ( 'NONE', #1047, .T. ) ;
#1347 = DIRECTION ( 'NONE',  ( 0.0000000000000000000, 0.0000000000000000000, 1.000000000000000000 ) ) ;
#1348 = CARTESIAN_POINT ( 'NONE',  ( -5.399999999999999500, 6.613092715395708500E-016, -1.555555555555555400 ) ) ;
#1349 = ORIENTED_EDGE ( 'NONE', *, *, #171, .F. ) ;
#1350 = ORIENTED_EDGE ( 'NONE', *, *, #999, .F. ) ;
#1351 = EDGE_LOOP ( 'NONE', ( #573, #895 ) ) ;
#1352 = AXIS2_PLACEMENT_3D ( 'NONE', #535, #263, #408 ) ;
#1353 = EDGE_LOOP ( 'NONE', ( #896, #530 ) ) ;
#1354 = DIRECTION ( 'NONE',  ( -0.0000000000000000000, -0.0000000000000000000, 1.000000000000000000 ) ) ;
#1355 = AXIS2_PLACEMENT_3D ( 'NONE', #1118, #1005, #320 ) ;
#1356 = CARTESIAN_POINT ( 'NONE',  ( 7.311959341363669700, -1.668907004672386600, 2.613379629219557500 ) ) ;
#1357 = CARTESIAN_POINT ( 'NONE',  ( 0.0000000000000000000, 0.0000000000000000000, -3.325000000000002000 ) ) ;
#1358 = CARTESIAN_POINT ( 'NONE',  ( -4.886620370780442500, 5.984383995724519900E-016, -3.200466997880628000E-016 ) ) ;
#1359 = EDGE_CURVE ( 'NONE', #697, #750, #1669, .T. ) ;
#1360 = COORDINATED_UNIVERSAL_TIME_OFFSET ( 6, 0, .BEHIND. ) ;
#1361 = VECTOR ( 'NONE', #643, 1000.000000000000100 ) ;
#1362 = AXIS2_PLACEMENT_3D ( 'NONE', #1561, #688, #1084 ) ;
#1363 = CARTESIAN_POINT ( 'NONE',  ( 0.0000000000000000000, 0.0000000000000000000, 3.499999999999999100 ) ) ;
#1364 = CIRCLE ( 'NONE', #1339, 2.613379629219557500 ) ;
#1365 = DIRECTION ( 'NONE',  ( -0.0000000000000000000, -0.0000000000000000000, 1.000000000000000000 ) ) ;
#1366 = LINE ( 'NONE', #371, #670 ) ;
#1367 = ORIENTED_EDGE ( 'NONE', *, *, #1534, .T. ) ;
#1368 = CARTESIAN_POINT ( 'NONE',  ( 5.863736118510232100, 4.676173513940490500, -2.613379629219557500 ) ) ;
#1369 = ORIENTED_EDGE ( 'NONE', *, *, #999, .T. ) ;
#1370 = ORIENTED_EDGE ( 'NONE', *, *, #346, .F. ) ;
#1371 = CARTESIAN_POINT ( 'NONE',  ( 0.0000000000000000000, 0.0000000000000000000, 1.555555555555557600 ) ) ;
#1372 = EDGE_CURVE ( 'NONE', #1187, #1639, #1610, .T. ) ;
#1373 = EDGE_LOOP ( 'NONE', ( #1429, #1386, #404, #1640 ) ) ;
#1374 = ORIENTED_EDGE ( 'NONE', *, *, #1326, .F. ) ;
#1375 = DIRECTION ( 'NONE',  ( -1.000000000000000000, 1.224646799147353700E-016, 0.0000000000000000000 ) ) ;
#1376 = DIRECTION ( 'NONE',  ( -0.0000000000000000000, -0.0000000000000000000, 1.000000000000000000 ) ) ;
#1377 = CARTESIAN_POINT ( 'NONE',  ( -7.500000000000000000, 9.184850993605147900E-016, 0.0000000000000000000 ) ) ;
#1378 = DIRECTION ( 'NONE',  ( -0.2225209339563050400, 0.9749279121818257300, 0.0000000000000000000 ) ) ;
#1379 = FACE_OUTER_BOUND ( 'NONE', #1453, .T. ) ;
#1380 = EDGE_CURVE ( 'NONE', #43, #256, #131, .T. ) ;
#1381 = CIRCLE ( 'NONE', #1105, 11.00000000000000400 ) ;
#1382 = AXIS2_PLACEMENT_3D ( 'NONE', #1212, #701, #32 ) ;
#1383 = FACE_OUTER_BOUND ( 'NONE', #251, .T. ) ;
#1384 = DIRECTION ( 'NONE',  ( 1.000000000000000000, 0.0000000000000000000, 0.0000000000000000000 ) ) ;
#1385 = DIRECTION ( 'NONE',  ( 1.224646799147353200E-016, 1.000000000000000000, 0.0000000000000000000 ) ) ;
#1386 = ORIENTED_EDGE ( 'NONE', *, *, #1514, .F. ) ;
#1387 = ORIENTED_EDGE ( 'NONE', *, *, #855, .F. ) ;
#1388 = UNCERTAINTY_MEASURE_WITH_UNIT (LENGTH_MEASURE( 1.000000000000000100E-005 ), #698, 'distance_accuracy_value', 'NONE');
#1389 = ORIENTED_EDGE ( 'NONE', *, *, #1195, .F. ) ;
#1390 = ORIENTED_EDGE ( 'NONE', *, *, #647, .T. ) ;
#1391 = ORIENTED_EDGE ( 'NONE', *, *, #989, .T. ) ;
#1392 = DIRECTION ( 'NONE',  ( -0.0000000000000000000, -0.0000000000000000000, 1.000000000000000000 ) ) ;
#1393 = DIRECTION ( 'NONE',  ( -1.000000000000000000, 1.224646799147352700E-016, 0.0000000000000000000 ) ) ;
#1394 = EDGE_CURVE ( 'NONE', #819, #775, #460, .T. ) ;
#1395 = AXIS2_PLACEMENT_3D ( 'NONE', #1194, #410, #681 ) ;
#1396 = CARTESIAN_POINT ( 'NONE',  ( 0.0000000000000000000, 0.0000000000000000000, -3.500000000000000000 ) ) ;
#1397 = CALENDAR_DATE ( 2024, 3, 6 ) ;
#1398 = LINE ( 'NONE', #221, #1361 ) ;
#1399 = CARTESIAN_POINT ( 'NONE',  ( 0.0000000000000000000, 0.0000000000000000000, 3.499999999999999100 ) ) ;
#1400 = CARTESIAN_POINT ( 'NONE',  ( 0.0000000000000000000, 0.0000000000000000000, 0.0000000000000000000 ) ) ;
#1401 = AXIS2_PLACEMENT_3D ( 'NONE', #1128, #852, #988 ) ;
#1402 = CIRCLE ( 'NONE', #1537, 2.613379629219557000 ) ;
#1403 = FACE_OUTER_BOUND ( 'NONE', #1019, .T. ) ;
#1404 = AXIS2_PLACEMENT_3D ( 'NONE', #455, #184, #176 ) ;
#1405 = ORIENTED_EDGE ( 'NONE', *, *, #359, .F. ) ;
#1406 = DIRECTION ( 'NONE',  ( 1.000000000000000000, 0.0000000000000000000, 0.0000000000000000000 ) ) ;
#1407 = ORIENTED_EDGE ( 'NONE', *, *, #322, .F. ) ;
#1408 = EDGE_LOOP ( 'NONE', ( #938, #986, #815, #1330 ) ) ;
#1409 = DIRECTION ( 'NONE',  ( -0.0000000000000000000, -0.0000000000000000000, 1.000000000000000000 ) ) ;
#1410 = ORIENTED_EDGE ( 'NONE', *, *, #81, .T. ) ;
#1411 = ORIENTED_EDGE ( 'NONE', *, *, #954, .F. ) ;
#1412 = ADVANCED_FACE ( 'NONE', ( #829 ), #477, .F. ) ;
#1413 = CARTESIAN_POINT ( 'NONE',  ( -9.109999999999992300, 1.115653234023237900E-015, 3.147094907304889500 ) ) ;
#1414 = CARTESIAN_POINT ( 'NONE',  ( 5.400000000000006600, 0.0000000000000000000, -3.147094907304890800 ) ) ;
#1415 = EDGE_CURVE ( 'NONE', #891, #1064, #413, .T. ) ;
#1416 = DIRECTION ( 'NONE',  ( 0.9009688679024157000, -0.4338837391175650600, 0.0000000000000000000 ) ) ;
#1417 = AXIS2_PLACEMENT_3D ( 'NONE', #555, #1478, #20 ) ;
#1418 = CARTESIAN_POINT ( 'NONE',  ( 0.0000000000000000000, 0.0000000000000000000, 3.147094907304889500 ) ) ;
#1419 = DIRECTION ( 'NONE',  ( -0.0000000000000000000, -0.0000000000000000000, 1.000000000000000000 ) ) ;
#1420 = CIRCLE ( 'NONE', #846, 2.613379629219557000 ) ;
#1421 = CYLINDRICAL_SURFACE ( 'NONE', #835, 9.599999999999997900 ) ;
#1422 = EDGE_CURVE ( 'NONE', #820, #164, #806, .T. ) ;
#1423 = CARTESIAN_POINT ( 'NONE',  ( 0.0000000000000000000, 0.0000000000000000000, 3.500000000000000000 ) ) ;
#1424 = CARTESIAN_POINT ( 'NONE',  ( 5.400000000000002100, 0.0000000000000000000, 1.555555555555557800 ) ) ;
#1425 = CIRCLE ( 'NONE', #1023, 5.400000000000002100 ) ;
#1426 = DIRECTION ( 'NONE',  ( -0.0000000000000000000, -0.0000000000000000000, 1.000000000000000000 ) ) ;
#1427 = ADVANCED_FACE ( 'NONE', ( #244 ), #1464, .T. ) ;
#1428 = DIRECTION ( 'NONE',  ( 0.0000000000000000000, -1.000000000000000000, 0.0000000000000000000 ) ) ;
#1429 = ORIENTED_EDGE ( 'NONE', *, *, #777, .F. ) ;
#1430 = ORIENTED_EDGE ( 'NONE', *, *, #1103, .F. ) ;
#1431 = ORIENTED_EDGE ( 'NONE', *, *, #824, .T. ) ;
#1432 = ORIENTED_EDGE ( 'NONE', *, *, #1080, .F. ) ;
#1433 = CARTESIAN_POINT ( 'NONE',  ( 0.0000000000000000000, 0.0000000000000000000, 3.500000000000000000 ) ) ;
#1434 = CARTESIAN_POINT ( 'NONE',  ( 4.350000000000000500, 5.327213576290988200E-016, -3.500000000000000000 ) ) ;
#1435 = ADVANCED_FACE ( 'NONE', ( #266 ), #1442, .T. ) ;
#1436 = DIRECTION ( 'NONE',  ( -0.0000000000000000000, -0.0000000000000000000, 1.000000000000000000 ) ) ;
#1437 = AXIS2_PLACEMENT_3D ( 'NONE', #1633, #435, #1342 ) ;
#1438 = DIRECTION ( 'NONE',  ( -1.000000000000000000, 1.224646799147353200E-016, 0.0000000000000000000 ) ) ;
#1439 = DIRECTION ( 'NONE',  ( 1.000000000000000000, 0.0000000000000000000, 0.0000000000000000000 ) ) ;
#1440 = AXIS2_PLACEMENT_3D ( 'NONE', #1566, #92, #887 ) ;
#1441 = APPROVAL_DATE_TIME ( #63, #127 ) ;
#1442 = SPHERICAL_SURFACE ( 'NONE', #704, 2.613379629219557500 ) ;
#1443 = ADVANCED_FACE ( 'NONE', ( #1318 ), #665, .F. ) ;
#1444 = DIRECTION ( 'NONE',  ( -0.6234898018587320400, 0.7818314824680309100, 0.0000000000000000000 ) ) ;
#1445 = FACE_OUTER_BOUND ( 'NONE', #234, .T. ) ;
#1446 = AXIS2_PLACEMENT_3D ( 'NONE', #1106, #1235, #578 ) ;
#1447 = FACE_OUTER_BOUND ( 'NONE', #1, .T. ) ;
#1448 = ORIENTED_EDGE ( 'NONE', *, *, #376, .F. ) ;
#1449 = AXIS2_PLACEMENT_3D ( 'NONE', #483, #1135, #1027 ) ;
#1450 = DIRECTION ( 'NONE',  ( 1.224646799147353200E-016, 1.000000000000000000, 0.0000000000000000000 ) ) ;
#1451 = DIRECTION ( 'NONE',  ( -0.0000000000000000000, -0.0000000000000000000, 1.000000000000000000 ) ) ;
#1452 = DIRECTION ( 'NONE',  ( 0.0000000000000000000, 0.0000000000000000000, -1.000000000000000000 ) ) ;
#1453 = EDGE_LOOP ( 'NONE', ( #551, #1700, #626, #1515 ) ) ;
#1454 = ORIENTED_EDGE ( 'NONE', *, *, #1688, .T. ) ;
#1455 = VERTEX_POINT ( 'NONE', #1699 ) ;
#1456 = EDGE_LOOP ( 'NONE', ( #1494, #1495, #423, #1676 ) ) ;
#1457 = DIRECTION ( 'NONE',  ( -0.0000000000000000000, -0.0000000000000000000, 1.000000000000000000 ) ) ;
#1458 = DIRECTION ( 'NONE',  ( -1.000000000000000000, 0.0000000000000000000, -0.0000000000000000000 ) ) ;
#1459 = EDGE_CURVE ( 'NONE', #857, #872, #541, .T. ) ;
#1460 = AXIS2_PLACEMENT_3D ( 'NONE', #898, #770, #89 ) ;
#1461 = DIRECTION ( 'NONE',  ( -0.0000000000000000000, -0.0000000000000000000, 1.000000000000000000 ) ) ;
#1462 = CARTESIAN_POINT ( 'NONE',  ( 0.0000000000000000000, 0.0000000000000000000, 3.499999999999999100 ) ) ;
#1463 = MANIFOLD_SOLID_BREP ( 'CirPattern1[6]', #380 ) ;
#1464 = CONICAL_SURFACE ( 'NONE', #1355, 10.65000000000000000, 0.7853981633974420600 ) ;
#1465 = VECTOR ( 'NONE', #396, 1000.000000000000100 ) ;
#1466 = DIRECTION ( 'NONE',  ( 1.000000000000000000, 0.0000000000000000000, 0.0000000000000000000 ) ) ;
#1467 = APPLICATION_CONTEXT ( 'configuration controlled 3d designs of mechanical parts and assemblies' ) ;
#1468 = CIRCLE ( 'NONE', #786, 5.399999999999999500 ) ;
#1469 = DIRECTION ( 'NONE',  ( 1.000000000000000000, 0.0000000000000000000, 0.0000000000000000000 ) ) ;
#1470 = FACE_OUTER_BOUND ( 'NONE', #1246, .T. ) ;
#1471 = EDGE_CURVE ( 'NONE', #590, #820, #1713, .T. ) ;
#1472 = VERTEX_POINT ( 'NONE', #79 ) ;
#1473 = CARTESIAN_POINT ( 'NONE',  ( 0.0000000000000000000, 0.0000000000000000000, 1.555555555555557600 ) ) ;
#1474 = ORIENTED_EDGE ( 'NONE', *, *, #1299, .F. ) ;
#1475 = EDGE_LOOP ( 'NONE', ( #1577, #870 ) ) ;
#1476 = AXIS2_PLACEMENT_3D ( 'NONE', #666, #1718, #272 ) ;
#1477 = DIRECTION ( 'NONE',  ( 0.4338837391175652800, 0.9009688679024155900, 0.0000000000000000000 ) ) ;
#1478 = DIRECTION ( 'NONE',  ( 0.0000000000000000000, 0.0000000000000000000, -1.000000000000000000 ) ) ;
#1479 = CARTESIAN_POINT ( 'NONE',  ( 6.100000000000005900, 0.0000000000000000000, 1.858908686636509900 ) ) ;
#1480 = ORIENTED_EDGE ( 'NONE', *, *, #1009, .F. ) ;
#1481 = PLANE ( 'NONE',  #1642 ) ;
#1482 = DIRECTION ( 'NONE',  ( 0.0000000000000000000, -0.0000000000000000000, 1.000000000000000000 ) ) ;
#1483 = DIRECTION ( 'NONE',  ( -0.9749279121818227300, 0.2225209339563183100, 0.0000000000000000000 ) ) ;
#1484 = DIRECTION ( 'NONE',  ( 1.000000000000000000, 0.0000000000000000000, 0.0000000000000000000 ) ) ;
#1485 = EDGE_CURVE ( 'NONE', #590, #122, #1013, .T. ) ;
#1486 = AXIS2_PLACEMENT_3D ( 'NONE', #567, #307, #579 ) ;
#1487 = PERSON_AND_ORGANIZATION ( #225, #106 ) ;
#1488 = DIRECTION ( 'NONE',  ( -0.7818314824680312500, -0.6234898018587318200, 0.0000000000000000000 ) ) ;
#1489 = VECTOR ( 'NONE', #1108, 1000.000000000000000 ) ;
#1490 = VECTOR ( 'NONE', #1340, 1000.000000000000000 ) ;
#1491 = ORIENTED_EDGE ( 'NONE', *, *, #1290, .T. ) ;
#1492 = CARTESIAN_POINT ( 'NONE',  ( 7.311959341363669700, -1.668907004672386600, 0.0000000000000000000 ) ) ;
#1493 = ORIENTED_EDGE ( 'NONE', *, *, #1562, .T. ) ;
#1494 = ORIENTED_EDGE ( 'NONE', *, *, #594, .F. ) ;
#1495 = ORIENTED_EDGE ( 'NONE', *, *, #1276, .T. ) ;
#1496 = AXIS2_PLACEMENT_3D ( 'NONE', #731, #1119, #997 ) ;
#1497 = ORIENTED_EDGE ( 'NONE', *, *, #1542, .F. ) ;
#1498 = ORIENTED_EDGE ( 'NONE', *, *, #691, .T. ) ;
#1499 = CARTESIAN_POINT ( 'NONE',  ( -5.400000000000004800, 6.613092715395714400E-016, 3.500000000000000000 ) ) ;
#1500 = AXIS2_PLACEMENT_3D ( 'NONE', #357, #495, #1682 ) ;
#1501 = CARTESIAN_POINT ( 'NONE',  ( 0.0000000000000000000, 0.0000000000000000000, 1.555555555555555400 ) ) ;
#1502 = CARTESIAN_POINT ( 'NONE',  ( -9.599999999999999600, 1.175660927181458800E-015, 1.555555555555555400 ) ) ;
#1503 = CARTESIAN_POINT ( 'NONE',  ( -11.00000000000000000, 1.347111479062088400E-015, 3.499999999999999100 ) ) ;
#1504 = EDGE_CURVE ( 'NONE', #750, #1455, #1523, .T. ) ;
#1505 = DATE_AND_TIME ( #195, #366 ) ;
#1506 = FACE_BOUND ( 'NONE', #918, .T. ) ;
#1507 = AXIS2_PLACEMENT_3D ( 'NONE', #1272, #745, #66 ) ;
#1508 = DIRECTION ( 'NONE',  ( 1.000000000000000000, 0.0000000000000000000, 0.0000000000000000000 ) ) ;
#1509 = LINE ( 'NONE', #928, #222 ) ;
#1510 = FACE_OUTER_BOUND ( 'NONE', #525, .T. ) ;
#1511 = LINE ( 'NONE', #431, #1573 ) ;
#1512 = ORIENTED_EDGE ( 'NONE', *, *, #119, .F. ) ;
#1513 = DIRECTION ( 'NONE',  ( 1.000000000000000000, 0.0000000000000000000, 0.0000000000000000000 ) ) ;
#1514 = EDGE_CURVE ( 'NONE', #1643, #143, #1101, .T. ) ;
#1515 = ORIENTED_EDGE ( 'NONE', *, *, #1372, .T. ) ;
#1516 = EDGE_LOOP ( 'NONE', ( #1232, #1704, #1721, #1430 ) ) ;
#1517 = ORIENTED_EDGE ( 'NONE', *, *, #879, .F. ) ;
#1518 = AXIS2_PLACEMENT_3D ( 'NONE', #901, #1297, #94 ) ;
#1519 = DIRECTION ( 'NONE',  ( 1.000000000000000000, 0.0000000000000000000, 0.0000000000000000000 ) ) ;
#1520 = DIRECTION ( 'NONE',  ( -0.0000000000000000000, -0.0000000000000000000, 1.000000000000000000 ) ) ;
#1521 = CARTESIAN_POINT ( 'NONE',  ( 9.109999999999992300, 0.0000000000000000000, 3.147094907304889500 ) ) ;
#1522 = FACE_OUTER_BOUND ( 'NONE', #1516, .T. ) ;
#1523 = LINE ( 'NONE', #772, #1274 ) ;
#1524 = AXIS2_PLACEMENT_3D ( 'NONE', #232, #628, #516 ) ;
#1525 = CIRCLE ( 'NONE', #1011, 9.599999999999994300 ) ;
#1526 = DIRECTION ( 'NONE',  ( 1.000000000000000000, 0.0000000000000000000, 0.0000000000000000000 ) ) ;
#1527 = DIRECTION ( 'NONE',  ( 1.000000000000000000, 0.0000000000000000000, 0.0000000000000000000 ) ) ;
#1528 = EDGE_LOOP ( 'NONE', ( #679, #652 ) ) ;
#1529 = ORIENTED_EDGE ( 'NONE', *, *, #1605, .T. ) ;
#1530 = ADVANCED_FACE ( 'NONE', ( #1543 ), #707, .T. ) ;
#1531 = ORIENTED_EDGE ( 'NONE', *, *, #52, .T. ) ;
#1532 = ORIENTED_EDGE ( 'NONE', *, *, #683, .F. ) ;
#1533 = CLOSED_SHELL ( 'NONE', ( #1567, #663 ) ) ;
#1534 = EDGE_CURVE ( 'NONE', #206, #1578, #86, .T. ) ;
#1535 = EDGE_LOOP ( 'NONE', ( #1405, #892, #693, #1044 ) ) ;
#1536 = MANIFOLD_SOLID_BREP ( 'CirPattern1[2]', #752 ) ;
#1537 = AXIS2_PLACEMENT_3D ( 'NONE', #151, #294, #1215 ) ;
#1538 = DIRECTION ( 'NONE',  ( -0.7071067811865465700, 0.0000000000000000000, -0.7071067811865483500 ) ) ;
#1539 = ADVANCED_FACE ( 'NONE', ( #31 ), #930, .T. ) ;
#1540 = DIRECTION ( 'NONE',  ( -0.4338837391175650600, -0.9009688679024157000, 0.0000000000000000000 ) ) ;
#1541 = APPROVAL_DATE_TIME ( #782, #757 ) ;
#1542 = EDGE_CURVE ( 'NONE', #1126, #22, #1398, .T. ) ;
#1543 = FACE_OUTER_BOUND ( 'NONE', #165, .T. ) ;
#1544 = CARTESIAN_POINT ( 'NONE',  ( 0.0000000000000000000, 0.0000000000000000000, 2.613379629219556600 ) ) ;
#1545 = DIRECTION ( 'NONE',  ( 1.000000000000000000, 0.0000000000000000000, 0.0000000000000000000 ) ) ;
#1546 = AXIS2_PLACEMENT_3D ( 'NONE', #13, #527, #411 ) ;
#1547 = CARTESIAN_POINT ( 'NONE',  ( -3.254128043381738300, -6.757266509268117900, 0.0000000000000000000 ) ) ;
#1548 = CIRCLE ( 'NONE', #1352, 2.613379629219556600 ) ;
#1549 = ADVANCED_FACE ( 'NONE', ( #907 ), #1689, .T. ) ;
#1550 = DIRECTION ( 'NONE',  ( -0.0000000000000000000, -0.0000000000000000000, 1.000000000000000000 ) ) ;
#1551 = CIRCLE ( 'NONE', #35, 4.886620370780442500 ) ;
#1552 = CIRCLE ( 'NONE', #922, 4.886620370780442500 ) ;
#1553 = PLANE ( 'NONE',  #330 ) ;
#1554 = DIRECTION ( 'NONE',  ( 1.000000000000000000, 0.0000000000000000000, 0.0000000000000000000 ) ) ;
#1555 = EDGE_LOOP ( 'NONE', ( #979, #449 ) ) ;
#1556 = ORIENTED_EDGE ( 'NONE', *, *, #1394, .T. ) ;
#1557 = EDGE_LOOP ( 'NONE', ( #710, #76, #1374, #1407 ) ) ;
#1558 = ORIENTED_EDGE ( 'NONE', *, *, #1116, .F. ) ;
#1559 = MANIFOLD_SOLID_BREP ( 'Revolve2', #966 ) ;
#1560 = ADVANCED_FACE ( 'NONE', ( #1259 ), #1634, .T. ) ;
#1561 = CARTESIAN_POINT ( 'NONE',  ( 0.0000000000000000000, 9.109999999999992300, -3.147094907304890400 ) ) ;
#1562 = EDGE_CURVE ( 'NONE', #1227, #1126, #600, .T. ) ;
#1563 = CARTESIAN_POINT ( 'NONE',  ( 0.0000000000000000000, 0.0000000000000000000, 2.613379629219556600 ) ) ;
#1564 = PERSON_AND_ORGANIZATION ( #225, #106 ) ;
#1565 = DIRECTION ( 'NONE',  ( 1.000000000000000000, 0.0000000000000000000, 0.0000000000000000000 ) ) ;
#1566 = CARTESIAN_POINT ( 'NONE',  ( 0.0000000000000000000, 0.0000000000000000000, -3.500000000000000000 ) ) ;
#1567 = ADVANCED_FACE ( 'NONE', ( #1056 ), #1100, .T. ) ;
#1568 = DIRECTION ( 'NONE',  ( -0.0000000000000000000, -0.0000000000000000000, 1.000000000000000000 ) ) ;
#1569 = CYLINDRICAL_SURFACE ( 'NONE', #601, 5.400000000000003900 ) ;
#1570 = EDGE_CURVE ( 'NONE', #1064, #891, #291, .T. ) ;
#1571 = CIRCLE ( 'NONE', #1279, 2.613379629219557000 ) ;
#1572 = AXIS2_PLACEMENT_3D ( 'NONE', #1131, #861, #333 ) ;
#1573 = VECTOR ( 'NONE', #971, 1000.000000000000000 ) ;
#1574 = CARTESIAN_POINT ( 'NONE',  ( 7.311959341363669700, -1.668907004672386600, 0.0000000000000000000 ) ) ;
#1575 = ORIENTED_EDGE ( 'NONE', *, *, #1715, .T. ) ;
#1576 = ADVANCED_FACE ( 'NONE', ( #1035 ), #48, .F. ) ;
#1577 = ORIENTED_EDGE ( 'NONE', *, *, #741, .F. ) ;
#1578 = VERTEX_POINT ( 'NONE', #1701 ) ;
#1579 = ORIENTED_EDGE ( 'NONE', *, *, #1018, .F. ) ;
#1580 = ORIENTED_EDGE ( 'NONE', *, *, #598, .F. ) ;
#1581 = AXIS2_PLACEMENT_3D ( 'NONE', #885, #360, #1277 ) ;
#1582 = DIRECTION ( 'NONE',  ( -0.7818314824680220300, 0.6234898018587431400, 0.0000000000000000000 ) ) ;
#1583 = DIRECTION ( 'NONE',  ( -0.0000000000000000000, -0.0000000000000000000, 1.000000000000000000 ) ) ;
#1584 = AXIS2_PLACEMENT_3D ( 'NONE', #1604, #388, #356 ) ;
#1585 = FACE_OUTER_BOUND ( 'NONE', #335, .T. ) ;
#1586 = DIRECTION ( 'NONE',  ( 1.000000000000000000, 0.0000000000000000000, 0.0000000000000000000 ) ) ;
#1587 = CARTESIAN_POINT ( 'NONE',  ( 5.400000000000005700, 0.0000000000000000000, 3.499999999999999100 ) ) ;
#1588 = LINE ( 'NONE', #682, #1122 ) ;
#1589 = EDGE_CURVE ( 'NONE', #1206, #937, #11, .T. ) ;
#1590 = CIRCLE ( 'NONE', #1668, 2.613379629219557500 ) ;
#1591 = CARTESIAN_POINT ( 'NONE',  ( -3.254128043381738300, -6.757266509268117900, 0.0000000000000000000 ) ) ;
#1592 = ORIENTED_EDGE ( 'NONE', *, *, #1241, .F. ) ;
#1593 = AXIS2_PLACEMENT_3D ( 'NONE', #146, #1336, #808 ) ;
#1594 = CARTESIAN_POINT ( 'NONE',  ( 0.0000000000000000000, 0.0000000000000000000, -3.147094907304890800 ) ) ;
#1595 = DIRECTION ( 'NONE',  ( -1.000000000000000000, 0.0000000000000000000, -0.0000000000000000000 ) ) ;
#1596 = VERTEX_POINT ( 'NONE', #1072 ) ;
#1597 = VERTEX_POINT ( 'NONE', #620 ) ;
#1598 = ORIENTED_EDGE ( 'NONE', *, *, #1380, .F. ) ;
#1599 = EDGE_LOOP ( 'NONE', ( #278, #1113, #230, #1517 ) ) ;
#1600 = ORIENTED_EDGE ( 'NONE', *, *, #598, .T. ) ;
#1601 = DIRECTION ( 'NONE',  ( 1.000000000000000000, 0.0000000000000000000, 0.0000000000000000000 ) ) ;
#1602 = DATE_TIME_ROLE ( 'classification_date' ) ;
#1603 = CARTESIAN_POINT ( 'NONE',  ( 0.0000000000000000000, 0.0000000000000000000, 3.499999999999999100 ) ) ;
#1604 = CARTESIAN_POINT ( 'NONE',  ( 0.0000000000000000000, 0.0000000000000000000, 3.325000000000000600 ) ) ;
#1605 = EDGE_CURVE ( 'NONE', #1472, #70, #994, .T. ) ;
#1606 = AXIS2_PLACEMENT_3D ( 'NONE', #1423, #1436, #17 ) ;
#1607 = DIRECTION ( 'NONE',  ( -0.0000000000000000000, -0.0000000000000000000, 1.000000000000000000 ) ) ;
#1608 = DIRECTION ( 'NONE',  ( 1.000000000000000000, 0.0000000000000000000, 0.0000000000000000000 ) ) ;
#1609 = CALENDAR_DATE ( 2024, 3, 6 ) ;
#1610 = CIRCLE ( 'NONE', #304, 11.00000000000000400 ) ;
#1611 = FACE_OUTER_BOUND ( 'NONE', #252, .T. ) ;
#1612 = DIRECTION ( 'NONE',  ( 0.9749279121818227300, -0.2225209339563182200, 0.0000000000000000000 ) ) ;
#1613 =( NAMED_UNIT ( * ) SI_UNIT ( $, .STERADIAN. ) SOLID_ANGLE_UNIT ( ) );
#1614 = DIRECTION ( 'NONE',  ( -1.000000000000000000, 1.224646799147353700E-016, 0.0000000000000000000 ) ) ;
#1615 = CIRCLE ( 'NONE', #813, 1.466091313363489900 ) ;
#1616 = DIRECTION ( 'NONE',  ( -0.0000000000000000000, -0.0000000000000000000, 1.000000000000000000 ) ) ;
#1617 = ADVANCED_BREP_SHAPE_REPRESENTATION ( '5972K222_Ball Bearing', ( #1559, #853, #1536, #260, #237, #548, #1463, #599, #120, #1214, #174, #39 ), #259 ) ;
#1618 = ORIENTED_EDGE ( 'NONE', *, *, #15, .T. ) ;
#1619 = AXIS2_PLACEMENT_3D ( 'NONE', #1182, #1203, #10 ) ;
#1620 = EDGE_LOOP ( 'NONE', ( #1000, #159 ) ) ;
#1621 = ORIENTED_EDGE ( 'NONE', *, *, #954, .T. ) ;
#1622 = ORIENTED_EDGE ( 'NONE', *, *, #751, .T. ) ;
#1623 = AXIS2_PLACEMENT_3D ( 'NONE', #1547, #491, #1540 ) ;
#1624 = CARTESIAN_POINT ( 'NONE',  ( -7.500000000000000000, 9.184850993605147900E-016, 0.0000000000000000000 ) ) ;
#1625 = ORIENTED_EDGE ( 'NONE', *, *, #412, .F. ) ;
#1626 = APPROVAL_STATUS ( 'not_yet_approved' ) ;
#1627 = DIRECTION ( 'NONE',  ( -0.0000000000000000000, -0.0000000000000000000, 1.000000000000000000 ) ) ;
#1628 = CARTESIAN_POINT ( 'NONE',  ( 0.0000000000000000000, 0.0000000000000000000, 3.500000000000000000 ) ) ;
#1629 = EDGE_CURVE ( 'NONE', #1308, #319, #686, .T. ) ;
#1630 = AXIS2_PLACEMENT_3D ( 'NONE', #432, #1482, #428 ) ;
#1631 = VECTOR ( 'NONE', #1313, 1000.000000000000000 ) ;
#1632 = CARTESIAN_POINT ( 'NONE',  ( 0.0000000000000000000, 0.0000000000000000000, 3.147094907304889500 ) ) ;
#1633 = CARTESIAN_POINT ( 'NONE',  ( 0.0000000000000000000, 0.0000000000000000000, 3.500000000000000000 ) ) ;
#1634 = SPHERICAL_SURFACE ( 'NONE', #1175, 2.613379629219557500 ) ;
#1635 = CIRCLE ( 'NONE', #1692, 5.400000000000006600 ) ;
#1636 = CONICAL_SURFACE ( 'NONE', #311, 4.000000000000001800, 0.7853981633974470600 ) ;
#1637 = DIRECTION ( 'NONE',  ( -1.000000000000000000, 0.0000000000000000000, 0.0000000000000000000 ) ) ;
#1638 = EDGE_CURVE ( 'NONE', #1302, #354, #1420, .T. ) ;
#1639 = VERTEX_POINT ( 'NONE', #661 ) ;
#1640 = ORIENTED_EDGE ( 'NONE', *, *, #1299, .T. ) ;
#1641 = VERTEX_POINT ( 'NONE', #673 ) ;
#1642 = AXIS2_PLACEMENT_3D ( 'NONE', #1662, #1052, #456 ) ;
#1643 = VERTEX_POINT ( 'NONE', #262 ) ;
#1644 = ORIENTED_EDGE ( 'NONE', *, *, #1338, .F. ) ;
#1645 = ORIENTED_EDGE ( 'NONE', *, *, #264, .F. ) ;
#1646 = CARTESIAN_POINT ( 'NONE',  ( 0.0000000000000000000, 0.0000000000000000000, 0.0000000000000000000 ) ) ;
#1647 = DIRECTION ( 'NONE',  ( -0.0000000000000000000, -0.0000000000000000000, 1.000000000000000000 ) ) ;
#1648 = DIRECTION ( 'NONE',  ( 0.9749279121818227300, -0.2225209339563182200, 0.0000000000000000000 ) ) ;
#1649 = EDGE_CURVE ( 'NONE', #775, #1639, #518, .T. ) ;
#1650 = FACE_OUTER_BOUND ( 'NONE', #1599, .T. ) ;
#1651 = AXIS2_PLACEMENT_3D ( 'NONE', #657, #924, #783 ) ;
#1652 = LINE ( 'NONE', #825, #953 ) ;
#1653 = CARTESIAN_POINT ( 'NONE',  ( -9.599999999999997900, 1.175660927181458800E-015, 3.499999999999999100 ) ) ;
#1654 = LINE ( 'NONE', #1503, #623 ) ;
#1655 = ADVANCED_FACE ( 'NONE', ( #1522 ), #644, .F. ) ;
#1656 = VECTOR ( 'NONE', #403, 1000.000000000000000 ) ;
#1657 = VERTEX_POINT ( 'NONE', #5 ) ;
#1658 = DIRECTION ( 'NONE',  ( -0.9749279121818257300, -0.2225209339563050100, 0.0000000000000000000 ) ) ;
#1659 = EDGE_CURVE ( 'NONE', #1126, #1227, #1341, .T. ) ;
#1660 = ORIENTED_EDGE ( 'NONE', *, *, #81, .F. ) ;
#1661 = ORIENTED_EDGE ( 'NONE', *, *, #1254, .F. ) ;
#1662 = CARTESIAN_POINT ( 'NONE',  ( 0.0000000000000000000, 4.350000000000000500, -3.500000000000000000 ) ) ;
#1663 = AXIS2_PLACEMENT_3D ( 'NONE', #1363, #27, #1098 ) ;
#1664 = DIRECTION ( 'NONE',  ( -0.0000000000000000000, -0.0000000000000000000, 1.000000000000000000 ) ) ;
#1665 = ADVANCED_FACE ( 'NONE', ( #1650 ), #265, .T. ) ;
#1666 = CARTESIAN_POINT ( 'NONE',  ( 0.0000000000000000000, 0.0000000000000000000, -2.613379629219559700 ) ) ;
#1667 = FACE_BOUND ( 'NONE', #1266, .T. ) ;
#1668 = AXIS2_PLACEMENT_3D ( 'NONE', #228, #1545, #764 ) ;
#1669 = CIRCLE ( 'NONE', #207, 4.000000000000000000 ) ;
#1670 = ADVANCED_FACE ( 'NONE', ( #1667, #1174 ), #1051, .F. ) ;
#1671 = AXIS2_PLACEMENT_3D ( 'NONE', #161, #967, #1477 ) ;
#1672 = CIRCLE ( 'NONE', #622, 5.399999999999999500 ) ;
#1673 = DIRECTION ( 'NONE',  ( 1.000000000000000000, 0.0000000000000000000, 0.0000000000000000000 ) ) ;
#1674 = CIRCLE ( 'NONE', #402, 2.613379629219557500 ) ;
#1675 = ORIENTED_EDGE ( 'NONE', *, *, #734, .T. ) ;
#1676 = ORIENTED_EDGE ( 'NONE', *, *, #570, .F. ) ;
#1677 = ORIENTED_EDGE ( 'NONE', *, *, #1485, .T. ) ;
#1678 = ORIENTED_EDGE ( 'NONE', *, *, #536, .T. ) ;
#1679 = CLOSED_SHELL ( 'NONE', ( #261, #1707, #1311, #603, #1189, #114, #880, #1576, #1665, #762, #1010 ) ) ;
#1680 = CARTESIAN_POINT ( 'NONE',  ( -3.254128043381738300, -6.757266509268117900, 2.613379629219557500 ) ) ;
#1681 = EDGE_CURVE ( 'NONE', #352, #1204, #1294, .T. ) ;
#1682 = DIRECTION ( 'NONE',  ( 1.000000000000000000, 0.0000000000000000000, 0.0000000000000000000 ) ) ;
#1683 = DIRECTION ( 'NONE',  ( 1.000000000000000000, 0.0000000000000000000, 0.0000000000000000000 ) ) ;
#1684 = AXIS2_PLACEMENT_3D ( 'NONE', #474, #862, #726 ) ;
#1685 = CARTESIAN_POINT ( 'NONE',  ( -10.99999999999999600, 1.347111479062088000E-015, -3.149999999999999500 ) ) ;
#1686 = ADVANCED_FACE ( 'NONE', ( #1379 ), #243, .T. ) ;
#1687 = DIRECTION ( 'NONE',  ( 1.000000000000000000, 0.0000000000000000000, 0.0000000000000000000 ) ) ;
#1688 = EDGE_CURVE ( 'NONE', #872, #857, #1258, .T. ) ;
#1689 = CYLINDRICAL_SURFACE ( 'NONE', #613, 5.400000000000002100 ) ;
#1690 = DIRECTION ( 'NONE',  ( -0.0000000000000000000, -0.0000000000000000000, 1.000000000000000000 ) ) ;
#1691 = CARTESIAN_POINT ( 'NONE',  ( -9.109999999999992300, 1.115653234023237900E-015, 3.325000000000000600 ) ) ;
#1692 = AXIS2_PLACEMENT_3D ( 'NONE', #758, #493, #739 ) ;
#1693 = DIRECTION ( 'NONE',  ( -0.0000000000000000000, -0.0000000000000000000, 1.000000000000000000 ) ) ;
#1694 = CIRCLE ( 'NONE', #350, 9.109999999999992300 ) ;
#1695 = CARTESIAN_POINT ( 'NONE',  ( -6.800000000000007800, 8.327598234202011000E-016, -3.147094907304889900 ) ) ;
#1696 = CYLINDRICAL_SURFACE ( 'NONE', #931, 9.109999999999992300 ) ;
#1697 = ADVANCED_FACE ( 'NONE', ( #784 ), #828, .F. ) ;
#1698 = FACE_OUTER_BOUND ( 'NONE', #1456, .T. ) ;
#1699 = CARTESIAN_POINT ( 'NONE',  ( 4.350000000000000500, 0.0000000000000000000, 3.500000000000000000 ) ) ;
#1700 = ORIENTED_EDGE ( 'NONE', *, *, #1124, .F. ) ;
#1701 = CARTESIAN_POINT ( 'NONE',  ( -10.65000000000000000, 1.325680160077009400E-015, -3.500000000000000000 ) ) ;
#1702 = ORIENTED_EDGE ( 'NONE', *, *, #1254, .T. ) ;
#1703 = ORIENTED_EDGE ( 'NONE', *, *, #1080, .T. ) ;
#1704 = ORIENTED_EDGE ( 'NONE', *, *, #99, .T. ) ;
#1705 = AXIS2_PLACEMENT_3D ( 'NONE', #152, #1096, #1466 ) ;
#1706 = DIRECTION ( 'NONE',  ( -0.0000000000000000000, -0.0000000000000000000, 1.000000000000000000 ) ) ;
#1707 = ADVANCED_FACE ( 'NONE', ( #951 ), #664, .T. ) ;
#1708 = CARTESIAN_POINT ( 'NONE',  ( -4.000000000000000900, 4.898587196589413800E-016, 3.499999999999999100 ) ) ;
#1709 = AXIS2_PLACEMENT_3D ( 'NONE', #1332, #257, #539 ) ;
#1710 = CARTESIAN_POINT ( 'NONE',  ( 0.0000000000000000000, 0.0000000000000000000, 3.499999999999999100 ) ) ;
#1711 = CARTESIAN_POINT ( 'NONE',  ( 0.0000000000000000000, 0.0000000000000000000, -3.500000000000000000 ) ) ;
#1712 = APPROVAL_PERSON_ORGANIZATION ( #581, #127, #685 ) ;
#1713 = LINE ( 'NONE', #348, #175 ) ;
#1714 = ADVANCED_FACE ( 'NONE', ( #155 ), #476, .F. ) ;
#1715 = EDGE_CURVE ( 'NONE', #656, #452, #1136, .T. ) ;
#1716 = FACE_OUTER_BOUND ( 'NONE', #509, .T. ) ;
#1717 = AXIS2_PLACEMENT_3D ( 'NONE', #1544, #633, #212 ) ;
#1718 = DIRECTION ( 'NONE',  ( -0.0000000000000000000, -0.0000000000000000000, 1.000000000000000000 ) ) ;
#1719 = FACE_OUTER_BOUND ( 'NONE', #818, .T. ) ;
#1720 = CARTESIAN_POINT ( 'NONE',  ( 0.0000000000000000000, 0.0000000000000000000, 3.325000000000000600 ) ) ;
#1721 = ORIENTED_EDGE ( 'NONE', *, *, #799, .T. ) ;
ENDSEC;
END-ISO-10303-21;
