ISO-10303-21;
HEADER;
FILE_DESCRIPTION (( 'STEP AP203' ),
    '1' );
FILE_NAME ('6383K11_Ball Bearing.STEP',
    '2022-11-17T17:03:42',
    ( 'Administrator' ),
    ( 'Managed by Terraform' ),
    'SwSTEP 2.0',
    'SolidWorks 2017',
    '' );
FILE_SCHEMA (( 'CONFIG_CONTROL_DESIGN' ));
ENDSEC;

DATA;
#1 = CARTESIAN_POINT ( 'NONE',  ( -0.2305200000000000300, 2.823055801394478700E-017, -0.05013337810281692100 ) ) ;
#2 = CIRCLE ( 'NONE', #761, 0.2742800000000000200 ) ;
#3 = DIRECTION ( 'NONE',  ( 1.000000000000000000, 0.0000000000000000000, 0.0000000000000000000 ) ) ;
#4 = FACE_OUTER_BOUND ( 'NONE', #704, .T. ) ;
#5 = EDGE_CURVE ( 'NONE', #1368, #585, #1013, .T. ) ;
#6 = DIRECTION ( 'NONE',  ( 1.000000000000000000, 0.0000000000000000000, 0.0000000000000000000 ) ) ;
#7 = AXIS2_PLACEMENT_3D ( 'NONE', #793, #906, #1068 ) ;
#8 = DIRECTION ( 'NONE',  ( -0.0000000000000000000, -0.0000000000000000000, 1.000000000000000000 ) ) ;
#9 = VERTEX_POINT ( 'NONE', #1305 ) ;
#10 = AXIS2_PLACEMENT_3D ( 'NONE', #624, #1450, #1720 ) ;
#11 = ORIENTED_EDGE ( 'NONE', *, *, #1434, .F. ) ;
#12 = SPHERICAL_SURFACE ( 'NONE', #1079, 0.05469999999999996400 ) ;
#13 = CIRCLE ( 'NONE', #454, 0.01250000000000000200 ) ;
#14 = CONICAL_SURFACE ( 'NONE', #396, 0.2842799999999999200, 0.7853981633974482800 ) ;
#15 = CARTESIAN_POINT ( 'NONE',  ( -0.1631333333333333200, 1.997807145009049100E-017, -0.1253937007874017200 ) ) ;
#16 = ORIENTED_EDGE ( 'NONE', *, *, #1598, .T. ) ;
#17 = VERTEX_POINT ( 'NONE', #1439 ) ;
#18 = CARTESIAN_POINT ( 'NONE',  ( 0.1095122557532718900, 0.2274045422585704900, -0.05469999999999999900 ) ) ;
#19 = EDGE_CURVE ( 'NONE', #189, #117, #211, .T. ) ;
#20 = DIRECTION ( 'NONE',  ( 0.0000000000000000000, 0.0000000000000000000, -1.000000000000000000 ) ) ;
#21 = EDGE_LOOP ( 'NONE', ( #1221, #224 ) ) ;
#22 = CARTESIAN_POINT ( 'NONE',  ( 0.2460718050346920900, -0.05616428373057472800, -3.414809992080329000E-017 ) ) ;
#23 = CIRCLE ( 'NONE', #7, 0.2842799999999999200 ) ;
#24 = DIRECTION ( 'NONE',  ( -0.7071067811865511300, 8.659560562354977200E-017, 0.7071067811865439100 ) ) ;
#25 = CIRCLE ( 'NONE', #840, 0.3435000000000000300 ) ;
#26 = EDGE_CURVE ( 'NONE', #1556, #17, #1651, .T. ) ;
#27 = CARTESIAN_POINT ( 'NONE',  ( 0.2842799999999999200, 3.481425920616094100E-017, -0.1250000000000001100 ) ) ;
#28 = AXIS2_PLACEMENT_3D ( 'NONE', #551, #1650, #1771 ) ;
#29 = CARTESIAN_POINT ( 'NONE',  ( -0.1095122557532734500, -0.2274045422585697400, -3.414809992080329000E-017 ) ) ;
#30 = PERSON_AND_ORGANIZATION ( #1017, #343 ) ;
#31 = SPHERICAL_SURFACE ( 'NONE', #560, 0.05469999999999996400 ) ;
#32 = VERTEX_POINT ( 'NONE', #1705 ) ;
#33 = DIRECTION ( 'NONE',  ( -0.4338837391175650600, -0.9009688679024158200, 0.0000000000000000000 ) ) ;
#34 = CLOSED_SHELL ( 'NONE', ( #445, #737 ) ) ;
#35 = DIRECTION ( 'NONE',  ( -1.000000000000000000, 0.0000000000000000000, 0.0000000000000000000 ) ) ;
#36 = DIRECTION ( 'NONE',  ( -0.0000000000000000000, -0.0000000000000000000, 1.000000000000000000 ) ) ;
#37 = ADVANCED_FACE ( 'NONE', ( #1361 ), #882, .T. ) ;
#38 = EDGE_CURVE ( 'NONE', #123, #538, #729, .T. ) ;
#39 = DIRECTION ( 'NONE',  ( 0.9009688679024218100, 0.4338837391175525100, -0.0000000000000000000 ) ) ;
#40 = EDGE_LOOP ( 'NONE', ( #1584, #1354 ) ) ;
#41 = DIRECTION ( 'NONE',  ( -0.0000000000000000000, -0.0000000000000000000, 1.000000000000000000 ) ) ;
#42 = ORIENTED_EDGE ( 'NONE', *, *, #541, .T. ) ;
#43 = AXIS2_PLACEMENT_3D ( 'NONE', #55, #869, #316 ) ;
#44 = CIRCLE ( 'NONE', #1113, 0.05469999999999998500 ) ;
#45 = CIRCLE ( 'NONE', #992, 0.05469999999999995000 ) ;
#46 = ADVANCED_FACE ( 'NONE', ( #1755 ), #659, .T. ) ;
#47 = CARTESIAN_POINT ( 'NONE',  ( -0.2305200000000000300, 2.823055801394478700E-017, 0.1250000000000001100 ) ) ;
#48 = DIRECTION ( 'NONE',  ( 1.000000000000000000, 0.0000000000000000000, 0.0000000000000000000 ) ) ;
#49 = EDGE_CURVE ( 'NONE', #1500, #1464, #1561, .T. ) ;
#50 = LOCAL_TIME ( 11, 3, 42.00000000000000000, #929 ) ;
#51 = EDGE_LOOP ( 'NONE', ( #115, #1332, #853, #766 ) ) ;
#52 = MANIFOLD_SOLID_BREP ( 'Chamfer1', #1770 ) ;
#53 = CIRCLE ( 'NONE', #87, 0.3310000000000000200 ) ;
#54 = TOROIDAL_SURFACE ( 'NONE', #344, 0.3310000000000000200, 0.01250000000000000100 ) ;
#55 = CARTESIAN_POINT ( 'NONE',  ( 0.0000000000000000000, 0.0000000000000000000, -0.1125000000000001300 ) ) ;
#56 = TOROIDAL_SURFACE ( 'NONE', #965, 0.3310000000000000200, 0.01250000000000000100 ) ;
#57 = ORIENTED_EDGE ( 'NONE', *, *, #885, .T. ) ;
#58 = DIRECTION ( 'NONE',  ( -0.0000000000000000000, -0.0000000000000000000, 1.000000000000000000 ) ) ;
#59 = ADVANCED_FACE ( 'NONE', ( #1712 ), #296, .F. ) ;
#60 = ORIENTED_EDGE ( 'NONE', *, *, #38, .F. ) ;
#61 = DIRECTION ( 'NONE',  ( 0.0000000000000000000, 0.0000000000000000000, 1.000000000000000000 ) ) ;
#62 = EDGE_CURVE ( 'NONE', #742, #206, #686, .T. ) ;
#63 = CARTESIAN_POINT ( 'NONE',  ( 0.0000000000000000000, 0.0000000000000000000, -0.05013337810281692100 ) ) ;
#64 = VERTEX_POINT ( 'NONE', #1579 ) ;
#65 = AXIS2_PLACEMENT_3D ( 'NONE', #984, #1246, #143 ) ;
#66 = CIRCLE ( 'NONE', #985, 0.05469999999999997800 ) ;
#67 = ADVANCED_FACE ( 'NONE', ( #358 ), #1385, .F. ) ;
#68 = FACE_OUTER_BOUND ( 'NONE', #842, .T. ) ;
#69 = DIRECTION ( 'NONE',  ( -0.7818314824680221400, 0.6234898018587431400, 0.0000000000000000000 ) ) ;
#70 = DIRECTION ( 'NONE',  ( -0.0000000000000000000, -0.0000000000000000000, -1.000000000000000000 ) ) ;
#71 = EDGE_CURVE ( 'NONE', #603, #897, #1202, .T. ) ;
#72 = ADVANCED_FACE ( 'NONE', ( #4 ), #418, .T. ) ;
#73 = CYLINDRICAL_SURFACE ( 'NONE', #904, 0.1631333333333333200 ) ;
#74 = MANIFOLD_SOLID_BREP ( 'CirPattern1[4]', #866 ) ;
#75 = CARTESIAN_POINT ( 'NONE',  ( 0.0000000000000000000, 0.0000000000000000000, -0.1253937007874017200 ) ) ;
#76 = VECTOR ( 'NONE', #1126, 39.37007874015748100 ) ;
#77 = ORIENTED_EDGE ( 'NONE', *, *, #124, .F. ) ;
#78 = AXIS2_PLACEMENT_3D ( 'NONE', #1375, #121, #129 ) ;
#79 = ORIENTED_EDGE ( 'NONE', *, *, #599, .T. ) ;
#80 = CARTESIAN_POINT ( 'NONE',  ( 0.0000000000000000000, 0.2524000000000000100, -3.414809992080329000E-017 ) ) ;
#81 = DIRECTION ( 'NONE',  ( 0.9009688679024248100, 0.4338837391175463000, -0.0000000000000000000 ) ) ;
#82 = ORIENTED_EDGE ( 'NONE', *, *, #415, .T. ) ;
#83 = EDGE_CURVE ( 'NONE', #122, #538, #1486, .T. ) ;
#84 = VERTEX_POINT ( 'NONE', #125 ) ;
#85 = VERTEX_POINT ( 'NONE', #1081 ) ;
#86 = DIRECTION ( 'NONE',  ( 0.0000000000000000000, 0.0000000000000000000, -1.000000000000000000 ) ) ;
#87 = AXIS2_PLACEMENT_3D ( 'NONE', #710, #974, #397 ) ;
#88 = CIRCLE ( 'NONE', #1168, 0.05469999999999999900 ) ;
#89 = DIRECTION ( 'NONE',  ( -0.0000000000000000000, -0.0000000000000000000, 1.000000000000000000 ) ) ;
#90 = APPROVAL_PERSON_ORGANIZATION ( #1407, #270, #675 ) ;
#91 = EDGE_CURVE ( 'NONE', #434, #287, #317, .T. ) ;
#92 = EDGE_LOOP ( 'NONE', ( #1324, #1281, #1728, #1052 ) ) ;
#93 = CIRCLE ( 'NONE', #951, 0.05469999999999996400 ) ;
#94 = CIRCLE ( 'NONE', #941, 0.05469999999999995700 ) ;
#95 = AXIS2_PLACEMENT_3D ( 'NONE', #945, #102, #416 ) ;
#96 = ORIENTED_EDGE ( 'NONE', *, *, #112, .T. ) ;
#97 = CARTESIAN_POINT ( 'NONE',  ( -0.2742800000000000200, 3.358961240701360300E-017, 0.05013337810281685800 ) ) ;
#98 = ORIENTED_EDGE ( 'NONE', *, *, #1228, .T. ) ;
#99 = AXIS2_PLACEMENT_3D ( 'NONE', #1573, #615, #899 ) ;
#100 = CARTESIAN_POINT ( 'NONE',  ( 0.0000000000000000000, 0.0000000000000000000, -0.1250000000000001400 ) ) ;
#101 = ORIENTED_EDGE ( 'NONE', *, *, #393, .F. ) ;
#102 = DIRECTION ( 'NONE',  ( 0.6234898018587374800, 0.7818314824680269200, -0.0000000000000000000 ) ) ;
#103 = CIRCLE ( 'NONE', #1032, 0.2742800000000000200 ) ;
#104 = EDGE_CURVE ( 'NONE', #266, #1669, #338, .T. ) ;
#105 = DIRECTION ( 'NONE',  ( -0.0000000000000000000, -0.0000000000000000000, 1.000000000000000000 ) ) ;
#106 = CIRCLE ( 'NONE', #308, 0.05469999999999997100 ) ;
#107 = DIRECTION ( 'NONE',  ( -1.000000000000000000, 0.0000000000000000000, 0.0000000000000000000 ) ) ;
#108 = DIRECTION ( 'NONE',  ( 1.224646799147353200E-016, 1.000000000000000000, 0.0000000000000000000 ) ) ;
#109 = CARTESIAN_POINT ( 'NONE',  ( 0.0000000000000000000, 0.0000000000000000000, 0.1250000000000000300 ) ) ;
#110 = FACE_OUTER_BOUND ( 'NONE', #620, .T. ) ;
#111 = DIRECTION ( 'NONE',  ( 0.2225209339563114200, -0.9749279121818242900, 0.0000000000000000000 ) ) ;
#112 = EDGE_CURVE ( 'NONE', #569, #1290, #1733, .T. ) ;
#113 = FACE_OUTER_BOUND ( 'NONE', #1497, .T. ) ;
#114 = CARTESIAN_POINT ( 'NONE',  ( 0.0000000000000000000, 0.0000000000000000000, -0.1250000000000001100 ) ) ;
#115 = ORIENTED_EDGE ( 'NONE', *, *, #1228, .F. ) ;
#116 = CARTESIAN_POINT ( 'NONE',  ( -0.2842799999999999200, 0.0000000000000000000, -0.1250000000000001100 ) ) ;
#117 = VERTEX_POINT ( 'NONE', #684 ) ;
#118 = AXIS2_PLACEMENT_3D ( 'NONE', #841, #699, #6 ) ;
#119 = CARTESIAN_POINT ( 'NONE',  ( -0.1095122557532686900, 0.2274045422585720400, -3.414809992080329000E-017 ) ) ;
#120 = ORIENTED_EDGE ( 'NONE', *, *, #1063, .T. ) ;
#121 = DIRECTION ( 'NONE',  ( -0.0000000000000000000, -0.0000000000000000000, 1.000000000000000000 ) ) ;
#122 = VERTEX_POINT ( 'NONE', #1492 ) ;
#123 = VERTEX_POINT ( 'NONE', #952 ) ;
#124 = EDGE_CURVE ( 'NONE', #682, #1007, #633, .T. ) ;
#125 = CARTESIAN_POINT ( 'NONE',  ( -0.2305200000000000300, 2.823055801394478700E-017, -0.1150000000000001700 ) ) ;
#126 = LINE ( 'NONE', #814, #255 ) ;
#127 = DIRECTION ( 'NONE',  ( 0.7818314824680311400, 0.6234898018587320400, 0.0000000000000000000 ) ) ;
#128 = AXIS2_PLACEMENT_3D ( 'NONE', #1373, #1754, #531 ) ;
#129 = DIRECTION ( 'NONE',  ( 1.000000000000000000, 0.0000000000000000000, 0.0000000000000000000 ) ) ;
#130 = DATE_TIME_ROLE ( 'creation_date' ) ;
#131 = AXIS2_PLACEMENT_3D ( 'NONE', #1065, #1732, #1198 ) ;
#132 = DIRECTION ( 'NONE',  ( 1.000000000000000000, 0.0000000000000000000, 0.0000000000000000000 ) ) ;
#133 = CIRCLE ( 'NONE', #207, 0.05469999999999996400 ) ;
#134 = CIRCLE ( 'NONE', #463, 0.05469999999999999900 ) ;
#135 = CARTESIAN_POINT ( 'NONE',  ( 0.2460718050346920900, -0.05616428373057472800, -3.414809992080329000E-017 ) ) ;
#136 = CIRCLE ( 'NONE', #382, 0.01250000000000000200 ) ;
#137 = VERTEX_POINT ( 'NONE', #662 ) ;
#138 = EDGE_CURVE ( 'NONE', #17, #1556, #1403, .T. ) ;
#139 = DIRECTION ( 'NONE',  ( -0.0000000000000000000, -0.0000000000000000000, 1.000000000000000000 ) ) ;
#140 = ORIENTED_EDGE ( 'NONE', *, *, #5, .F. ) ;
#141 = DIRECTION ( 'NONE',  ( 0.0000000000000000000, 0.0000000000000000000, -1.000000000000000000 ) ) ;
#142 = DIRECTION ( 'NONE',  ( 0.2225209339563049300, -0.9749279121818257300, 0.0000000000000000000 ) ) ;
#143 = DIRECTION ( 'NONE',  ( 1.000000000000000000, 0.0000000000000000000, 0.0000000000000000000 ) ) ;
#144 = ORIENTED_EDGE ( 'NONE', *, *, #83, .F. ) ;
#145 = CARTESIAN_POINT ( 'NONE',  ( 0.0000000000000000000, 0.0000000000000000000, -0.1250000000000001400 ) ) ;
#146 = CIRCLE ( 'NONE', #1356, 0.1065000000000000300 ) ;
#147 = ORIENTED_EDGE ( 'NONE', *, *, #404, .F. ) ;
#148 = CARTESIAN_POINT ( 'NONE',  ( -0.2460718050346928400, -0.05616428373057139700, 0.05469999999999992900 ) ) ;
#149 = DIRECTION ( 'NONE',  ( 0.4338837391175524600, -0.9009688679024217000, 0.0000000000000000000 ) ) ;
#150 = AXIS2_PLACEMENT_3D ( 'NONE', #714, #1652, #1369 ) ;
#151 = CARTESIAN_POINT ( 'NONE',  ( 0.2742800000000000200, 0.0000000000000000000, -0.05013337810281692100 ) ) ;
#152 = SECURITY_CLASSIFICATION ( '', '', #1625 ) ;
#153 = DIRECTION ( 'NONE',  ( -0.4338837391175525700, 0.9009688679024219200, 0.0000000000000000000 ) ) ;
#154 = VECTOR ( 'NONE', #1655, 39.37007874015748100 ) ;
#155 = CYLINDRICAL_SURFACE ( 'NONE', #291, 0.3435000000000000300 ) ;
#156 = CARTESIAN_POINT ( 'NONE',  ( 0.0000000000000000000, 0.2305200000000000300, 0.1250000000000000300 ) ) ;
#157 = VERTEX_POINT ( 'NONE', #1763 ) ;
#158 = FACE_OUTER_BOUND ( 'NONE', #1435, .T. ) ;
#159 = CARTESIAN_POINT ( 'NONE',  ( 0.3435000000000000300, 0.0000000000000000000, -0.1125000000000001000 ) ) ;
#160 = ORIENTED_EDGE ( 'NONE', *, *, #575, .F. ) ;
#161 = EDGE_CURVE ( 'NONE', #1394, #1749, #751, .T. ) ;
#162 = ORIENTED_EDGE ( 'NONE', *, *, #91, .T. ) ;
#163 = AXIS2_PLACEMENT_3D ( 'NONE', #1585, #763, #354 ) ;
#164 = PLANE ( 'NONE',  #299 ) ;
#165 = DIRECTION ( 'NONE',  ( 0.4338837391175653400, 0.9009688679024157000, 0.0000000000000000000 ) ) ;
#166 = AXIS2_PLACEMENT_3D ( 'NONE', #29, #861, #165 ) ;
#167 = ORIENTED_EDGE ( 'NONE', *, *, #1408, .T. ) ;
#168 = DIRECTION ( 'NONE',  ( -0.4338837391175461900, 0.9009688679024248100, 0.0000000000000000000 ) ) ;
#169 = EDGE_LOOP ( 'NONE', ( #574, #414, #1582, #387 ) ) ;
#170 = ORIENTED_EDGE ( 'NONE', *, *, #565, .F. ) ;
#171 = CARTESIAN_POINT ( 'NONE',  ( 0.2742800000000000200, 0.0000000000000000000, 0.1250000000000001100 ) ) ;
#172 = CIRCLE ( 'NONE', #568, 0.3310000000000000200 ) ;
#173 = EDGE_CURVE ( 'NONE', #525, #1174, #612, .T. ) ;
#174 = DIRECTION ( 'NONE',  ( -0.9749279121818226200, 0.2225209339563183600, 0.0000000000000000000 ) ) ;
#175 = CARTESIAN_POINT ( 'NONE',  ( 0.1095122557532703000, -0.2274045422585712900, -3.414809992080329000E-017 ) ) ;
#176 = ORIENTED_EDGE ( 'NONE', *, *, #446, .F. ) ;
#177 = CARTESIAN_POINT ( 'NONE',  ( -0.1065000000000000300, 0.0000000000000000000, 0.1250000000000000300 ) ) ;
#178 = AXIS2_PLACEMENT_3D ( 'NONE', #1502, #1084, #3 ) ;
#179 = FACE_OUTER_BOUND ( 'NONE', #790, .T. ) ;
#180 = ADVANCED_FACE ( 'NONE', ( #1336 ), #1526, .F. ) ;
#181 = EDGE_LOOP ( 'NONE', ( #564, #760, #162, #410 ) ) ;
#182 = ORIENTED_EDGE ( 'NONE', *, *, #1536, .T. ) ;
#183 = VERTEX_POINT ( 'NONE', #1632 ) ;
#184 = EDGE_CURVE ( 'NONE', #1368, #585, #45, .T. ) ;
#185 = AXIS2_PLACEMENT_3D ( 'NONE', #175, #39, #990 ) ;
#186 = DIRECTION ( 'NONE',  ( 1.000000000000000000, 0.0000000000000000000, 0.0000000000000000000 ) ) ;
#187 = ORIENTED_EDGE ( 'NONE', *, *, #1297, .F. ) ;
#188 = ADVANCED_FACE ( 'NONE', ( #972 ), #1422, .T. ) ;
#189 = VERTEX_POINT ( 'NONE', #386 ) ;
#190 = AXIS2_PLACEMENT_3D ( 'NONE', #1591, #339, #212 ) ;
#191 = CONICAL_SURFACE ( 'NONE', #1677, 0.2205199999999999900, 0.7853981633974415100 ) ;
#192 = DIRECTION ( 'NONE',  ( 1.224646799147353500E-016, 1.000000000000000000, 0.0000000000000000000 ) ) ;
#193 = FACE_OUTER_BOUND ( 'NONE', #1282, .T. ) ;
#194 = DIRECTION ( 'NONE',  ( 0.0000000000000000000, -1.000000000000000000, 0.0000000000000000000 ) ) ;
#195 = DIRECTION ( 'NONE',  ( 0.0000000000000000000, 0.0000000000000000000, -1.000000000000000000 ) ) ;
#196 = AXIS2_PLACEMENT_3D ( 'NONE', #467, #1447, #86 ) ;
#197 = ADVANCED_FACE ( 'NONE', ( #1692 ), #459, .T. ) ;
#198 = DIRECTION ( 'NONE',  ( -0.0000000000000000000, -1.000000000000000000, -0.0000000000000000000 ) ) ;
#199 = AXIS2_PLACEMENT_3D ( 'NONE', #980, #1535, #1417 ) ;
#200 = FACE_OUTER_BOUND ( 'NONE', #1128, .T. ) ;
#201 = ORIENTED_EDGE ( 'NONE', *, *, #184, .F. ) ;
#202 = CARTESIAN_POINT ( 'NONE',  ( 0.1631333333333333200, 0.0000000000000000000, -0.1250000000000001400 ) ) ;
#203 = ORIENTED_EDGE ( 'NONE', *, *, #1756, .T. ) ;
#204 = ADVANCED_FACE ( 'NONE', ( #279 ), #1118, .T. ) ;
#205 = EDGE_CURVE ( 'NONE', #189, #157, #1296, .T. ) ;
#206 = VERTEX_POINT ( 'NONE', #401 ) ;
#207 = AXIS2_PLACEMENT_3D ( 'NONE', #848, #1014, #429 ) ;
#208 = DIRECTION ( 'NONE',  ( -0.7818314824680352400, -0.6234898018587269300, 0.0000000000000000000 ) ) ;
#209 = ORIENTED_EDGE ( 'NONE', *, *, #19, .T. ) ;
#210 = DIRECTION ( 'NONE',  ( 0.7818314824680268100, -0.6234898018587371500, 0.0000000000000000000 ) ) ;
#211 = CIRCLE ( 'NONE', #196, 0.05469999999999999900 ) ;
#212 = DIRECTION ( 'NONE',  ( 1.000000000000000000, 0.0000000000000000000, 0.0000000000000000000 ) ) ;
#213 = ADVANCED_FACE ( 'NONE', ( #947 ), #591, .T. ) ;
#214 = EDGE_CURVE ( 'NONE', #581, #264, #503, .T. ) ;
#215 = CARTESIAN_POINT ( 'NONE',  ( -0.2460718050346917000, 0.05616428373057633100, -0.05469999999999999900 ) ) ;
#216 = AXIS2_PLACEMENT_3D ( 'NONE', #1248, #505, #210 ) ;
#217 = ORIENTED_EDGE ( 'NONE', *, *, #340, .F. ) ;
#218 = FACE_OUTER_BOUND ( 'NONE', #1537, .T. ) ;
#219 = DIRECTION ( 'NONE',  ( 0.2225209339563182500, 0.9749279121818228400, -0.0000000000000000000 ) ) ;
#220 = CIRCLE ( 'NONE', #1237, 0.3435000000000000300 ) ;
#221 = CARTESIAN_POINT ( 'NONE',  ( -0.3310000000000000200, 0.0000000000000000000, 0.1125000000000000300 ) ) ;
#222 = ORIENTED_EDGE ( 'NONE', *, *, #446, .T. ) ;
#223 = AXIS2_PLACEMENT_3D ( 'NONE', #651, #1744, #797 ) ;
#224 = ORIENTED_EDGE ( 'NONE', *, *, #38, .T. ) ;
#225 = CARTESIAN_POINT ( 'NONE',  ( -0.1973342661749288000, 0.1573688259891467800, -3.414809992080329000E-017 ) ) ;
#226 = ORIENTED_EDGE ( 'NONE', *, *, #229, .F. ) ;
#227 = CARTESIAN_POINT ( 'NONE',  ( -0.2842799999999999200, 0.0000000000000000000, -0.1250000000000001100 ) ) ;
#228 = ORIENTED_EDGE ( 'NONE', *, *, #297, .F. ) ;
#229 = EDGE_CURVE ( 'NONE', #84, #334, #376, .T. ) ;
#230 = EDGE_LOOP ( 'NONE', ( #385, #327 ) ) ;
#231 = DIRECTION ( 'NONE',  ( 1.000000000000000000, 0.0000000000000000000, 0.0000000000000000000 ) ) ;
#232 = SPHERICAL_SURFACE ( 'NONE', #508, 0.05469999999999996400 ) ;
#233 = DIRECTION ( 'NONE',  ( 1.000000000000000000, 0.0000000000000000000, 0.0000000000000000000 ) ) ;
#234 = CLOSED_SHELL ( 'NONE', ( #1195, #1012 ) ) ;
#235 = DIRECTION ( 'NONE',  ( -1.000000000000000000, 0.0000000000000000000, 0.0000000000000000000 ) ) ;
#236 = EDGE_LOOP ( 'NONE', ( #336, #1185, #1618, #1027 ) ) ;
#237 = EDGE_CURVE ( 'NONE', #916, #64, #106, .T. ) ;
#238 = DIRECTION ( 'NONE',  ( -0.0000000000000000000, -0.0000000000000000000, 1.000000000000000000 ) ) ;
#239 = FACE_OUTER_BOUND ( 'NONE', #516, .T. ) ;
#240 = CIRCLE ( 'NONE', #1372, 0.1065000000000000300 ) ;
#241 = CLOSED_SHELL ( 'NONE', ( #1173, #462, #1437, #383, #902, #883, #439, #368, #46, #1729 ) ) ;
#242 = AXIS2_PLACEMENT_3D ( 'NONE', #732, #1131, #186 ) ;
#243 = FACE_OUTER_BOUND ( 'NONE', #230, .T. ) ;
#244 = VERTEX_POINT ( 'NONE', #834 ) ;
#245 = CARTESIAN_POINT ( 'NONE',  ( 0.2460718050346920900, -0.05616428373057472800, -3.414809992080329000E-017 ) ) ;
#246 = DIRECTION ( 'NONE',  ( 1.000000000000000000, 0.0000000000000000000, 0.0000000000000000000 ) ) ;
#247 = VERTEX_POINT ( 'NONE', #1648 ) ;
#248 = CARTESIAN_POINT ( 'NONE',  ( 0.3435000000000000300, 0.0000000000000000000, 0.1250000000000001100 ) ) ;
#249 = DIRECTION ( 'NONE',  ( -0.0000000000000000000, -0.0000000000000000000, 1.000000000000000000 ) ) ;
#250 = CARTESIAN_POINT ( 'NONE',  ( 0.0000000000000000000, 0.0000000000000000000, -0.1250000000000001100 ) ) ;
#251 = ORIENTED_EDGE ( 'NONE', *, *, #911, .F. ) ;
#252 = DIRECTION ( 'NONE',  ( -1.000000000000000000, 1.224646799147353200E-016, 0.0000000000000000000 ) ) ;
#253 = ORIENTED_EDGE ( 'NONE', *, *, #1530, .T. ) ;
#254 = AXIS2_PLACEMENT_3D ( 'NONE', #1620, #379, #1360 ) ;
#255 = VECTOR ( 'NONE', #1362, 39.37007874015748100 ) ;
#256 = AXIS2_PLACEMENT_3D ( 'NONE', #730, #1275, #1291 ) ;
#257 = MANIFOLD_SOLID_BREP ( 'CirPattern1[5]', #313 ) ;
#258 = CARTESIAN_POINT ( 'NONE',  ( 0.2742800000000000200, 0.0000000000000000000, 0.05013337810281685800 ) ) ;
#259 = APPROVAL_PERSON_ORGANIZATION ( #1086, #1225, #802 ) ;
#260 = ORIENTED_EDGE ( 'NONE', *, *, #1408, .F. ) ;
#261 = EDGE_CURVE ( 'NONE', #581, #264, #548, .T. ) ;
#262 = FACE_OUTER_BOUND ( 'NONE', #1292, .T. ) ;
#263 = DIRECTION ( 'NONE',  ( -0.7818314824680352400, -0.6234898018587269300, 0.0000000000000000000 ) ) ;
#264 = VERTEX_POINT ( 'NONE', #148 ) ;
#265 = DIRECTION ( 'NONE',  ( -1.000000000000000000, 0.0000000000000000000, 0.0000000000000000000 ) ) ;
#266 = VERTEX_POINT ( 'NONE', #1527 ) ;
#267 = APPROVAL_STATUS ( 'not_yet_approved' ) ;
#268 = ORIENTED_EDGE ( 'NONE', *, *, #1536, .F. ) ;
#269 = DIRECTION ( 'NONE',  ( 0.7818314824680268100, -0.6234898018587372600, 0.0000000000000000000 ) ) ;
#270 = APPROVAL ( #957, 'UNSPECIFIED' ) ;
#271 = DIRECTION ( 'NONE',  ( -1.224646799147353200E-016, 1.000000000000000000, 0.0000000000000000000 ) ) ;
#272 = ORIENTED_EDGE ( 'NONE', *, *, #62, .T. ) ;
#273 = APPROVAL_ROLE ( '' ) ;
#274 = ORIENTED_EDGE ( 'NONE', *, *, #275, .F. ) ;
#275 = EDGE_CURVE ( 'NONE', #434, #815, #924, .T. ) ;
#276 = CIRCLE ( 'NONE', #1481, 0.1631333333333333200 ) ;
#277 = CARTESIAN_POINT ( 'NONE',  ( 0.0000000000000000000, 0.0000000000000000000, -0.1150000000000001700 ) ) ;
#278 = AXIS2_PLACEMENT_3D ( 'NONE', #156, #1120, #293 ) ;
#279 = FACE_OUTER_BOUND ( 'NONE', #40, .T. ) ;
#280 = DIRECTION ( 'NONE',  ( -0.7818314824680221400, 0.6234898018587431400, 0.0000000000000000000 ) ) ;
#281 = AXIS2_PLACEMENT_3D ( 'NONE', #455, #1029, #192 ) ;
#282 = CARTESIAN_POINT ( 'NONE',  ( -0.1095122557532686900, 0.2274045422585720400, -0.05469999999999999900 ) ) ;
#283 = DIRECTION ( 'NONE',  ( -0.9749279121818257300, -0.2225209339563050900, 0.0000000000000000000 ) ) ;
#284 = FACE_OUTER_BOUND ( 'NONE', #1219, .T. ) ;
#285 = FACE_OUTER_BOUND ( 'NONE', #1111, .T. ) ;
#286 = TOROIDAL_SURFACE ( 'NONE', #1058, 0.2524000000000000100, 0.05469999999999999900 ) ;
#287 = VERTEX_POINT ( 'NONE', #1345 ) ;
#288 = ORIENTED_EDGE ( 'NONE', *, *, #1587, .T. ) ;
#289 = EDGE_CURVE ( 'NONE', #1427, #625, #1609, .T. ) ;
#290 = ORIENTED_EDGE ( 'NONE', *, *, #438, .T. ) ;
#291 = AXIS2_PLACEMENT_3D ( 'NONE', #1053, #1038, #357 ) ;
#292 = DIRECTION ( 'NONE',  ( 0.9749279121818256200, 0.2225209339563049300, 0.0000000000000000000 ) ) ;
#293 = DIRECTION ( 'NONE',  ( -1.000000000000000000, 0.0000000000000000000, -0.0000000000000000000 ) ) ;
#294 = VERTEX_POINT ( 'NONE', #1478 ) ;
#295 = ORIENTED_EDGE ( 'NONE', *, *, #173, .T. ) ;
#296 = TOROIDAL_SURFACE ( 'NONE', #1245, 0.2524000000000000100, 0.05469999999999999900 ) ;
#297 = EDGE_CURVE ( 'NONE', #1374, #913, #25, .T. ) ;
#298 = CARTESIAN_POINT ( 'NONE',  ( -0.2460718050346928400, -0.05616428373057139700, -3.414809992080329000E-017 ) ) ;
#299 = AXIS2_PLACEMENT_3D ( 'NONE', #452, #1271, #1411 ) ;
#300 = DIRECTION ( 'NONE',  ( 1.000000000000000000, 0.0000000000000000000, 0.0000000000000000000 ) ) ;
#301 = CC_DESIGN_DATE_AND_TIME_ASSIGNMENT ( #400, #1376, ( #152 ) ) ;
#302 = DIRECTION ( 'NONE',  ( -0.6234898018587432500, -0.7818314824680220300, 0.0000000000000000000 ) ) ;
#303 = PERSON_AND_ORGANIZATION ( #1017, #343 ) ;
#304 = DIRECTION ( 'NONE',  ( -1.000000000000000000, -1.224646799147351700E-016, 0.0000000000000000000 ) ) ;
#305 = CYLINDRICAL_SURFACE ( 'NONE', #1122, 0.09400000000000002800 ) ;
#306 = VERTEX_POINT ( 'NONE', #18 ) ;
#307 = ORIENTED_EDGE ( 'NONE', *, *, #862, .F. ) ;
#308 = AXIS2_PLACEMENT_3D ( 'NONE', #553, #411, #153 ) ;
#309 = UNCERTAINTY_MEASURE_WITH_UNIT (LENGTH_MEASURE( 1.000000000000000100E-005 ), #1384, 'distance_accuracy_value', 'NONE');
#310 = ADVANCED_FACE ( 'NONE', ( #1443 ), #991, .T. ) ;
#311 = ORIENTED_EDGE ( 'NONE', *, *, #806, .F. ) ;
#312 = DIRECTION ( 'NONE',  ( 0.9749279121818241700, 0.2225209339563114200, 0.0000000000000000000 ) ) ;
#313 = CLOSED_SHELL ( 'NONE', ( #72, #197 ) ) ;
#314 = CARTESIAN_POINT ( 'NONE',  ( 0.0000000000000000000, 0.0000000000000000000, -0.1250000000000001100 ) ) ;
#315 = CIRCLE ( 'NONE', #1020, 0.3310000000000000200 ) ;
#316 = DIRECTION ( 'NONE',  ( 1.000000000000000000, 0.0000000000000000000, 0.0000000000000000000 ) ) ;
#317 = CIRCLE ( 'NONE', #1328, 0.2742800000000000200 ) ;
#318 = DIRECTION ( 'NONE',  ( 0.0000000000000000000, 0.0000000000000000000, 1.000000000000000000 ) ) ;
#319 = EDGE_CURVE ( 'NONE', #496, #244, #1247, .T. ) ;
#320 = ADVANCED_FACE ( 'NONE', ( #193 ), #1055, .F. ) ;
#321 = APPROVAL_DATE_TIME ( #1657, #270 ) ;
#322 = CARTESIAN_POINT ( 'NONE',  ( 0.2460718050346924500, 0.05616428373057301400, -3.414809992080329000E-017 ) ) ;
#323 = FACE_OUTER_BOUND ( 'NONE', #1641, .T. ) ;
#324 = SPHERICAL_SURFACE ( 'NONE', #10, 0.05469999999999996400 ) ;
#325 = FACE_OUTER_BOUND ( 'NONE', #1215, .T. ) ;
#326 = ORIENTED_EDGE ( 'NONE', *, *, #689, .T. ) ;
#327 = ORIENTED_EDGE ( 'NONE', *, *, #1129, .T. ) ;
#328 = ADVANCED_FACE ( 'NONE', ( #1098, #68 ), #1206, .F. ) ;
#329 = ORIENTED_EDGE ( 'NONE', *, *, #1297, .T. ) ;
#330 = EDGE_CURVE ( 'NONE', #1576, #742, #1139, .T. ) ;
#331 = CARTESIAN_POINT ( 'NONE',  ( 0.0000000000000000000, 0.0000000000000000000, -0.1150000000000001700 ) ) ;
#332 = AXIS2_PLACEMENT_3D ( 'NONE', #1449, #1441, #1460 ) ;
#333 = DIRECTION ( 'NONE',  ( 0.0000000000000000000, 0.0000000000000000000, -1.000000000000000000 ) ) ;
#334 = VERTEX_POINT ( 'NONE', #907 ) ;
#335 = CC_DESIGN_APPROVAL ( #1590, ( #606 ) ) ;
#336 = ORIENTED_EDGE ( 'NONE', *, *, #104, .F. ) ;
#337 = ADVANCED_FACE ( 'NONE', ( #903 ), #1419, .T. ) ;
#338 = CIRCLE ( 'NONE', #809, 0.2305200000000000300 ) ;
#339 = DIRECTION ( 'NONE',  ( 0.0000000000000000000, -0.0000000000000000000, 1.000000000000000000 ) ) ;
#340 = EDGE_CURVE ( 'NONE', #680, #1047, #103, .T. ) ;
#341 = CARTESIAN_POINT ( 'NONE',  ( 0.0000000000000000000, 0.0000000000000000000, -0.1150000000000002100 ) ) ;
#342 = ADVANCED_FACE ( 'NONE', ( #881 ), #749, .F. ) ;
#343 = ORGANIZATION ( 'UNSPECIFIED', 'UNSPECIFIED', '' ) ;
#344 = AXIS2_PLACEMENT_3D ( 'NONE', #1078, #105, #917 ) ;
#345 = LINE ( 'NONE', #817, #1409 ) ;
#346 = ORIENTED_EDGE ( 'NONE', *, *, #161, .F. ) ;
#347 = DIRECTION ( 'NONE',  ( 0.6234898018587431400, 0.7818314824680221400, -0.0000000000000000000 ) ) ;
#348 = ORIENTED_EDGE ( 'NONE', *, *, #851, .T. ) ;
#349 = CARTESIAN_POINT ( 'NONE',  ( 0.0000000000000000000, 0.0000000000000000000, -0.1125000000000001300 ) ) ;
#350 = EDGE_CURVE ( 'NONE', #294, #1047, #818, .T. ) ;
#351 = CLOSED_SHELL ( 'NONE', ( #204, #1426 ) ) ;
#352 = CARTESIAN_POINT ( 'NONE',  ( 0.0000000000000000000, 0.0000000000000000000, -0.1125000000000001000 ) ) ;
#353 = ORIENTED_EDGE ( 'NONE', *, *, #1254, .T. ) ;
#354 = DIRECTION ( 'NONE',  ( 1.000000000000000000, 0.0000000000000000000, 0.0000000000000000000 ) ) ;
#355 = SPHERICAL_SURFACE ( 'NONE', #474, 0.05469999999999996400 ) ;
#356 = CC_DESIGN_DATE_AND_TIME_ASSIGNMENT ( #639, #130, ( #859 ) ) ;
#357 = DIRECTION ( 'NONE',  ( 1.000000000000000000, 0.0000000000000000000, 0.0000000000000000000 ) ) ;
#358 = FACE_OUTER_BOUND ( 'NONE', #169, .T. ) ;
#359 = DIRECTION ( 'NONE',  ( 1.000000000000000000, 0.0000000000000000000, 0.0000000000000000000 ) ) ;
#360 = AXIS2_PLACEMENT_3D ( 'NONE', #1189, #1607, #1351 ) ;
#361 = CIRCLE ( 'NONE', #604, 0.01250000000000000200 ) ;
#362 = CIRCLE ( 'NONE', #1693, 0.1631333333333333200 ) ;
#363 = DIRECTION ( 'NONE',  ( -0.0000000000000000000, -0.0000000000000000000, 1.000000000000000000 ) ) ;
#364 = AXIS2_PLACEMENT_3D ( 'NONE', #635, #381, #231 ) ;
#365 = TOROIDAL_SURFACE ( 'NONE', #1758, 0.1065000000000000300, 0.01250000000000000100 ) ;
#366 = ORIENTED_EDGE ( 'NONE', *, *, #237, .F. ) ;
#367 = ORIENTED_EDGE ( 'NONE', *, *, #1220, .F. ) ;
#368 = ADVANCED_FACE ( 'NONE', ( #588 ), #436, .T. ) ;
#369 = CARTESIAN_POINT ( 'NONE',  ( -0.2460718050346928400, -0.05616428373057139700, -0.05469999999999999900 ) ) ;
#370 = AXIS2_PLACEMENT_3D ( 'NONE', #1377, #807, #269 ) ;
#371 = ORIENTED_EDGE ( 'NONE', *, *, #1063, .F. ) ;
#372 = VECTOR ( 'NONE', #647, 39.37007874015748100 ) ;
#373 = CARTESIAN_POINT ( 'NONE',  ( 0.0000000000000000000, 0.0000000000000000000, 0.1250000000000000300 ) ) ;
#374 = AXIS2_PLACEMENT_3D ( 'NONE', #1250, #986, #573 ) ;
#375 = DIRECTION ( 'NONE',  ( -0.9749279121818256200, -0.2225209339563050900, 0.0000000000000000000 ) ) ;
#376 = CIRCLE ( 'NONE', #1459, 0.2305200000000000300 ) ;
#377 = DIRECTION ( 'NONE',  ( 0.0000000000000000000, 0.0000000000000000000, -1.000000000000000000 ) ) ;
#378 =( NAMED_UNIT ( * ) PLANE_ANGLE_UNIT ( ) SI_UNIT ( $, .RADIAN. ) );
#379 = DIRECTION ( 'NONE',  ( -1.000000000000000000, 0.0000000000000000000, 0.0000000000000000000 ) ) ;
#380 = EDGE_CURVE ( 'NONE', #206, #742, #1200, .T. ) ;
#381 = DIRECTION ( 'NONE',  ( -0.0000000000000000000, -0.0000000000000000000, -1.000000000000000000 ) ) ;
#382 = AXIS2_PLACEMENT_3D ( 'NONE', #852, #432, #1124 ) ;
#383 = ADVANCED_FACE ( 'NONE', ( #1691 ), #835, .T. ) ;
#384 = SPHERICAL_SURFACE ( 'NONE', #583, 0.05469999999999996400 ) ;
#385 = ORIENTED_EDGE ( 'NONE', *, *, #613, .F. ) ;
#386 = CARTESIAN_POINT ( 'NONE',  ( 0.1977000000000000100, 0.0000000000000000000, -4.084691791213931500E-017 ) ) ;
#387 = ORIENTED_EDGE ( 'NONE', *, *, #1196, .F. ) ;
#388 = CARTESIAN_POINT ( 'NONE',  ( -0.1973342661749321000, -0.1573688259891426200, -3.414809992080329000E-017 ) ) ;
#389 = CARTESIAN_POINT ( 'NONE',  ( 0.2742800000000000200, 0.0000000000000000000, 0.1150000000000001400 ) ) ;
#390 = ORIENTED_EDGE ( 'NONE', *, *, #590, .T. ) ;
#391 = DIRECTION ( 'NONE',  ( 1.000000000000000000, 0.0000000000000000000, 0.0000000000000000000 ) ) ;
#392 = ORIENTED_EDGE ( 'NONE', *, *, #1352, .F. ) ;
#393 = EDGE_CURVE ( 'NONE', #987, #719, #1606, .T. ) ;
#394 = CIRCLE ( 'NONE', #1132, 0.05469999999999994300 ) ;
#395 = PERSON_AND_ORGANIZATION_ROLE ( 'classification_officer' ) ;
#396 = AXIS2_PLACEMENT_3D ( 'NONE', #975, #687, #1634 ) ;
#397 = DIRECTION ( 'NONE',  ( -1.000000000000000000, 0.0000000000000000000, 0.0000000000000000000 ) ) ;
#398 = CARTESIAN_POINT ( 'NONE',  ( -0.3310000000000000200, 4.130121330124448500E-017, -0.1250000000000001100 ) ) ;
#399 = EDGE_LOOP ( 'NONE', ( #1287, #1318, #1232, #1235 ) ) ;
#400 = DATE_AND_TIME ( #1341, #1042 ) ;
#401 = CARTESIAN_POINT ( 'NONE',  ( 0.3435000000000000300, 0.0000000000000000000, 0.1125000000000000300 ) ) ;
#402 = CLOSED_SHELL ( 'NONE', ( #1314, #728 ) ) ;
#403 = CONICAL_SURFACE ( 'NONE', #1560, 0.2842799999999999200, 0.7853981633974482800 ) ;
#404 = EDGE_CURVE ( 'NONE', #847, #1539, #44, .T. ) ;
#405 = FACE_OUTER_BOUND ( 'NONE', #450, .T. ) ;
#406 = DIRECTION ( 'NONE',  ( -0.0000000000000000000, -0.0000000000000000000, 1.000000000000000000 ) ) ;
#407 = FACE_OUTER_BOUND ( 'NONE', #1348, .T. ) ;
#408 = CARTESIAN_POINT ( 'NONE',  ( 0.2742800000000000200, 0.0000000000000000000, 0.1250000000000001100 ) ) ;
#409 = ORIENTED_EDGE ( 'NONE', *, *, #275, .T. ) ;
#410 = ORIENTED_EDGE ( 'NONE', *, *, #1765, .F. ) ;
#411 = DIRECTION ( 'NONE',  ( 0.9009688679024218100, 0.4338837391175525100, -0.0000000000000000000 ) ) ;
#412 = DIRECTION ( 'NONE',  ( 1.000000000000000000, 0.0000000000000000000, 0.0000000000000000000 ) ) ;
#413 = DIRECTION ( 'NONE',  ( 1.000000000000000000, 0.0000000000000000000, 0.0000000000000000000 ) ) ;
#414 = ORIENTED_EDGE ( 'NONE', *, *, #676, .T. ) ;
#415 = EDGE_CURVE ( 'NONE', #266, #157, #1466, .T. ) ;
#416 = DIRECTION ( 'NONE',  ( -0.7818314824680268100, 0.6234898018587372600, 0.0000000000000000000 ) ) ;
#417 = AXIS2_PLACEMENT_3D ( 'NONE', #1288, #722, #716 ) ;
#418 = SPHERICAL_SURFACE ( 'NONE', #216, 0.05469999999999996400 ) ;
#419 = DIRECTION ( 'NONE',  ( -0.0000000000000000000, -0.0000000000000000000, 1.000000000000000000 ) ) ;
#420 = DIRECTION ( 'NONE',  ( -0.9009688679024189200, 0.4338837391175588400, 0.0000000000000000000 ) ) ;
#421 = DIRECTION ( 'NONE',  ( 0.0000000000000000000, 0.0000000000000000000, -1.000000000000000000 ) ) ;
#422 = CARTESIAN_POINT ( 'NONE',  ( 0.0000000000000000000, 0.0000000000000000000, -0.1253937007874017200 ) ) ;
#423 = CARTESIAN_POINT ( 'NONE',  ( 0.0000000000000000000, 0.0000000000000000000, 0.1125000000000000300 ) ) ;
#424 = FACE_OUTER_BOUND ( 'NONE', #1316, .T. ) ;
#425 = CIRCLE ( 'NONE', #549, 0.01250000000000000200 ) ;
#426 = DIRECTION ( 'NONE',  ( 1.000000000000000000, 0.0000000000000000000, 0.0000000000000000000 ) ) ;
#427 = ORIENTED_EDGE ( 'NONE', *, *, #173, .F. ) ;
#428 = EDGE_CURVE ( 'NONE', #470, #1440, #770, .T. ) ;
#429 = DIRECTION ( 'NONE',  ( 0.9749279121818211800, -0.2225209339563247500, 0.0000000000000000000 ) ) ;
#430 = ORIENTED_EDGE ( 'NONE', *, *, #184, .T. ) ;
#431 = AXIS2_PLACEMENT_3D ( 'NONE', #1209, #377, #359 ) ;
#432 = DIRECTION ( 'NONE',  ( -1.224646799147353200E-016, 1.000000000000000000, 0.0000000000000000000 ) ) ;
#433 = ORIENTED_EDGE ( 'NONE', *, *, #5, .T. ) ;
#434 = VERTEX_POINT ( 'NONE', #1175 ) ;
#435 = EDGE_LOOP ( 'NONE', ( #311, #1415 ) ) ;
#436 = TOROIDAL_SURFACE ( 'NONE', #1667, 0.1065000000000000300, 0.01250000000000000100 ) ;
#437 = DIRECTION ( 'NONE',  ( 1.000000000000000000, 0.0000000000000000000, 0.0000000000000000000 ) ) ;
#438 = EDGE_CURVE ( 'NONE', #1572, #1327, #394, .T. ) ;
#439 = ADVANCED_FACE ( 'NONE', ( #858 ), #727, .F. ) ;
#440 = CARTESIAN_POINT ( 'NONE',  ( 0.3310000000000000200, 0.0000000000000000000, -0.1125000000000001000 ) ) ;
#441 = ORIENTED_EDGE ( 'NONE', *, *, #19, .F. ) ;
#442 = LOCAL_TIME ( 11, 3, 42.00000000000000000, #616 ) ;
#443 = DIRECTION ( 'NONE',  ( 0.2225209339563051200, -0.9749279121818257300, 0.0000000000000000000 ) ) ;
#444 = CIRCLE ( 'NONE', #830, 0.2742800000000000200 ) ;
#445 = ADVANCED_FACE ( 'NONE', ( #1182 ), #355, .T. ) ;
#446 = EDGE_CURVE ( 'NONE', #1037, #1257, #2, .T. ) ;
#447 = VECTOR ( 'NONE', #810, 39.37007874015748100 ) ;
#448 = ORIENTED_EDGE ( 'NONE', *, *, #461, .F. ) ;
#449 = CARTESIAN_POINT ( 'NONE',  ( -0.1973342661749288000, 0.1573688259891467800, 0.05469999999999992900 ) ) ;
#450 = EDGE_LOOP ( 'NONE', ( #77, #920 ) ) ;
#451 = AXIS2_PLACEMENT_3D ( 'NONE', #314, #1276, #592 ) ;
#452 = CARTESIAN_POINT ( 'NONE',  ( 0.0000000000000000000, 0.09400000000000004200, -0.1250000000000001400 ) ) ;
#453 = DIRECTION ( 'NONE',  ( 0.0000000000000000000, 0.0000000000000000000, -1.000000000000000000 ) ) ;
#454 = AXIS2_PLACEMENT_3D ( 'NONE', #787, #524, #928 ) ;
#455 = CARTESIAN_POINT ( 'NONE',  ( 0.0000000000000000000, -0.2524000000000000100, -3.414809992080329000E-017 ) ) ;
#456 = ADVANCED_FACE ( 'NONE', ( #685 ), #1630, .T. ) ;
#457 = ORIENTED_EDGE ( 'NONE', *, *, #1284, .F. ) ;
#458 = CIRCLE ( 'NONE', #739, 0.2305200000000000300 ) ;
#459 = SPHERICAL_SURFACE ( 'NONE', #484, 0.05469999999999996400 ) ;
#460 = DIRECTION ( 'NONE',  ( -0.0000000000000000000, -0.0000000000000000000, 1.000000000000000000 ) ) ;
#461 = EDGE_CURVE ( 'NONE', #470, #493, #630, .T. ) ;
#462 = ADVANCED_FACE ( 'NONE', ( #1224 ), #1117, .T. ) ;
#463 = AXIS2_PLACEMENT_3D ( 'NONE', #1496, #791, #1485 ) ;
#464 = DIRECTION ( 'NONE',  ( -0.0000000000000000000, -0.0000000000000000000, 1.000000000000000000 ) ) ;
#465 = SPHERICAL_SURFACE ( 'NONE', #636, 0.05469999999999996400 ) ;
#466 = LENGTH_MEASURE_WITH_UNIT ( LENGTH_MEASURE( 0.02539999999999999900 ), #821 );
#467 = CARTESIAN_POINT ( 'NONE',  ( 0.2524000000000000100, 0.0000000000000000000, -3.414809992080329000E-017 ) ) ;
#468 = CYLINDRICAL_SURFACE ( 'NONE', #752, 0.3435000000000000300 ) ;
#469 = ORIENTED_EDGE ( 'NONE', *, *, #1569, .T. ) ;
#470 = VERTEX_POINT ( 'NONE', #889 ) ;
#471 = EDGE_CURVE ( 'NONE', #1145, #629, #315, .T. ) ;
#472 = DIRECTION ( 'NONE',  ( 1.000000000000000000, 0.0000000000000000000, 0.0000000000000000000 ) ) ;
#473 = ADVANCED_FACE ( 'NONE', ( #1334 ), #191, .T. ) ;
#474 = AXIS2_PLACEMENT_3D ( 'NONE', #740, #1306, #208 ) ;
#475 = CARTESIAN_POINT ( 'NONE',  ( 0.0000000000000000000, 0.0000000000000000000, 0.1125000000000000300 ) ) ;
#476 = ORIENTED_EDGE ( 'NONE', *, *, #138, .T. ) ;
#477 = CC_DESIGN_SECURITY_CLASSIFICATION ( #152, ( #606 ) ) ;
#478 = ORIENTED_EDGE ( 'NONE', *, *, #1040, .F. ) ;
#479 = ORIENTED_EDGE ( 'NONE', *, *, #1549, .T. ) ;
#480 = CIRCLE ( 'NONE', #923, 0.2305200000000000300 ) ;
#481 = DIRECTION ( 'NONE',  ( -1.000000000000000000, 0.0000000000000000000, 0.0000000000000000000 ) ) ;
#482 = EDGE_CURVE ( 'NONE', #582, #1440, #146, .T. ) ;
#483 = DIRECTION ( 'NONE',  ( 0.7818314824680352400, 0.6234898018587268200, 0.0000000000000000000 ) ) ;
#484 = AXIS2_PLACEMENT_3D ( 'NONE', #1242, #1114, #839 ) ;
#485 = DIRECTION ( 'NONE',  ( 0.0000000000000000000, 0.0000000000000000000, -1.000000000000000000 ) ) ;
#486 = CARTESIAN_POINT ( 'NONE',  ( 0.0000000000000000000, 0.0000000000000000000, 0.1250000000000000300 ) ) ;
#487 = CALENDAR_DATE ( 2022, 17, 11 ) ;
#488 = AXIS2_PLACEMENT_3D ( 'NONE', #1240, #534, #283 ) ;
#489 = MANIFOLD_SOLID_BREP ( 'CirPattern1[8]', #813 ) ;
#490 = LINE ( 'NONE', #1555, #845 ) ;
#491 = CONICAL_SURFACE ( 'NONE', #1462, 0.2305200000000000300, 0.7853981633974533900 ) ;
#492 = EDGE_LOOP ( 'NONE', ( #187, #1686, #1534, #60 ) ) ;
#493 = VERTEX_POINT ( 'NONE', #780 ) ;
#494 = CARTESIAN_POINT ( 'NONE',  ( 0.1631333333333333200, 0.0000000000000000000, -0.1253937007874017200 ) ) ;
#495 = CARTESIAN_POINT ( 'NONE',  ( 0.0000000000000000000, 0.3435000000000000300, 0.1250000000000000300 ) ) ;
#496 = VERTEX_POINT ( 'NONE', #626 ) ;
#497 = EDGE_CURVE ( 'NONE', #1101, #9, #276, .T. ) ;
#498 = DIRECTION ( 'NONE',  ( -0.9749279121818214000, 0.2225209339563246100, 0.0000000000000000000 ) ) ;
#499 = EDGE_LOOP ( 'NONE', ( #101, #1503 ) ) ;
#500 = ADVANCED_FACE ( 'NONE', ( #971 ), #1730, .T. ) ;
#501 = CIRCLE ( 'NONE', #1531, 0.1631333333333333200 ) ;
#502 = DIRECTION ( 'NONE',  ( -1.000000000000000000, 0.0000000000000000000, 0.0000000000000000000 ) ) ;
#503 = CIRCLE ( 'NONE', #1366, 0.05469999999999996400 ) ;
#504 = CARTESIAN_POINT ( 'NONE',  ( 0.2460718050346920900, -0.05616428373057472800, 0.05469999999999992900 ) ) ;
#505 = DIRECTION ( 'NONE',  ( 0.6234898018587372600, 0.7818314824680270300, -0.0000000000000000000 ) ) ;
#506 = DIRECTION ( 'NONE',  ( -0.2225209339563245800, -0.9749279121818212900, 0.0000000000000000000 ) ) ;
#507 = EDGE_CURVE ( 'NONE', #85, #815, #23, .T. ) ;
#508 = AXIS2_PLACEMENT_3D ( 'NONE', #245, #219, #919 ) ;
#509 = LINE ( 'NONE', #1380, #154 ) ;
#510 = CARTESIAN_POINT ( 'NONE',  ( 0.1973342661749300000, -0.1573688259891452800, -0.05469999999999999900 ) ) ;
#511 = SPHERICAL_SURFACE ( 'NONE', #223, 0.05469999999999996400 ) ;
#512 = DIRECTION ( 'NONE',  ( 1.000000000000000000, 0.0000000000000000000, 0.0000000000000000000 ) ) ;
#513 = MANIFOLD_SOLID_BREP ( 'CirPattern1[12]', #698 ) ;
#514 = FACE_OUTER_BOUND ( 'NONE', #435, .T. ) ;
#515 = CARTESIAN_POINT ( 'NONE',  ( 0.2460718050346924500, 0.05616428373057301400, -0.05469999999999999900 ) ) ;
#516 = EDGE_LOOP ( 'NONE', ( #1378, #268 ) ) ;
#517 = ORIENTED_EDGE ( 'NONE', *, *, #1489, .F. ) ;
#518 = APPLICATION_CONTEXT ( 'configuration controlled 3d designs of mechanical parts and assemblies' ) ;
#519 = EDGE_CURVE ( 'NONE', #17, #1504, #1268, .T. ) ;
#520 = CARTESIAN_POINT ( 'NONE',  ( 0.0000000000000000000, 0.0000000000000000000, 0.1125000000000000300 ) ) ;
#521 = DIRECTION ( 'NONE',  ( -0.9009688679024187000, 0.4338837391175591200, 0.0000000000000000000 ) ) ;
#522 = AXIS2_PLACEMENT_3D ( 'NONE', #1689, #997, #168 ) ;
#523 = ORIENTED_EDGE ( 'NONE', *, *, #911, .T. ) ;
#524 = DIRECTION ( 'NONE',  ( 1.224646799147353200E-016, 1.000000000000000000, 0.0000000000000000000 ) ) ;
#525 = VERTEX_POINT ( 'NONE', #1594 ) ;
#526 = EDGE_LOOP ( 'NONE', ( #967, #479 ) ) ;
#527 = AXIS2_PLACEMENT_3D ( 'NONE', #873, #318, #48 ) ;
#528 = CYLINDRICAL_SURFACE ( 'NONE', #1602, 0.2742800000000000200 ) ;
#529 = DIRECTION ( 'NONE',  ( -0.7818314824680352400, -0.6234898018587268200, 0.0000000000000000000 ) ) ;
#530 = DIRECTION ( 'NONE',  ( -0.0000000000000000000, -0.0000000000000000000, 1.000000000000000000 ) ) ;
#531 = DIRECTION ( 'NONE',  ( 0.0000000000000000000, 0.0000000000000000000, -1.000000000000000000 ) ) ;
#532 = EDGE_CURVE ( 'NONE', #1329, #680, #88, .T. ) ;
#533 = DIRECTION ( 'NONE',  ( -0.6234898018587320400, 0.7818314824680310200, 0.0000000000000000000 ) ) ;
#534 = DIRECTION ( 'NONE',  ( 0.2225209339563051200, -0.9749279121818257300, 0.0000000000000000000 ) ) ;
#535 = LINE ( 'NONE', #248, #1517 ) ;
#536 = ORIENTED_EDGE ( 'NONE', *, *, #289, .T. ) ;
#537 = DIRECTION ( 'NONE',  ( -1.000000000000000000, 0.0000000000000000000, 0.0000000000000000000 ) ) ;
#538 = VERTEX_POINT ( 'NONE', #1337 ) ;
#539 = PLANE ( 'NONE',  #65 ) ;
#540 = ORIENTED_EDGE ( 'NONE', *, *, #261, .T. ) ;
#541 = EDGE_CURVE ( 'NONE', #1669, #266, #458, .T. ) ;
#542 = CARTESIAN_POINT ( 'NONE',  ( -0.2460718050346928400, -0.05616428373057139700, -3.414809992080329000E-017 ) ) ;
#543 = ORIENTED_EDGE ( 'NONE', *, *, #319, .T. ) ;
#544 = CARTESIAN_POINT ( 'NONE',  ( 0.0000000000000000000, 0.0000000000000000000, -0.05013337810281692100 ) ) ;
#545 = EDGE_LOOP ( 'NONE', ( #1358, #1034, #1399, #1682 ) ) ;
#546 = AXIS2_PLACEMENT_3D ( 'NONE', #422, #562, #132 ) ;
#547 = FACE_OUTER_BOUND ( 'NONE', #1401, .T. ) ;
#548 = CIRCLE ( 'NONE', #1540, 0.05469999999999996400 ) ;
#549 = AXIS2_PLACEMENT_3D ( 'NONE', #1675, #1260, #1273 ) ;
#550 = DIRECTION ( 'NONE',  ( 0.4338837391175587900, 0.9009688679024188100, 0.0000000000000000000 ) ) ;
#551 = CARTESIAN_POINT ( 'NONE',  ( 0.2460718050346924500, 0.05616428373057301400, -3.414809992080329000E-017 ) ) ;
#552 = CARTESIAN_POINT ( 'NONE',  ( 0.2305200000000000300, 0.0000000000000000000, -0.1150000000000001700 ) ) ;
#553 = CARTESIAN_POINT ( 'NONE',  ( 0.1095122557532703000, -0.2274045422585712900, -3.414809992080329000E-017 ) ) ;
#554 = CONICAL_SURFACE ( 'NONE', #417, 0.2205199999999999900, 0.7853981633974415100 ) ;
#555 = AXIS2_PLACEMENT_3D ( 'NONE', #1397, #1110, #426 ) ;
#556 = SHAPE_DEFINITION_REPRESENTATION ( #908, #1643 ) ;
#557 = FACE_OUTER_BOUND ( 'NONE', #1046, .T. ) ;
#558 = CARTESIAN_POINT ( 'NONE',  ( 0.2305200000000000300, 0.0000000000000000000, 0.1250000000000001100 ) ) ;
#559 = EDGE_LOOP ( 'NONE', ( #251, #203 ) ) ;
#560 = AXIS2_PLACEMENT_3D ( 'NONE', #322, #1155, #312 ) ;
#561 = EDGE_LOOP ( 'NONE', ( #1308, #543 ) ) ;
#562 = DIRECTION ( 'NONE',  ( 0.0000000000000000000, 0.0000000000000000000, 1.000000000000000000 ) ) ;
#563 = DIRECTION ( 'NONE',  ( -0.6234898018587320400, 0.7818314824680310200, 0.0000000000000000000 ) ) ;
#564 = ORIENTED_EDGE ( 'NONE', *, *, #1005, .F. ) ;
#565 = EDGE_CURVE ( 'NONE', #1037, #1749, #1505, .T. ) ;
#566 = ORIENTED_EDGE ( 'NONE', *, *, #330, .T. ) ;
#567 = MANIFOLD_SOLID_BREP ( 'CirPattern1[2]', #402 ) ;
#568 = AXIS2_PLACEMENT_3D ( 'NONE', #114, #927, #391 ) ;
#569 = VERTEX_POINT ( 'NONE', #510 ) ;
#570 = DIRECTION ( 'NONE',  ( -0.9009688679024250300, -0.4338837391175463000, 0.0000000000000000000 ) ) ;
#571 = CARTESIAN_POINT ( 'NONE',  ( -0.1095122557532734500, -0.2274045422585697400, -0.05469999999999999900 ) ) ;
#572 = ADVANCED_FACE ( 'NONE', ( #1010 ), #528, .F. ) ;
#573 = DIRECTION ( 'NONE',  ( 1.000000000000000000, 0.0000000000000000000, 0.0000000000000000000 ) ) ;
#574 = ORIENTED_EDGE ( 'NONE', *, *, #1653, .T. ) ;
#575 = EDGE_CURVE ( 'NONE', #1556, #726, #1649, .T. ) ;
#576 = CARTESIAN_POINT ( 'NONE',  ( 0.2305200000000000300, 0.0000000000000000000, 0.1250000000000001100 ) ) ;
#577 = FACE_OUTER_BOUND ( 'NONE', #561, .T. ) ;
#578 = VECTOR ( 'NONE', #249, 39.37007874015748100 ) ;
#579 = ORIENTED_EDGE ( 'NONE', *, *, #91, .F. ) ;
#580 = AXIS2_PLACEMENT_3D ( 'NONE', #794, #619, #627 ) ;
#581 = VERTEX_POINT ( 'NONE', #369 ) ;
#582 = VERTEX_POINT ( 'NONE', #1487 ) ;
#583 = AXIS2_PLACEMENT_3D ( 'NONE', #1008, #1553, #1685 ) ;
#584 = ADVANCED_FACE ( 'NONE', ( #547 ), #232, .T. ) ;
#585 = VERTEX_POINT ( 'NONE', #504 ) ;
#586 = CARTESIAN_POINT ( 'NONE',  ( 0.2524000000000000100, 0.0000000000000000000, -3.414809992080329000E-017 ) ) ;
#587 = ORIENTED_EDGE ( 'NONE', *, *, #885, .F. ) ;
#588 = FACE_OUTER_BOUND ( 'NONE', #492, .T. ) ;
#589 = CARTESIAN_POINT ( 'NONE',  ( -0.1095122557532686900, 0.2274045422585720400, 0.05469999999999992900 ) ) ;
#590 = EDGE_CURVE ( 'NONE', #9, #1101, #501, .T. ) ;
#591 = SPHERICAL_SURFACE ( 'NONE', #750, 0.05469999999999996400 ) ;
#592 = DIRECTION ( 'NONE',  ( 1.000000000000000000, 0.0000000000000000000, 0.0000000000000000000 ) ) ;
#593 = ADVANCED_FACE ( 'NONE', ( #1294 ), #792, .T. ) ;
#594 = DIRECTION ( 'NONE',  ( 0.0000000000000000000, 0.0000000000000000000, -1.000000000000000000 ) ) ;
#595 = DIRECTION ( 'NONE',  ( -0.0000000000000000000, -0.0000000000000000000, 1.000000000000000000 ) ) ;
#596 = CIRCLE ( 'NONE', #1320, 0.2742800000000000200 ) ;
#597 = LINE ( 'NONE', #1687, #977 ) ;
#598 = PRODUCT ( '6383K11_Ball Bearing', '6383K11_Ball Bearing', '', ( #1357 ) ) ;
#599 = EDGE_CURVE ( 'NONE', #137, #1576, #1558, .T. ) ;
#600 = LINE ( 'NONE', #558, #76 ) ;
#601 = EDGE_LOOP ( 'NONE', ( #288, #1433, #1264, #260 ) ) ;
#602 = ADVANCED_FACE ( 'NONE', ( #1160 ), #1244, .T. ) ;
#603 = VERTEX_POINT ( 'NONE', #1359 ) ;
#604 = AXIS2_PLACEMENT_3D ( 'NONE', #1100, #271, #304 ) ;
#605 = DIRECTION ( 'NONE',  ( 0.0000000000000000000, 0.0000000000000000000, -1.000000000000000000 ) ) ;
#606 = PRODUCT_DEFINITION_FORMATION_WITH_SPECIFIED_SOURCE ( 'ANY', '', #598, .NOT_KNOWN. ) ;
#607 = DIRECTION ( 'NONE',  ( 0.0000000000000000000, 0.0000000000000000000, -1.000000000000000000 ) ) ;
#608 = DIRECTION ( 'NONE',  ( -0.0000000000000000000, -0.0000000000000000000, 1.000000000000000000 ) ) ;
#609 = ORIENTED_EDGE ( 'NONE', *, *, #634, .F. ) ;
#610 = ORIENTED_EDGE ( 'NONE', *, *, #689, .F. ) ;
#611 = ADVANCED_FACE ( 'NONE', ( #1525 ), #1586, .T. ) ;
#612 = CIRCLE ( 'NONE', #254, 0.05469999999999996400 ) ;
#613 = EDGE_CURVE ( 'NONE', #306, #1350, #66, .T. ) ;
#614 = AXIS2_PLACEMENT_3D ( 'NONE', #954, #141, #1646 ) ;
#615 = DIRECTION ( 'NONE',  ( -0.9009688679024218100, -0.4338837391175526200, 0.0000000000000000000 ) ) ;
#616 = COORDINATED_UNIVERSAL_TIME_OFFSET ( 6, 0, .BEHIND. ) ;
#617 = DIRECTION ( 'NONE',  ( -0.4338837391175462400, 0.9009688679024248100, 0.0000000000000000000 ) ) ;
#618 = FACE_OUTER_BOUND ( 'NONE', #674, .T. ) ;
#619 = DIRECTION ( 'NONE',  ( 0.0000000000000000000, 0.0000000000000000000, -1.000000000000000000 ) ) ;
#620 = EDGE_LOOP ( 'NONE', ( #828, #326 ) ) ;
#621 = MANIFOLD_SOLID_BREP ( 'CirPattern1[13]', #1702 ) ;
#622 = ORIENTED_EDGE ( 'NONE', *, *, #1166, .T. ) ;
#623 = EDGE_CURVE ( 'NONE', #629, #1145, #172, .T. ) ;
#624 = CARTESIAN_POINT ( 'NONE',  ( 0.0000000000000000000, 0.2524000000000000100, -3.414809992080329000E-017 ) ) ;
#625 = VERTEX_POINT ( 'NONE', #1353 ) ;
#626 = CARTESIAN_POINT ( 'NONE',  ( -0.2205199999999999700, 2.761823461437110600E-017, -0.1250000000000001400 ) ) ;
#627 = DIRECTION ( 'NONE',  ( 1.000000000000000000, 0.0000000000000000000, 0.0000000000000000000 ) ) ;
#628 = ORIENTED_EDGE ( 'NONE', *, *, #634, .T. ) ;
#629 = VERTEX_POINT ( 'NONE', #1203 ) ;
#630 = CIRCLE ( 'NONE', #1588, 0.09400000000000002800 ) ;
#631 = CARTESIAN_POINT ( 'NONE',  ( -0.1631333333333333200, 1.997807145009049100E-017, -0.1253937007874017200 ) ) ;
#632 = DIRECTION ( 'NONE',  ( -0.0000000000000000000, -0.0000000000000000000, 1.000000000000000000 ) ) ;
#633 = CIRCLE ( 'NONE', #1311, 0.05469999999999997100 ) ;
#634 = EDGE_CURVE ( 'NONE', #815, #85, #1542, .T. ) ;
#635 = CARTESIAN_POINT ( 'NONE',  ( 0.0000000000000000000, 0.0000000000000000000, -0.1150000000000002100 ) ) ;
#636 = AXIS2_PLACEMENT_3D ( 'NONE', #1405, #1414, #33 ) ;
#637 = CARTESIAN_POINT ( 'NONE',  ( 0.0000000000000000000, 0.0000000000000000000, -0.1250000000000001100 ) ) ;
#638 = CARTESIAN_POINT ( 'NONE',  ( 0.0000000000000000000, 0.0000000000000000000, 0.05013337810281685800 ) ) ;
#639 = DATE_AND_TIME ( #735, #442 ) ;
#640 = AXIS2_PLACEMENT_3D ( 'NONE', #1310, #464, #1458 ) ;
#641 = FACE_OUTER_BOUND ( 'NONE', #1172, .T. ) ;
#642 = FACE_OUTER_BOUND ( 'NONE', #935, .T. ) ;
#643 = DIRECTION ( 'NONE',  ( 0.0000000000000000000, 0.0000000000000000000, 1.000000000000000000 ) ) ;
#644 = VECTOR ( 'NONE', #1520, 39.37007874015748100 ) ;
#645 = ORIENTED_EDGE ( 'NONE', *, *, #1631, .F. ) ;
#646 = ORIENTED_EDGE ( 'NONE', *, *, #1468, .T. ) ;
#647 = DIRECTION ( 'NONE',  ( 0.0000000000000000000, 0.0000000000000000000, 1.000000000000000000 ) ) ;
#648 = ORIENTED_EDGE ( 'NONE', *, *, #575, .T. ) ;
#649 = CARTESIAN_POINT ( 'NONE',  ( -0.1095122557532734500, -0.2274045422585697400, 0.05469999999999992900 ) ) ;
#650 = AXIS2_PLACEMENT_3D ( 'NONE', #520, #677, #1498 ) ;
#651 = CARTESIAN_POINT ( 'NONE',  ( 0.2460718050346924500, 0.05616428373057301400, -3.414809992080329000E-017 ) ) ;
#652 = DIRECTION ( 'NONE',  ( -0.9009688679024249200, -0.4338837391175462400, 0.0000000000000000000 ) ) ;
#653 = AXIS2_PLACEMENT_3D ( 'NONE', #440, #850, #20 ) ;
#654 = DIRECTION ( 'NONE',  ( -1.000000000000000000, 0.0000000000000000000, 0.0000000000000000000 ) ) ;
#655 = ORIENTED_EDGE ( 'NONE', *, *, #1644, .T. ) ;
#656 = DIRECTION ( 'NONE',  ( -0.0000000000000000000, -0.0000000000000000000, -1.000000000000000000 ) ) ;
#657 = ORIENTED_EDGE ( 'NONE', *, *, #71, .T. ) ;
#658 = DIRECTION ( 'NONE',  ( -1.000000000000000000, 0.0000000000000000000, -0.0000000000000000000 ) ) ;
#659 = TOROIDAL_SURFACE ( 'NONE', #1721, 0.1065000000000000300, 0.01250000000000000100 ) ;
#660 = PERSON_AND_ORGANIZATION_ROLE ( 'creator' ) ;
#661 = CARTESIAN_POINT ( 'NONE',  ( 0.0000000000000000000, 0.0000000000000000000, 0.1250000000000001100 ) ) ;
#662 = CARTESIAN_POINT ( 'NONE',  ( 0.3310000000000000200, 4.130121330124448500E-017, 0.1250000000000000300 ) ) ;
#663 = EDGE_CURVE ( 'NONE', #117, #1112, #480, .T. ) ;
#664 = DIRECTION ( 'NONE',  ( -1.000000000000000000, 0.0000000000000000000, 0.0000000000000000000 ) ) ;
#665 = DIRECTION ( 'NONE',  ( -0.0000000000000000000, -0.0000000000000000000, 1.000000000000000000 ) ) ;
#666 = AXIS2_PLACEMENT_3D ( 'NONE', #298, #443, #1541 ) ;
#667 = COORDINATED_UNIVERSAL_TIME_OFFSET ( 6, 0, .BEHIND. ) ;
#668 = DIRECTION ( 'NONE',  ( -0.2225209339563182200, -0.9749279121818227300, 0.0000000000000000000 ) ) ;
#669 = CC_DESIGN_PERSON_AND_ORGANIZATION_ASSIGNMENT ( #303, #395, ( #152 ) ) ;
#670 = CIRCLE ( 'NONE', #199, 0.2742800000000000200 ) ;
#671 = CARTESIAN_POINT ( 'NONE',  ( 0.1095122557532718900, 0.2274045422585704900, -3.414809992080329000E-017 ) ) ;
#672 = ORIENTED_EDGE ( 'NONE', *, *, #1708, .T. ) ;
#673 = CARTESIAN_POINT ( 'NONE',  ( -0.1973342661749288000, 0.1573688259891467800, -3.414809992080329000E-017 ) ) ;
#674 = EDGE_LOOP ( 'NONE', ( #1258, #176, #891, #346 ) ) ;
#675 = APPROVAL_ROLE ( '' ) ;
#676 = EDGE_CURVE ( 'NONE', #1037, #294, #126, .T. ) ;
#677 = DIRECTION ( 'NONE',  ( 0.0000000000000000000, 0.0000000000000000000, -1.000000000000000000 ) ) ;
#678 = DIRECTION ( 'NONE',  ( -0.6234898018587431400, -0.7818314824680221400, 0.0000000000000000000 ) ) ;
#679 = AXIS2_PLACEMENT_3D ( 'NONE', #221, #1589, #1338 ) ;
#680 = VERTEX_POINT ( 'NONE', #258 ) ;
#681 = CARTESIAN_POINT ( 'NONE',  ( -0.1631333333333333200, 1.997807145009049100E-017, -0.1250000000000001400 ) ) ;
#682 = VERTEX_POINT ( 'NONE', #515 ) ;
#683 = AXIS2_PLACEMENT_3D ( 'NONE', #63, #1696, #863 ) ;
#684 = CARTESIAN_POINT ( 'NONE',  ( 0.2305200000000000300, 0.0000000000000000000, -0.05013337810281692100 ) ) ;
#685 = FACE_OUTER_BOUND ( 'NONE', #1094, .T. ) ;
#686 = CIRCLE ( 'NONE', #1233, 0.3435000000000000300 ) ;
#687 = DIRECTION ( 'NONE',  ( -0.0000000000000000000, -0.0000000000000000000, -1.000000000000000000 ) ) ;
#688 = PERSON_AND_ORGANIZATION_ROLE ( 'design_owner' ) ;
#689 = EDGE_CURVE ( 'NONE', #989, #1035, #93, .T. ) ;
#690 = PERSON_AND_ORGANIZATION ( #1017, #343 ) ;
#691 = CARTESIAN_POINT ( 'NONE',  ( -0.09400000000000002800, 1.151167991198512400E-017, -0.1125000000000001300 ) ) ;
#692 = SPHERICAL_SURFACE ( 'NONE', #185, 0.05469999999999996400 ) ;
#693 = SPHERICAL_SURFACE ( 'NONE', #131, 0.05469999999999996400 ) ;
#694 = CARTESIAN_POINT ( 'NONE',  ( 0.0000000000000000000, 0.0000000000000000000, -0.1150000000000001700 ) ) ;
#695 = CONICAL_SURFACE ( 'NONE', #527, 0.2742800000000000200, 0.7853981633974482800 ) ;
#696 = CARTESIAN_POINT ( 'NONE',  ( 0.0000000000000000000, 0.0000000000000000000, -3.414809992080329000E-017 ) ) ;
#697 = ORIENTED_EDGE ( 'NONE', *, *, #1676, .F. ) ;
#698 = CLOSED_SHELL ( 'NONE', ( #1135, #611 ) ) ;
#699 = DIRECTION ( 'NONE',  ( 0.0000000000000000000, 0.0000000000000000000, -1.000000000000000000 ) ) ;
#700 = ORIENTED_EDGE ( 'NONE', *, *, #214, .F. ) ;
#701 = CARTESIAN_POINT ( 'NONE',  ( -0.09400000000000002800, 1.151167991198512400E-017, 0.1250000000000001100 ) ) ;
#702 = EDGE_CURVE ( 'NONE', #1374, #206, #535, .T. ) ;
#703 = DIRECTION ( 'NONE',  ( 1.000000000000000000, 0.0000000000000000000, 0.0000000000000000000 ) ) ;
#704 = EDGE_LOOP ( 'NONE', ( #1690, #1057 ) ) ;
#705 = AXIS2_PLACEMENT_3D ( 'NONE', #1501, #831, #1234 ) ;
#706 = DIRECTION ( 'NONE',  ( -0.0000000000000000000, -0.0000000000000000000, 1.000000000000000000 ) ) ;
#707 = EDGE_LOOP ( 'NONE', ( #942, #1067 ) ) ;
#708 = ORIENTED_EDGE ( 'NONE', *, *, #319, .F. ) ;
#709 = CC_DESIGN_PERSON_AND_ORGANIZATION_ASSIGNMENT ( #1428, #1095, ( #606 ) ) ;
#710 = CARTESIAN_POINT ( 'NONE',  ( 0.0000000000000000000, 0.0000000000000000000, 0.1250000000000000300 ) ) ;
#711 = MANIFOLD_SOLID_BREP ( 'CirPattern1[11]', #1442 ) ;
#712 = DIRECTION ( 'NONE',  ( -0.0000000000000000000, -0.0000000000000000000, 1.000000000000000000 ) ) ;
#713 = EDGE_CURVE ( 'NONE', #247, #32, #779, .T. ) ;
#714 = CARTESIAN_POINT ( 'NONE',  ( 0.0000000000000000000, 0.0000000000000000000, -4.084691791213931500E-017 ) ) ;
#715 = AXIS2_PLACEMENT_3D ( 'NONE', #1015, #453, #1331 ) ;
#716 = DIRECTION ( 'NONE',  ( -1.000000000000000000, 0.0000000000000000000, 0.0000000000000000000 ) ) ;
#717 = CIRCLE ( 'NONE', #1425, 0.09400000000000002800 ) ;
#718 = DIRECTION ( 'NONE',  ( 1.000000000000000000, 0.0000000000000000000, 0.0000000000000000000 ) ) ;
#719 = VERTEX_POINT ( 'NONE', #649 ) ;
#720 = AXIS2_PLACEMENT_3D ( 'NONE', #765, #771, #483 ) ;
#721 = ORIENTED_EDGE ( 'NONE', *, *, #1456, .F. ) ;
#722 = DIRECTION ( 'NONE',  ( 0.0000000000000000000, 0.0000000000000000000, -1.000000000000000000 ) ) ;
#723 = EDGE_LOOP ( 'NONE', ( #1393, #1681 ) ) ;
#724 = DIRECTION ( 'NONE',  ( -1.000000000000000000, 0.0000000000000000000, 0.0000000000000000000 ) ) ;
#725 = EDGE_CURVE ( 'NONE', #1028, #183, #1188, .T. ) ;
#726 = VERTEX_POINT ( 'NONE', #1093 ) ;
#727 = CYLINDRICAL_SURFACE ( 'NONE', #1448, 0.09400000000000002800 ) ;
#728 = ADVANCED_FACE ( 'NONE', ( #826 ), #12, .T. ) ;
#729 = CIRCLE ( 'NONE', #555, 0.1065000000000000300 ) ;
#730 = CARTESIAN_POINT ( 'NONE',  ( 0.0000000000000000000, 0.2524000000000000100, -3.414809992080329000E-017 ) ) ;
#731 = CARTESIAN_POINT ( 'NONE',  ( 0.0000000000000000000, 0.0000000000000000000, 0.1125000000000000300 ) ) ;
#732 = CARTESIAN_POINT ( 'NONE',  ( 0.0000000000000000000, 0.0000000000000000000, -0.1253937007874017200 ) ) ;
#733 = CARTESIAN_POINT ( 'NONE',  ( 0.0000000000000000000, 0.0000000000000000000, 0.1250000000000001100 ) ) ;
#734 = ORIENTED_EDGE ( 'NONE', *, *, #1156, .T. ) ;
#735 = CALENDAR_DATE ( 2022, 17, 11 ) ;
#736 = VECTOR ( 'NONE', #24, 39.37007874015748100 ) ;
#737 = ADVANCED_FACE ( 'NONE', ( #179 ), #1149, .T. ) ;
#738 = CIRCLE ( 'NONE', #256, 0.05469999999999996400 ) ;
#739 = AXIS2_PLACEMENT_3D ( 'NONE', #1049, #1343, #1201 ) ;
#740 = CARTESIAN_POINT ( 'NONE',  ( -0.1973342661749321000, -0.1573688259891426200, -3.414809992080329000E-017 ) ) ;
#741 = CIRCLE ( 'NONE', #846, 0.05469999999999998500 ) ;
#742 = VERTEX_POINT ( 'NONE', #1226 ) ;
#743 = EDGE_LOOP ( 'NONE', ( #872, #448, #1418, #1230 ) ) ;
#744 = CC_DESIGN_PERSON_AND_ORGANIZATION_ASSIGNMENT ( #1451, #660, ( #606 ) ) ;
#745 = DIRECTION ( 'NONE',  ( -0.7071067811865426900, 0.0000000000000000000, -0.7071067811865523500 ) ) ;
#746 = DIRECTION ( 'NONE',  ( 1.000000000000000000, 0.0000000000000000000, 0.0000000000000000000 ) ) ;
#747 = ADVANCED_FACE ( 'NONE', ( #1388 ), #403, .F. ) ;
#748 = ORIENTED_EDGE ( 'NONE', *, *, #26, .F. ) ;
#749 = TOROIDAL_SURFACE ( 'NONE', #879, 0.2524000000000000100, 0.05469999999999999900 ) ;
#750 = AXIS2_PLACEMENT_3D ( 'NONE', #22, #1386, #1516 ) ;
#751 = CIRCLE ( 'NONE', #1633, 0.2842799999999999200 ) ;
#752 = AXIS2_PLACEMENT_3D ( 'NONE', #1664, #41, #1543 ) ;
#753 = DIRECTION ( 'NONE',  ( -1.000000000000000000, 0.0000000000000000000, 0.0000000000000000000 ) ) ;
#754 = ADVANCED_FACE ( 'NONE', ( #1473 ), #1615, .T. ) ;
#755 = CARTESIAN_POINT ( 'NONE',  ( 0.0000000000000000000, 0.0000000000000000000, 0.1125000000000000300 ) ) ;
#756 = LINE ( 'NONE', #171, #578 ) ;
#757 = EDGE_CURVE ( 'NONE', #1329, #294, #596, .T. ) ;
#758 = CIRCLE ( 'NONE', #166, 0.05469999999999997100 ) ;
#759 = VERTEX_POINT ( 'NONE', #1387 ) ;
#760 = ORIENTED_EDGE ( 'NONE', *, *, #973, .T. ) ;
#761 = AXIS2_PLACEMENT_3D ( 'NONE', #341, #70, #1313 ) ;
#762 = DIRECTION ( 'NONE',  ( 1.000000000000000000, 0.0000000000000000000, 0.0000000000000000000 ) ) ;
#763 = DIRECTION ( 'NONE',  ( -0.0000000000000000000, -0.0000000000000000000, 1.000000000000000000 ) ) ;
#764 = MANIFOLD_SOLID_BREP ( 'CirPattern1[3]', #893 ) ;
#765 = CARTESIAN_POINT ( 'NONE',  ( -0.1973342661749321000, -0.1573688259891426200, -3.414809992080329000E-017 ) ) ;
#766 = ORIENTED_EDGE ( 'NONE', *, *, #1508, .F. ) ;
#767 = CARTESIAN_POINT ( 'NONE',  ( 0.2524000000000000100, 0.0000000000000000000, -3.414809992080329000E-017 ) ) ;
#768 = DIRECTION ( 'NONE',  ( -0.4338837391175650600, -0.9009688679024158200, 0.0000000000000000000 ) ) ;
#769 = EDGE_LOOP ( 'NONE', ( #427, #1745 ) ) ;
#770 = CIRCLE ( 'NONE', #1299, 0.01250000000000000200 ) ;
#771 = DIRECTION ( 'NONE',  ( 0.6234898018587266000, -0.7818314824680353500, 0.0000000000000000000 ) ) ;
#772 = AXIS2_PLACEMENT_3D ( 'NONE', #1286, #887, #174 ) ;
#773 = CARTESIAN_POINT ( 'NONE',  ( 0.0000000000000000000, 0.0000000000000000000, 0.1250000000000001100 ) ) ;
#774 = AXIS2_PLACEMENT_3D ( 'NONE', #80, #753, #1469 ) ;
#775 = ORIENTED_EDGE ( 'NONE', *, *, #796, .T. ) ;
#776 = DIRECTION ( 'NONE',  ( 0.0000000000000000000, 0.0000000000000000000, -1.000000000000000000 ) ) ;
#777 = LOCAL_TIME ( 11, 3, 42.00000000000000000, #1760 ) ;
#778 = EDGE_LOOP ( 'NONE', ( #147, #857 ) ) ;
#779 = CIRCLE ( 'NONE', #1711, 0.2305200000000000300 ) ;
#780 = CARTESIAN_POINT ( 'NONE',  ( 0.09400000000000002800, 0.0000000000000000000, 0.1125000000000000300 ) ) ;
#781 = CYLINDRICAL_SURFACE ( 'NONE', #1635, 0.2742800000000000200 ) ;
#782 = CARTESIAN_POINT ( 'NONE',  ( -0.1095122557532734500, -0.2274045422585697400, -3.414809992080329000E-017 ) ) ;
#783 = ADVANCED_FACE ( 'NONE', ( #1152 ), #1566, .T. ) ;
#784 = CIRCLE ( 'NONE', #281, 0.05469999999999996400 ) ;
#785 = EDGE_LOOP ( 'NONE', ( #748, #978 ) ) ;
#786 = EDGE_CURVE ( 'NONE', #1576, #137, #53, .T. ) ;
#787 = CARTESIAN_POINT ( 'NONE',  ( -0.3310000000000000200, 4.053580905177739400E-017, -0.1125000000000001000 ) ) ;
#788 = ORIENTED_EDGE ( 'NONE', *, *, #1468, .F. ) ;
#789 = DIRECTION ( 'NONE',  ( -1.000000000000000000, 0.0000000000000000000, 0.0000000000000000000 ) ) ;
#790 = EDGE_LOOP ( 'NONE', ( #944, #1253 ) ) ;
#791 = DIRECTION ( 'NONE',  ( 1.224646799147353200E-016, 1.000000000000000000, 0.0000000000000000000 ) ) ;
#792 = CYLINDRICAL_SURFACE ( 'NONE', #854, 0.2305200000000000300 ) ;
#793 = CARTESIAN_POINT ( 'NONE',  ( 0.0000000000000000000, 0.0000000000000000000, 0.1250000000000000300 ) ) ;
#794 = CARTESIAN_POINT ( 'NONE',  ( 0.0000000000000000000, 0.0000000000000000000, -0.1250000000000001400 ) ) ;
#795 = ORIENTED_EDGE ( 'NONE', *, *, #393, .T. ) ;
#796 = EDGE_CURVE ( 'NONE', #9, #897, #509, .T. ) ;
#797 = DIRECTION ( 'NONE',  ( 0.9749279121818241700, 0.2225209339563114200, 0.0000000000000000000 ) ) ;
#798 = AXIS2_PLACEMENT_3D ( 'NONE', #349, #1706, #746 ) ;
#799 = APPLICATION_CONTEXT ( 'configuration controlled 3d designs of mechanical parts and assemblies' ) ;
#800 = DIRECTION ( 'NONE',  ( 1.000000000000000000, 0.0000000000000000000, 0.0000000000000000000 ) ) ;
#801 = CARTESIAN_POINT ( 'NONE',  ( 0.0000000000000000000, 0.0000000000000000000, -0.1253937007874017200 ) ) ;
#802 = APPROVAL_ROLE ( '' ) ;
#803 = TOROIDAL_SURFACE ( 'NONE', #614, 0.3310000000000000200, 0.01250000000000000100 ) ;
#804 = ORIENTED_EDGE ( 'NONE', *, *, #948, .T. ) ;
#805 = DIRECTION ( 'NONE',  ( -1.000000000000000000, 0.0000000000000000000, 0.0000000000000000000 ) ) ;
#806 = EDGE_CURVE ( 'NONE', #682, #1007, #1022, .T. ) ;
#807 = DIRECTION ( 'NONE',  ( -0.6234898018587372600, -0.7818314824680268100, 0.0000000000000000000 ) ) ;
#808 = ORIENTED_EDGE ( 'NONE', *, *, #1665, .F. ) ;
#809 = AXIS2_PLACEMENT_3D ( 'NONE', #1097, #960, #537 ) ;
#810 = DIRECTION ( 'NONE',  ( 0.0000000000000000000, 0.0000000000000000000, 1.000000000000000000 ) ) ;
#811 = AXIS2_PLACEMENT_3D ( 'NONE', #937, #1355, #502 ) ;
#812 = DIRECTION ( 'NONE',  ( 0.9749279121818227300, -0.2225209339563182200, 0.0000000000000000000 ) ) ;
#813 = CLOSED_SHELL ( 'NONE', ( #337, #1001 ) ) ;
#814 = CARTESIAN_POINT ( 'NONE',  ( -0.2742800000000000200, 3.358961240701360300E-017, 0.1250000000000001100 ) ) ;
#815 = VERTEX_POINT ( 'NONE', #1509 ) ;
#816 = ORIENTED_EDGE ( 'NONE', *, *, #1434, .T. ) ;
#817 = CARTESIAN_POINT ( 'NONE',  ( -0.3435000000000000300, 4.206661755071158800E-017, 0.1250000000000001100 ) ) ;
#818 = CIRCLE ( 'NONE', #1054, 0.05469999999999999900 ) ;
#819 = PERSON_AND_ORGANIZATION_ROLE ( 'creator' ) ;
#820 = EDGE_CURVE ( 'NONE', #1080, #122, #1593, .T. ) ;
#821 =( LENGTH_UNIT ( ) NAMED_UNIT ( * ) SI_UNIT ( $, .METRE. ) );
#822 = PERSON_AND_ORGANIZATION ( #1017, #343 ) ;
#823 = DIRECTION ( 'NONE',  ( 0.9749279121818242900, 0.2225209339563114500, 0.0000000000000000000 ) ) ;
#824 = ORIENTED_EDGE ( 'NONE', *, *, #1489, .T. ) ;
#825 = FACE_BOUND ( 'NONE', #1222, .T. ) ;
#826 = FACE_OUTER_BOUND ( 'NONE', #1267, .T. ) ;
#827 = ORIENTED_EDGE ( 'NONE', *, *, #713, .F. ) ;
#828 = ORIENTED_EDGE ( 'NONE', *, *, #1522, .F. ) ;
#829 = CARTESIAN_POINT ( 'NONE',  ( 0.1095122557532718900, 0.2274045422585704900, -3.414809992080329000E-017 ) ) ;
#830 = AXIS2_PLACEMENT_3D ( 'NONE', #1142, #860, #1263 ) ;
#831 = DIRECTION ( 'NONE',  ( 0.9009688679024187000, -0.4338837391175590100, 0.0000000000000000000 ) ) ;
#832 = ORIENTED_EDGE ( 'NONE', *, *, #26, .T. ) ;
#833 = CC_DESIGN_APPROVAL ( #1225, ( #152 ) ) ;
#834 = CARTESIAN_POINT ( 'NONE',  ( 0.2205199999999999700, 0.0000000000000000000, -0.1250000000000001400 ) ) ;
#835 = CYLINDRICAL_SURFACE ( 'NONE', #1510, 0.1631333333333333200 ) ;
#836 = CARTESIAN_POINT ( 'NONE',  ( 0.1095122557532703000, -0.2274045422585712900, -3.414809992080329000E-017 ) ) ;
#837 = ORIENTED_EDGE ( 'NONE', *, *, #1075, .T. ) ;
#838 = DIRECTION ( 'NONE',  ( -1.000000000000000000, 0.0000000000000000000, 0.0000000000000000000 ) ) ;
#839 = DIRECTION ( 'NONE',  ( 0.7818314824680268100, -0.6234898018587371500, 0.0000000000000000000 ) ) ;
#840 = AXIS2_PLACEMENT_3D ( 'NONE', #352, #1482, #1050 ) ;
#841 = CARTESIAN_POINT ( 'NONE',  ( 0.0000000000000000000, 0.0000000000000000000, -0.1125000000000001300 ) ) ;
#842 = EDGE_LOOP ( 'NONE', ( #1178, #79 ) ) ;
#843 = MANIFOLD_SOLID_BREP ( 'CirPattern1[7]', #1349 ) ;
#844 = CARTESIAN_POINT ( 'NONE',  ( 0.0000000000000000000, 0.0000000000000000000, 0.1150000000000001400 ) ) ;
#845 = VECTOR ( 'NONE', #1668, 39.37007874015748100 ) ;
#846 = AXIS2_PLACEMENT_3D ( 'NONE', #1265, #570, #1413 ) ;
#847 = VERTEX_POINT ( 'NONE', #282 ) ;
#848 = CARTESIAN_POINT ( 'NONE',  ( -0.2460718050346917000, 0.05616428373057633100, -3.414809992080329000E-017 ) ) ;
#849 = EDGE_LOOP ( 'NONE', ( #700, #540 ) ) ;
#850 = DIRECTION ( 'NONE',  ( 0.0000000000000000000, -1.000000000000000000, 0.0000000000000000000 ) ) ;
#851 = EDGE_CURVE ( 'NONE', #496, #84, #1302, .T. ) ;
#852 = CARTESIAN_POINT ( 'NONE',  ( 0.1065000000000000300, 1.304248841091931500E-017, 0.1125000000000000300 ) ) ;
#853 = ORIENTED_EDGE ( 'NONE', *, *, #1622, .F. ) ;
#854 = AXIS2_PLACEMENT_3D ( 'NONE', #661, #1619, #1753 ) ;
#855 = DIRECTION ( 'NONE',  ( 0.7818314824680311400, 0.6234898018587320400, 0.0000000000000000000 ) ) ;
#856 = ORIENTED_EDGE ( 'NONE', *, *, #497, .F. ) ;
#857 = ORIENTED_EDGE ( 'NONE', *, *, #1220, .T. ) ;
#858 = FACE_OUTER_BOUND ( 'NONE', #1604, .T. ) ;
#859 = PRODUCT_DEFINITION ( 'UNKNOWN', '', #606, #1140 ) ;
#860 = DIRECTION ( 'NONE',  ( -0.0000000000000000000, -0.0000000000000000000, 1.000000000000000000 ) ) ;
#861 = DIRECTION ( 'NONE',  ( 0.9009688679024157000, -0.4338837391175652800, 0.0000000000000000000 ) ) ;
#862 = EDGE_CURVE ( 'NONE', #625, #247, #956, .T. ) ;
#863 = DIRECTION ( 'NONE',  ( 1.000000000000000000, 0.0000000000000000000, 0.0000000000000000000 ) ) ;
#864 = ADVANCED_FACE ( 'NONE', ( #825, #577 ), #539, .F. ) ;
#865 = AXIS2_PLACEMENT_3D ( 'NONE', #486, #632, #235 ) ;
#866 = CLOSED_SHELL ( 'NONE', ( #584, #213 ) ) ;
#867 = CYLINDRICAL_SURFACE ( 'NONE', #242, 0.1631333333333333200 ) ;
#868 = FACE_OUTER_BOUND ( 'NONE', #1554, .T. ) ;
#869 = DIRECTION ( 'NONE',  ( 0.0000000000000000000, 0.0000000000000000000, -1.000000000000000000 ) ) ;
#870 = ORIENTED_EDGE ( 'NONE', *, *, #676, .F. ) ;
#871 = AXIS2_PLACEMENT_3D ( 'NONE', #145, #1767, #950 ) ;
#872 = ORIENTED_EDGE ( 'NONE', *, *, #983, .F. ) ;
#873 = CARTESIAN_POINT ( 'NONE',  ( 0.0000000000000000000, 0.0000000000000000000, 0.1150000000000001400 ) ) ;
#874 = ORIENTED_EDGE ( 'NONE', *, *, #205, .T. ) ;
#875 = ADVANCED_FACE ( 'NONE', ( #1278 ), #976, .F. ) ;
#876 = CARTESIAN_POINT ( 'NONE',  ( -0.2205199999999999900, 0.0000000000000000000, 0.1250000000000000300 ) ) ;
#877 = MANIFOLD_SOLID_BREP ( 'CirPattern1[10]', #234 ) ;
#878 = DIRECTION ( 'NONE',  ( 0.0000000000000000000, 0.0000000000000000000, -1.000000000000000000 ) ) ;
#879 = AXIS2_PLACEMENT_3D ( 'NONE', #933, #1734, #246 ) ;
#880 = ORIENTED_EDGE ( 'NONE', *, *, #702, .T. ) ;
#881 = FACE_OUTER_BOUND ( 'NONE', #545, .T. ) ;
#882 = SPHERICAL_SURFACE ( 'NONE', #522, 0.05469999999999996400 ) ;
#883 = ADVANCED_FACE ( 'NONE', ( #886, #239 ), #1103, .F. ) ;
#884 = DIRECTION ( 'NONE',  ( 1.224646799147353200E-016, 1.000000000000000000, 0.0000000000000000000 ) ) ;
#885 = EDGE_CURVE ( 'NONE', #137, #206, #361, .T. ) ;
#886 = FACE_BOUND ( 'NONE', #1096, .T. ) ;
#887 = DIRECTION ( 'NONE',  ( 0.2225209339563183300, 0.9749279121818227300, -0.0000000000000000000 ) ) ;
#888 = AXIS2_PLACEMENT_3D ( 'NONE', #1494, #1082, #664 ) ;
#889 = CARTESIAN_POINT ( 'NONE',  ( -0.09400000000000002800, 1.151167991198512400E-017, 0.1125000000000000300 ) ) ;
#890 = FACE_OUTER_BOUND ( 'NONE', #1089, .T. ) ;
#891 = ORIENTED_EDGE ( 'NONE', *, *, #565, .T. ) ;
#892 = ADVANCED_FACE ( 'NONE', ( #1207 ), #1658, .F. ) ;
#893 = CLOSED_SHELL ( 'NONE', ( #1695, #1465 ) ) ;
#894 = DIRECTION ( 'NONE',  ( -1.000000000000000000, 0.0000000000000000000, 0.0000000000000000000 ) ) ;
#895 = DIRECTION ( 'NONE',  ( 0.0000000000000000000, 0.0000000000000000000, -1.000000000000000000 ) ) ;
#896 = CARTESIAN_POINT ( 'NONE',  ( -0.1065000000000000300, 0.0000000000000000000, 0.1125000000000000300 ) ) ;
#897 = VERTEX_POINT ( 'NONE', #1423 ) ;
#898 = ORIENTED_EDGE ( 'NONE', *, *, #62, .F. ) ;
#899 = DIRECTION ( 'NONE',  ( 0.4338837391175525700, -0.9009688679024219200, 0.0000000000000000000 ) ) ;
#900 = ORIENTED_EDGE ( 'NONE', *, *, #1075, .F. ) ;
#901 = AXIS2_PLACEMENT_3D ( 'NONE', #1769, #1218, #966 ) ;
#902 = ADVANCED_FACE ( 'NONE', ( #1430, #1638 ), #164, .F. ) ;
#903 = FACE_OUTER_BOUND ( 'NONE', #499, .T. ) ;
#904 = AXIS2_PLACEMENT_3D ( 'NONE', #801, #643, #1071 ) ;
#905 = DIRECTION ( 'NONE',  ( 0.0000000000000000000, 0.0000000000000000000, -1.000000000000000000 ) ) ;
#906 = DIRECTION ( 'NONE',  ( 0.0000000000000000000, 0.0000000000000000000, -1.000000000000000000 ) ) ;
#907 = CARTESIAN_POINT ( 'NONE',  ( 0.2305200000000000300, 0.0000000000000000000, -0.1150000000000001700 ) ) ;
#908 = PRODUCT_DEFINITION_SHAPE ( 'NONE', 'NONE',  #859 ) ;
#909 = DATE_AND_TIME ( #1146, #777 ) ;
#910 = VECTOR ( 'NONE', #530, 39.37007874015748100 ) ;
#911 = EDGE_CURVE ( 'NONE', #1605, #759, #133, .T. ) ;
#912 = FACE_OUTER_BOUND ( 'NONE', #1479, .T. ) ;
#913 = VERTEX_POINT ( 'NONE', #993 ) ;
#914 = ORIENTED_EDGE ( 'NONE', *, *, #261, .F. ) ;
#915 = DIRECTION ( 'NONE',  ( 0.0000000000000000000, 0.0000000000000000000, -1.000000000000000000 ) ) ;
#916 = VERTEX_POINT ( 'NONE', #1006 ) ;
#917 = DIRECTION ( 'NONE',  ( 1.000000000000000000, 0.0000000000000000000, 0.0000000000000000000 ) ) ;
#918 = CLOSED_SHELL ( 'NONE', ( #1552, #1559 ) ) ;
#919 = DIRECTION ( 'NONE',  ( 0.9749279121818228400, -0.2225209339563182500, 0.0000000000000000000 ) ) ;
#920 = ORIENTED_EDGE ( 'NONE', *, *, #806, .T. ) ;
#921 = EDGE_CURVE ( 'NONE', #1257, #1394, #930, .T. ) ;
#922 = VECTOR ( 'NONE', #1612, 39.37007874015748900 ) ;
#923 = AXIS2_PLACEMENT_3D ( 'NONE', #1614, #238, #1741 ) ;
#924 = LINE ( 'NONE', #1654, #1467 ) ;
#925 = CARTESIAN_POINT ( 'NONE',  ( 0.0000000000000000000, 0.0000000000000000000, 0.1250000000000000300 ) ) ;
#926 = CARTESIAN_POINT ( 'NONE',  ( -0.2460718050346917000, 0.05616428373057633100, -3.414809992080329000E-017 ) ) ;
#927 = DIRECTION ( 'NONE',  ( 0.0000000000000000000, 0.0000000000000000000, -1.000000000000000000 ) ) ;
#928 = DIRECTION ( 'NONE',  ( -1.000000000000000000, 1.224646799147351700E-016, 0.0000000000000000000 ) ) ;
#929 = COORDINATED_UNIVERSAL_TIME_OFFSET ( 6, 0, .BEHIND. ) ;
#930 = LINE ( 'NONE', #27, #1190 ) ;
#931 = DIRECTION ( 'NONE',  ( 0.0000000000000000000, -1.000000000000000000, 0.0000000000000000000 ) ) ;
#932 = FACE_OUTER_BOUND ( 'NONE', #969, .T. ) ;
#933 = CARTESIAN_POINT ( 'NONE',  ( 0.0000000000000000000, 0.0000000000000000000, -3.414809992080329000E-017 ) ) ;
#934 = CYLINDRICAL_SURFACE ( 'NONE', #78, 0.2305200000000000300 ) ;
#935 = EDGE_LOOP ( 'NONE', ( #610, #1752 ) ) ;
#936 = AXIS2_PLACEMENT_3D ( 'NONE', #495, #1727, #1073 ) ;
#937 = CARTESIAN_POINT ( 'NONE',  ( 0.0000000000000000000, 0.0000000000000000000, 0.1250000000000000600 ) ) ;
#938 = ORIENTED_EDGE ( 'NONE', *, *, #289, .F. ) ;
#939 = APPROVAL_STATUS ( 'not_yet_approved' ) ;
#940 = DIRECTION ( 'NONE',  ( -0.4338837391175461900, 0.9009688679024248100, 0.0000000000000000000 ) ) ;
#941 = AXIS2_PLACEMENT_3D ( 'NONE', #225, #347, #69 ) ;
#942 = ORIENTED_EDGE ( 'NONE', *, *, #623, .T. ) ;
#943 = DIRECTION ( 'NONE',  ( 0.6234898018587320400, -0.7818314824680310200, 0.0000000000000000000 ) ) ;
#944 = ORIENTED_EDGE ( 'NONE', *, *, #1549, .F. ) ;
#945 = CARTESIAN_POINT ( 'NONE',  ( 0.1973342661749300000, -0.1573688259891452800, -3.414809992080329000E-017 ) ) ;
#946 = DIRECTION ( 'NONE',  ( -0.0000000000000000000, -0.0000000000000000000, 1.000000000000000000 ) ) ;
#947 = FACE_OUTER_BOUND ( 'NONE', #1381, .T. ) ;
#948 = EDGE_CURVE ( 'NONE', #1749, #1394, #1106, .T. ) ;
#949 = DIRECTION ( 'NONE',  ( -0.0000000000000000000, -0.0000000000000000000, 1.000000000000000000 ) ) ;
#950 = DIRECTION ( 'NONE',  ( 1.000000000000000000, 0.0000000000000000000, 0.0000000000000000000 ) ) ;
#951 = AXIS2_PLACEMENT_3D ( 'NONE', #1759, #252, #1628 ) ;
#952 = CARTESIAN_POINT ( 'NONE',  ( -0.1065000000000000300, 1.304248841091931500E-017, -0.1250000000000001400 ) ) ;
#953 = DIRECTION ( 'NONE',  ( -1.000000000000000000, 0.0000000000000000000, 0.0000000000000000000 ) ) ;
#954 = CARTESIAN_POINT ( 'NONE',  ( 0.0000000000000000000, 0.0000000000000000000, 0.1125000000000000300 ) ) ;
#955 = MANIFOLD_SOLID_BREP ( 'Split1[1]', #1538 ) ;
#956 = LINE ( 'NONE', #1662, #1251 ) ;
#957 = APPROVAL_STATUS ( 'not_yet_approved' ) ;
#958 = FACE_OUTER_BOUND ( 'NONE', #1412, .T. ) ;
#959 = ORIENTED_EDGE ( 'NONE', *, *, #590, .F. ) ;
#960 = DIRECTION ( 'NONE',  ( 0.0000000000000000000, 0.0000000000000000000, -1.000000000000000000 ) ) ;
#961 = ORIENTED_EDGE ( 'NONE', *, *, #599, .F. ) ;
#962 = ORIENTED_EDGE ( 'NONE', *, *, #1319, .T. ) ;
#963 = AXIS2_PLACEMENT_3D ( 'NONE', #926, #506, #498 ) ;
#964 = DIRECTION ( 'NONE',  ( 0.7071067811865511300, 0.0000000000000000000, 0.7071067811865439100 ) ) ;
#965 = AXIS2_PLACEMENT_3D ( 'NONE', #1002, #419, #300 ) ;
#966 = DIRECTION ( 'NONE',  ( 1.000000000000000000, 0.0000000000000000000, 0.0000000000000000000 ) ) ;
#967 = ORIENTED_EDGE ( 'NONE', *, *, #725, .F. ) ;
#968 = DIRECTION ( 'NONE',  ( 0.9009688679024218100, 0.4338837391175525100, -0.0000000000000000000 ) ) ;
#969 = EDGE_LOOP ( 'NONE', ( #371, #1701, #824, #441 ) ) ;
#970 = CARTESIAN_POINT ( 'NONE',  ( 0.0000000000000000000, 0.0000000000000000000, 0.1125000000000000300 ) ) ;
#971 = FACE_OUTER_BOUND ( 'NONE', #1663, .T. ) ;
#972 = FACE_OUTER_BOUND ( 'NONE', #1601, .T. ) ;
#973 = EDGE_CURVE ( 'NONE', #1047, #434, #490, .T. ) ;
#974 = DIRECTION ( 'NONE',  ( -0.0000000000000000000, -0.0000000000000000000, 1.000000000000000000 ) ) ;
#975 = CARTESIAN_POINT ( 'NONE',  ( 0.0000000000000000000, 0.0000000000000000000, -0.1250000000000001100 ) ) ;
#976 = TOROIDAL_SURFACE ( 'NONE', #1421, 0.2524000000000000100, 0.05469999999999999900 ) ;
#977 = VECTOR ( 'NONE', #745, 39.37007874015748100 ) ;
#978 = ORIENTED_EDGE ( 'NONE', *, *, #138, .F. ) ;
#979 = CIRCLE ( 'NONE', #1147, 0.05469999999999999900 ) ;
#980 = CARTESIAN_POINT ( 'NONE',  ( 0.0000000000000000000, 0.0000000000000000000, 0.1150000000000001400 ) ) ;
#981 = ORIENTED_EDGE ( 'NONE', *, *, #702, .F. ) ;
#982 = ORIENTED_EDGE ( 'NONE', *, *, #49, .F. ) ;
#983 = EDGE_CURVE ( 'NONE', #493, #582, #136, .T. ) ;
#984 = CARTESIAN_POINT ( 'NONE',  ( 0.0000000000000000000, 0.09400000000000004200, -0.1250000000000001400 ) ) ;
#985 = AXIS2_PLACEMENT_3D ( 'NONE', #671, #521, #1623 ) ;
#986 = DIRECTION ( 'NONE',  ( -0.0000000000000000000, -0.0000000000000000000, 1.000000000000000000 ) ) ;
#987 = VERTEX_POINT ( 'NONE', #571 ) ;
#988 = CARTESIAN_POINT ( 'NONE',  ( 0.0000000000000000000, 0.0000000000000000000, 0.1125000000000000300 ) ) ;
#989 = VERTEX_POINT ( 'NONE', #1293 ) ;
#990 = DIRECTION ( 'NONE',  ( 0.4338837391175524600, -0.9009688679024217000, 0.0000000000000000000 ) ) ;
#991 = SPHERICAL_SURFACE ( 'NONE', #963, 0.05469999999999996400 ) ;
#992 = AXIS2_PLACEMENT_3D ( 'NONE', #135, #668, #812 ) ;
#993 = CARTESIAN_POINT ( 'NONE',  ( -0.3435000000000000300, 4.206661755071158800E-017, -0.1125000000000001000 ) ) ;
#994 =( GEOMETRIC_REPRESENTATION_CONTEXT ( 3 ) GLOBAL_UNCERTAINTY_ASSIGNED_CONTEXT ( ( #309 ) ) GLOBAL_UNIT_ASSIGNED_CONTEXT ( ( #1384, #378, #1370 ) ) REPRESENTATION_CONTEXT ( 'NONE', 'WORKASPACE' ) );
#995 = DIRECTION ( 'NONE',  ( 1.000000000000000000, 0.0000000000000000000, 0.0000000000000000000 ) ) ;
#996 = VECTOR ( 'NONE', #460, 39.37007874015748100 ) ;
#997 = DIRECTION ( 'NONE',  ( -0.9009688679024249200, -0.4338837391175462400, 0.0000000000000000000 ) ) ;
#998 = ORIENTED_EDGE ( 'NONE', *, *, #1731, .F. ) ;
#999 = CARTESIAN_POINT ( 'NONE',  ( 0.0000000000000000000, 0.2524000000000000100, 0.05469999999999992900 ) ) ;
#1000 = EDGE_LOOP ( 'NONE', ( #832, #1136, #182, #160 ) ) ;
#1001 = ADVANCED_FACE ( 'NONE', ( #1231 ), #465, .T. ) ;
#1002 = CARTESIAN_POINT ( 'NONE',  ( 0.0000000000000000000, 0.0000000000000000000, -0.1125000000000001000 ) ) ;
#1003 = EDGE_LOOP ( 'NONE', ( #708, #348, #1051, #1137 ) ) ;
#1004 = DIRECTION ( 'NONE',  ( 1.000000000000000000, 0.0000000000000000000, 0.0000000000000000000 ) ) ;
#1005 = EDGE_CURVE ( 'NONE', #1047, #680, #444, .T. ) ;
#1006 = CARTESIAN_POINT ( 'NONE',  ( 0.1095122557532703000, -0.2274045422585712900, -0.05469999999999999900 ) ) ;
#1007 = VERTEX_POINT ( 'NONE', #1684 ) ;
#1008 = CARTESIAN_POINT ( 'NONE',  ( 0.1095122557532718900, 0.2274045422585704900, -3.414809992080329000E-017 ) ) ;
#1009 = ORIENTED_EDGE ( 'NONE', *, *, #229, .T. ) ;
#1010 = FACE_OUTER_BOUND ( 'NONE', #181, .T. ) ;
#1011 = CARTESIAN_POINT ( 'NONE',  ( -0.2305200000000000300, 2.823055801394478700E-017, 0.1250000000000001100 ) ) ;
#1012 = ADVANCED_FACE ( 'NONE', ( #1512 ), #1342, .T. ) ;
#1013 = CIRCLE ( 'NONE', #772, 0.05469999999999995700 ) ;
#1014 = DIRECTION ( 'NONE',  ( -0.2225209339563247200, -0.9749279121818212900, 0.0000000000000000000 ) ) ;
#1015 = CARTESIAN_POINT ( 'NONE',  ( 0.0000000000000000000, 0.0000000000000000000, 0.1250000000000000600 ) ) ;
#1016 = DIRECTION ( 'NONE',  ( -0.0000000000000000000, -0.0000000000000000000, 1.000000000000000000 ) ) ;
#1017 = PERSON ( 'UNSPECIFIED', 'UNSPECIFIED', 'UNSPECIFIED', ('UNSPECIFIED'), ('UNSPECIFIED'), ('UNSPECIFIED') ) ;
#1018 = CARTESIAN_POINT ( 'NONE',  ( 0.0000000000000000000, 0.0000000000000000000, 0.1250000000000001100 ) ) ;
#1019 = ORIENTED_EDGE ( 'NONE', *, *, #623, .F. ) ;
#1020 = AXIS2_PLACEMENT_3D ( 'NONE', #637, #485, #1470 ) ;
#1021 = CALENDAR_DATE ( 2022, 17, 11 ) ;
#1022 = CIRCLE ( 'NONE', #28, 0.05469999999999996400 ) ;
#1023 = ADVANCED_FACE ( 'NONE', ( #218 ), #692, .T. ) ;
#1024 = CIRCLE ( 'NONE', #811, 0.1631333333333333200 ) ;
#1025 = PRODUCT_RELATED_PRODUCT_CATEGORY ( 'detail', '', ( #598 ) ) ;
#1026 = FACE_OUTER_BOUND ( 'NONE', #236, .T. ) ;
#1027 = ORIENTED_EDGE ( 'NONE', *, *, #1499, .F. ) ;
#1028 = VERTEX_POINT ( 'NONE', #1151 ) ;
#1029 = DIRECTION ( 'NONE',  ( 1.000000000000000000, -1.224646799147353200E-016, 0.0000000000000000000 ) ) ;
#1030 = ORIENTED_EDGE ( 'NONE', *, *, #1379, .T. ) ;
#1031 = DIRECTION ( 'NONE',  ( -1.000000000000000000, 1.224646799147353900E-016, 0.0000000000000000000 ) ) ;
#1032 = AXIS2_PLACEMENT_3D ( 'NONE', #638, #89, #1608 ) ;
#1033 = ADVANCED_FACE ( 'NONE', ( #284 ), #554, .T. ) ;
#1034 = ORIENTED_EDGE ( 'NONE', *, *, #1557, .T. ) ;
#1035 = VERTEX_POINT ( 'NONE', #999 ) ;
#1036 = AXIS2_PLACEMENT_3D ( 'NONE', #1445, #607, #894 ) ;
#1037 = VERTEX_POINT ( 'NONE', #1138 ) ;
#1038 = DIRECTION ( 'NONE',  ( -0.0000000000000000000, -0.0000000000000000000, 1.000000000000000000 ) ) ;
#1039 = ADVANCED_FACE ( 'NONE', ( #323 ), #867, .F. ) ;
#1040 = EDGE_CURVE ( 'NONE', #569, #1290, #1736, .T. ) ;
#1041 = CARTESIAN_POINT ( 'NONE',  ( -0.3310000000000000200, 0.0000000000000000000, 0.1250000000000000300 ) ) ;
#1042 = LOCAL_TIME ( 11, 3, 42.00000000000000000, #667 ) ;
#1043 = AXIS2_PLACEMENT_3D ( 'NONE', #1748, #1216, #529 ) ;
#1044 = DIRECTION ( 'NONE',  ( -1.000000000000000000, 0.0000000000000000000, 0.0000000000000000000 ) ) ;
#1045 = CYLINDRICAL_SURFACE ( 'NONE', #374, 0.2305200000000000300 ) ;
#1046 = EDGE_LOOP ( 'NONE', ( #914, #1726 ) ) ;
#1047 = VERTEX_POINT ( 'NONE', #97 ) ;
#1048 = DIRECTION ( 'NONE',  ( -1.000000000000000000, 0.0000000000000000000, 0.0000000000000000000 ) ) ;
#1049 = CARTESIAN_POINT ( 'NONE',  ( 0.0000000000000000000, 0.0000000000000000000, 0.05013337810281685800 ) ) ;
#1050 = DIRECTION ( 'NONE',  ( 1.000000000000000000, 0.0000000000000000000, 0.0000000000000000000 ) ) ;
#1051 = ORIENTED_EDGE ( 'NONE', *, *, #1587, .F. ) ;
#1052 = ORIENTED_EDGE ( 'NONE', *, *, #713, .T. ) ;
#1053 = CARTESIAN_POINT ( 'NONE',  ( 0.0000000000000000000, 0.0000000000000000000, 0.1250000000000001100 ) ) ;
#1054 = AXIS2_PLACEMENT_3D ( 'NONE', #1056, #108, #1739 ) ;
#1055 = CYLINDRICAL_SURFACE ( 'NONE', #1574, 0.2742800000000000200 ) ;
#1056 = CARTESIAN_POINT ( 'NONE',  ( -0.2524000000000000100, 3.091008521047919800E-017, -3.414809992080329000E-017 ) ) ;
#1057 = ORIENTED_EDGE ( 'NONE', *, *, #1040, .T. ) ;
#1058 = AXIS2_PLACEMENT_3D ( 'NONE', #1547, #1121, #718 ) ;
#1059 = CARTESIAN_POINT ( 'NONE',  ( 0.09400000000000002800, 0.0000000000000000000, 0.1250000000000001100 ) ) ;
#1060 = CARTESIAN_POINT ( 'NONE',  ( 0.0000000000000000000, 0.0000000000000000000, 0.1250000000000001100 ) ) ;
#1061 = EDGE_LOOP ( 'NONE', ( #1074, #1236, #1742, #1454 ) ) ;
#1062 = LINE ( 'NONE', #552, #1475 ) ;
#1063 = EDGE_CURVE ( 'NONE', #157, #189, #1697, .T. ) ;
#1064 = SPHERICAL_SURFACE ( 'NONE', #774, 0.05469999999999996400 ) ;
#1065 = CARTESIAN_POINT ( 'NONE',  ( 0.0000000000000000000, -0.2524000000000000100, -3.414809992080329000E-017 ) ) ;
#1066 = FACE_OUTER_BOUND ( 'NONE', #1722, .T. ) ;
#1067 = ORIENTED_EDGE ( 'NONE', *, *, #471, .T. ) ;
#1068 = DIRECTION ( 'NONE',  ( -1.000000000000000000, 0.0000000000000000000, 0.0000000000000000000 ) ) ;
#1069 = DIRECTION ( 'NONE',  ( 1.000000000000000000, 0.0000000000000000000, 0.0000000000000000000 ) ) ;
#1070 = EDGE_LOOP ( 'NONE', ( #804, #1192 ) ) ;
#1071 = DIRECTION ( 'NONE',  ( 1.000000000000000000, 0.0000000000000000000, 0.0000000000000000000 ) ) ;
#1072 = DIRECTION ( 'NONE',  ( -0.0000000000000000000, -0.0000000000000000000, 1.000000000000000000 ) ) ;
#1073 = DIRECTION ( 'NONE',  ( -1.000000000000000000, 0.0000000000000000000, -0.0000000000000000000 ) ) ;
#1074 = ORIENTED_EDGE ( 'NONE', *, *, #1319, .F. ) ;
#1075 = EDGE_CURVE ( 'NONE', #1080, #470, #1548, .T. ) ;
#1076 = CARTESIAN_POINT ( 'NONE',  ( -0.1973342661749288000, 0.1573688259891467800, -3.414809992080329000E-017 ) ) ;
#1077 = ORIENTED_EDGE ( 'NONE', *, *, #297, .T. ) ;
#1078 = CARTESIAN_POINT ( 'NONE',  ( 0.0000000000000000000, 0.0000000000000000000, -0.1125000000000001000 ) ) ;
#1079 = AXIS2_PLACEMENT_3D ( 'NONE', #1488, #533, #127 ) ;
#1080 = VERTEX_POINT ( 'NONE', #691 ) ;
#1081 = CARTESIAN_POINT ( 'NONE',  ( 0.2842799999999999200, 0.0000000000000000000, 0.1250000000000000300 ) ) ;
#1082 = DIRECTION ( 'NONE',  ( 0.0000000000000000000, 0.0000000000000000000, -1.000000000000000000 ) ) ;
#1083 = CARTESIAN_POINT ( 'NONE',  ( 0.0000000000000000000, 0.2305200000000000300, 0.1250000000000000300 ) ) ;
#1084 = DIRECTION ( 'NONE',  ( 0.0000000000000000000, 0.0000000000000000000, 1.000000000000000000 ) ) ;
#1085 = CARTESIAN_POINT ( 'NONE',  ( 0.0000000000000000000, 0.0000000000000000000, -0.1250000000000001400 ) ) ;
#1086 = PERSON_AND_ORGANIZATION ( #1017, #343 ) ;
#1087 = CIRCLE ( 'NONE', #683, 0.2305200000000000300 ) ;
#1088 = DIRECTION ( 'NONE',  ( -0.7818314824680221400, 0.6234898018587431400, 0.0000000000000000000 ) ) ;
#1089 = EDGE_LOOP ( 'NONE', ( #579, #409, #1671, #1154 ) ) ;
#1090 = AXIS2_PLACEMENT_3D ( 'NONE', #1364, #946, #512 ) ;
#1091 = CARTESIAN_POINT ( 'NONE',  ( -0.2460718050346917000, 0.05616428373057633100, -3.414809992080329000E-017 ) ) ;
#1092 = ORIENTED_EDGE ( 'NONE', *, *, #507, .T. ) ;
#1093 = CARTESIAN_POINT ( 'NONE',  ( 0.1631333333333333200, 0.0000000000000000000, 0.1250000000000000600 ) ) ;
#1094 = EDGE_LOOP ( 'NONE', ( #721, #295 ) ) ;
#1095 = PERSON_AND_ORGANIZATION_ROLE ( 'design_supplier' ) ;
#1096 = EDGE_LOOP ( 'NONE', ( #16, #1647 ) ) ;
#1097 = CARTESIAN_POINT ( 'NONE',  ( 0.0000000000000000000, 0.0000000000000000000, 0.05013337810281685800 ) ) ;
#1098 = FACE_BOUND ( 'NONE', #1703, .T. ) ;
#1099 = EDGE_CURVE ( 'NONE', #1101, #603, #1550, .T. ) ;
#1100 = CARTESIAN_POINT ( 'NONE',  ( 0.3310000000000000200, 4.053580905177739400E-017, 0.1125000000000000300 ) ) ;
#1101 = VERTEX_POINT ( 'NONE', #681 ) ;
#1102 = CARTESIAN_POINT ( 'NONE',  ( 0.0000000000000000000, -0.2524000000000000100, 0.05469999999999992900 ) ) ;
#1103 = PLANE ( 'NONE',  #278 ) ;
#1104 = LOCAL_TIME ( 11, 3, 42.00000000000000000, #1321 ) ;
#1105 = DIRECTION ( 'NONE',  ( 0.0000000000000000000, 0.0000000000000000000, -1.000000000000000000 ) ) ;
#1106 = CIRCLE ( 'NONE', #451, 0.2842799999999999200 ) ;
#1107 = CIRCLE ( 'NONE', #720, 0.05469999999999996400 ) ;
#1108 = DIRECTION ( 'NONE',  ( -0.0000000000000000000, -0.0000000000000000000, 1.000000000000000000 ) ) ;
#1109 = FACE_OUTER_BOUND ( 'NONE', #1061, .T. ) ;
#1110 = DIRECTION ( 'NONE',  ( -0.0000000000000000000, -0.0000000000000000000, 1.000000000000000000 ) ) ;
#1111 = EDGE_LOOP ( 'NONE', ( #1645, #253, #880, #1309 ) ) ;
#1112 = VERTEX_POINT ( 'NONE', #1 ) ;
#1113 = AXIS2_PLACEMENT_3D ( 'NONE', #1163, #81, #617 ) ;
#1114 = DIRECTION ( 'NONE',  ( 0.6234898018587372600, 0.7818314824680270300, -0.0000000000000000000 ) ) ;
#1115 = ORIENTED_EDGE ( 'NONE', *, *, #380, .F. ) ;
#1116 = CARTESIAN_POINT ( 'NONE',  ( 0.1095122557532718900, 0.2274045422585704900, 0.05469999999999992900 ) ) ;
#1117 = TOROIDAL_SURFACE ( 'NONE', #798, 0.1065000000000000300, 0.01250000000000000100 ) ;
#1118 = SPHERICAL_SURFACE ( 'NONE', #1402, 0.05469999999999996400 ) ;
#1119 = EDGE_CURVE ( 'NONE', #244, #334, #1062, .T. ) ;
#1120 = DIRECTION ( 'NONE',  ( 0.0000000000000000000, 0.0000000000000000000, -1.000000000000000000 ) ) ;
#1121 = DIRECTION ( 'NONE',  ( -0.0000000000000000000, -0.0000000000000000000, 1.000000000000000000 ) ) ;
#1122 = AXIS2_PLACEMENT_3D ( 'NONE', #733, #1016, #1144 ) ;
#1123 = FACE_OUTER_BOUND ( 'NONE', #1003, .T. ) ;
#1124 = DIRECTION ( 'NONE',  ( -1.000000000000000000, -1.224646799147353500E-016, 0.0000000000000000000 ) ) ;
#1125 = CIRCLE ( 'NONE', #871, 0.1065000000000000300 ) ;
#1126 = DIRECTION ( 'NONE',  ( -0.0000000000000000000, -0.0000000000000000000, 1.000000000000000000 ) ) ;
#1127 = EDGE_LOOP ( 'NONE', ( #1179, #329, #1599, #144 ) ) ;
#1128 = EDGE_LOOP ( 'NONE', ( #1661, #1009, #167, #517 ) ) ;
#1129 = EDGE_CURVE ( 'NONE', #306, #1350, #1392, .T. ) ;
#1130 = CARTESIAN_POINT ( 'NONE',  ( -0.1973342661749288000, 0.1573688259891467800, -3.414809992080329000E-017 ) ) ;
#1131 = DIRECTION ( 'NONE',  ( 0.0000000000000000000, 0.0000000000000000000, 1.000000000000000000 ) ) ;
#1132 = AXIS2_PLACEMENT_3D ( 'NONE', #1452, #1169, #1158 ) ;
#1133 = CLOSED_SHELL ( 'NONE', ( #783, #1023 ) ) ;
#1134 = CARTESIAN_POINT ( 'NONE',  ( -0.1973342661749288000, 0.1573688259891467800, -0.05469999999999999900 ) ) ;
#1135 = ADVANCED_FACE ( 'NONE', ( #641 ), #1761, .T. ) ;
#1136 = ORIENTED_EDGE ( 'NONE', *, *, #519, .T. ) ;
#1137 = ORIENTED_EDGE ( 'NONE', *, *, #1119, .F. ) ;
#1138 = CARTESIAN_POINT ( 'NONE',  ( -0.2742800000000000200, 3.358961240701360300E-017, -0.1150000000000002100 ) ) ;
#1139 = CIRCLE ( 'NONE', #679, 0.01250000000000000200 ) ;
#1140 = DESIGN_CONTEXT ( 'detailed design', #518, 'design' ) ;
#1141 = AXIS2_PLACEMENT_3D ( 'NONE', #782, #1471, #768 ) ;
#1142 = CARTESIAN_POINT ( 'NONE',  ( 0.0000000000000000000, 0.0000000000000000000, 0.05013337810281685800 ) ) ;
#1143 = ADVANCED_FACE ( 'NONE', ( #618 ), #14, .F. ) ;
#1144 = DIRECTION ( 'NONE',  ( 1.000000000000000000, 0.0000000000000000000, 0.0000000000000000000 ) ) ;
#1145 = VERTEX_POINT ( 'NONE', #398 ) ;
#1146 = CALENDAR_DATE ( 2022, 17, 11 ) ;
#1147 = AXIS2_PLACEMENT_3D ( 'NONE', #586, #1283, #878 ) ;
#1148 = ORIENTED_EDGE ( 'NONE', *, *, #786, .F. ) ;
#1149 = SPHERICAL_SURFACE ( 'NONE', #1391, 0.05469999999999996400 ) ;
#1150 = FACE_OUTER_BOUND ( 'NONE', #707, .T. ) ;
#1151 = CARTESIAN_POINT ( 'NONE',  ( -0.1973342661749321000, -0.1573688259891426200, -0.05469999999999999900 ) ) ;
#1152 = FACE_OUTER_BOUND ( 'NONE', #723, .T. ) ;
#1153 = ORIENTED_EDGE ( 'NONE', *, *, #104, .T. ) ;
#1154 = ORIENTED_EDGE ( 'NONE', *, *, #1156, .F. ) ;
#1155 = DIRECTION ( 'NONE',  ( -0.2225209339563114800, 0.9749279121818244000, 0.0000000000000000000 ) ) ;
#1156 = EDGE_CURVE ( 'NONE', #287, #85, #1718, .T. ) ;
#1157 = ADVANCED_FACE ( 'NONE', ( #407 ), #803, .T. ) ;
#1158 = DIRECTION ( 'NONE',  ( -0.7818314824680310200, -0.6234898018587319300, 0.0000000000000000000 ) ) ;
#1159 = EDGE_LOOP ( 'NONE', ( #1180, #209, #1317, #645 ) ) ;
#1160 = FACE_OUTER_BOUND ( 'NONE', #778, .T. ) ;
#1161 = CARTESIAN_POINT ( 'NONE',  ( -0.1631333333333333200, 1.997807145009049100E-017, 0.1250000000000000600 ) ) ;
#1162 = ORIENTED_EDGE ( 'NONE', *, *, #851, .F. ) ;
#1163 = CARTESIAN_POINT ( 'NONE',  ( -0.1095122557532686900, 0.2274045422585720400, -3.414809992080329000E-017 ) ) ;
#1164 = ADVANCED_FACE ( 'NONE', ( #1307 ), #934, .T. ) ;
#1165 = DIRECTION ( 'NONE',  ( -1.000000000000000000, 0.0000000000000000000, 0.0000000000000000000 ) ) ;
#1166 = EDGE_CURVE ( 'NONE', #913, #742, #345, .T. ) ;
#1167 = CARTESIAN_POINT ( 'NONE',  ( 0.0000000000000000000, 0.0000000000000000000, -0.05013337810281692100 ) ) ;
#1168 = AXIS2_PLACEMENT_3D ( 'NONE', #767, #931, #1326 ) ;
#1169 = DIRECTION ( 'NONE',  ( -0.6234898018587319300, 0.7818314824680311400, 0.0000000000000000000 ) ) ;
#1170 = CC_DESIGN_PERSON_AND_ORGANIZATION_ASSIGNMENT ( #690, #688, ( #598 ) ) ;
#1171 = SPHERICAL_SURFACE ( 'NONE', #1491, 0.05469999999999996400 ) ;
#1172 = EDGE_LOOP ( 'NONE', ( #1241, #1597 ) ) ;
#1173 = ADVANCED_FACE ( 'NONE', ( #1109 ), #365, .T. ) ;
#1174 = VERTEX_POINT ( 'NONE', #1102 ) ;
#1175 = CARTESIAN_POINT ( 'NONE',  ( -0.2742800000000000200, 3.358961240701360300E-017, 0.1150000000000001400 ) ) ;
#1176 = CARTESIAN_POINT ( 'NONE',  ( 0.0000000000000000000, 0.0000000000000000000, 0.1250000000000000300 ) ) ;
#1177 = AXIS2_PLACEMENT_3D ( 'NONE', #1130, #302, #1269 ) ;
#1178 = ORIENTED_EDGE ( 'NONE', *, *, #786, .T. ) ;
#1179 = ORIENTED_EDGE ( 'NONE', *, *, #820, .F. ) ;
#1180 = ORIENTED_EDGE ( 'NONE', *, *, #205, .F. ) ;
#1181 = AXIS2_PLACEMENT_3D ( 'NONE', #1217, #1750, #1340 ) ;
#1182 = FACE_OUTER_BOUND ( 'NONE', #526, .T. ) ;
#1183 = DIRECTION ( 'NONE',  ( -0.0000000000000000000, -0.0000000000000000000, 1.000000000000000000 ) ) ;
#1184 = EDGE_CURVE ( 'NONE', #538, #123, #1125, .T. ) ;
#1185 = ORIENTED_EDGE ( 'NONE', *, *, #1480, .T. ) ;
#1186 = APPROVAL_DATE_TIME ( #1717, #1225 ) ;
#1187 = ORIENTED_EDGE ( 'NONE', *, *, #471, .F. ) ;
#1188 = CIRCLE ( 'NONE', #1043, 0.05469999999999996400 ) ;
#1189 = CARTESIAN_POINT ( 'NONE',  ( -0.2460718050346917000, 0.05616428373057633100, -3.414809992080329000E-017 ) ) ;
#1190 = VECTOR ( 'NONE', #1674, 39.37007874015748900 ) ;
#1191 = ORIENTED_EDGE ( 'NONE', *, *, #404, .T. ) ;
#1192 = ORIENTED_EDGE ( 'NONE', *, *, #161, .T. ) ;
#1193 = MANIFOLD_SOLID_BREP ( 'Revolve3', #918 ) ;
#1194 = CARTESIAN_POINT ( 'NONE',  ( 0.0000000000000000000, 0.0000000000000000000, -0.1125000000000001300 ) ) ;
#1195 = ADVANCED_FACE ( 'NONE', ( #557 ), #1432, .T. ) ;
#1196 = EDGE_CURVE ( 'NONE', #1257, #1329, #1347, .T. ) ;
#1197 = EDGE_LOOP ( 'NONE', ( #478, #96 ) ) ;
#1198 = DIRECTION ( 'NONE',  ( 0.0000000000000000000, -1.000000000000000000, 0.0000000000000000000 ) ) ;
#1199 = AXIS2_PLACEMENT_3D ( 'NONE', #1076, #678, #1088 ) ;
#1200 = CIRCLE ( 'NONE', #1339, 0.3435000000000000300 ) ;
#1201 = DIRECTION ( 'NONE',  ( -1.000000000000000000, 0.0000000000000000000, 0.0000000000000000000 ) ) ;
#1202 = CIRCLE ( 'NONE', #715, 0.1631333333333333200 ) ;
#1203 = CARTESIAN_POINT ( 'NONE',  ( 0.3310000000000000200, 0.0000000000000000000, -0.1250000000000001100 ) ) ;
#1204 = PLANE ( 'NONE',  #1724 ) ;
#1205 = DIRECTION ( 'NONE',  ( 1.000000000000000000, 0.0000000000000000000, 0.0000000000000000000 ) ) ;
#1206 = PLANE ( 'NONE',  #936 ) ;
#1207 = FACE_OUTER_BOUND ( 'NONE', #1709, .T. ) ;
#1208 = CIRCLE ( 'NONE', #1333, 0.2742800000000000200 ) ;
#1209 = CARTESIAN_POINT ( 'NONE',  ( 0.0000000000000000000, 0.0000000000000000000, -0.1250000000000001400 ) ) ;
#1210 = CIRCLE ( 'NONE', #1544, 0.2205199999999999900 ) ;
#1211 = EDGE_LOOP ( 'NONE', ( #982, #1743 ) ) ;
#1212 = DIRECTION ( 'NONE',  ( -0.0000000000000000000, -0.0000000000000000000, 1.000000000000000000 ) ) ;
#1213 = AXIS2_PLACEMENT_3D ( 'NONE', #1735, #943, #1474 ) ;
#1214 = DIRECTION ( 'NONE',  ( 1.000000000000000000, 0.0000000000000000000, 0.0000000000000000000 ) ) ;
#1215 = EDGE_LOOP ( 'NONE', ( #82, #120, #11, #42 ) ) ;
#1216 = DIRECTION ( 'NONE',  ( -0.6234898018587267100, 0.7818314824680352400, 0.0000000000000000000 ) ) ;
#1217 = CARTESIAN_POINT ( 'NONE',  ( 0.0000000000000000000, 0.0000000000000000000, -3.414809992080329000E-017 ) ) ;
#1218 = DIRECTION ( 'NONE',  ( -0.0000000000000000000, -0.0000000000000000000, 1.000000000000000000 ) ) ;
#1219 = EDGE_LOOP ( 'NONE', ( #307, #938, #1707, #827 ) ) ;
#1220 = EDGE_CURVE ( 'NONE', #847, #1539, #741, .T. ) ;
#1221 = ORIENTED_EDGE ( 'NONE', *, *, #1184, .T. ) ;
#1222 = EDGE_LOOP ( 'NONE', ( #390, #1524 ) ) ;
#1223 = AXIS2_PLACEMENT_3D ( 'NONE', #109, #1212, #805 ) ;
#1224 = FACE_OUTER_BOUND ( 'NONE', #1127, .T. ) ;
#1225 = APPROVAL ( #939, 'UNSPECIFIED' ) ;
#1226 = CARTESIAN_POINT ( 'NONE',  ( -0.3435000000000000300, 4.206661755071158800E-017, 0.1125000000000000300 ) ) ;
#1227 = DIRECTION ( 'NONE',  ( 0.7071067811865474600, 0.0000000000000000000, 0.7071067811865474600 ) ) ;
#1228 = EDGE_CURVE ( 'NONE', #625, #1427, #1210, .T. ) ;
#1229 = CARTESIAN_POINT ( 'NONE',  ( 0.0000000000000000000, 0.0000000000000000000, 0.1150000000000001400 ) ) ;
#1230 = ORIENTED_EDGE ( 'NONE', *, *, #482, .F. ) ;
#1231 = FACE_OUTER_BOUND ( 'NONE', #1629, .T. ) ;
#1232 = ORIENTED_EDGE ( 'NONE', *, *, #1005, .T. ) ;
#1233 = AXIS2_PLACEMENT_3D ( 'NONE', #731, #895, #1165 ) ;
#1234 = DIRECTION ( 'NONE',  ( 0.4338837391175587900, 0.9009688679024188100, 0.0000000000000000000 ) ) ;
#1235 = ORIENTED_EDGE ( 'NONE', *, *, #532, .F. ) ;
#1236 = ORIENTED_EDGE ( 'NONE', *, *, #983, .T. ) ;
#1237 = AXIS2_PLACEMENT_3D ( 'NONE', #1564, #1545, #995 ) ;
#1238 = DIRECTION ( 'NONE',  ( -0.0000000000000000000, -0.0000000000000000000, 1.000000000000000000 ) ) ;
#1239 = DIRECTION ( 'NONE',  ( -1.000000000000000000, 0.0000000000000000000, 0.0000000000000000000 ) ) ;
#1240 = CARTESIAN_POINT ( 'NONE',  ( -0.2460718050346928400, -0.05616428373057139700, -3.414809992080329000E-017 ) ) ;
#1241 = ORIENTED_EDGE ( 'NONE', *, *, #1610, .F. ) ;
#1242 = CARTESIAN_POINT ( 'NONE',  ( 0.1973342661749300000, -0.1573688259891452800, -3.414809992080329000E-017 ) ) ;
#1243 = DIRECTION ( 'NONE',  ( -1.000000000000000000, 0.0000000000000000000, 0.0000000000000000000 ) ) ;
#1244 = SPHERICAL_SURFACE ( 'NONE', #1624, 0.05469999999999996400 ) ;
#1245 = AXIS2_PLACEMENT_3D ( 'NONE', #696, #1262, #412 ) ;
#1246 = DIRECTION ( 'NONE',  ( 0.0000000000000000000, -0.0000000000000000000, 1.000000000000000000 ) ) ;
#1247 = CIRCLE ( 'NONE', #580, 0.2205199999999999700 ) ;
#1248 = CARTESIAN_POINT ( 'NONE',  ( 0.1973342661749300000, -0.1573688259891452800, -3.414809992080329000E-017 ) ) ;
#1249 = DIRECTION ( 'NONE',  ( 0.0000000000000000000, 0.0000000000000000000, -1.000000000000000000 ) ) ;
#1250 = CARTESIAN_POINT ( 'NONE',  ( 0.0000000000000000000, 0.0000000000000000000, 0.1250000000000001100 ) ) ;
#1251 = VECTOR ( 'NONE', #1523, 39.37007874015748100 ) ;
#1252 = FACE_OUTER_BOUND ( 'NONE', #1719, .T. ) ;
#1253 = ORIENTED_EDGE ( 'NONE', *, *, #725, .T. ) ;
#1254 = EDGE_CURVE ( 'NONE', #629, #1374, #1740, .T. ) ;
#1255 = DIRECTION ( 'NONE',  ( -0.0000000000000000000, -0.0000000000000000000, 1.000000000000000000 ) ) ;
#1256 = CYLINDRICAL_SURFACE ( 'NONE', #1603, 0.2305200000000000300 ) ;
#1257 = VERTEX_POINT ( 'NONE', #1382 ) ;
#1258 = ORIENTED_EDGE ( 'NONE', *, *, #921, .F. ) ;
#1259 = AXIS2_PLACEMENT_3D ( 'NONE', #1713, #884, #1031 ) ;
#1260 = DIRECTION ( 'NONE',  ( 1.224646799147353200E-016, 1.000000000000000000, 0.0000000000000000000 ) ) ;
#1261 = CC_DESIGN_PERSON_AND_ORGANIZATION_ASSIGNMENT ( #30, #819, ( #859 ) ) ;
#1262 = DIRECTION ( 'NONE',  ( -0.0000000000000000000, -0.0000000000000000000, 1.000000000000000000 ) ) ;
#1263 = DIRECTION ( 'NONE',  ( -1.000000000000000000, 0.0000000000000000000, 0.0000000000000000000 ) ) ;
#1264 = ORIENTED_EDGE ( 'NONE', *, *, #663, .F. ) ;
#1265 = CARTESIAN_POINT ( 'NONE',  ( -0.1095122557532686900, 0.2274045422585720400, -3.414809992080329000E-017 ) ) ;
#1266 = ORIENTED_EDGE ( 'NONE', *, *, #519, .F. ) ;
#1267 = EDGE_LOOP ( 'NONE', ( #1457, #1533 ) ) ;
#1268 = LINE ( 'NONE', #631, #1383 ) ;
#1269 = DIRECTION ( 'NONE',  ( 0.7818314824680220300, -0.6234898018587432500, 0.0000000000000000000 ) ) ;
#1270 = AXIS2_PLACEMENT_3D ( 'NONE', #1521, #1108, #1400 ) ;
#1271 = DIRECTION ( 'NONE',  ( 0.0000000000000000000, -0.0000000000000000000, 1.000000000000000000 ) ) ;
#1272 = ADVANCED_FACE ( 'NONE', ( #1026 ), #1045, .T. ) ;
#1273 = DIRECTION ( 'NONE',  ( -1.000000000000000000, 1.224646799147353500E-016, 0.0000000000000000000 ) ) ;
#1274 = MANIFOLD_SOLID_BREP ( 'CirPattern1[6]', #1133 ) ;
#1275 = DIRECTION ( 'NONE',  ( 1.000000000000000000, 0.0000000000000000000, 0.0000000000000000000 ) ) ;
#1276 = DIRECTION ( 'NONE',  ( -0.0000000000000000000, -0.0000000000000000000, 1.000000000000000000 ) ) ;
#1277 = EDGE_LOOP ( 'NONE', ( #1162, #998, #1762, #226 ) ) ;
#1278 = FACE_OUTER_BOUND ( 'NONE', #1322, .T. ) ;
#1279 = FACE_BOUND ( 'NONE', #1070, .T. ) ;
#1280 = CARTESIAN_POINT ( 'NONE',  ( 0.1973342661749300000, -0.1573688259891452800, 0.05469999999999992900 ) ) ;
#1281 = ORIENTED_EDGE ( 'NONE', *, *, #541, .F. ) ;
#1282 = EDGE_LOOP ( 'NONE', ( #1764, #217, #1583, #1640 ) ) ;
#1283 = DIRECTION ( 'NONE',  ( 0.0000000000000000000, -1.000000000000000000, 0.0000000000000000000 ) ) ;
#1284 = EDGE_CURVE ( 'NONE', #287, #434, #670, .T. ) ;
#1285 = ADVANCED_FACE ( 'NONE', ( #325 ), #286, .F. ) ;
#1286 = CARTESIAN_POINT ( 'NONE',  ( 0.2460718050346920900, -0.05616428373057472800, -3.414809992080329000E-017 ) ) ;
#1287 = ORIENTED_EDGE ( 'NONE', *, *, #757, .T. ) ;
#1288 = CARTESIAN_POINT ( 'NONE',  ( 0.0000000000000000000, 0.0000000000000000000, 0.1250000000000000300 ) ) ;
#1289 = DIRECTION ( 'NONE',  ( 0.0000000000000000000, 0.0000000000000000000, 1.000000000000000000 ) ) ;
#1290 = VERTEX_POINT ( 'NONE', #1280 ) ;
#1291 = DIRECTION ( 'NONE',  ( 0.0000000000000000000, 0.0000000000000000000, -1.000000000000000000 ) ) ;
#1292 = EDGE_LOOP ( 'NONE', ( #1187, #1495, #228, #1483 ) ) ;
#1293 = CARTESIAN_POINT ( 'NONE',  ( 0.0000000000000000000, 0.2524000000000000100, -0.05469999999999999900 ) ) ;
#1294 = FACE_OUTER_BOUND ( 'NONE', #92, .T. ) ;
#1295 = ADVANCED_FACE ( 'NONE', ( #262 ), #56, .T. ) ;
#1296 = CIRCLE ( 'NONE', #1270, 0.1977000000000000100 ) ;
#1297 = EDGE_CURVE ( 'NONE', #1080, #123, #425, .T. ) ;
#1298 = DIRECTION ( 'NONE',  ( -0.0000000000000000000, -0.0000000000000000000, 1.000000000000000000 ) ) ;
#1299 = AXIS2_PLACEMENT_3D ( 'NONE', #896, #198, #333 ) ;
#1300 = CARTESIAN_POINT ( 'NONE',  ( 0.0000000000000000000, -0.2524000000000000100, -3.414809992080329000E-017 ) ) ;
#1301 = DIRECTION ( 'NONE',  ( -0.0000000000000000000, -0.0000000000000000000, 1.000000000000000000 ) ) ;
#1302 = LINE ( 'NONE', #1398, #736 ) ;
#1303 = ADVANCED_FACE ( 'NONE', ( #1066 ), #468, .T. ) ;
#1304 = LINE ( 'NONE', #1059, #1514 ) ;
#1305 = CARTESIAN_POINT ( 'NONE',  ( 0.1631333333333333200, 0.0000000000000000000, -0.1250000000000001400 ) ) ;
#1306 = DIRECTION ( 'NONE',  ( 0.6234898018587267100, -0.7818314824680350200, 0.0000000000000000000 ) ) ;
#1307 = FACE_OUTER_BOUND ( 'NONE', #601, .T. ) ;
#1308 = ORIENTED_EDGE ( 'NONE', *, *, #1731, .T. ) ;
#1309 = ORIENTED_EDGE ( 'NONE', *, *, #380, .T. ) ;
#1310 = CARTESIAN_POINT ( 'NONE',  ( 0.0000000000000000000, 0.0000000000000000000, -0.1150000000000001700 ) ) ;
#1311 = AXIS2_PLACEMENT_3D ( 'NONE', #1642, #111, #823 ) ;
#1312 = CARTESIAN_POINT ( 'NONE',  ( 0.0000000000000000000, 0.0000000000000000000, -0.1250000000000001400 ) ) ;
#1313 = DIRECTION ( 'NONE',  ( 1.000000000000000000, 0.0000000000000000000, 0.0000000000000000000 ) ) ;
#1314 = ADVANCED_FACE ( 'NONE', ( #113 ), #1171, .T. ) ;
#1315 = AXIS2_PLACEMENT_3D ( 'NONE', #1694, #594, #724 ) ;
#1316 = EDGE_LOOP ( 'NONE', ( #808, #1019, #353, #1592 ) ) ;
#1317 = ORIENTED_EDGE ( 'NONE', *, *, #663, .T. ) ;
#1318 = ORIENTED_EDGE ( 'NONE', *, *, #350, .T. ) ;
#1319 = EDGE_CURVE ( 'NONE', #493, #470, #717, .T. ) ;
#1320 = AXIS2_PLACEMENT_3D ( 'NONE', #544, #1249, #1390 ) ;
#1321 = COORDINATED_UNIVERSAL_TIME_OFFSET ( 6, 0, .BEHIND. ) ;
#1322 = EDGE_LOOP ( 'NONE', ( #816, #874, #1518, #1153 ) ) ;
#1323 = CIRCLE ( 'NONE', #43, 0.09400000000000002800 ) ;
#1324 = ORIENTED_EDGE ( 'NONE', *, *, #1480, .F. ) ;
#1325 = ORIENTED_EDGE ( 'NONE', *, *, #71, .F. ) ;
#1326 = DIRECTION ( 'NONE',  ( 0.0000000000000000000, 0.0000000000000000000, -1.000000000000000000 ) ) ;
#1327 = VERTEX_POINT ( 'NONE', #1404 ) ;
#1328 = AXIS2_PLACEMENT_3D ( 'NONE', #1229, #1636, #654 ) ;
#1329 = VERTEX_POINT ( 'NONE', #151 ) ;
#1330 = CARTESIAN_POINT ( 'NONE',  ( -0.2460718050346928400, -0.05616428373057139700, -3.414809992080329000E-017 ) ) ;
#1331 = DIRECTION ( 'NONE',  ( -1.000000000000000000, 0.0000000000000000000, 0.0000000000000000000 ) ) ;
#1332 = ORIENTED_EDGE ( 'NONE', *, *, #862, .T. ) ;
#1333 = AXIS2_PLACEMENT_3D ( 'NONE', #1167, #776, #472 ) ;
#1334 = FACE_OUTER_BOUND ( 'NONE', #51, .T. ) ;
#1335 = CARTESIAN_POINT ( 'NONE',  ( 0.2305200000000000300, 0.0000000000000000000, 0.05013337810281685800 ) ) ;
#1336 = FACE_OUTER_BOUND ( 'NONE', #399, .T. ) ;
#1337 = CARTESIAN_POINT ( 'NONE',  ( 0.1065000000000000300, 0.0000000000000000000, -0.1250000000000001400 ) ) ;
#1338 = DIRECTION ( 'NONE',  ( 0.0000000000000000000, 0.0000000000000000000, -1.000000000000000000 ) ) ;
#1339 = AXIS2_PLACEMENT_3D ( 'NONE', #755, #605, #1044 ) ;
#1340 = DIRECTION ( 'NONE',  ( 1.000000000000000000, 0.0000000000000000000, 0.0000000000000000000 ) ) ;
#1341 = CALENDAR_DATE ( 2022, 17, 11 ) ;
#1342 = SPHERICAL_SURFACE ( 'NONE', #666, 0.05469999999999996400 ) ;
#1343 = DIRECTION ( 'NONE',  ( 0.0000000000000000000, 0.0000000000000000000, -1.000000000000000000 ) ) ;
#1344 = CIRCLE ( 'NONE', #1213, 0.05469999999999994300 ) ;
#1345 = CARTESIAN_POINT ( 'NONE',  ( 0.2742800000000000200, 0.0000000000000000000, 0.1150000000000001400 ) ) ;
#1346 = DIMENSIONAL_EXPONENTS ( 1.000000000000000000, 0.0000000000000000000, 0.0000000000000000000, 0.0000000000000000000, 0.0000000000000000000, 0.0000000000000000000, 0.0000000000000000000 ) ;
#1347 = LINE ( 'NONE', #408, #644 ) ;
#1348 = EDGE_LOOP ( 'NONE', ( #587, #1148, #566, #1115 ) ) ;
#1349 = CLOSED_SHELL ( 'NONE', ( #1688, #456 ) ) ;
#1350 = VERTEX_POINT ( 'NONE', #1116 ) ;
#1351 = DIRECTION ( 'NONE',  ( -0.9749279121818214000, 0.2225209339563246100, 0.0000000000000000000 ) ) ;
#1352 = EDGE_CURVE ( 'NONE', #987, #719, #758, .T. ) ;
#1353 = CARTESIAN_POINT ( 'NONE',  ( 0.2205199999999999900, 2.761823461437111200E-017, 0.1250000000000000300 ) ) ;
#1354 = ORIENTED_EDGE ( 'NONE', *, *, #613, .T. ) ;
#1355 = DIRECTION ( 'NONE',  ( 0.0000000000000000000, 0.0000000000000000000, -1.000000000000000000 ) ) ;
#1356 = AXIS2_PLACEMENT_3D ( 'NONE', #373, #1723, #107 ) ;
#1357 = MECHANICAL_CONTEXT ( 'NONE', #799, 'mechanical' ) ;
#1358 = ORIENTED_EDGE ( 'NONE', *, *, #350, .F. ) ;
#1359 = CARTESIAN_POINT ( 'NONE',  ( -0.1631333333333333200, 1.997807145009049100E-017, 0.1250000000000000600 ) ) ;
#1360 = DIRECTION ( 'NONE',  ( 0.0000000000000000000, 0.0000000000000000000, 1.000000000000000000 ) ) ;
#1361 = FACE_OUTER_BOUND ( 'NONE', #1395, .T. ) ;
#1362 = DIRECTION ( 'NONE',  ( -0.0000000000000000000, -0.0000000000000000000, 1.000000000000000000 ) ) ;
#1363 = DIRECTION ( 'NONE',  ( 0.0000000000000000000, 0.0000000000000000000, -1.000000000000000000 ) ) ;
#1364 = CARTESIAN_POINT ( 'NONE',  ( 0.0000000000000000000, 0.0000000000000000000, -3.414809992080329000E-017 ) ) ;
#1365 = DIRECTION ( 'NONE',  ( 0.6234898018587267100, -0.7818314824680350200, 0.0000000000000000000 ) ) ;
#1366 = AXIS2_PLACEMENT_3D ( 'NONE', #542, #142, #292 ) ;
#1367 = APPROVAL_DATE_TIME ( #909, #1590 ) ;
#1368 = VERTEX_POINT ( 'NONE', #1406 ) ;
#1369 = DIRECTION ( 'NONE',  ( 1.000000000000000000, 0.0000000000000000000, 0.0000000000000000000 ) ) ;
#1370 =( NAMED_UNIT ( * ) SI_UNIT ( $, .STERADIAN. ) SOLID_ANGLE_UNIT ( ) );
#1371 = ORIENTED_EDGE ( 'NONE', *, *, #1756, .F. ) ;
#1372 = AXIS2_PLACEMENT_3D ( 'NONE', #1176, #905, #1048 ) ;
#1373 = CARTESIAN_POINT ( 'NONE',  ( 0.1065000000000000300, 0.0000000000000000000, -0.1125000000000001300 ) ) ;
#1374 = VERTEX_POINT ( 'NONE', #159 ) ;
#1375 = CARTESIAN_POINT ( 'NONE',  ( 0.0000000000000000000, 0.0000000000000000000, 0.1250000000000001100 ) ) ;
#1376 = DATE_TIME_ROLE ( 'classification_date' ) ;
#1377 = CARTESIAN_POINT ( 'NONE',  ( 0.1973342661749300000, -0.1573688259891452800, -3.414809992080329000E-017 ) ) ;
#1378 = ORIENTED_EDGE ( 'NONE', *, *, #1708, .F. ) ;
#1379 = EDGE_CURVE ( 'NONE', #122, #1080, #1323, .T. ) ;
#1380 = CARTESIAN_POINT ( 'NONE',  ( 0.1631333333333333200, 0.0000000000000000000, -0.1253937007874017200 ) ) ;
#1381 = EDGE_LOOP ( 'NONE', ( #140, #430 ) ) ;
#1382 = CARTESIAN_POINT ( 'NONE',  ( 0.2742800000000000200, 0.0000000000000000000, -0.1150000000000002100 ) ) ;
#1383 = VECTOR ( 'NONE', #1737, 39.37007874015748100 ) ;
#1384 =( CONVERSION_BASED_UNIT ( 'INCH', #466 ) LENGTH_UNIT ( ) NAMED_UNIT ( #1346 ) );
#1385 = CYLINDRICAL_SURFACE ( 'NONE', #163, 0.2742800000000000200 ) ;
#1386 = DIRECTION ( 'NONE',  ( 0.2225209339563182500, 0.9749279121818228400, -0.0000000000000000000 ) ) ;
#1387 = CARTESIAN_POINT ( 'NONE',  ( -0.2460718050346917000, 0.05616428373057633100, 0.05469999999999992900 ) ) ;
#1388 = FACE_OUTER_BOUND ( 'NONE', #1551, .T. ) ;
#1389 = TOROIDAL_SURFACE ( 'NONE', #1181, 0.2524000000000000100, 0.05469999999999999900 ) ;
#1390 = DIRECTION ( 'NONE',  ( 1.000000000000000000, 0.0000000000000000000, 0.0000000000000000000 ) ) ;
#1391 = AXIS2_PLACEMENT_3D ( 'NONE', #388, #1365, #263 ) ;
#1392 = CIRCLE ( 'NONE', #705, 0.05469999999999997100 ) ;
#1393 = ORIENTED_EDGE ( 'NONE', *, *, #1569, .F. ) ;
#1394 = VERTEX_POINT ( 'NONE', #1529 ) ;
#1395 = EDGE_LOOP ( 'NONE', ( #367, #1191 ) ) ;
#1396 = DIRECTION ( 'NONE',  ( 1.000000000000000000, 0.0000000000000000000, 0.0000000000000000000 ) ) ;
#1397 = CARTESIAN_POINT ( 'NONE',  ( 0.0000000000000000000, 0.0000000000000000000, -0.1250000000000001400 ) ) ;
#1398 = CARTESIAN_POINT ( 'NONE',  ( -0.2305200000000000300, 2.823055801394478700E-017, -0.1150000000000001700 ) ) ;
#1399 = ORIENTED_EDGE ( 'NONE', *, *, #532, .T. ) ;
#1400 = DIRECTION ( 'NONE',  ( 1.000000000000000000, 0.0000000000000000000, 0.0000000000000000000 ) ) ;
#1401 = EDGE_LOOP ( 'NONE', ( #201, #433 ) ) ;
#1402 = AXIS2_PLACEMENT_3D ( 'NONE', #829, #420, #550 ) ;
#1403 = CIRCLE ( 'NONE', #901, 0.1631333333333333200 ) ;
#1404 = CARTESIAN_POINT ( 'NONE',  ( 0.1973342661749310500, 0.1573688259891439800, 0.05469999999999992900 ) ) ;
#1405 = CARTESIAN_POINT ( 'NONE',  ( -0.1095122557532734500, -0.2274045422585697400, -3.414809992080329000E-017 ) ) ;
#1406 = CARTESIAN_POINT ( 'NONE',  ( 0.2460718050346920900, -0.05616428373057472800, -0.05469999999999999900 ) ) ;
#1407 = PERSON_AND_ORGANIZATION ( #1017, #343 ) ;
#1408 = EDGE_CURVE ( 'NONE', #334, #117, #600, .T. ) ;
#1409 = VECTOR ( 'NONE', #8, 39.37007874015748100 ) ;
#1410 = ORIENTED_EDGE ( 'NONE', *, *, #796, .F. ) ;
#1411 = DIRECTION ( 'NONE',  ( 1.000000000000000000, 0.0000000000000000000, 0.0000000000000000000 ) ) ;
#1412 = EDGE_LOOP ( 'NONE', ( #1030, #837, #1673, #1639 ) ) ;
#1413 = DIRECTION ( 'NONE',  ( 0.4338837391175462400, -0.9009688679024248100, 0.0000000000000000000 ) ) ;
#1414 = DIRECTION ( 'NONE',  ( 0.9009688679024158200, -0.4338837391175650600, 0.0000000000000000000 ) ) ;
#1415 = ORIENTED_EDGE ( 'NONE', *, *, #124, .T. ) ;
#1416 = ADVANCED_FACE ( 'NONE', ( #158 ), #1700, .F. ) ;
#1417 = DIRECTION ( 'NONE',  ( -1.000000000000000000, 0.0000000000000000000, 0.0000000000000000000 ) ) ;
#1418 = ORIENTED_EDGE ( 'NONE', *, *, #428, .T. ) ;
#1419 = SPHERICAL_SURFACE ( 'NONE', #1141, 0.05469999999999996400 ) ;
#1420 = CARTESIAN_POINT ( 'NONE',  ( 0.0000000000000000000, 0.0000000000000000000, 0.1250000000000000600 ) ) ;
#1421 = AXIS2_PLACEMENT_3D ( 'NONE', #1528, #139, #703 ) ;
#1422 = TOROIDAL_SURFACE ( 'NONE', #650, 0.3310000000000000200, 0.01250000000000000100 ) ;
#1423 = CARTESIAN_POINT ( 'NONE',  ( 0.1631333333333333200, 0.0000000000000000000, 0.1250000000000000600 ) ) ;
#1424 = DIRECTION ( 'NONE',  ( 1.000000000000000000, 0.0000000000000000000, 0.0000000000000000000 ) ) ;
#1425 = AXIS2_PLACEMENT_3D ( 'NONE', #423, #712, #35 ) ;
#1426 = ADVANCED_FACE ( 'NONE', ( #243 ), #384, .T. ) ;
#1427 = VERTEX_POINT ( 'NONE', #876 ) ;
#1428 = PERSON_AND_ORGANIZATION ( #1017, #343 ) ;
#1429 = DIRECTION ( 'NONE',  ( -0.9749279121818211800, 0.2225209339563245800, 0.0000000000000000000 ) ) ;
#1430 = FACE_BOUND ( 'NONE', #21, .T. ) ;
#1431 = FACE_OUTER_BOUND ( 'NONE', #769, .T. ) ;
#1432 = SPHERICAL_SURFACE ( 'NONE', #488, 0.05469999999999996400 ) ;
#1433 = ORIENTED_EDGE ( 'NONE', *, *, #1444, .T. ) ;
#1434 = EDGE_CURVE ( 'NONE', #1669, #189, #979, .T. ) ;
#1435 = EDGE_LOOP ( 'NONE', ( #274, #457, #734, #609 ) ) ;
#1436 = DIRECTION ( 'NONE',  ( 1.000000000000000000, 0.0000000000000000000, 0.0000000000000000000 ) ) ;
#1437 = ADVANCED_FACE ( 'NONE', ( #958 ), #305, .F. ) ;
#1438 = DIRECTION ( 'NONE',  ( -1.000000000000000000, 0.0000000000000000000, 0.0000000000000000000 ) ) ;
#1439 = CARTESIAN_POINT ( 'NONE',  ( -0.1631333333333333200, 1.997807145009049100E-017, -0.1250000000000001400 ) ) ;
#1440 = VERTEX_POINT ( 'NONE', #177 ) ;
#1441 = DIRECTION ( 'NONE',  ( -0.9009688679024157000, 0.4338837391175651700, 0.0000000000000000000 ) ) ;
#1442 = CLOSED_SHELL ( 'NONE', ( #500, #310 ) ) ;
#1443 = FACE_OUTER_BOUND ( 'NONE', #559, .T. ) ;
#1444 = EDGE_CURVE ( 'NONE', #84, #1112, #1660, .T. ) ;
#1445 = CARTESIAN_POINT ( 'NONE',  ( 0.0000000000000000000, 0.0000000000000000000, 0.1149999999999998700 ) ) ;
#1446 = ADVANCED_FACE ( 'NONE', ( #200 ), #1256, .T. ) ;
#1447 = DIRECTION ( 'NONE',  ( 0.0000000000000000000, -1.000000000000000000, 0.0000000000000000000 ) ) ;
#1448 = AXIS2_PLACEMENT_3D ( 'NONE', #1565, #1577, #1436 ) ;
#1449 = CARTESIAN_POINT ( 'NONE',  ( -0.1095122557532734500, -0.2274045422585697400, -3.414809992080329000E-017 ) ) ;
#1450 = DIRECTION ( 'NONE',  ( -1.000000000000000000, 0.0000000000000000000, 0.0000000000000000000 ) ) ;
#1451 = PERSON_AND_ORGANIZATION ( #1017, #343 ) ;
#1452 = CARTESIAN_POINT ( 'NONE',  ( 0.1973342661749310500, 0.1573688259891439800, -3.414809992080329000E-017 ) ) ;
#1453 = VECTOR ( 'NONE', #36, 39.37007874015748100 ) ;
#1454 = ORIENTED_EDGE ( 'NONE', *, *, #428, .F. ) ;
#1455 = ADVANCED_FACE ( 'NONE', ( #890 ), #695, .F. ) ;
#1456 = EDGE_CURVE ( 'NONE', #525, #1174, #784, .T. ) ;
#1457 = ORIENTED_EDGE ( 'NONE', *, *, #438, .F. ) ;
#1458 = DIRECTION ( 'NONE',  ( 1.000000000000000000, 0.0000000000000000000, 0.0000000000000000000 ) ) ;
#1459 = AXIS2_PLACEMENT_3D ( 'NONE', #694, #1255, #1396 ) ;
#1460 = DIRECTION ( 'NONE',  ( -0.4338837391175651100, -0.9009688679024158200, 0.0000000000000000000 ) ) ;
#1461 = DIRECTION ( 'NONE',  ( -0.0000000000000000000, -0.0000000000000000000, 1.000000000000000000 ) ) ;
#1462 = AXIS2_PLACEMENT_3D ( 'NONE', #331, #1301, #1004 ) ;
#1463 = ORIENTED_EDGE ( 'NONE', *, *, #1653, .F. ) ;
#1464 = VERTEX_POINT ( 'NONE', #449 ) ;
#1465 = ADVANCED_FACE ( 'NONE', ( #514 ), #31, .T. ) ;
#1466 = CIRCLE ( 'NONE', #1259, 0.05469999999999999900 ) ;
#1467 = VECTOR ( 'NONE', #1613, 39.37007874015748900 ) ;
#1468 = EDGE_CURVE ( 'NONE', #897, #603, #1571, .T. ) ;
#1469 = DIRECTION ( 'NONE',  ( 0.0000000000000000000, 1.000000000000000000, 0.0000000000000000000 ) ) ;
#1470 = DIRECTION ( 'NONE',  ( 1.000000000000000000, 0.0000000000000000000, 0.0000000000000000000 ) ) ;
#1471 = DIRECTION ( 'NONE',  ( 0.9009688679024158200, -0.4338837391175650600, 0.0000000000000000000 ) ) ;
#1472 = ORIENTED_EDGE ( 'NONE', *, *, #820, .T. ) ;
#1473 = FACE_OUTER_BOUND ( 'NONE', #1277, .T. ) ;
#1474 = DIRECTION ( 'NONE',  ( 0.7818314824680310200, 0.6234898018587319300, 0.0000000000000000000 ) ) ;
#1475 = VECTOR ( 'NONE', #964, 39.37007874015748100 ) ;
#1476 = ORIENTED_EDGE ( 'NONE', *, *, #1099, .T. ) ;
#1477 = DIRECTION ( 'NONE',  ( -0.0000000000000000000, -0.0000000000000000000, 1.000000000000000000 ) ) ;
#1478 = CARTESIAN_POINT ( 'NONE',  ( -0.2742800000000000200, 3.358961240701360300E-017, -0.05013337810281692100 ) ) ;
#1479 = EDGE_LOOP ( 'NONE', ( #1266, #476, #648, #672 ) ) ;
#1480 = EDGE_CURVE ( 'NONE', #266, #32, #1532, .T. ) ;
#1481 = AXIS2_PLACEMENT_3D ( 'NONE', #100, #1477, #233 ) ;
#1482 = DIRECTION ( 'NONE',  ( -0.0000000000000000000, -0.0000000000000000000, 1.000000000000000000 ) ) ;
#1483 = ORIENTED_EDGE ( 'NONE', *, *, #1254, .F. ) ;
#1484 = CARTESIAN_POINT ( 'NONE',  ( 0.0000000000000000000, 0.0000000000000000000, 0.1149999999999998700 ) ) ;
#1485 = DIRECTION ( 'NONE',  ( -1.000000000000000000, 1.224646799147353900E-016, 0.0000000000000000000 ) ) ;
#1486 = CIRCLE ( 'NONE', #128, 0.01250000000000000200 ) ;
#1487 = CARTESIAN_POINT ( 'NONE',  ( 0.1065000000000000300, 1.304248841091931500E-017, 0.1250000000000000300 ) ) ;
#1488 = CARTESIAN_POINT ( 'NONE',  ( 0.1973342661749310500, 0.1573688259891439800, -3.414809992080329000E-017 ) ) ;
#1489 = EDGE_CURVE ( 'NONE', #1112, #117, #1087, .T. ) ;
#1490 = CIRCLE ( 'NONE', #640, 0.2305200000000000300 ) ;
#1491 = AXIS2_PLACEMENT_3D ( 'NONE', #1680, #563, #855 ) ;
#1492 = CARTESIAN_POINT ( 'NONE',  ( 0.09400000000000002800, 0.0000000000000000000, -0.1125000000000001300 ) ) ;
#1493 = LINE ( 'NONE', #576, #996 ) ;
#1494 = CARTESIAN_POINT ( 'NONE',  ( 0.0000000000000000000, 0.0000000000000000000, 0.1250000000000000300 ) ) ;
#1495 = ORIENTED_EDGE ( 'NONE', *, *, #1665, .T. ) ;
#1496 = CARTESIAN_POINT ( 'NONE',  ( -0.2524000000000000100, 3.091008521047919800E-017, -3.414809992080329000E-017 ) ) ;
#1497 = EDGE_LOOP ( 'NONE', ( #697, #290 ) ) ;
#1498 = DIRECTION ( 'NONE',  ( -1.000000000000000000, 0.0000000000000000000, 0.0000000000000000000 ) ) ;
#1499 = EDGE_CURVE ( 'NONE', #1669, #247, #1493, .T. ) ;
#1500 = VERTEX_POINT ( 'NONE', #1134 ) ;
#1501 = CARTESIAN_POINT ( 'NONE',  ( 0.1095122557532718900, 0.2274045422585704900, -3.414809992080329000E-017 ) ) ;
#1502 = CARTESIAN_POINT ( 'NONE',  ( 0.0000000000000000000, 0.0000000000000000000, 0.0000000000000000000 ) ) ;
#1503 = ORIENTED_EDGE ( 'NONE', *, *, #1352, .T. ) ;
#1504 = VERTEX_POINT ( 'NONE', #1161 ) ;
#1505 = LINE ( 'NONE', #227, #922 ) ;
#1506 = CARTESIAN_POINT ( 'NONE',  ( 0.0000000000000000000, 0.0000000000000000000, -0.1250000000000001100 ) ) ;
#1507 = DIRECTION ( 'NONE',  ( -0.6234898018587431400, -0.7818314824680221400, 0.0000000000000000000 ) ) ;
#1508 = EDGE_CURVE ( 'NONE', #1427, #32, #597, .T. ) ;
#1509 = CARTESIAN_POINT ( 'NONE',  ( -0.2842799999999999200, 3.481425920616094100E-017, 0.1250000000000000300 ) ) ;
#1510 = AXIS2_PLACEMENT_3D ( 'NONE', #75, #61, #762 ) ;
#1511 = APPROVAL_PERSON_ORGANIZATION ( #822, #1590, #273 ) ;
#1512 = FACE_OUTER_BOUND ( 'NONE', #849, .T. ) ;
#1513 = APPLICATION_PROTOCOL_DEFINITION ( 'international standard', 'config_control_design', 1994, #799 ) ;
#1514 = VECTOR ( 'NONE', #665, 39.37007874015748100 ) ;
#1515 = AXIS2_PLACEMENT_3D ( 'NONE', #844, #1289, #1424 ) ;
#1516 = DIRECTION ( 'NONE',  ( 0.9749279121818228400, -0.2225209339563182500, 0.0000000000000000000 ) ) ;
#1517 = VECTOR ( 'NONE', #949, 39.37007874015748100 ) ;
#1518 = ORIENTED_EDGE ( 'NONE', *, *, #415, .F. ) ;
#1519 = ORIENTED_EDGE ( 'NONE', *, *, #1196, .T. ) ;
#1520 = DIRECTION ( 'NONE',  ( -0.0000000000000000000, -0.0000000000000000000, 1.000000000000000000 ) ) ;
#1521 = CARTESIAN_POINT ( 'NONE',  ( 0.0000000000000000000, 0.0000000000000000000, -4.084691791213931500E-017 ) ) ;
#1522 = EDGE_CURVE ( 'NONE', #989, #1035, #738, .T. ) ;
#1523 = DIRECTION ( 'NONE',  ( 0.7071067811865426900, 8.659560562354873700E-017, -0.7071067811865523500 ) ) ;
#1524 = ORIENTED_EDGE ( 'NONE', *, *, #497, .T. ) ;
#1525 = FACE_OUTER_BOUND ( 'NONE', #1211, .T. ) ;
#1526 = TOROIDAL_SURFACE ( 'NONE', #1090, 0.2524000000000000100, 0.05469999999999999900 ) ;
#1527 = CARTESIAN_POINT ( 'NONE',  ( -0.2305200000000000300, 2.823055801394478700E-017, 0.05013337810281685800 ) ) ;
#1528 = CARTESIAN_POINT ( 'NONE',  ( 0.0000000000000000000, 0.0000000000000000000, -3.414809992080329000E-017 ) ) ;
#1529 = CARTESIAN_POINT ( 'NONE',  ( 0.2842799999999999200, 3.481425920616094100E-017, -0.1250000000000001100 ) ) ;
#1530 = EDGE_CURVE ( 'NONE', #913, #1374, #220, .T. ) ;
#1531 = AXIS2_PLACEMENT_3D ( 'NONE', #1085, #1757, #800 ) ;
#1532 = LINE ( 'NONE', #1011, #1453 ) ;
#1533 = ORIENTED_EDGE ( 'NONE', *, *, #1676, .T. ) ;
#1534 = ORIENTED_EDGE ( 'NONE', *, *, #83, .T. ) ;
#1535 = DIRECTION ( 'NONE',  ( 0.0000000000000000000, 0.0000000000000000000, 1.000000000000000000 ) ) ;
#1536 = EDGE_CURVE ( 'NONE', #1504, #726, #362, .T. ) ;
#1537 = EDGE_LOOP ( 'NONE', ( #366, #469 ) ) ;
#1538 = CLOSED_SHELL ( 'NONE', ( #875, #1285, #1546, #1164, #473, #1272, #1714, #1039, #892, #864, #754, #1446, #1678, #1033, #593, #59 ) ) ;
#1539 = VERTEX_POINT ( 'NONE', #589 ) ;
#1540 = AXIS2_PLACEMENT_3D ( 'NONE', #1330, #1596, #375 ) ;
#1541 = DIRECTION ( 'NONE',  ( -0.9749279121818257300, -0.2225209339563050900, 0.0000000000000000000 ) ) ;
#1542 = CIRCLE ( 'NONE', #888, 0.2842799999999999200 ) ;
#1543 = DIRECTION ( 'NONE',  ( 1.000000000000000000, 0.0000000000000000000, 0.0000000000000000000 ) ) ;
#1544 = AXIS2_PLACEMENT_3D ( 'NONE', #1670, #706, #838 ) ;
#1545 = DIRECTION ( 'NONE',  ( -0.0000000000000000000, -0.0000000000000000000, 1.000000000000000000 ) ) ;
#1546 = ADVANCED_FACE ( 'NONE', ( #1123 ), #491, .T. ) ;
#1547 = CARTESIAN_POINT ( 'NONE',  ( 0.0000000000000000000, 0.0000000000000000000, -3.414809992080329000E-017 ) ) ;
#1548 = LINE ( 'NONE', #701, #910 ) ;
#1549 = EDGE_CURVE ( 'NONE', #1028, #183, #1107, .T. ) ;
#1550 = LINE ( 'NONE', #15, #447 ) ;
#1551 = EDGE_LOOP ( 'NONE', ( #1463, #1772, #1683, #170 ) ) ;
#1552 = ADVANCED_FACE ( 'NONE', ( #110 ), #1064, .T. ) ;
#1553 = DIRECTION ( 'NONE',  ( -0.9009688679024189200, 0.4338837391175588400, 0.0000000000000000000 ) ) ;
#1554 = EDGE_LOOP ( 'NONE', ( #870, #222, #1519, #1626 ) ) ;
#1555 = CARTESIAN_POINT ( 'NONE',  ( -0.2742800000000000200, 3.358961240701360300E-017, 0.1250000000000001100 ) ) ;
#1556 = VERTEX_POINT ( 'NONE', #202 ) ;
#1557 = EDGE_CURVE ( 'NONE', #294, #1329, #1208, .T. ) ;
#1558 = CIRCLE ( 'NONE', #1223, 0.3310000000000000200 ) ;
#1559 = ADVANCED_FACE ( 'NONE', ( #642 ), #324, .T. ) ;
#1560 = AXIS2_PLACEMENT_3D ( 'NONE', #1506, #656, #1239 ) ;
#1561 = CIRCLE ( 'NONE', #1177, 0.05469999999999996400 ) ;
#1562 = MANIFOLD_SOLID_BREP ( 'CirPattern1[9]', #34 ) ;
#1563 = CC_DESIGN_APPROVAL ( #270, ( #859 ) ) ;
#1564 = CARTESIAN_POINT ( 'NONE',  ( 0.0000000000000000000, 0.0000000000000000000, -0.1125000000000001000 ) ) ;
#1565 = CARTESIAN_POINT ( 'NONE',  ( 0.0000000000000000000, 0.0000000000000000000, 0.1250000000000001100 ) ) ;
#1566 = SPHERICAL_SURFACE ( 'NONE', #1746, 0.05469999999999996400 ) ;
#1567 = ADVANCED_FACE ( 'NONE', ( #868 ), #781, .F. ) ;
#1568 = CIRCLE ( 'NONE', #1578, 0.05469999999999996400 ) ;
#1569 = EDGE_CURVE ( 'NONE', #916, #64, #1595, .T. ) ;
#1570 = ORIENTED_EDGE ( 'NONE', *, *, #330, .F. ) ;
#1571 = CIRCLE ( 'NONE', #1315, 0.1631333333333333200 ) ;
#1572 = VERTEX_POINT ( 'NONE', #1580 ) ;
#1573 = CARTESIAN_POINT ( 'NONE',  ( 0.1095122557532703000, -0.2274045422585712900, -3.414809992080329000E-017 ) ) ;
#1574 = AXIS2_PLACEMENT_3D ( 'NONE', #773, #1461, #1747 ) ;
#1575 = DIRECTION ( 'NONE',  ( 1.000000000000000000, 0.0000000000000000000, 0.0000000000000000000 ) ) ;
#1576 = VERTEX_POINT ( 'NONE', #1041 ) ;
#1577 = DIRECTION ( 'NONE',  ( -0.0000000000000000000, -0.0000000000000000000, 1.000000000000000000 ) ) ;
#1578 = AXIS2_PLACEMENT_3D ( 'NONE', #1091, #1710, #1429 ) ;
#1579 = CARTESIAN_POINT ( 'NONE',  ( 0.1095122557532703000, -0.2274045422585712900, 0.05469999999999992900 ) ) ;
#1580 = CARTESIAN_POINT ( 'NONE',  ( 0.1973342661749310500, 0.1573688259891439800, -0.05469999999999999900 ) ) ;
#1581 = ADVANCED_FACE ( 'NONE', ( #1279, #1150 ), #1600, .F. ) ;
#1582 = ORIENTED_EDGE ( 'NONE', *, *, #757, .F. ) ;
#1583 = ORIENTED_EDGE ( 'NONE', *, *, #1765, .T. ) ;
#1584 = ORIENTED_EDGE ( 'NONE', *, *, #1129, .F. ) ;
#1585 = CARTESIAN_POINT ( 'NONE',  ( 0.0000000000000000000, 0.0000000000000000000, 0.1250000000000001100 ) ) ;
#1586 = SPHERICAL_SURFACE ( 'NONE', #1199, 0.05469999999999996400 ) ;
#1587 = EDGE_CURVE ( 'NONE', #334, #84, #1490, .T. ) ;
#1588 = AXIS2_PLACEMENT_3D ( 'NONE', #475, #595, #481 ) ;
#1589 = DIRECTION ( 'NONE',  ( -0.0000000000000000000, -1.000000000000000000, -0.0000000000000000000 ) ) ;
#1590 = APPROVAL ( #267, 'UNSPECIFIED' ) ;
#1591 = CARTESIAN_POINT ( 'NONE',  ( 0.0000000000000000000, 0.2742800000000000200, -0.1250000000000001100 ) ) ;
#1592 = ORIENTED_EDGE ( 'NONE', *, *, #1530, .F. ) ;
#1593 = CIRCLE ( 'NONE', #118, 0.09400000000000002800 ) ;
#1594 = CARTESIAN_POINT ( 'NONE',  ( 0.0000000000000000000, -0.2524000000000000100, -0.05469999999999999900 ) ) ;
#1595 = CIRCLE ( 'NONE', #99, 0.05469999999999997100 ) ;
#1596 = DIRECTION ( 'NONE',  ( -0.2225209339563050400, 0.9749279121818257300, 0.0000000000000000000 ) ) ;
#1597 = ORIENTED_EDGE ( 'NONE', *, *, #49, .T. ) ;
#1598 = EDGE_CURVE ( 'NONE', #1440, #582, #240, .T. ) ;
#1599 = ORIENTED_EDGE ( 'NONE', *, *, #1184, .F. ) ;
#1600 = PLANE ( 'NONE',  #190 ) ;
#1601 = EDGE_LOOP ( 'NONE', ( #961, #57, #898, #1570 ) ) ;
#1602 = AXIS2_PLACEMENT_3D ( 'NONE', #1060, #1072, #1205 ) ;
#1603 = AXIS2_PLACEMENT_3D ( 'NONE', #1018, #58, #437 ) ;
#1604 = EDGE_LOOP ( 'NONE', ( #900, #1472, #655, #962 ) ) ;
#1605 = VERTEX_POINT ( 'NONE', #215 ) ;
#1606 = CIRCLE ( 'NONE', #332, 0.05469999999999996400 ) ;
#1607 = DIRECTION ( 'NONE',  ( -0.2225209339563245800, -0.9749279121818212900, 0.0000000000000000000 ) ) ;
#1608 = DIRECTION ( 'NONE',  ( -1.000000000000000000, 0.0000000000000000000, 0.0000000000000000000 ) ) ;
#1609 = CIRCLE ( 'NONE', #865, 0.2205199999999999900 ) ;
#1610 = EDGE_CURVE ( 'NONE', #1500, #1464, #94, .T. ) ;
#1611 = MANIFOLD_SOLID_BREP ( 'CirPattern1[1]', #351 ) ;
#1612 = DIRECTION ( 'NONE',  ( -0.7071067811865474600, 0.0000000000000000000, -0.7071067811865474600 ) ) ;
#1613 = DIRECTION ( 'NONE',  ( -0.7071067811865474600, 8.659560562354932900E-017, 0.7071067811865474600 ) ) ;
#1614 = CARTESIAN_POINT ( 'NONE',  ( 0.0000000000000000000, 0.0000000000000000000, -0.05013337810281692100 ) ) ;
#1615 = CONICAL_SURFACE ( 'NONE', #1656, 0.2305200000000000300, 0.7853981633974533900 ) ;
#1616 = CIRCLE ( 'NONE', #364, 0.2742800000000000200 ) ;
#1617 = VECTOR ( 'NONE', #1298, 39.37007874015748100 ) ;
#1618 = ORIENTED_EDGE ( 'NONE', *, *, #1622, .T. ) ;
#1619 = DIRECTION ( 'NONE',  ( -0.0000000000000000000, -0.0000000000000000000, 1.000000000000000000 ) ) ;
#1620 = CARTESIAN_POINT ( 'NONE',  ( 0.0000000000000000000, -0.2524000000000000100, -3.414809992080329000E-017 ) ) ;
#1621 = ORIENTED_EDGE ( 'NONE', *, *, #1099, .F. ) ;
#1622 = EDGE_CURVE ( 'NONE', #32, #247, #1659, .T. ) ;
#1623 = DIRECTION ( 'NONE',  ( -0.4338837391175590100, -0.9009688679024187000, 0.0000000000000000000 ) ) ;
#1624 = AXIS2_PLACEMENT_3D ( 'NONE', #119, #652, #940 ) ;
#1625 = SECURITY_CLASSIFICATION_LEVEL ( 'unclassified' ) ;
#1626 = ORIENTED_EDGE ( 'NONE', *, *, #1557, .F. ) ;
#1627 = ADVANCED_FACE ( 'NONE', ( #285 ), #155, .T. ) ;
#1628 = DIRECTION ( 'NONE',  ( -1.224646799147353500E-016, -1.000000000000000000, 0.0000000000000000000 ) ) ;
#1629 = EDGE_LOOP ( 'NONE', ( #392, #795 ) ) ;
#1630 = SPHERICAL_SURFACE ( 'NONE', #1768, 0.05469999999999996400 ) ;
#1631 = EDGE_CURVE ( 'NONE', #157, #1112, #134, .T. ) ;
#1632 = CARTESIAN_POINT ( 'NONE',  ( -0.1973342661749321000, -0.1573688259891426200, 0.05469999999999992900 ) ) ;
#1633 = AXIS2_PLACEMENT_3D ( 'NONE', #250, #1238, #1214 ) ;
#1634 = DIRECTION ( 'NONE',  ( -1.000000000000000000, 0.0000000000000000000, 0.0000000000000000000 ) ) ;
#1635 = AXIS2_PLACEMENT_3D ( 'NONE', #1715, #1183, #1725 ) ;
#1636 = DIRECTION ( 'NONE',  ( 0.0000000000000000000, 0.0000000000000000000, 1.000000000000000000 ) ) ;
#1637 = EDGE_LOOP ( 'NONE', ( #646, #657 ) ) ;
#1638 = FACE_OUTER_BOUND ( 'NONE', #785, .T. ) ;
#1639 = ORIENTED_EDGE ( 'NONE', *, *, #1644, .F. ) ;
#1640 = ORIENTED_EDGE ( 'NONE', *, *, #1284, .T. ) ;
#1641 = EDGE_LOOP ( 'NONE', ( #856, #1476, #788, #1410 ) ) ;
#1642 = CARTESIAN_POINT ( 'NONE',  ( 0.2460718050346924500, 0.05616428373057301400, -3.414809992080329000E-017 ) ) ;
#1643 = ADVANCED_BREP_SHAPE_REPRESENTATION ( '6383K11_Ball Bearing', ( #52, #1193, #1611, #567, #764, #74, #257, #1274, #843, #489, #1562, #877, #711, #513, #621, #955, #1666, #178 ), #994 ) ;
#1644 = EDGE_CURVE ( 'NONE', #122, #493, #1304, .T. ) ;
#1645 = ORIENTED_EDGE ( 'NONE', *, *, #1166, .F. ) ;
#1646 = DIRECTION ( 'NONE',  ( -1.000000000000000000, 0.0000000000000000000, 0.0000000000000000000 ) ) ;
#1647 = ORIENTED_EDGE ( 'NONE', *, *, #482, .T. ) ;
#1648 = CARTESIAN_POINT ( 'NONE',  ( 0.2305200000000000300, 0.0000000000000000000, 0.1149999999999998700 ) ) ;
#1649 = LINE ( 'NONE', #494, #372 ) ;
#1650 = DIRECTION ( 'NONE',  ( -0.2225209339563113700, 0.9749279121818245100, 0.0000000000000000000 ) ) ;
#1651 = CIRCLE ( 'NONE', #1698, 0.1631333333333333200 ) ;
#1652 = DIRECTION ( 'NONE',  ( -0.0000000000000000000, -0.0000000000000000000, 1.000000000000000000 ) ) ;
#1653 = EDGE_CURVE ( 'NONE', #1257, #1037, #1616, .T. ) ;
#1654 = CARTESIAN_POINT ( 'NONE',  ( -0.2742800000000000200, 3.358961240701360300E-017, 0.1150000000000001400 ) ) ;
#1655 = DIRECTION ( 'NONE',  ( 0.0000000000000000000, 0.0000000000000000000, 1.000000000000000000 ) ) ;
#1656 = AXIS2_PLACEMENT_3D ( 'NONE', #277, #406, #413 ) ;
#1657 = DATE_AND_TIME ( #1021, #1104 ) ;
#1658 = CYLINDRICAL_SURFACE ( 'NONE', #546, 0.1631333333333333200 ) ;
#1659 = CIRCLE ( 'NONE', #1036, 0.2305200000000000300 ) ;
#1660 = LINE ( 'NONE', #47, #1617 ) ;
#1661 = ORIENTED_EDGE ( 'NONE', *, *, #1444, .F. ) ;
#1662 = CARTESIAN_POINT ( 'NONE',  ( 0.2205199999999999900, 2.700591121479743000E-017, 0.1250000000000000300 ) ) ;
#1663 = EDGE_LOOP ( 'NONE', ( #1371, #523 ) ) ;
#1664 = CARTESIAN_POINT ( 'NONE',  ( 0.0000000000000000000, 0.0000000000000000000, 0.1250000000000001100 ) ) ;
#1665 = EDGE_CURVE ( 'NONE', #1145, #913, #13, .T. ) ;
#1666 = MANIFOLD_SOLID_BREP ( 'Split1[2]', #241 ) ;
#1667 = AXIS2_PLACEMENT_3D ( 'NONE', #1194, #363, #1069 ) ;
#1668 = DIRECTION ( 'NONE',  ( -0.0000000000000000000, -0.0000000000000000000, 1.000000000000000000 ) ) ;
#1669 = VERTEX_POINT ( 'NONE', #1335 ) ;
#1670 = CARTESIAN_POINT ( 'NONE',  ( 0.0000000000000000000, 0.0000000000000000000, 0.1250000000000000300 ) ) ;
#1671 = ORIENTED_EDGE ( 'NONE', *, *, #507, .F. ) ;
#1672 = AXIS2_PLACEMENT_3D ( 'NONE', #673, #1507, #280 ) ;
#1673 = ORIENTED_EDGE ( 'NONE', *, *, #461, .T. ) ;
#1674 = DIRECTION ( 'NONE',  ( 0.7071067811865474600, 8.659560562354932900E-017, -0.7071067811865474600 ) ) ;
#1675 = CARTESIAN_POINT ( 'NONE',  ( -0.1065000000000000300, 1.304248841091931500E-017, -0.1125000000000001300 ) ) ;
#1676 = EDGE_CURVE ( 'NONE', #1572, #1327, #1344, .T. ) ;
#1677 = AXIS2_PLACEMENT_3D ( 'NONE', #925, #915, #789 ) ;
#1678 = ADVANCED_FACE ( 'NONE', ( #1738, #1252 ), #1204, .F. ) ;
#1679 = VECTOR ( 'NONE', #1227, 39.37007874015748900 ) ;
#1680 = CARTESIAN_POINT ( 'NONE',  ( 0.1973342661749310500, 0.1573688259891439800, -3.414809992080329000E-017 ) ) ;
#1681 = ORIENTED_EDGE ( 'NONE', *, *, #237, .T. ) ;
#1682 = ORIENTED_EDGE ( 'NONE', *, *, #340, .T. ) ;
#1683 = ORIENTED_EDGE ( 'NONE', *, *, #948, .F. ) ;
#1684 = CARTESIAN_POINT ( 'NONE',  ( 0.2460718050346924500, 0.05616428373057301400, 0.05469999999999992900 ) ) ;
#1685 = DIRECTION ( 'NONE',  ( 0.4338837391175587900, 0.9009688679024188100, 0.0000000000000000000 ) ) ;
#1686 = ORIENTED_EDGE ( 'NONE', *, *, #1379, .F. ) ;
#1687 = CARTESIAN_POINT ( 'NONE',  ( -0.2205199999999999900, 0.0000000000000000000, 0.1250000000000000300 ) ) ;
#1688 = ADVANCED_FACE ( 'NONE', ( #1431 ), #693, .T. ) ;
#1689 = CARTESIAN_POINT ( 'NONE',  ( -0.1095122557532686900, 0.2274045422585720400, -3.414809992080329000E-017 ) ) ;
#1690 = ORIENTED_EDGE ( 'NONE', *, *, #112, .F. ) ;
#1691 = FACE_OUTER_BOUND ( 'NONE', #1000, .T. ) ;
#1692 = FACE_OUTER_BOUND ( 'NONE', #1197, .T. ) ;
#1693 = AXIS2_PLACEMENT_3D ( 'NONE', #1420, #195, #1438 ) ;
#1694 = CARTESIAN_POINT ( 'NONE',  ( 0.0000000000000000000, 0.0000000000000000000, 0.1250000000000000600 ) ) ;
#1695 = ADVANCED_FACE ( 'NONE', ( #405 ), #511, .T. ) ;
#1696 = DIRECTION ( 'NONE',  ( -0.0000000000000000000, -0.0000000000000000000, 1.000000000000000000 ) ) ;
#1697 = CIRCLE ( 'NONE', #150, 0.1977000000000000100 ) ;
#1698 = AXIS2_PLACEMENT_3D ( 'NONE', #1312, #608, #1575 ) ;
#1699 = CIRCLE ( 'NONE', #431, 0.2205199999999999700 ) ;
#1700 = CONICAL_SURFACE ( 'NONE', #1515, 0.2742800000000000200, 0.7853981633974482800 ) ;
#1701 = ORIENTED_EDGE ( 'NONE', *, *, #1631, .T. ) ;
#1702 = CLOSED_SHELL ( 'NONE', ( #602, #37 ) ) ;
#1703 = EDGE_LOOP ( 'NONE', ( #1092, #628 ) ) ;
#1704 = ADVANCED_FACE ( 'NONE', ( #424 ), #54, .T. ) ;
#1705 = CARTESIAN_POINT ( 'NONE',  ( -0.2305200000000000300, 2.823055801394478700E-017, 0.1149999999999998700 ) ) ;
#1706 = DIRECTION ( 'NONE',  ( -0.0000000000000000000, -0.0000000000000000000, 1.000000000000000000 ) ) ;
#1707 = ORIENTED_EDGE ( 'NONE', *, *, #1508, .T. ) ;
#1708 = EDGE_CURVE ( 'NONE', #726, #1504, #1024, .T. ) ;
#1709 = EDGE_LOOP ( 'NONE', ( #1621, #959, #775, #1325 ) ) ;
#1710 = DIRECTION ( 'NONE',  ( 0.2225209339563246100, 0.9749279121818212900, -0.0000000000000000000 ) ) ;
#1711 = AXIS2_PLACEMENT_3D ( 'NONE', #1484, #1766, #953 ) ;
#1712 = FACE_OUTER_BOUND ( 'NONE', #1159, .T. ) ;
#1713 = CARTESIAN_POINT ( 'NONE',  ( -0.2524000000000000100, 3.091008521047919800E-017, -3.414809992080329000E-017 ) ) ;
#1714 = ADVANCED_FACE ( 'NONE', ( #932 ), #1389, .F. ) ;
#1715 = CARTESIAN_POINT ( 'NONE',  ( 0.0000000000000000000, 0.0000000000000000000, 0.1250000000000001100 ) ) ;
#1716 = DIRECTION ( 'NONE',  ( 1.000000000000000000, 0.0000000000000000000, -0.0000000000000000000 ) ) ;
#1717 = DATE_AND_TIME ( #487, #50 ) ;
#1718 = LINE ( 'NONE', #389, #1679 ) ;
#1719 = EDGE_LOOP ( 'NONE', ( #536, #98 ) ) ;
#1720 = DIRECTION ( 'NONE',  ( 0.0000000000000000000, 1.000000000000000000, 0.0000000000000000000 ) ) ;
#1721 = AXIS2_PLACEMENT_3D ( 'NONE', #988, #421, #1243 ) ;
#1722 = EDGE_LOOP ( 'NONE', ( #1077, #622, #272, #981 ) ) ;
#1723 = DIRECTION ( 'NONE',  ( 0.0000000000000000000, 0.0000000000000000000, -1.000000000000000000 ) ) ;
#1724 = AXIS2_PLACEMENT_3D ( 'NONE', #1083, #1363, #658 ) ;
#1725 = DIRECTION ( 'NONE',  ( 1.000000000000000000, 0.0000000000000000000, 0.0000000000000000000 ) ) ;
#1726 = ORIENTED_EDGE ( 'NONE', *, *, #214, .T. ) ;
#1727 = DIRECTION ( 'NONE',  ( 0.0000000000000000000, 0.0000000000000000000, -1.000000000000000000 ) ) ;
#1728 = ORIENTED_EDGE ( 'NONE', *, *, #1499, .T. ) ;
#1729 = ADVANCED_FACE ( 'NONE', ( #912 ), #73, .T. ) ;
#1730 = SPHERICAL_SURFACE ( 'NONE', #360, 0.05469999999999996400 ) ;
#1731 = EDGE_CURVE ( 'NONE', #244, #496, #1699, .T. ) ;
#1732 = DIRECTION ( 'NONE',  ( 1.000000000000000000, 0.0000000000000000000, -0.0000000000000000000 ) ) ;
#1733 = CIRCLE ( 'NONE', #370, 0.05469999999999998500 ) ;
#1734 = DIRECTION ( 'NONE',  ( -0.0000000000000000000, -0.0000000000000000000, 1.000000000000000000 ) ) ;
#1735 = CARTESIAN_POINT ( 'NONE',  ( 0.1973342661749310500, 0.1573688259891439800, -3.414809992080329000E-017 ) ) ;
#1736 = CIRCLE ( 'NONE', #95, 0.05469999999999998500 ) ;
#1737 = DIRECTION ( 'NONE',  ( 0.0000000000000000000, 0.0000000000000000000, 1.000000000000000000 ) ) ;
#1738 = FACE_BOUND ( 'NONE', #1637, .T. ) ;
#1739 = DIRECTION ( 'NONE',  ( -1.000000000000000000, 1.224646799147353900E-016, 0.0000000000000000000 ) ) ;
#1740 = CIRCLE ( 'NONE', #653, 0.01250000000000000200 ) ;
#1741 = DIRECTION ( 'NONE',  ( 1.000000000000000000, 0.0000000000000000000, 0.0000000000000000000 ) ) ;
#1742 = ORIENTED_EDGE ( 'NONE', *, *, #1598, .F. ) ;
#1743 = ORIENTED_EDGE ( 'NONE', *, *, #1610, .T. ) ;
#1744 = DIRECTION ( 'NONE',  ( -0.2225209339563114800, 0.9749279121818244000, 0.0000000000000000000 ) ) ;
#1745 = ORIENTED_EDGE ( 'NONE', *, *, #1456, .T. ) ;
#1746 = AXIS2_PLACEMENT_3D ( 'NONE', #836, #968, #149 ) ;
#1747 = DIRECTION ( 'NONE',  ( 1.000000000000000000, 0.0000000000000000000, 0.0000000000000000000 ) ) ;
#1748 = CARTESIAN_POINT ( 'NONE',  ( -0.1973342661749321000, -0.1573688259891426200, -3.414809992080329000E-017 ) ) ;
#1749 = VERTEX_POINT ( 'NONE', #116 ) ;
#1750 = DIRECTION ( 'NONE',  ( -0.0000000000000000000, -0.0000000000000000000, 1.000000000000000000 ) ) ;
#1751 = APPLICATION_PROTOCOL_DEFINITION ( 'international standard', 'config_control_design', 1994, #518 ) ;
#1752 = ORIENTED_EDGE ( 'NONE', *, *, #1522, .T. ) ;
#1753 = DIRECTION ( 'NONE',  ( 1.000000000000000000, 0.0000000000000000000, 0.0000000000000000000 ) ) ;
#1754 = DIRECTION ( 'NONE',  ( 0.0000000000000000000, -1.000000000000000000, 0.0000000000000000000 ) ) ;
#1755 = FACE_OUTER_BOUND ( 'NONE', #743, .T. ) ;
#1756 = EDGE_CURVE ( 'NONE', #1605, #759, #1568, .T. ) ;
#1757 = DIRECTION ( 'NONE',  ( -0.0000000000000000000, -0.0000000000000000000, 1.000000000000000000 ) ) ;
#1758 = AXIS2_PLACEMENT_3D ( 'NONE', #970, #1105, #265 ) ;
#1759 = CARTESIAN_POINT ( 'NONE',  ( 0.0000000000000000000, 0.2524000000000000100, -3.414809992080329000E-017 ) ) ;
#1760 = COORDINATED_UNIVERSAL_TIME_OFFSET ( 6, 0, .BEHIND. ) ;
#1761 = SPHERICAL_SURFACE ( 'NONE', #1672, 0.05469999999999996400 ) ;
#1762 = ORIENTED_EDGE ( 'NONE', *, *, #1119, .T. ) ;
#1763 = CARTESIAN_POINT ( 'NONE',  ( -0.1977000000000000100, 2.421126721914317400E-017, -4.084691791213931500E-017 ) ) ;
#1764 = ORIENTED_EDGE ( 'NONE', *, *, #973, .F. ) ;
#1765 = EDGE_CURVE ( 'NONE', #680, #287, #756, .T. ) ;
#1766 = DIRECTION ( 'NONE',  ( 0.0000000000000000000, 0.0000000000000000000, -1.000000000000000000 ) ) ;
#1767 = DIRECTION ( 'NONE',  ( -0.0000000000000000000, -0.0000000000000000000, 1.000000000000000000 ) ) ;
#1768 = AXIS2_PLACEMENT_3D ( 'NONE', #1300, #1716, #194 ) ;
#1769 = CARTESIAN_POINT ( 'NONE',  ( 0.0000000000000000000, 0.0000000000000000000, -0.1250000000000001400 ) ) ;
#1770 = CLOSED_SHELL ( 'NONE', ( #1455, #747, #188, #1295, #180, #1303, #67, #572, #320, #1567, #1627, #328, #1581, #342, #1704, #1157, #1143, #1416 ) ) ;
#1771 = DIRECTION ( 'NONE',  ( -0.9749279121818244000, -0.2225209339563113400, 0.0000000000000000000 ) ) ;
#1772 = ORIENTED_EDGE ( 'NONE', *, *, #921, .T. ) ;
ENDSEC;
END-ISO-10303-21;
