ISO-10303-21;
HEADER;
FILE_DESCRIPTION (( 'STEP AP203' ),
    '1' );
FILE_NAME ('91290A013_Alloy Steel Socket Head Screw.STEP',
    '2023-01-11T17:16:29',
    ( 'Administrator' ),
    ( 'Managed by Terraform' ),
    'SwSTEP 2.0',
    'SolidWorks 2017',
    '' );
FILE_SCHEMA (( 'CONFIG_CONTROL_DESIGN' ));
ENDSEC;

DATA;
#1 = CARTESIAN_POINT ( 'NONE',  ( 0.0000000000000000000, 1.000000000000000400, 0.4000000000000283300 ) ) ;
#2 = CARTESIAN_POINT ( 'NONE',  ( 0.0000000000000000000, 5.934053701650533800E-056, -3.999999999999999100 ) ) ;
#3 = AXIS2_PLACEMENT_3D ( 'NONE', #1852, #1265, #3187 ) ;
#4 = ORIENTED_EDGE ( 'NONE', *, *, #1983, .F. ) ;
#5 = CARTESIAN_POINT ( 'NONE',  ( -1.224646799147353900E-016, -1.000000000000000400, -0.5500000000000259100 ) ) ;
#6 = CARTESIAN_POINT ( 'NONE',  ( 1.179700538379251400, -2.167074732417838900E-016, -2.462500000000027900 ) ) ;
#7 = CARTESIAN_POINT ( 'NONE',  ( -0.4273502691896259900, -0.7401923788646680400, -0.4333333333333311300 ) ) ;
#8 = ORIENTED_EDGE ( 'NONE', *, *, #1570, .F. ) ;
#9 = CARTESIAN_POINT ( 'NONE',  ( -1.154700538379251900, 7.070501591499382700E-017, -1.050000000000025800 ) ) ;
#10 = AXIS2_PLACEMENT_3D ( 'NONE', #2605, #115, #1802 ) ;
#11 = CARTESIAN_POINT ( 'NONE',  ( 0.5898502691896262400, 1.021650635094610400, -3.220833333333303500 ) ) ;
#12 = ORIENTED_EDGE ( 'NONE', *, *, #289, .F. ) ;
#13 = CARTESIAN_POINT ( 'NONE',  ( 0.6410254037844384000, -0.3700961894323345200, -3.533333333333331000 ) ) ;
#14 = CARTESIAN_POINT ( 'NONE',  ( -1.224646799147353700E-016, -1.000000000000000400, -2.999999999999972000 ) ) ;
#15 = EDGE_CURVE ( 'NONE', #575, #2897, #2571, .T. ) ;
#16 = CARTESIAN_POINT ( 'NONE',  ( 0.6410254037844384000, -0.3700961894323345200, -2.333333333333331300 ) ) ;
#17 = CARTESIAN_POINT ( 'NONE',  ( 0.4273502691896261500, 0.7401923788646681500, -3.383333333333329800 ) ) ;
#18 = CARTESIAN_POINT ( 'NONE',  ( 0.0000000000000000000, 1.000000000000000400, -3.999999999999999100 ) ) ;
#19 = CARTESIAN_POINT ( 'NONE',  ( 0.8847754037844383100, -0.5108253175473058700, -1.695833333333360800 ) ) ;
#20 = CARTESIAN_POINT ( 'NONE',  ( -0.4273502691896259900, -0.7401923788646680400, -2.033333333333331400 ) ) ;
#21 = CARTESIAN_POINT ( 'NONE',  ( 0.5898502691896252400, -1.021650635094611100, -2.154166666666637000 ) ) ;
#22 = DIRECTION ( 'NONE',  ( -0.0000000000000000000, 7.417567127063168400E-057, -1.000000000000000000 ) ) ;
#23 = CARTESIAN_POINT ( 'NONE',  ( -0.8547005383792513100, 5.233531392778349000E-017, -1.299999999999997600 ) ) ;
#24 = CARTESIAN_POINT ( 'NONE',  ( -0.7499999999999954500, -0.4330127018922178600, 2.999999999999999100 ) ) ;
#25 = DIRECTION ( 'NONE',  ( -0.0000000000000000000, -0.0000000000000000000, 1.000000000000000000 ) ) ;
#26 = CARTESIAN_POINT ( 'NONE',  ( 0.5898502691896252400, -1.021650635094611100, -1.329166666666694100 ) ) ;
#27 = CARTESIAN_POINT ( 'NONE',  ( -0.4273502691896256500, 0.7401923788646683800, -0.1666666666666648000 ) ) ;
#28 = EDGE_CURVE ( 'NONE', #450, #637, #360, .T. ) ;
#29 = DATE_AND_TIME ( #2532, #882 ) ;
#30 = CARTESIAN_POINT ( 'NONE',  ( 0.4273502691896261500, 0.7401923788646681500, -3.783333333333330100 ) ) ;
#31 = CARTESIAN_POINT ( 'NONE',  ( 0.0000000000000000000, 1.409337754142001900E-056, 2.099999999999999600 ) ) ;
#32 = CARTESIAN_POINT ( 'NONE',  ( -0.8847754037844385300, -0.5108253175473052000, -1.454166666666636600 ) ) ;
#33 = CARTESIAN_POINT ( 'NONE',  ( 0.6410254037844388400, 0.3700961894323336300, 1.383333333333337100 ) ) ;
#34 = FACE_OUTER_BOUND ( 'NONE', #1934, .T. ) ;
#35 = CARTESIAN_POINT ( 'NONE',  ( -1.154700538379251900, 7.070501591499382700E-017, -2.250000000000024900 ) ) ;
#36 = APPROVAL ( #2970, 'UNSPECIFIED' ) ;
#37 =( BOUNDED_CURVE ( )  B_SPLINE_CURVE ( 2, ( #2118, #419, #999, #2620, #1008, #722, #3205 ),
 .UNSPECIFIED., .F., .F. ) 
 B_SPLINE_CURVE_WITH_KNOTS ( ( 3, 2, 2, 3 ),
 ( 0.6250000000000000000, 0.6354166666666667400, 0.6458333333333333700, 0.6562500000000001100 ),
 .UNSPECIFIED. ) 
 CURVE ( )  GEOMETRIC_REPRESENTATION_ITEM ( )  RATIONAL_B_SPLINE_CURVE ( ( 1.000000000000000000, 0.8660254037844388200, 1.000000000000000000, 0.8660254037844388200, 1.000000000000000000, 0.8660254037844373800, 1.000000000000001300 ) ) 
 REPRESENTATION_ITEM ( '' )  );
#38 = LINE ( 'NONE', #2707, #86 ) ;
#39 = DIRECTION ( 'NONE',  ( 0.8660254037844387100, 0.4999999999999998300, 3.708783563531583100E-057 ) ) ;
#40 = CONICAL_SURFACE ( 'NONE', #965, 1732.050807568857200, 1.047197551196592700 ) ;
#41 = CARTESIAN_POINT ( 'NONE',  ( -9.064742275298811100E-017, -0.7401923788646683800, -1.199999999999998000 ) ) ;
#42 = ORIENTED_EDGE ( 'NONE', *, *, #1832, .T. ) ;
#43 = DIRECTION ( 'NONE',  ( -0.0000000000000000000, 7.417567127063168400E-057, -1.000000000000000000 ) ) ;
#44 = CARTESIAN_POINT ( 'NONE',  ( 0.8660254037844393700, 0.4999999999999994400, 1.183333333333308000 ) ) ;
#45 = B_SPLINE_CURVE_WITH_KNOTS ( 'NONE', 3,
 ( #2465, #190, #1353, #1597, #3250, #2162, #2738, #485 ),
 .UNSPECIFIED., .F., .F.,
 ( 4, 2, 2, 4 ),
 ( 2.544428341984775600E-007, 0.0002238954966069357200, 0.0004475365503796729900, 0.0008948186579251470000 ),
 .UNSPECIFIED. ) ;
#46 = CARTESIAN_POINT ( 'NONE',  ( -0.8847754037844385300, -0.5108253175473052000, -2.629166666666694400 ) ) ;
#47 = CARTESIAN_POINT ( 'NONE',  ( -0.8547005383792514200, 5.233531392778349000E-017, 1.500000000000002000 ) ) ;
#48 = ORIENTED_EDGE ( 'NONE', *, *, #541, .T. ) ;
#49 = CARTESIAN_POINT ( 'NONE',  ( 0.6410254037844388400, 0.3700961894323336300, 1.333333333333335700 ) ) ;
#50 = CARTESIAN_POINT ( 'NONE',  ( -0.4273502691896256000, 0.7401923788646683800, -3.716666666666663700 ) ) ;
#51 = CARTESIAN_POINT ( 'NONE',  ( 0.5898502691896262400, 1.021650635094610400, -1.220833333333303200 ) ) ;
#52 = CARTESIAN_POINT ( 'NONE',  ( 0.6410254037844384000, -0.3700961894323345200, 1.316666666666670000 ) ) ;
#53 = EDGE_LOOP ( 'NONE', ( #1947, #3164, #2502, #3235 ) ) ;
#54 = CARTESIAN_POINT ( 'NONE',  ( -1.224646799147353700E-016, -1.000000000000000400, -3.399999999999971900 ) ) ;
#55 = CARTESIAN_POINT ( 'NONE',  ( 0.4273502691896261500, 0.7401923788646680400, -3.033333333333331400 ) ) ;
#56 = CARTESIAN_POINT ( 'NONE',  ( -0.8660254037844390400, -0.5000000000000000000, 0.1833333333333078100 ) ) ;
#57 = ORIENTED_EDGE ( 'NONE', *, *, #1434, .F. ) ;
#58 = CARTESIAN_POINT ( 'NONE',  ( -0.6410254037844386200, -0.3700961894323340200, -2.066666666666664700 ) ) ;
#59 = CARTESIAN_POINT ( 'NONE',  ( -0.6321118099071240100, 0.5010754801766146300, 3.866985316430568500 ) ) ;
#60 = CARTESIAN_POINT ( 'NONE',  ( 0.0000000000000000000, 1.000000000000000400, -1.950000000000025500 ) ) ;
#61 = ORIENTED_EDGE ( 'NONE', *, *, #3340, .F. ) ;
#62 = CARTESIAN_POINT ( 'NONE',  ( 0.8847754037844388600, 0.5108253175473046500, 0.7708333333333057300 ) ) ;
#63 = CARTESIAN_POINT ( 'NONE',  ( 0.6410254037844388400, 0.3700961894323336300, 1.333333333333335700 ) ) ;
#64 =( BOUNDED_CURVE ( )  B_SPLINE_CURVE ( 2, ( #2716, #1611, #526, #3289, #3555, #1625, #1893 ),
 .UNSPECIFIED., .F., .F. ) 
 B_SPLINE_CURVE_WITH_KNOTS ( ( 3, 2, 2, 3 ),
 ( 0.4062499999999999400, 0.4166666666666666300, 0.4270833333333332000, 0.4374999999999998900 ),
 .UNSPECIFIED. ) 
 CURVE ( )  GEOMETRIC_REPRESENTATION_ITEM ( )  RATIONAL_B_SPLINE_CURVE ( ( 1.000000000000000700, 0.8660254037844380400, 1.000000000000000000, 0.8660254037844387100, 1.000000000000000000, 0.8660254037844401500, 0.9999999999999985600 ) ) 
 REPRESENTATION_ITEM ( '' )  );
#65 = CARTESIAN_POINT ( 'NONE',  ( -1.201841278886867200E-016, 0.8660254037844341600, 3.935048094716167000 ) ) ;
#66 = EDGE_LOOP ( 'NONE', ( #3251, #992, #1157, #1254 ) ) ;
#67 = CARTESIAN_POINT ( 'NONE',  ( -0.5898502691896260200, -1.021650635094610600, -2.220833333333303500 ) ) ;
#68 = CARTESIAN_POINT ( 'NONE',  ( 0.4273502691896254900, -0.7401923788646686000, 2.083333333333337000 ) ) ;
#69 = CARTESIAN_POINT ( 'NONE',  ( -0.6410254037844385100, 0.3700961894323343000, 0.6666666666666687400 ) ) ;
#70 = CARTESIAN_POINT ( 'NONE',  ( 0.6410254037844388400, 0.3700961894323336300, -1.066666666666664700 ) ) ;
#71 = CARTESIAN_POINT ( 'NONE',  ( 0.8660254037844393700, 0.4999999999999994400, -1.216666666666692500 ) ) ;
#72 = CARTESIAN_POINT ( 'NONE',  ( 0.6410254037844388400, 0.3700961894323336300, -1.066666666666664700 ) ) ;
#73 = CARTESIAN_POINT ( 'NONE',  ( -0.8660254037844390400, -0.5000000000000000000, 0.5833333333333080600 ) ) ;
#74 = CARTESIAN_POINT ( 'NONE',  ( 0.0000000000000000000, 1.000000000000000400, -3.999999999999999100 ) ) ;
#75 = CARTESIAN_POINT ( 'NONE',  ( -0.8847754037844385300, -0.5108253175473052000, -0.6291666666666945200 ) ) ;
#76 = CARTESIAN_POINT ( 'NONE',  ( -0.8547005383792514200, 5.233531392778349000E-017, 1.900000000000002400 ) ) ;
#77 = CARTESIAN_POINT ( 'NONE',  ( 0.5898502691896252400, -1.021650635094611100, -1.354166666666637000 ) ) ;
#78 = CARTESIAN_POINT ( 'NONE',  ( 0.6410254037844388400, 0.3700961894323336300, 1.333333333333335700 ) ) ;
#79 = CARTESIAN_POINT ( 'NONE',  ( 0.8547005383792514200, -1.570059417833504600E-016, -2.699999999999998000 ) ) ;
#80 = AXIS2_PLACEMENT_3D ( 'NONE', #2935, #223, #1643 ) ;
#81 = CARTESIAN_POINT ( 'NONE',  ( -0.7499999999999954500, -0.4330127018922179700, -0.2912878474779102000 ) ) ;
#82 = CARTESIAN_POINT ( 'NONE',  ( 0.6410254037844388400, 0.3700961894323336300, -0.2666666666666641600 ) ) ;
#83 = CARTESIAN_POINT ( 'NONE',  ( 0.7499999999999997800, -1.047819327944827100E-020, 3.819022690931733100 ) ) ;
#84 = CARTESIAN_POINT ( 'NONE',  ( -1.224646799147353700E-016, -1.000000000000000400, -2.999999999999972000 ) ) ;
#85 = LINE ( 'NONE', #3381, #1282 ) ;
#86 = VECTOR ( 'NONE', #1313, 1000.000000000000000 ) ;
#87 = CARTESIAN_POINT ( 'NONE',  ( -0.8847754037844384200, 0.5108253175473055400, -0.6958333333333608400 ) ) ;
#88 = CARTESIAN_POINT ( 'NONE',  ( 0.4273502691896254900, -0.7401923788646686000, 2.033333333333335900 ) ) ;
#89 = EDGE_CURVE ( 'NONE', #1069, #2712, #2752, .T. ) ;
#90 = LINE ( 'NONE', #2834, #2751 ) ;
#91 =( BOUNDED_CURVE ( )  B_SPLINE_CURVE ( 2, ( #1182, #1458, #342, #1277, #3217, #2633, #1555 ),
 .UNSPECIFIED., .F., .F. ) 
 B_SPLINE_CURVE_WITH_KNOTS ( ( 3, 2, 2, 3 ),
 ( 0.8437500000000000000, 0.8541666666666665200, 0.8645833333333332600, 0.8749999999999997800 ),
 .UNSPECIFIED. ) 
 CURVE ( )  GEOMETRIC_REPRESENTATION_ITEM ( )  RATIONAL_B_SPLINE_CURVE ( ( 1.000000000000000000, 0.8660254037844387100, 1.000000000000000000, 0.8660254037844387100, 1.000000000000000000, 0.8660254037844415900, 0.9999999999999971100 ) ) 
 REPRESENTATION_ITEM ( '' )  );
#92 = CARTESIAN_POINT ( 'NONE',  ( -0.5898502691896255800, 1.021650635094610800, 0.04583333333336297300 ) ) ;
#93 = ORIENTED_EDGE ( 'NONE', *, *, #96, .F. ) ;
#94 = CARTESIAN_POINT ( 'NONE',  ( 0.4273502691896254900, -0.7401923788646686000, 1.233333333333335200 ) ) ;
#95 = CARTESIAN_POINT ( 'NONE',  ( -9.064742275298811100E-017, -0.7401923788646683800, -1.949999999999996400 ) ) ;
#96 = EDGE_CURVE ( 'NONE', #2236, #2418, #1657, .T. ) ;
#97 = LINE ( 'NONE', #1835, #892 ) ;
#98 = CARTESIAN_POINT ( 'NONE',  ( 0.0000000000000000000, 0.7401923788646683800, -2.599999999999998300 ) ) ;
#99 = ORIENTED_EDGE ( 'NONE', *, *, #3519, .T. ) ;
#100 = DIRECTION ( 'NONE',  ( 0.0000000000000000000, 1.000000000000000000, 0.0000000000000000000 ) ) ;
#101 = CARTESIAN_POINT ( 'NONE',  ( -0.4273502691896259300, -0.7401923788646681500, -0.4333333333333311300 ) ) ;
#102 = CARTESIAN_POINT ( 'NONE',  ( 0.0000000000000000000, 1.000000000000000400, 0.4499999999999746400 ) ) ;
#103 = ORIENTED_EDGE ( 'NONE', *, *, #1751, .T. ) ;
#104 = CARTESIAN_POINT ( 'NONE',  ( 0.0000000000000000000, 0.7401923788646683800, -3.999999999999999100 ) ) ;
#105 = CARTESIAN_POINT ( 'NONE',  ( -0.5898502691896255800, 1.021650635094610800, -0.7291666666666942700 ) ) ;
#106 = CARTESIAN_POINT ( 'NONE',  ( -0.8547005383792514200, 5.233531392778349000E-017, 1.100000000000002100 ) ) ;
#107 = ORIENTED_EDGE ( 'NONE', *, *, #3083, .T. ) ;
#108 = CARTESIAN_POINT ( 'NONE',  ( 0.0000000000000000000, 1.021650635094610800, -0.3874999999999699200 ) ) ;
#109 = CARTESIAN_POINT ( 'NONE',  ( 0.6410254037844388400, 0.3700961894323336300, -1.016666666666663100 ) ) ;
#110 = ORIENTED_EDGE ( 'NONE', *, *, #2013, .T. ) ;
#111 = CARTESIAN_POINT ( 'NONE',  ( -0.4273502691896259900, -0.7401923788646680400, -0.8333333333333312600 ) ) ;
#112 = PLANE ( 'NONE',  #1948 ) ;
#113 = CARTESIAN_POINT ( 'NONE',  ( -0.6410254037844386200, -0.3700961894323340200, 0.3333333333333356500 ) ) ;
#114 = ORIENTED_EDGE ( 'NONE', *, *, #1249, .T. ) ;
#115 = DIRECTION ( 'NONE',  ( -0.0000000000000000000, -0.0000000000000000000, 1.000000000000000000 ) ) ;
#116 = CARTESIAN_POINT ( 'NONE',  ( -0.5763719186142636200, 0.6958154469446362600, -3.844899441609522100 ) ) ;
#117 = UNCERTAINTY_MEASURE_WITH_UNIT (LENGTH_MEASURE( 1.000000000000000100E-005 ), #2664, 'distance_accuracy_value', 'NONE');
#118 = CARTESIAN_POINT ( 'NONE',  ( 0.6410254037844388400, 0.3700961894323336300, -3.016666666666663100 ) ) ;
#119 = CARTESIAN_POINT ( 'NONE',  ( -1.179700538379251400, 7.223582441392798400E-017, 0.1374999999999727000 ) ) ;
#120 = CARTESIAN_POINT ( 'NONE',  ( 0.7401923788646683800, -7.638989283770670300E-014, 1.749999999999996900 ) ) ;
#121 = AXIS2_PLACEMENT_3D ( 'NONE', #1517, #2363, #1502 ) ;
#122 = CARTESIAN_POINT ( 'NONE',  ( 0.8847754037844388600, 0.5108253175473046500, -0.05416666666663641500 ) ) ;
#123 = CARTESIAN_POINT ( 'NONE',  ( 0.8660254037844393700, 0.4999999999999994400, 1.133333333333361300 ) ) ;
#124 = CARTESIAN_POINT ( 'NONE',  ( -0.6410254037844385100, 0.3700961894323343000, -0.4833333333333295600 ) ) ;
#125 = CARTESIAN_POINT ( 'NONE',  ( 0.4273502691896254900, -0.7401923788646686000, -3.916666666666663000 ) ) ;
#126 = CARTESIAN_POINT ( 'NONE',  ( -0.6410254037844385100, 0.3700961894323343000, -2.933333333333331300 ) ) ;
#127 = CARTESIAN_POINT ( 'NONE',  ( 0.0000000000000000000, 5.934053701650533800E-056, -3.999999999999999100 ) ) ;
#128 = CARTESIAN_POINT ( 'NONE',  ( -0.9335371183852316800, 0.1943012455440709400, -3.818585250539626900 ) ) ;
#129 = CARTESIAN_POINT ( 'NONE',  ( 0.6410254037844384000, -0.3700961894323345200, -3.483333333333329400 ) ) ;
#130 = CARTESIAN_POINT ( 'NONE',  ( 0.8660254037844388200, -0.5000000000000006700, -3.283333333333359400 ) ) ;
#131 = AXIS2_PLACEMENT_3D ( 'NONE', #2346, #676, #2081 ) ;
#132 = CARTESIAN_POINT ( 'NONE',  ( 0.5898502691896262400, 1.021650635094610400, 0.7791666666666970900 ) ) ;
#133 = LOCAL_TIME ( 11, 16, 29.00000000000000000, #790 ) ;
#134 = DIRECTION ( 'NONE',  ( 0.8660254037844393700, -0.4999999999999985000, -3.708783563531572900E-057 ) ) ;
#135 = CARTESIAN_POINT ( 'NONE',  ( 0.8547005383792514200, -1.570059417833504600E-016, -1.049999999999996300 ) ) ;
#136 = CARTESIAN_POINT ( 'NONE',  ( -0.6410254037844386200, -0.3700961894323340200, -0.4666666666666647300 ) ) ;
#137 = CARTESIAN_POINT ( 'NONE',  ( -0.5773502691896232900, 1.000000000000005100, -3.166666666666639000 ) ) ;
#138 = CIRCLE ( 'NONE', #80, 1.100000000000001400 ) ;
#139 = CARTESIAN_POINT ( 'NONE',  ( 1.197831843332527000E-011, -0.8584936490558271500, -3.881698729808840600 ) ) ;
#140 = APPLICATION_CONTEXT ( 'configuration controlled 3d designs of mechanical parts and assemblies' ) ;
#141 = FACE_OUTER_BOUND ( 'NONE', #3462, .T. ) ;
#142 = CARTESIAN_POINT ( 'NONE',  ( 0.4273502691896254900, -0.7401923788646686000, -1.916666666666663200 ) ) ;
#143 = AXIS2_PLACEMENT_3D ( 'NONE', #2953, #2094, #2943 ) ;
#144 = CARTESIAN_POINT ( 'NONE',  ( -1.224646799147353700E-016, -1.000000000000000400, -0.9999999999999718000 ) ) ;
#145 = ORIENTED_EDGE ( 'NONE', *, *, #711, .F. ) ;
#146 = CARTESIAN_POINT ( 'NONE',  ( -1.251161180115475900E-016, -1.021650635094610800, 1.412500000000030100 ) ) ;
#147 = ORIENTED_EDGE ( 'NONE', *, *, #1600, .T. ) ;
#148 = CARTESIAN_POINT ( 'NONE',  ( 0.8547005383792514200, -1.570059417833504600E-016, -1.449999999999996400 ) ) ;
#149 = EDGE_CURVE ( 'NONE', #1416, #1819, #2017, .T. ) ;
#150 = CARTESIAN_POINT ( 'NONE',  ( -0.6410254037844386200, -0.3700961894323340200, 0.7333333333333358400 ) ) ;
#151 = CARTESIAN_POINT ( 'NONE',  ( -0.7499999999999963400, 0.4330127018922166300, -0.2912878474779102000 ) ) ;
#152 = ORIENTED_EDGE ( 'NONE', *, *, #1709, .T. ) ;
#153 = CARTESIAN_POINT ( 'NONE',  ( 0.5186004454877215500, 0.5281461309801230900, 1.749999999999996400 ) ) ;
#154 = ORIENTED_EDGE ( 'NONE', *, *, #2526, .T. ) ;
#155 = CARTESIAN_POINT ( 'NONE',  ( 0.8547005383792514200, -1.570059417833504600E-016, -1.849999999999996500 ) ) ;
#156 = CARTESIAN_POINT ( 'NONE',  ( -1.251161180115475900E-016, -1.021650635094610800, 1.837499999999972800 ) ) ;
#157 = ORIENTED_EDGE ( 'NONE', *, *, #592, .T. ) ;
#158 = CARTESIAN_POINT ( 'NONE',  ( -1.179700538379251400, 7.223582441392798400E-017, 1.712500000000029900 ) ) ;
#159 = CARTESIAN_POINT ( 'NONE',  ( -0.4273502691896259300, -0.7401923788646681500, -3.583333333333329900 ) ) ;
#160 = CARTESIAN_POINT ( 'NONE',  ( -0.8547005383792514200, 5.233531392778349000E-017, 1.950000000000004000 ) ) ;
#161 = CARTESIAN_POINT ( 'NONE',  ( 0.4273502691896254900, -0.7401923788646686000, 1.233333333333335200 ) ) ;
#162 =( BOUNDED_CURVE ( )  B_SPLINE_CURVE ( 2, ( #372, #1510, #2320, #35, #1999, #3441, #2598 ),
 .UNSPECIFIED., .F., .T. ) 
 B_SPLINE_CURVE_WITH_KNOTS ( ( 3, 2, 2, 3 ),
 ( 0.6562500000000001100, 0.6666666666666668500, 0.6770833333333332600, 0.6875000000000000000 ),
 .UNSPECIFIED. ) 
 CURVE ( )  GEOMETRIC_REPRESENTATION_ITEM ( )  RATIONAL_B_SPLINE_CURVE ( ( 0.9999999999999985600, 0.8660254037844402600, 1.000000000000000000, 0.8660254037844388200, 1.000000000000000000, 0.8660254037844388200, 1.000000000000000000 ) ) 
 REPRESENTATION_ITEM ( '' )  );
#163 = CARTESIAN_POINT ( 'NONE',  ( 0.0000000000000000000, 5.934053701650533800E-056, -3.999999999999999100 ) ) ;
#164 = EDGE_CURVE ( 'NONE', #1560, #1688, #713, .T. ) ;
#165 = CARTESIAN_POINT ( 'NONE',  ( 0.4273502691896261500, 0.7401923788646680400, -1.783333333333329900 ) ) ;
#166 = CARTESIAN_POINT ( 'NONE',  ( -0.5898502691896255800, 1.021650635094610800, 1.270833333333306400 ) ) ;
#167 = CARTESIAN_POINT ( 'NONE',  ( -9.064742275298811100E-017, -0.7401923788646683800, -3.949999999999997100 ) ) ;
#168 = CARTESIAN_POINT ( 'NONE',  ( 0.6410254037844384000, -0.3700961894323345200, -3.883333333333329800 ) ) ;
#169 = CARTESIAN_POINT ( 'NONE',  ( 0.6410254037844384000, -0.3700961894323345200, 0.1166666666666703000 ) ) ;
#170 = CARTESIAN_POINT ( 'NONE',  ( 0.0000000000000000000, 1.000000000000000400, 1.249999999999974000 ) ) ;
#171 = CARTESIAN_POINT ( 'NONE',  ( 0.6410254037844388400, 0.3700961894323336300, 0.1333333333333351400 ) ) ;
#172 = CARTESIAN_POINT ( 'NONE',  ( 0.0000000000000000000, 1.000000000000000400, -3.999999999999999100 ) ) ;
#173 = CARTESIAN_POINT ( 'NONE',  ( -0.2454358550358751200, -0.7243229468106852100, 3.818702545239032600 ) ) ;
#174 = PERSON_AND_ORGANIZATION_ROLE ( 'design_supplier' ) ;
#175 = CARTESIAN_POINT ( 'NONE',  ( 0.4273502691896261500, 0.7401923788646680400, -1.383333333333329800 ) ) ;
#176 = CIRCLE ( 'NONE', #2703, 0.9309773090682665900 ) ;
#177 = CARTESIAN_POINT ( 'NONE',  ( 0.5898502691896262400, 1.021650635094610400, 2.379166666666697100 ) ) ;
#178 = TOROIDAL_SURFACE ( 'NONE', #3143, 1.100000000000001400, 0.1000000000000005900 ) ;
#179 = CARTESIAN_POINT ( 'NONE',  ( -0.8547005383792514200, 5.233531392778349000E-017, 1.550000000000003800 ) ) ;
#180 = CONICAL_SURFACE ( 'NONE', #516, 1.899999999999999900, 0.7853981633974428400 ) ;
#181 = CARTESIAN_POINT ( 'NONE',  ( 0.6410254037844384000, -0.3700961894323345200, -3.883333333333329800 ) ) ;
#182 = CARTESIAN_POINT ( 'NONE',  ( 0.6410254037844384000, -0.3700961894323345200, 0.4666666666666690600 ) ) ;
#183 = ORIENTED_EDGE ( 'NONE', *, *, #1944, .F. ) ;
#184 = EDGE_CURVE ( 'NONE', #2461, #1552, #2851, .T. ) ;
#185 = VECTOR ( 'NONE', #1666, 1000.000000000000000 ) ;
#186 = CARTESIAN_POINT ( 'NONE',  ( -9.064742275298811100E-017, -0.7401923788646683800, -3.149999999999996400 ) ) ;
#187 = ORIENTED_EDGE ( 'NONE', *, *, #1056, .F. ) ;
#188 = DIRECTION ( 'NONE',  ( -0.0000000000000000000, 7.417567127063168400E-057, -1.000000000000000000 ) ) ;
#189 = CARTESIAN_POINT ( 'NONE',  ( 0.8547005383792514200, -1.570059417833504600E-016, -0.6499999999999965800 ) ) ;
#190 = CARTESIAN_POINT ( 'NONE',  ( 0.05859781459385386000, -0.8321939397547466500, 3.901216630686478800 ) ) ;
#191 = EDGE_LOOP ( 'NONE', ( #2083, #3279, #3501, #3010 ) ) ;
#192 = CARTESIAN_POINT ( 'NONE',  ( -9.064742275298811100E-017, -0.7401923788646683800, -3.949999999999997100 ) ) ;
#193 = CARTESIAN_POINT ( 'NONE',  ( -0.6410254037844385100, 0.3700961894323343000, 1.516666666666670600 ) ) ;
#194 = EDGE_LOOP ( 'NONE', ( #2936, #2382, #2888, #2545 ) ) ;
#195 = CARTESIAN_POINT ( 'NONE',  ( -1.224646799147353900E-016, -1.000000000000000400, -0.1500000000000252500 ) ) ;
#196 = CARTESIAN_POINT ( 'NONE',  ( -0.6410254037844386200, -0.3700961894323340200, -2.016666666666663100 ) ) ;
#197 = CARTESIAN_POINT ( 'NONE',  ( -0.7559244207342850100, -0.5058917985458878400, 1.843711933093152600 ) ) ;
#198 = ORIENTED_EDGE ( 'NONE', *, *, #471, .F. ) ;
#199 = CARTESIAN_POINT ( 'NONE',  ( -0.4273502691896259900, -0.7401923788646680400, -2.383333333333329300 ) ) ;
#200 = CARTESIAN_POINT ( 'NONE',  ( -0.4273502691896259900, -0.7401923788646680400, -0.7833333333333298800 ) ) ;
#201 = ORIENTED_EDGE ( 'NONE', *, *, #3220, .F. ) ;
#202 = CARTESIAN_POINT ( 'NONE',  ( 0.7499999999999997800, -0.4330127018922127500, 3.935048094716167900 ) ) ;
#203 = CYLINDRICAL_SURFACE ( 'NONE', #2630, 1.000000000000000400 ) ;
#204 = AXIS2_PLACEMENT_3D ( 'NONE', #2504, #1063, #1617 ) ;
#205 = CARTESIAN_POINT ( 'NONE',  ( 0.8660254037844388200, -0.5000000000000006700, -0.8833333333333588400 ) ) ;
#206 = CARTESIAN_POINT ( 'NONE',  ( 0.6410254037844384000, -0.3700961894323345200, 1.316666666666670000 ) ) ;
#207 = CARTESIAN_POINT ( 'NONE',  ( -1.224646799147353700E-016, -1.000000000000000400, -1.799999999999971800 ) ) ;
#208 =( BOUNDED_CURVE ( )  B_SPLINE_CURVE ( 2, ( #1807, #437, #2668, #2089, #130, #3500, #1006 ),
 .UNSPECIFIED., .F., .F. ) 
 B_SPLINE_CURVE_WITH_KNOTS ( ( 3, 2, 2, 3 ),
 ( 0.8124999999999998900, 0.8229166666666665200, 0.8333333333333333700, 0.8437500000000000000 ),
 .UNSPECIFIED. ) 
 CURVE ( )  GEOMETRIC_REPRESENTATION_ITEM ( )  RATIONAL_B_SPLINE_CURVE ( ( 1.000000000000001300, 0.8660254037844373800, 1.000000000000000000, 0.8660254037844388200, 1.000000000000000000, 0.8660254037844388200, 1.000000000000000000 ) ) 
 REPRESENTATION_ITEM ( '' )  );
#209 = CARTESIAN_POINT ( 'NONE',  ( -0.4273502691896259300, -0.7401923788646681500, -2.783333333333330100 ) ) ;
#210 = CARTESIAN_POINT ( 'NONE',  ( 0.0000000000000000000, 5.934053701650533800E-056, -3.999999999999999100 ) ) ;
#211 = CARTESIAN_POINT ( 'NONE',  ( -0.6410254037844385100, 0.3700961894323343000, -2.883333333333329800 ) ) ;
#212 = CARTESIAN_POINT ( 'NONE',  ( -0.6410254037844386200, -0.3700961894323340200, -0.01666666666666309600 ) ) ;
#213 = CARTESIAN_POINT ( 'NONE',  ( 0.0000000000000000000, 1.000000000000000400, 1.649999999999974400 ) ) ;
#214 = EDGE_CURVE ( 'NONE', #758, #2174, #3014, .T. ) ;
#215 = CARTESIAN_POINT ( 'NONE',  ( 0.5773502691896254000, -1.000000000000000400, -0.9166666666666923900 ) ) ;
#216 = CARTESIAN_POINT ( 'NONE',  ( 0.4273502691896254900, -0.7401923788646686000, -2.766666666666664800 ) ) ;
#217 = CARTESIAN_POINT ( 'NONE',  ( 0.0000000000000000000, 1.000000000000000400, 0.8499999999999746600 ) ) ;
#218 = CARTESIAN_POINT ( 'NONE',  ( -9.064742275298811100E-017, -0.7401923788646683800, -1.549999999999996300 ) ) ;
#219 = CARTESIAN_POINT ( 'NONE',  ( -0.5773502691896290600, -0.9999999999999953400, -3.033333333333305200 ) ) ;
#220 = CARTESIAN_POINT ( 'NONE',  ( 0.6410254037844384000, -0.3700961894323345200, 0.1166666666666703000 ) ) ;
#221 = CARTESIAN_POINT ( 'NONE',  ( -0.5773502691896245100, -1.000000000000003100, 1.816666666666640500 ) ) ;
#222 = FACE_OUTER_BOUND ( 'NONE', #1514, .T. ) ;
#223 = DIRECTION ( 'NONE',  ( -0.0000000000000000000, 7.417567127063168400E-057, -1.000000000000000000 ) ) ;
#224 = FACE_OUTER_BOUND ( 'NONE', #801, .T. ) ;
#225 =( BOUNDED_CURVE ( )  B_SPLINE_CURVE ( 2, ( #1629, #1950, #837, #2488, #1911, #1921, #1121 ),
 .UNSPECIFIED., .F., .F. ) 
 B_SPLINE_CURVE_WITH_KNOTS ( ( 3, 2, 2, 3 ),
 ( 0.2187499999999999400, 0.2291666666666665700, 0.2395833333333332600, 0.2499999999999998900 ),
 .UNSPECIFIED. ) 
 CURVE ( )  GEOMETRIC_REPRESENTATION_ITEM ( )  RATIONAL_B_SPLINE_CURVE ( ( 1.000000000000000700, 0.8660254037844380400, 1.000000000000000000, 0.8660254037844387100, 1.000000000000000000, 0.8660254037844401500, 0.9999999999999985600 ) ) 
 REPRESENTATION_ITEM ( '' )  );
#226 = ORIENTED_EDGE ( 'NONE', *, *, #2907, .T. ) ;
#227 = CARTESIAN_POINT ( 'NONE',  ( 0.6410254037844388400, 0.3700961894323336300, 1.733333333333335800 ) ) ;
#228 = CARTESIAN_POINT ( 'NONE',  ( -0.6410254037844385100, 0.3700961894323343000, -2.933333333333331300 ) ) ;
#229 = ADVANCED_FACE ( 'NONE', ( #2624 ), #885, .F. ) ;
#230 = CARTESIAN_POINT ( 'NONE',  ( 0.5073539086306208000, 0.5731044880621368700, 3.831350129109558200 ) ) ;
#231 = CARTESIAN_POINT ( 'NONE',  ( 0.0000000000000000000, 0.7401923788646683800, -2.549999999999996700 ) ) ;
#232 = CARTESIAN_POINT ( 'NONE',  ( -0.5302037825132702700, -0.7640538192567452000, 1.855578172837428800 ) ) ;
#233 = ORIENTED_EDGE ( 'NONE', *, *, #2777, .T. ) ;
#234 = EDGE_CURVE ( 'NONE', #2712, #3324, #2326, .T. ) ;
#235 = CARTESIAN_POINT ( 'NONE',  ( -0.8547005383792513100, 5.233531392778349000E-017, 1.550000000000003800 ) ) ;
#236 = ORIENTED_EDGE ( 'NONE', *, *, #2271, .T. ) ;
#237 = CARTESIAN_POINT ( 'NONE',  ( 0.6045014892179867400, -0.7979101692421214400, 1.895878113035044400 ) ) ;
#238 = CC_DESIGN_APPROVAL ( #36, ( #953 ) ) ;
#239 = CARTESIAN_POINT ( 'NONE',  ( 0.0000000000000000000, 5.934053701650533800E-056, -3.999999999999999100 ) ) ;
#240 = CARTESIAN_POINT ( 'NONE',  ( 0.0000000000000000000, 1.483513425412634100E-056, 1.999999999999999100 ) ) ;
#241 = ORIENTED_EDGE ( 'NONE', *, *, #3290, .F. ) ;
#242 = CARTESIAN_POINT ( 'NONE',  ( -1.154700538379252100, 7.070501591499381500E-017, 0.5000000000000285300 ) ) ;
#243 = CARTESIAN_POINT ( 'NONE',  ( -0.6410254037844386200, -0.3700961894323340200, 1.533333333333335400 ) ) ;
#244 = CARTESIAN_POINT ( 'NONE',  ( 0.4273502691896254900, -0.7401923788646686000, -2.366666666666664500 ) ) ;
#245 = CARTESIAN_POINT ( 'NONE',  ( 0.8660254037844388200, -0.5000000000000006700, 0.7166666666666413600 ) ) ;
#246 = ORIENTED_EDGE ( 'NONE', *, *, #1348, .T. ) ;
#247 = CARTESIAN_POINT ( 'NONE',  ( -0.6410254037844385100, 0.3700961894323343000, -2.083333333333329900 ) ) ;
#248 = ORIENTED_EDGE ( 'NONE', *, *, #3481, .T. ) ;
#249 = CARTESIAN_POINT ( 'NONE',  ( -0.6410254037844386200, -0.3700961894323340200, 0.3833333333333370800 ) ) ;
#250 = ADVANCED_FACE ( 'NONE', ( #843 ), #2156, .T. ) ;
#251 = DIRECTION ( 'NONE',  ( -0.0000000000000000000, 7.417567127063168400E-057, -1.000000000000000000 ) ) ;
#252 = CARTESIAN_POINT ( 'NONE',  ( 0.6410254037844384000, -0.3700961894323345200, -3.133333333333331100 ) ) ;
#253 = CARTESIAN_POINT ( 'NONE',  ( -9.064742275298811100E-017, -0.7401923788646683800, -3.999999999999998200 ) ) ;
#254 = CARTESIAN_POINT ( 'NONE',  ( 0.8547005383792514200, -1.570059417833504600E-016, 1.700000000000002000 ) ) ;
#255 = CARTESIAN_POINT ( 'NONE',  ( 0.4273502691896261500, 0.7401923788646680400, -2.233333333333331200 ) ) ;
#256 = EDGE_CURVE ( 'NONE', #1243, #3291, #1499, .T. ) ;
#257 = CARTESIAN_POINT ( 'NONE',  ( 0.8547005383792513100, -1.570059417833504600E-016, -0.6499999999999964700 ) ) ;
#258 = FACE_OUTER_BOUND ( 'NONE', #2969, .T. ) ;
#259 = CARTESIAN_POINT ( 'NONE',  ( -0.4273502691896259300, -0.7401923788646681500, 0.01666666666667003500 ) ) ;
#260 = CARTESIAN_POINT ( 'NONE',  ( 0.4273502691896254900, -0.7401923788646686000, -3.516666666666663100 ) ) ;
#261 = CARTESIAN_POINT ( 'NONE',  ( 2.326828918379971400E-016, -1.899999999999999900, -3.999999999999999100 ) ) ;
#262 = CARTESIAN_POINT ( 'NONE',  ( 0.0000000000000000000, 1.000000000000000400, -1.599999999999971700 ) ) ;
#263 = CARTESIAN_POINT ( 'NONE',  ( -0.8660254037844390400, 0.5000000000000003300, 1.666666666666695200 ) ) ;
#264 = CARTESIAN_POINT ( 'NONE',  ( 0.5898502691896262400, 1.021650635094610400, -3.995833333333360700 ) ) ;
#265 = CARTESIAN_POINT ( 'NONE',  ( 0.4273502691896254900, -0.7401923788646686000, -3.166666666666665200 ) ) ;
#266 = CYLINDRICAL_SURFACE ( 'NONE', #2301, 1.000000000000000400 ) ;
#267 = CARTESIAN_POINT ( 'NONE',  ( -0.4273502691896259300, -0.7401923788646681500, -1.183333333333329600 ) ) ;
#268 = FACE_OUTER_BOUND ( 'NONE', #1778, .T. ) ;
#269 = CARTESIAN_POINT ( 'NONE',  ( 0.8847754037844388600, 0.5108253175473046500, -3.254166666666637100 ) ) ;
#270 = VECTOR ( 'NONE', #2012, 1000.000000000000000 ) ;
#271 = ORIENTED_EDGE ( 'NONE', *, *, #2600, .F. ) ;
#272 = CARTESIAN_POINT ( 'NONE',  ( 0.4273502691896261500, 0.7401923788646681500, 1.416666666666670300 ) ) ;
#273 = CARTESIAN_POINT ( 'NONE',  ( -0.5773502691896221800, 1.000000000000006400, -1.516666666666692600 ) ) ;
#274 =( BOUNDED_CURVE ( )  B_SPLINE_CURVE ( 2, ( #1284, #1548, #2676, #458, #2404, #2086, #3232 ),
 .UNSPECIFIED., .F., .F. ) 
 B_SPLINE_CURVE_WITH_KNOTS ( ( 3, 2, 2, 3 ),
 ( 0.5312500000000000000, 0.5416666666666666300, 0.5520833333333333700, 0.5625000000000000000 ),
 .UNSPECIFIED. ) 
 CURVE ( )  GEOMETRIC_REPRESENTATION_ITEM ( )  RATIONAL_B_SPLINE_CURVE ( ( 1.000000000000000000, 0.8660254037844387100, 1.000000000000000000, 0.8660254037844387100, 1.000000000000000000, 0.8660254037844387100, 1.000000000000000000 ) ) 
 REPRESENTATION_ITEM ( '' )  );
#275 = CARTESIAN_POINT ( 'NONE',  ( 0.4273502691896254900, -0.7401923788646686000, -3.166666666666664700 ) ) ;
#276 = VERTEX_POINT ( 'NONE', #3558 ) ;
#277 = CARTESIAN_POINT ( 'NONE',  ( -0.8660254037844390400, 0.5000000000000003300, -1.533333333333305000 ) ) ;
#278 = CARTESIAN_POINT ( 'NONE',  ( 0.5773502691896284000, 0.9999999999999972200, -2.033333333333305200 ) ) ;
#279 = CARTESIAN_POINT ( 'NONE',  ( 0.5898502691896252400, -1.021650635094611100, -4.129166666666694000 ) ) ;
#280 = CARTESIAN_POINT ( 'NONE',  ( -0.4273502691896259900, -0.7401923788646680400, -0.8333333333333312600 ) ) ;
#281 = ORIENTED_EDGE ( 'NONE', *, *, #1533, .T. ) ;
#282 = CARTESIAN_POINT ( 'NONE',  ( 0.8847754037844388600, 0.5108253175473046500, -2.854166666666636800 ) ) ;
#283 = EDGE_CURVE ( 'NONE', #3196, #2159, #756, .T. ) ;
#284 = ORIENTED_EDGE ( 'NONE', *, *, #1849, .F. ) ;
#285 = CARTESIAN_POINT ( 'NONE',  ( 0.8547005383792513100, -1.570059417833504600E-016, 0.9500000000000039500 ) ) ;
#286 = ADVANCED_FACE ( 'NONE', ( #3054, #2875 ), #3605, .T. ) ;
#287 = CARTESIAN_POINT ( 'NONE',  ( 0.0000000000000000000, 5.934053701650533800E-056, -3.999999999999999100 ) ) ;
#288 = ORIENTED_EDGE ( 'NONE', *, *, #2526, .F. ) ;
#289 = EDGE_CURVE ( 'NONE', #3427, #1599, #1706, .T. ) ;
#290 = CARTESIAN_POINT ( 'NONE',  ( 0.8660254037844393700, 0.4999999999999994400, 0.7333333333333613700 ) ) ;
#291 = CARTESIAN_POINT ( 'NONE',  ( -1.224646799147353700E-016, -1.000000000000000400, 0.6000000000000279600 ) ) ;
#292 = ORIENTED_EDGE ( 'NONE', *, *, #1102, .T. ) ;
#293 = CARTESIAN_POINT ( 'NONE',  ( -0.8847754037844385300, -0.5108253175473052000, -1.029166666666694300 ) ) ;
#294 = CARTESIAN_POINT ( 'NONE',  ( -0.8547005383792514200, 5.233531392778349000E-017, -1.299999999999997600 ) ) ;
#295 = DIRECTION ( 'NONE',  ( -0.0000000000000000000, 7.417567127063168400E-057, -1.000000000000000000 ) ) ;
#296 = CARTESIAN_POINT ( 'NONE',  ( 0.0000000000000000000, 0.7401923788646683800, -2.999999999999997800 ) ) ;
#297 = DIRECTION ( 'NONE',  ( -0.0000000000000000000, 7.417567127063168400E-057, -1.000000000000000000 ) ) ;
#298 = CARTESIAN_POINT ( 'NONE',  ( -1.224646799147353700E-016, -1.000000000000000400, -0.9999999999999718000 ) ) ;
#299 = CARTESIAN_POINT ( 'NONE',  ( -0.7499999999999963400, 0.4330127018922166900, 3.935048094716167000 ) ) ;
#300 = CARTESIAN_POINT ( 'NONE',  ( -1.251161180115475900E-016, -1.021650635094610800, -1.762500000000027500 ) ) ;
#301 = CARTESIAN_POINT ( 'NONE',  ( 0.6410254037844388400, 0.3700961894323336300, -1.466666666666664800 ) ) ;
#302 = ADVANCED_FACE ( 'NONE', ( #888 ), #1062, .T. ) ;
#303 = EDGE_CURVE ( 'NONE', #1428, #716, #1931, .T. ) ;
#304 = PERSON_AND_ORGANIZATION ( #3626, #486 ) ;
#305 = CARTESIAN_POINT ( 'NONE',  ( 0.4273502691896254900, -0.7401923788646686000, -1.966666666666664800 ) ) ;
#306 = CARTESIAN_POINT ( 'NONE',  ( -9.823663185709716600E-016, -0.8660254037844323800, -0.2912878474779102000 ) ) ;
#307 = VECTOR ( 'NONE', #693, 1000.000000000000000 ) ;
#308 = VECTOR ( 'NONE', #3545, 1000.000000000000100 ) ;
#309 = CARTESIAN_POINT ( 'NONE',  ( 0.8847754037844388600, 0.5108253175473046500, -2.429166666666694700 ) ) ;
#310 = CARTESIAN_POINT ( 'NONE',  ( 0.4273502691896254900, -0.7401923788646686000, -1.966666666666664800 ) ) ;
#311 = CYLINDRICAL_SURFACE ( 'NONE', #1759, 1.000000000000000400 ) ;
#312 = CARTESIAN_POINT ( 'NONE',  ( -0.5773502691896240700, 1.000000000000003600, -0.7666666666666388500 ) ) ;
#313 = CARTESIAN_POINT ( 'NONE',  ( -0.8847754037844385300, -0.5108253175473052000, -1.854166666666636800 ) ) ;
#314 = VERTEX_POINT ( 'NONE', #1382 ) ;
#315 = CARTESIAN_POINT ( 'NONE',  ( 0.0000000000000000000, 1.100000000000001400, 1.899999999999998100 ) ) ;
#316 = EDGE_LOOP ( 'NONE', ( #2114, #3495, #152, #198, #666 ) ) ;
#317 = CARTESIAN_POINT ( 'NONE',  ( 0.4273502691896254900, -0.7401923788646686000, -1.166666666666664300 ) ) ;
#318 = DIRECTION ( 'NONE',  ( 0.0000000000000000000, 1.000000000000000000, 0.0000000000000000000 ) ) ;
#319 = ORIENTED_EDGE ( 'NONE', *, *, #854, .F. ) ;
#320 = CARTESIAN_POINT ( 'NONE',  ( 0.0000000000000000000, 5.934053701650533800E-056, -3.999999999999999100 ) ) ;
#321 = CARTESIAN_POINT ( 'NONE',  ( -0.5898502691896260200, -1.021650635094610600, -2.995833333333361100 ) ) ;
#322 = CARTESIAN_POINT ( 'NONE',  ( -0.4273502691896259900, -0.7401923788646680400, -1.633333333333331300 ) ) ;
#323 = VERTEX_POINT ( 'NONE', #2490 ) ;
#324 = AXIS2_PLACEMENT_3D ( 'NONE', #1559, #3242, #991 ) ;
#325 = CARTESIAN_POINT ( 'NONE',  ( -0.5898502691896260200, -1.021650635094610600, -1.420833333333303400 ) ) ;
#326 = CARTESIAN_POINT ( 'NONE',  ( 0.6410254037844388400, 0.3700961894323336300, 2.183333333333337600 ) ) ;
#327 = CARTESIAN_POINT ( 'NONE',  ( 0.7006292693072216900, -0.7135254914787772000, 1.899999999999998100 ) ) ;
#328 = ORIENTED_EDGE ( 'NONE', *, *, #1161, .F. ) ;
#329 = CARTESIAN_POINT ( 'NONE',  ( -0.4273502691896259300, -0.7401923788646681500, 1.616666666666670500 ) ) ;
#330 = DIRECTION ( 'NONE',  ( -0.0000000000000000000, 7.417567127063168400E-057, -1.000000000000000000 ) ) ;
#331 = EDGE_CURVE ( 'NONE', #3196, #1813, #2646, .T. ) ;
#332 = CARTESIAN_POINT ( 'NONE',  ( -0.6410254037844386200, -0.3700961894323340200, -0.8666666666666644800 ) ) ;
#333 = CARTESIAN_POINT ( 'NONE',  ( -1.154700538379252100, 7.070501591499381500E-017, 0.9000000000000278900 ) ) ;
#334 = DIRECTION ( 'NONE',  ( 0.0000000000000000000, -1.000000000000000000, -1.281975124255724200E-016 ) ) ;
#335 = B_SPLINE_CURVE_WITH_KNOTS ( 'NONE', 3,
 ( #442, #1535, #3210, #1329, #232, #3527, #197, #776, #2460, #2157, #811, #1361, #798, #2188, #2735, #482, #1918, #1908 ),
 .UNSPECIFIED., .F., .F.,
 ( 4, 2, 2, 2, 2, 2, 2, 2, 4 ),
 ( 0.0007569676004007169800, 0.001097568823888733600, 0.001438170047376750400, 0.001778771270864767000, 0.002119372494352784000, 0.002459973717840800500, 0.002800574941328817100, 0.003141176164816834100, 0.003481777388304850600 ),
 .UNSPECIFIED. ) ;
#336 = CARTESIAN_POINT ( 'NONE',  ( -0.8847754037844384200, 0.5108253175473055400, -1.495833333333361100 ) ) ;
#337 = CARTESIAN_POINT ( 'NONE',  ( 0.8547005383792514200, -1.570059417833504600E-016, 0.1000000000000019900 ) ) ;
#338 = CARTESIAN_POINT ( 'NONE',  ( 0.8660254037844393700, 0.4999999999999994400, -2.416666666666692700 ) ) ;
#339 = CARTESIAN_POINT ( 'NONE',  ( -0.5186004454876938000, -0.5281461309801501700, -3.999999999999998200 ) ) ;
#340 = CARTESIAN_POINT ( 'NONE',  ( -1.251161180115475900E-016, -1.021650635094610800, -0.5874999999999699400 ) ) ;
#341 = CARTESIAN_POINT ( 'NONE',  ( 0.0000000000000000000, 0.7401923788646683800, 1.450000000000003300 ) ) ;
#342 = CARTESIAN_POINT ( 'NONE',  ( 0.8660254037844388200, -0.5000000000000006700, 1.466666666666694800 ) ) ;
#343 = CARTESIAN_POINT ( 'NONE',  ( 0.0000000000000000000, 0.7401923788646683800, -3.799999999999998000 ) ) ;
#344 = AXIS2_PLACEMENT_3D ( 'NONE', #3385, #3429, #1758 ) ;
#345 = CARTESIAN_POINT ( 'NONE',  ( -0.8547005383792514200, 5.233531392778349000E-017, 0.7500000000000033300 ) ) ;
#346 = CARTESIAN_POINT ( 'NONE',  ( 0.6410254037844388400, 0.3700961894323336300, -1.466666666666664800 ) ) ;
#347 = CARTESIAN_POINT ( 'NONE',  ( 0.0000000000000000000, 5.934053701650533800E-056, -3.999999999999999100 ) ) ;
#348 = CARTESIAN_POINT ( 'NONE',  ( 0.5898502691896262400, 1.021650635094610400, 0.4041666666666395300 ) ) ;
#349 = CARTESIAN_POINT ( 'NONE',  ( 0.0000000000000000000, 0.7401923788646683800, 1.000000000000002700 ) ) ;
#350 = EDGE_CURVE ( 'NONE', #1022, #3324, #3491, .T. ) ;
#351 = CARTESIAN_POINT ( 'NONE',  ( -1.251161180115475900E-016, -1.021650635094610800, -1.387499999999970000 ) ) ;
#352 = CARTESIAN_POINT ( 'NONE',  ( -0.4273502691896256500, 0.7401923788646683800, 1.083333333333337000 ) ) ;
#353 = FACE_OUTER_BOUND ( 'NONE', #626, .T. ) ;
#354 = CARTESIAN_POINT ( 'NONE',  ( 0.4273502691896261500, 0.7401923788646681500, 0.9666666666666686700 ) ) ;
#355 = AXIS2_PLACEMENT_3D ( 'NONE', #2696, #3520, #1285 ) ;
#356 = CARTESIAN_POINT ( 'NONE',  ( -0.6410254037844386200, -0.3700961894323340200, -2.066666666666664700 ) ) ;
#357 = CARTESIAN_POINT ( 'NONE',  ( -1.154700538379252100, 7.070501591499381500E-017, -0.2999999999999717900 ) ) ;
#358 = FACE_OUTER_BOUND ( 'NONE', #2212, .T. ) ;
#359 = CARTESIAN_POINT ( 'NONE',  ( -0.4273502691896256000, 0.7401923788646683800, -0.9666666666666646800 ) ) ;
#360 = CIRCLE ( 'NONE', #1854, 1.000000000000000000 ) ;
#361 = CARTESIAN_POINT ( 'NONE',  ( 0.0000000000000000000, 1.000000000000000400, -3.550000000000026000 ) ) ;
#362 = CARTESIAN_POINT ( 'NONE',  ( 0.5773502691896229600, -1.000000000000005600, -2.966666666666639700 ) ) ;
#363 = LINE ( 'NONE', #2591, #2370 ) ;
#364 = B_SPLINE_CURVE_WITH_KNOTS ( 'NONE', 3,
 ( #1618, #519, #1125, #2466, #1347, #2229 ),
 .UNSPECIFIED., .F., .F.,
 ( 4, 2, 4 ),
 ( 0.0006403297137194837200, 0.001082434676360011600, 0.001524539639000539200 ),
 .UNSPECIFIED. ) ;
#365 = CARTESIAN_POINT ( 'NONE',  ( -0.8847754037844385300, -0.5108253175473052000, 0.9708333333333062400 ) ) ;
#366 = CARTESIAN_POINT ( 'NONE',  ( -0.4273502691896259900, -0.7401923788646680400, 1.966666666666668600 ) ) ;
#367 = ORIENTED_EDGE ( 'NONE', *, *, #609, .F. ) ;
#368 = CARTESIAN_POINT ( 'NONE',  ( 0.7499999999999997800, 0.4330127018922161900, -0.2912878474779102000 ) ) ;
#369 =( BOUNDED_CURVE ( )  B_SPLINE_CURVE ( 2, ( #195, #2429, #2941, #454, #1034, #1833, #2962 ),
 .UNSPECIFIED., .F., .F. ) 
 B_SPLINE_CURVE_WITH_KNOTS ( ( 3, 2, 2, 3 ),
 ( 0.3437499999999999400, 0.3541666666666665700, 0.3645833333333333700, 0.3750000000000000000 ),
 .UNSPECIFIED. ) 
 CURVE ( )  GEOMETRIC_REPRESENTATION_ITEM ( )  RATIONAL_B_SPLINE_CURVE ( ( 1.000000000000000700, 0.8660254037844381500, 1.000000000000000000, 0.8660254037844388200, 1.000000000000000000, 0.8660254037844388200, 1.000000000000000000 ) ) 
 REPRESENTATION_ITEM ( '' )  );
#370 = CARTESIAN_POINT ( 'NONE',  ( -0.5898502691896255800, 1.021650635094610800, -1.154166666666636800 ) ) ;
#371 = VERTEX_POINT ( 'NONE', #1923 ) ;
#372 = CARTESIAN_POINT ( 'NONE',  ( -1.224646799147353900E-016, -1.000000000000000400, -2.150000000000026100 ) ) ;
#373 = CARTESIAN_POINT ( 'NONE',  ( -0.4273502691896256500, 0.7401923788646683800, -2.166666666666664300 ) ) ;
#374 = CARTESIAN_POINT ( 'NONE',  ( -1.224646799147353900E-016, -1.000000000000000400, -1.350000000000025800 ) ) ;
#375 = VERTEX_POINT ( 'NONE', #3581 ) ;
#376 = CARTESIAN_POINT ( 'NONE',  ( -0.4273502691896256000, 0.7401923788646683800, -0.1666666666666648000 ) ) ;
#377 = CARTESIAN_POINT ( 'NONE',  ( -0.05859781459385459600, 0.8321939397547482000, 3.901216630686481500 ) ) ;
#378 = EDGE_CURVE ( 'NONE', #276, #3207, #3401, .T. ) ;
#379 = CARTESIAN_POINT ( 'NONE',  ( -0.9047498708602967900, -0.2942956329426820700, -3.796600203929263900 ) ) ;
#380 = VERTEX_POINT ( 'NONE', #1136 ) ;
#381 = CARTESIAN_POINT ( 'NONE',  ( -0.5898502691896255800, 1.021650635094610800, 0.07083333333330557600 ) ) ;
#382 = CARTESIAN_POINT ( 'NONE',  ( 0.6410254037844384000, -0.3700961894323345200, 1.266666666666668600 ) ) ;
#383 = ORIENTED_EDGE ( 'NONE', *, *, #1434, .T. ) ;
#384 = CC_DESIGN_DATE_AND_TIME_ASSIGNMENT ( #2102, #1004, ( #1060 ) ) ;
#385 = CARTESIAN_POINT ( 'NONE',  ( 1.179700538379251400, -2.167074732417838900E-016, 0.3125000000000297500 ) ) ;
#386 = CARTESIAN_POINT ( 'NONE',  ( -0.4273502691896259300, -0.7401923788646681500, 0.7666666666666689400 ) ) ;
#387 = CARTESIAN_POINT ( 'NONE',  ( -0.6410254037844386200, -0.3700961894323340200, -0.4166666666666633000 ) ) ;
#388 = CARTESIAN_POINT ( 'NONE',  ( -0.6410254037844385100, 0.3700961894323343000, -2.533333333333331000 ) ) ;
#389 = CARTESIAN_POINT ( 'NONE',  ( 0.0000000000000000000, 0.7401923788646683800, -0.5999999999999976500 ) ) ;
#390 =( BOUNDED_CURVE ( )  B_SPLINE_CURVE ( 2, ( #3620, #3598, #1138, #2520, #3073, #1086, #3025 ),
 .UNSPECIFIED., .F., .F. ) 
 B_SPLINE_CURVE_WITH_KNOTS ( ( 3, 2, 2, 3 ),
 ( 0.1562500000000000300, 0.1666666666666666300, 0.1770833333333333700, 0.1874999999999999700 ),
 .UNSPECIFIED. ) 
 CURVE ( )  GEOMETRIC_REPRESENTATION_ITEM ( )  RATIONAL_B_SPLINE_CURVE ( ( 0.9999999999999996700, 0.8660254037844391500, 1.000000000000000000, 0.8660254037844388200, 1.000000000000000000, 0.8660254037844391500, 0.9999999999999996700 ) ) 
 REPRESENTATION_ITEM ( '' )  );
#391 = CARTESIAN_POINT ( 'NONE',  ( 0.8847754037844383100, -0.5108253175473058700, -0.8958333333333609000 ) ) ;
#392 = CARTESIAN_POINT ( 'NONE',  ( 0.4273502691896261500, 0.7401923788646680400, 1.366666666666668900 ) ) ;
#393 = CARTESIAN_POINT ( 'NONE',  ( -0.5898502691896260200, -1.021650635094610600, -0.2208333333333033800 ) ) ;
#394 = CARTESIAN_POINT ( 'NONE',  ( 0.6410254037844388400, 0.3700961894323336300, -0.6166666666666629200 ) ) ;
#395 = CARTESIAN_POINT ( 'NONE',  ( -0.8547005383792514200, 5.233531392778349000E-017, -0.8999999999999981300 ) ) ;
#396 = CARTESIAN_POINT ( 'NONE',  ( 1.347111479062090200E-016, -1.100000000000001400, 1.999999999999999100 ) ) ;
#397 = CARTESIAN_POINT ( 'NONE',  ( 0.4273502691896261500, 0.7401923788646681500, -0.2333333333333310600 ) ) ;
#398 = CARTESIAN_POINT ( 'NONE',  ( 0.5773502691896265100, 1.000000000000000000, -0.3833333333333588400 ) ) ;
#399 = PERSON_AND_ORGANIZATION ( #3626, #486 ) ;
#400 = CARTESIAN_POINT ( 'NONE',  ( -9.064742275298811100E-017, -0.7401923788646683800, -2.349999999999996100 ) ) ;
#401 = CARTESIAN_POINT ( 'NONE',  ( 0.5898502691896262400, 1.021650635094610400, -0.7958333333333610400 ) ) ;
#402 = CARTESIAN_POINT ( 'NONE',  ( -1.201841278886867200E-016, 0.8660254037844341600, 3.935048094716167000 ) ) ;
#403 = CONICAL_SURFACE ( 'NONE', #1273, 0.7401923788646683800, 0.7853981633974470600 ) ;
#404 = CARTESIAN_POINT ( 'NONE',  ( -1.179700538379251400, 7.223582441392798400E-017, 0.1125000000000301000 ) ) ;
#405 = FACE_OUTER_BOUND ( 'NONE', #1684, .T. ) ;
#406 = CARTESIAN_POINT ( 'NONE',  ( 0.6410254037844388400, 0.3700961894323336300, -1.416666666666663400 ) ) ;
#407 = CARTESIAN_POINT ( 'NONE',  ( 0.8547005383792514200, -1.570059417833504600E-016, -1.499999999999997800 ) ) ;
#408 = ORIENTED_EDGE ( 'NONE', *, *, #2497, .F. ) ;
#409 = CARTESIAN_POINT ( 'NONE',  ( -1.224646799147353900E-016, -1.000000000000000400, 1.449999999999974400 ) ) ;
#410 = CARTESIAN_POINT ( 'NONE',  ( -1.470839137900581700E-013, -0.9937822173508709100, -3.746410161513797500 ) ) ;
#411 = ORIENTED_EDGE ( 'NONE', *, *, #3158, .T. ) ;
#412 = CARTESIAN_POINT ( 'NONE',  ( 0.8660254037844388200, -0.5000000000000006700, -3.333333333333305100 ) ) ;
#413 = CARTESIAN_POINT ( 'NONE',  ( 0.8547005383792514200, -1.570059417833504600E-016, -3.049999999999996700 ) ) ;
#414 = CARTESIAN_POINT ( 'NONE',  ( 1.179700538379251400, -2.167074732417838900E-016, 1.937499999999972200 ) ) ;
#415 = CARTESIAN_POINT ( 'NONE',  ( 0.5186004454877215500, 0.5281461309801230900, 1.749999999999996400 ) ) ;
#416 = CARTESIAN_POINT ( 'NONE',  ( 0.6410254037844388400, 0.3700961894323336300, -3.416666666666663400 ) ) ;
#417 = ORIENTED_EDGE ( 'NONE', *, *, #2955, .T. ) ;
#418 = CARTESIAN_POINT ( 'NONE',  ( -0.5898502691896260200, -1.021650635094610600, 0.5791666666666965800 ) ) ;
#419 = CARTESIAN_POINT ( 'NONE',  ( 0.5773502691896265100, 1.000000000000000000, -1.983333333333358700 ) ) ;
#420 = CARTESIAN_POINT ( 'NONE',  ( -0.4273502691896259900, -0.7401923788646680400, -0.3833333333333297000 ) ) ;
#421 = ORIENTED_EDGE ( 'NONE', *, *, #1085, .F. ) ;
#422 = CARTESIAN_POINT ( 'NONE',  ( -0.8547005383792514200, 5.233531392778349000E-017, 0.3000000000000024900 ) ) ;
#423 = DIRECTION ( 'NONE',  ( -0.0000000000000000000, 7.417567127063168400E-057, -1.000000000000000000 ) ) ;
#424 = ORIENTED_EDGE ( 'NONE', *, *, #2497, .T. ) ;
#425 = EDGE_CURVE ( 'NONE', #1122, #2977, #750, .T. ) ;
#426 = PERSON_AND_ORGANIZATION_ROLE ( 'creator' ) ;
#427 = CARTESIAN_POINT ( 'NONE',  ( 0.4273502691896254900, -0.7401923788646686000, -2.716666666666663700 ) ) ;
#428 = FACE_OUTER_BOUND ( 'NONE', #1472, .T. ) ;
#429 = CARTESIAN_POINT ( 'NONE',  ( 0.0000000000000000000, 1.021650635094610800, 1.237499999999972100 ) ) ;
#430 = CARTESIAN_POINT ( 'NONE',  ( 0.8847754037844388600, 0.5108253175473046500, 1.545833333333363400 ) ) ;
#431 = CARTESIAN_POINT ( 'NONE',  ( -0.8660254037844390400, -0.5000000000000000000, -2.266666666666638600 ) ) ;
#432 = CARTESIAN_POINT ( 'NONE',  ( 0.6410254037844384000, -0.3700961894323345200, -1.883333333333329800 ) ) ;
#433 = CARTESIAN_POINT ( 'NONE',  ( -9.064742275298811100E-017, -0.7401923788646683800, 0.8000000000000020400 ) ) ;
#434 = CARTESIAN_POINT ( 'NONE',  ( -0.1178881900928733500, -0.7979626255000349400, 3.866985316430565900 ) ) ;
#435 =( NAMED_UNIT ( * ) PLANE_ANGLE_UNIT ( ) SI_UNIT ( $, .RADIAN. ) );
#436 = CARTESIAN_POINT ( 'NONE',  ( -0.4273502691896256500, 0.7401923788646683800, -2.516666666666663100 ) ) ;
#437 = CARTESIAN_POINT ( 'NONE',  ( 0.5773502691896229600, 1.000000000000006000, -3.183333333333358400 ) ) ;
#438 = CARTESIAN_POINT ( 'NONE',  ( 0.5898502691896262400, 1.021650635094610400, 1.979166666666696700 ) ) ;
#439 = CARTESIAN_POINT ( 'NONE',  ( 0.0000000000000000000, 1.000000000000000400, -2.399999999999971900 ) ) ;
#440 = CARTESIAN_POINT ( 'NONE',  ( -0.4273502691896259900, -0.7401923788646680400, 1.216666666666670800 ) ) ;
#441 = CARTESIAN_POINT ( 'NONE',  ( -0.6410254037844385100, 0.3700961894323343000, 0.2666666666666684900 ) ) ;
#442 = CARTESIAN_POINT ( 'NONE',  ( 2.725547480607297300E-011, -0.9566987298121871800, 1.875000000000811100 ) ) ;
#443 = EDGE_CURVE ( 'NONE', #728, #3203, #3094, .T. ) ;
#444 = FACE_OUTER_BOUND ( 'NONE', #852, .T. ) ;
#445 = CARTESIAN_POINT ( 'NONE',  ( -0.7499999999999954500, -0.4330127018922179700, 3.935048094716167000 ) ) ;
#446 = CARTESIAN_POINT ( 'NONE',  ( -0.4273502691896256500, 0.7401923788646683800, -1.716666666666663500 ) ) ;
#447 = AXIS2_PLACEMENT_3D ( 'NONE', #803, #1107, #3043 ) ;
#448 = ORIENTED_EDGE ( 'NONE', *, *, #2225, .F. ) ;
#449 = CARTESIAN_POINT ( 'NONE',  ( 0.0000000000000000000, 0.7401923788646683800, -3.749999999999996400 ) ) ;
#450 = VERTEX_POINT ( 'NONE', #594 ) ;
#451 = CARTESIAN_POINT ( 'NONE',  ( -0.6410254037844386200, -0.3700961894323340200, -3.616666666666663100 ) ) ;
#452 = CARTESIAN_POINT ( 'NONE',  ( -0.4273502691896256500, 0.7401923788646683800, 1.083333333333337000 ) ) ;
#453 =( BOUNDED_CURVE ( )  B_SPLINE_CURVE ( 2, ( #1497, #933, #1780, #2313, #679, #1766, #959 ),
 .UNSPECIFIED., .F., .F. ) 
 B_SPLINE_CURVE_WITH_KNOTS ( ( 3, 2, 2, 3 ),
 ( 0.1874999999999999400, 0.1979166666666666000, 0.2083333333333332900, 0.2187499999999999400 ),
 .UNSPECIFIED. ) 
 CURVE ( )  GEOMETRIC_REPRESENTATION_ITEM ( )  RATIONAL_B_SPLINE_CURVE ( ( 1.000000000000000700, 0.8660254037844380400, 1.000000000000000000, 0.8660254037844387100, 1.000000000000000000, 0.8660254037844393700, 0.9999999999999993300 ) ) 
 REPRESENTATION_ITEM ( '' )  );
#454 = CARTESIAN_POINT ( 'NONE',  ( -1.154700538379251900, 7.070501591499382700E-017, -0.2500000000000254800 ) ) ;
#455 = CARTESIAN_POINT ( 'NONE',  ( -9.064742275298811100E-017, -0.7401923788646683800, -0.7999999999999977100 ) ) ;
#456 = DIRECTION ( 'NONE',  ( -0.0000000000000000000, -0.0000000000000000000, 1.000000000000000000 ) ) ;
#457 = ORIENTED_EDGE ( 'NONE', *, *, #3519, .F. ) ;
#458 = CARTESIAN_POINT ( 'NONE',  ( 1.154700538379252100, -2.121150477449814300E-016, -0.4999999999999718000 ) ) ;
#459 = VERTEX_POINT ( 'NONE', #2528 ) ;
#460 = CARTESIAN_POINT ( 'NONE',  ( -0.6410254037844385100, 0.3700961894323343000, -0.8833333333333297500 ) ) ;
#461 = CARTESIAN_POINT ( 'NONE',  ( 0.7499999999999997800, -0.4330127018922127500, -0.2912878474779102000 ) ) ;
#462 = ORIENTED_EDGE ( 'NONE', *, *, #993, .T. ) ;
#463 = CARTESIAN_POINT ( 'NONE',  ( 0.4273502691896254900, -0.7401923788646686000, -3.916666666666663000 ) ) ;
#464 = AXIS2_PLACEMENT_3D ( 'NONE', #1124, #297, #870 ) ;
#465 = CARTESIAN_POINT ( 'NONE',  ( 0.0000000000000000000, 1.000000000000000400, 2.816045736441646900E-014 ) ) ;
#466 = CARTESIAN_POINT ( 'NONE',  ( -9.064742275298811100E-017, -0.7401923788646683800, 1.650000000000003900 ) ) ;
#467 = ORIENTED_EDGE ( 'NONE', *, *, #234, .F. ) ;
#468 = CARTESIAN_POINT ( 'NONE',  ( 0.0000000000000000000, 0.7401923788646683800, -0.1999999999999979300 ) ) ;
#469 = CARTESIAN_POINT ( 'NONE',  ( 0.7499999999999997800, -0.1521051355705923500, 3.819022690931732600 ) ) ;
#470 = CARTESIAN_POINT ( 'NONE',  ( 0.0000000000000000000, 0.7401923788646683800, -2.149999999999996400 ) ) ;
#471 = EDGE_CURVE ( 'NONE', #987, #314, #816, .T. ) ;
#472 = APPROVAL_ROLE ( '' ) ;
#473 = CARTESIAN_POINT ( 'NONE',  ( -0.8547005383792514200, 5.233531392778349000E-017, -1.249999999999996400 ) ) ;
#474 = DIRECTION ( 'NONE',  ( 0.0000000000000000000, 1.000000000000000000, 7.417567127063168400E-057 ) ) ;
#475 = CARTESIAN_POINT ( 'NONE',  ( 0.4899963346944485300, 0.6927472259787893500, -3.898219738698573500 ) ) ;
#476 = EDGE_CURVE ( 'NONE', #1769, #2461, #1665, .T. ) ;
#477 = CARTESIAN_POINT ( 'NONE',  ( 0.6410254037844388400, 0.3700961894323336300, -3.816666666666662900 ) ) ;
#478 = CARTESIAN_POINT ( 'NONE',  ( 0.6410254037844384000, -0.3700961894323345200, 2.116666666666670200 ) ) ;
#479 = CARTESIAN_POINT ( 'NONE',  ( -0.8660254037844390400, -0.5000000000000000000, 1.383333333333307300 ) ) ;
#480 =( BOUNDED_CURVE ( )  B_SPLINE_CURVE ( 2, ( #3136, #3439, #338, #1774, #2050, #884, #2818 ),
 .UNSPECIFIED., .F., .T. ) 
 B_SPLINE_CURVE_WITH_KNOTS ( ( 3, 2, 2, 3 ),
 ( 0.6875000000000000000, 0.6979166666666667400, 0.7083333333333332600, 0.7187500000000000000 ),
 .UNSPECIFIED. ) 
 CURVE ( )  GEOMETRIC_REPRESENTATION_ITEM ( )  RATIONAL_B_SPLINE_CURVE ( ( 1.000000000000000000, 0.8660254037844388200, 1.000000000000000000, 0.8660254037844388200, 1.000000000000000000, 0.8660254037844388200, 1.000000000000000000 ) ) 
 REPRESENTATION_ITEM ( '' )  );
#481 = CARTESIAN_POINT ( 'NONE',  ( -0.4273502691896256000, 0.7401923788646683800, -1.716666666666663500 ) ) ;
#482 = CARTESIAN_POINT ( 'NONE',  ( -0.2293000557264719100, 0.7736885000988744700, 1.783858681460024800 ) ) ;
#483 = CARTESIAN_POINT ( 'NONE',  ( -0.6410254037844386200, -0.3700961894323340200, -3.216666666666663200 ) ) ;
#484 = CARTESIAN_POINT ( 'NONE',  ( -0.4273502691896256500, 0.7401923788646683800, 0.2833333333333368200 ) ) ;
#485 = CARTESIAN_POINT ( 'NONE',  ( 0.7499999999999997800, -0.4330127018922127500, 3.935048094716167900 ) ) ;
#486 = ORGANIZATION ( 'UNSPECIFIED', 'UNSPECIFIED', '' ) ;
#487 = CARTESIAN_POINT ( 'NONE',  ( 0.5773502691896254000, -1.000000000000000400, 1.483333333333307600 ) ) ;
#488 = CARTESIAN_POINT ( 'NONE',  ( -0.8547005383792514200, 5.233531392778349000E-017, -4.049999999999996300 ) ) ;
#489 = CARTESIAN_POINT ( 'NONE',  ( 0.8547005383792514200, -1.570059417833504600E-016, 1.350000000000003900 ) ) ;
#490 = CARTESIAN_POINT ( 'NONE',  ( 1.154700538379251900, -2.121150477449814300E-016, 0.7499999999999744600 ) ) ;
#491 = FACE_OUTER_BOUND ( 'NONE', #2973, .T. ) ;
#492 = CARTESIAN_POINT ( 'NONE',  ( 0.4273502691896254900, -0.7401923788646686000, -1.516666666666663300 ) ) ;
#493 = ORIENTED_EDGE ( 'NONE', *, *, #2177, .T. ) ;
#494 = CIRCLE ( 'NONE', #447, 1.000000000000000900 ) ;
#495 = CARTESIAN_POINT ( 'NONE',  ( -0.4273502691896259900, -0.7401923788646680400, -2.783333333333329700 ) ) ;
#496 = ORIENTED_EDGE ( 'NONE', *, *, #1304, .F. ) ;
#497 = CARTESIAN_POINT ( 'NONE',  ( 0.6410254037844388400, 0.3700961894323336300, -1.416666666666663400 ) ) ;
#498 = ORIENTED_EDGE ( 'NONE', *, *, #2907, .F. ) ;
#499 = CARTESIAN_POINT ( 'NONE',  ( -1.154700538379252100, 7.070501591499381500E-017, -1.099999999999971700 ) ) ;
#500 = CARTESIAN_POINT ( 'NONE',  ( -0.6410254037844386200, -0.3700961894323340200, -4.016666666666663100 ) ) ;
#501 = CARTESIAN_POINT ( 'NONE',  ( -0.4273502691896256500, 0.7401923788646683800, -4.166666666666664300 ) ) ;
#502 = ORIENTED_EDGE ( 'NONE', *, *, #331, .F. ) ;
#503 = CARTESIAN_POINT ( 'NONE',  ( 0.0000000000000000000, 1.899999999999999900, -3.999999999999999100 ) ) ;
#504 = CARTESIAN_POINT ( 'NONE',  ( -0.8547005383792513100, 5.233531392778349000E-017, -2.849999999999996500 ) ) ;
#505 = ORIENTED_EDGE ( 'NONE', *, *, #2405, .T. ) ;
#506 = ADVANCED_FACE ( 'NONE', ( #3617 ), #3050, .T. ) ;
#507 = CARTESIAN_POINT ( 'NONE',  ( 0.4273502691896261500, 0.7401923788646680400, -0.9833333333333296200 ) ) ;
#508 = EDGE_LOOP ( 'NONE', ( #2845, #2170, #3292, #1906, #328, #1029, #2128, #1307, #2680, #1041, #3100, #1990, #496, #1384, #1332, #1984, #634, #1342, #1546, #3469, #2800, #1591, #1810, #1164, #1772, #408, #1586, #1677, #2583, #2421, #421, #2637, #2246 ) ) ;
#509 = CARTESIAN_POINT ( 'NONE',  ( -0.8660254037844390400, 0.5000000000000003300, 1.716666666666641200 ) ) ;
#510 = CARTESIAN_POINT ( 'NONE',  ( -0.5773502691896257300, 1.000000000000000200, -1.916666666666692300 ) ) ;
#511 = CARTESIAN_POINT ( 'NONE',  ( -0.8847754037844385300, -0.5108253175473052000, -4.229166666666694500 ) ) ;
#512 = CARTESIAN_POINT ( 'NONE',  ( -0.6410254037844386200, -0.3700961894323340200, -3.266666666666664800 ) ) ;
#513 = EDGE_CURVE ( 'NONE', #2897, #1975, #2918, .T. ) ;
#514 = CARTESIAN_POINT ( 'NONE',  ( -0.8547005383792513100, 5.233531392778349000E-017, -2.449999999999997100 ) ) ;
#515 = DIRECTION ( 'NONE',  ( 0.0000000000000000000, 1.000000000000000000, 0.0000000000000000000 ) ) ;
#516 = AXIS2_PLACEMENT_3D ( 'NONE', #1023, #2905, #3517 ) ;
#517 = CARTESIAN_POINT ( 'NONE',  ( 0.4273502691896254900, -0.7401923788646686000, 0.4833333333333374400 ) ) ;
#518 = CARTESIAN_POINT ( 'NONE',  ( 0.4939469867851021800, -0.8620697125709561000, 1.891588507596695400 ) ) ;
#519 = CARTESIAN_POINT ( 'NONE',  ( 0.1440709480456726100, -0.8814180556798555400, -3.858774323183301800 ) ) ;
#520 = EDGE_CURVE ( 'NONE', #2500, #908, #138, .T. ) ;
#521 = CARTESIAN_POINT ( 'NONE',  ( -2.957777494895041700E-011, 0.7834936490557787800, 1.775000000001087000 ) ) ;
#522 = CARTESIAN_POINT ( 'NONE',  ( -0.6410254037844385100, 0.3700961894323343000, 1.866666666666669400 ) ) ;
#523 = CARTESIAN_POINT ( 'NONE',  ( 0.8547005383792514200, -1.570059417833504600E-016, -2.299999999999998500 ) ) ;
#524 = ADVANCED_FACE ( 'NONE', ( #444 ), #708, .T. ) ;
#525 = CARTESIAN_POINT ( 'NONE',  ( -9.064742275298811100E-017, -0.7401923788646683800, -2.749999999999996400 ) ) ;
#526 = CARTESIAN_POINT ( 'NONE',  ( 0.8660254037844388200, -0.5000000000000006700, -1.333333333333304800 ) ) ;
#527 = CALENDAR_DATE ( 2023, 11, 1 ) ;
#528 = CARTESIAN_POINT ( 'NONE',  ( 0.4273502691896261500, 0.7401923788646681500, -0.1833333333333296300 ) ) ;
#529 = CARTESIAN_POINT ( 'NONE',  ( 0.0000000000000000000, 1.000000000000000400, -2.750000000000025800 ) ) ;
#530 = CARTESIAN_POINT ( 'NONE',  ( -0.6410254037844385100, 0.3700961894323343000, -3.333333333333331300 ) ) ;
#531 = LINE ( 'NONE', #2423, #1101 ) ;
#532 = DIRECTION ( 'NONE',  ( -0.0000000000000000000, 7.417567127063168400E-057, -1.000000000000000000 ) ) ;
#533 = CARTESIAN_POINT ( 'NONE',  ( -0.8660254037844390400, -0.5000000000000000000, 0.5333333333333616400 ) ) ;
#534 = CYLINDRICAL_SURFACE ( 'NONE', #2642, 1.000000000000000400 ) ;
#535 = ORIENTED_EDGE ( 'NONE', *, *, #1790, .F. ) ;
#536 = CARTESIAN_POINT ( 'NONE',  ( -9.064742275298811100E-017, -0.7401923788646683800, 2.000000000000002700 ) ) ;
#537 = CARTESIAN_POINT ( 'NONE',  ( 0.0000000000000000000, 0.7401923788646683800, -2.999999999999997800 ) ) ;
#538 = DIRECTION ( 'NONE',  ( 0.0000000000000000000, -7.417567127063168400E-057, 1.000000000000000000 ) ) ;
#539 = CARTESIAN_POINT ( 'NONE',  ( -0.4273502691896259300, -0.7401923788646681500, -0.7833333333333298800 ) ) ;
#540 = ORIENTED_EDGE ( 'NONE', *, *, #3008, .T. ) ;
#541 = EDGE_CURVE ( 'NONE', #2296, #276, #2263, .T. ) ;
#542 = CARTESIAN_POINT ( 'NONE',  ( -0.6410254037844385100, 0.3700961894323343000, 0.3166666666666699800 ) ) ;
#543 = ADVANCED_FACE ( 'NONE', ( #2321 ), #2535, .T. ) ;
#544 = ORIENTED_EDGE ( 'NONE', *, *, #978, .T. ) ;
#545 = CARTESIAN_POINT ( 'NONE',  ( -0.8660254037844390400, 0.5000000000000003300, -1.483333333333359400 ) ) ;
#546 = SECURITY_CLASSIFICATION ( '', '', #703 ) ;
#547 = CARTESIAN_POINT ( 'NONE',  ( 0.6410254037844384000, -0.3700961894323345200, -3.933333333333331300 ) ) ;
#548 = CARTESIAN_POINT ( 'NONE',  ( 2.265596578422603100E-016, 1.800000000000000000, 1.999999999999999100 ) ) ;
#549 = EDGE_LOOP ( 'NONE', ( #417, #3146, #2588, #1679 ) ) ;
#550 = CARTESIAN_POINT ( 'NONE',  ( 0.0000000000000000000, 1.021650635094610800, -3.962500000000027400 ) ) ;
#551 = CARTESIAN_POINT ( 'NONE',  ( -0.8547005383792514200, 5.233531392778349000E-017, -2.899999999999997700 ) ) ;
#552 = ORIENTED_EDGE ( 'NONE', *, *, #1409, .F. ) ;
#553 = CARTESIAN_POINT ( 'NONE',  ( -1.179700538379251400, 7.223582441392798400E-017, -3.087499999999970200 ) ) ;
#554 = ORIENTED_EDGE ( 'NONE', *, *, #993, .F. ) ;
#555 = CARTESIAN_POINT ( 'NONE',  ( -0.4273502691896256000, 0.7401923788646683800, 1.083333333333337300 ) ) ;
#556 = CARTESIAN_POINT ( 'NONE',  ( 0.7006292693072216900, -0.7135254914787772000, 1.899999999999998100 ) ) ;
#557 = CARTESIAN_POINT ( 'NONE',  ( 0.5773502691896280600, 0.9999999999999980000, -3.633333333333305800 ) ) ;
#558 = CARTESIAN_POINT ( 'NONE',  ( 0.8660254037844393700, 0.4999999999999994400, -2.816666666666692200 ) ) ;
#559 = CARTESIAN_POINT ( 'NONE',  ( 0.0000000000000000000, 1.000000000000000400, -3.999999999999999100 ) ) ;
#560 = CARTESIAN_POINT ( 'NONE',  ( -9.064742275298811100E-017, -0.7401923788646683800, 1.600000000000002500 ) ) ;
#561 = CARTESIAN_POINT ( 'NONE',  ( 0.4273502691896261500, 0.7401923788646680400, -1.033333333333331000 ) ) ;
#562 = ADVANCED_FACE ( 'NONE', ( #2403 ), #2579, .T. ) ;
#563 = CARTESIAN_POINT ( 'NONE',  ( -1.179700538379251400, 7.223582441392798400E-017, -2.687499999999970200 ) ) ;
#564 = CC_DESIGN_PERSON_AND_ORGANIZATION_ASSIGNMENT ( #399, #174, ( #953 ) ) ;
#565 = CARTESIAN_POINT ( 'NONE',  ( -9.064742275298811100E-017, -0.7401923788646683800, 1.250000000000003800 ) ) ;
#566 = CARTESIAN_POINT ( 'NONE',  ( -1.224646799147353700E-016, -1.000000000000000400, -0.5999999999999716700 ) ) ;
#567 = CARTESIAN_POINT ( 'NONE',  ( -0.8547005383792513100, 5.233531392778349000E-017, -3.699999999999998000 ) ) ;
#568 = CARTESIAN_POINT ( 'NONE',  ( 0.7401923788646683800, -7.638989283770670300E-014, 1.749999999999996900 ) ) ;
#569 = CARTESIAN_POINT ( 'NONE',  ( 0.5773502691896238400, -1.000000000000003800, -0.9666666666666383600 ) ) ;
#570 = CARTESIAN_POINT ( 'NONE',  ( -0.5898502691896255800, 1.021650635094610800, -2.329166666666694100 ) ) ;
#571 = CARTESIAN_POINT ( 'NONE',  ( 0.0000000000000000000, 0.7401923788646683800, -0.9999999999999978900 ) ) ;
#572 = COORDINATED_UNIVERSAL_TIME_OFFSET ( 6, 0, .BEHIND. ) ;
#573 = CARTESIAN_POINT ( 'NONE',  ( 1.179700538379251400, -2.167074732417838900E-016, -3.687499999999970200 ) ) ;
#574 = VECTOR ( 'NONE', #1160, 1000.000000000000100 ) ;
#575 = VERTEX_POINT ( 'NONE', #863 ) ;
#576 = CARTESIAN_POINT ( 'NONE',  ( -9.064742275298811100E-017, -0.7401923788646683800, -3.199999999999998000 ) ) ;
#577 = ADVANCED_FACE ( 'NONE', ( #981 ), #2192, .T. ) ;
#578 = LINE ( 'NONE', #306, #2239 ) ;
#579 = CARTESIAN_POINT ( 'NONE',  ( 0.6410254037844388400, 0.3700961894323336300, -3.466666666666664600 ) ) ;
#580 = VERTEX_POINT ( 'NONE', #1189 ) ;
#581 = DIRECTION ( 'NONE',  ( -0.0000000000000000000, 7.417567127063168400E-057, -1.000000000000000000 ) ) ;
#582 = CARTESIAN_POINT ( 'NONE',  ( -0.8847754037844385300, -0.5108253175473052000, -3.029166666666694300 ) ) ;
#583 = CARTESIAN_POINT ( 'NONE',  ( 0.4273502691896261500, 0.7401923788646680400, -1.833333333333331500 ) ) ;
#584 = ORIENTED_EDGE ( 'NONE', *, *, #3481, .F. ) ;
#585 = AXIS2_PLACEMENT_3D ( 'NONE', #3539, #3264, #515 ) ;
#586 = CARTESIAN_POINT ( 'NONE',  ( 0.8847754037844383100, -0.5108253175473058700, -2.920833333333303600 ) ) ;
#587 = ORIENTED_EDGE ( 'NONE', *, *, #89, .T. ) ;
#588 = CARTESIAN_POINT ( 'NONE',  ( 0.6410254037844384000, -0.3700961894323345200, -3.933333333333331300 ) ) ;
#589 = CARTESIAN_POINT ( 'NONE',  ( -0.8547005383792513100, 5.233531392778349000E-017, -3.649999999999996400 ) ) ;
#590 = DIRECTION ( 'NONE',  ( 0.0000000000000000000, 1.000000000000000000, 0.0000000000000000000 ) ) ;
#591 = ORIENTED_EDGE ( 'NONE', *, *, #283, .T. ) ;
#592 = EDGE_CURVE ( 'NONE', #2250, #1971, #3133, .T. ) ;
#593 = CARTESIAN_POINT ( 'NONE',  ( -0.6410254037844385100, 0.3700961894323343000, -2.133333333333331100 ) ) ;
#594 = CARTESIAN_POINT ( 'NONE',  ( 0.8027956635297335300, -0.5962542432703147300, -3.740192378864666700 ) ) ;
#595 = ORIENTED_EDGE ( 'NONE', *, *, #1130, .F. ) ;
#596 = CARTESIAN_POINT ( 'NONE',  ( 0.8847754037844383100, -0.5108253175473058700, -1.295833333333361100 ) ) ;
#597 = CARTESIAN_POINT ( 'NONE',  ( -0.6410254037844386200, -0.3700961894323340200, -0.8666666666666644800 ) ) ;
#598 = ADVANCED_FACE ( 'NONE', ( #222 ), #1010, .F. ) ;
#599 = CARTESIAN_POINT ( 'NONE',  ( -1.154700538379252100, 7.070501591499381500E-017, -0.6999999999999718700 ) ) ;
#600 = CARTESIAN_POINT ( 'NONE',  ( 0.8847754037844388600, 0.5108253175473046500, -1.654166666666636800 ) ) ;
#601 = CARTESIAN_POINT ( 'NONE',  ( -9.064742275298811100E-017, -0.7401923788646683800, -3.999999999999998200 ) ) ;
#602 = CARTESIAN_POINT ( 'NONE',  ( -1.224646799147353900E-016, -1.000000000000000400, -2.950000000000025500 ) ) ;
#603 = CARTESIAN_POINT ( 'NONE',  ( 0.8547005383792513100, -1.570059417833504600E-016, -1.099999999999997600 ) ) ;
#604 = CARTESIAN_POINT ( 'NONE',  ( 0.0000000000000000000, 5.934053701650533800E-056, -3.999999999999999100 ) ) ;
#605 = CARTESIAN_POINT ( 'NONE',  ( -0.7499999999999960000, 0.1522638590145223600, 3.819022690931728600 ) ) ;
#606 = VECTOR ( 'NONE', #1045, 1000.000000000000000 ) ;
#607 = CARTESIAN_POINT ( 'NONE',  ( 1.179700538379251400, -2.167074732417838900E-016, -2.062500000000028000 ) ) ;
#608 = CARTESIAN_POINT ( 'NONE',  ( -0.6410254037844386200, -0.3700961894323340200, -0.4666666666666647300 ) ) ;
#609 = EDGE_CURVE ( 'NONE', #3020, #952, #369, .T. ) ;
#610 = CARTESIAN_POINT ( 'NONE',  ( 0.8847754037844388600, 0.5108253175473046500, -2.454166666666636900 ) ) ;
#611 = CARTESIAN_POINT ( 'NONE',  ( -0.4273502691896256500, 0.7401923788646683800, 1.883333333333336600 ) ) ;
#612 = CARTESIAN_POINT ( 'NONE',  ( 0.0000000000000000000, 5.934053701650533800E-056, -3.999999999999999100 ) ) ;
#613 = CARTESIAN_POINT ( 'NONE',  ( 0.6410254037844384000, -0.3700961894323345200, 1.716666666666670100 ) ) ;
#614 = APPROVAL_PERSON_ORGANIZATION ( #3268, #1614, #2111 ) ;
#615 = CARTESIAN_POINT ( 'NONE',  ( -0.4273502691896259300, -0.7401923788646681500, -2.433333333333331300 ) ) ;
#616 = DIRECTION ( 'NONE',  ( 0.0000000000000000000, 1.000000000000000000, 0.0000000000000000000 ) ) ;
#617 = CARTESIAN_POINT ( 'NONE',  ( 0.0000000000000000000, -1.899999999999999900, 2.099999999999999600 ) ) ;
#618 = FACE_OUTER_BOUND ( 'NONE', #2248, .T. ) ;
#619 = B_SPLINE_CURVE_WITH_KNOTS ( 'NONE', 3,
 ( #415, #3261, #1064, #120 ),
 .UNSPECIFIED., .F., .F.,
 ( 4, 4 ),
 ( 0.0000000000000000000, 0.0005913589519938204200 ),
 .UNSPECIFIED. ) ;
#620 = FACE_OUTER_BOUND ( 'NONE', #2207, .T. ) ;
#621 = CARTESIAN_POINT ( 'NONE',  ( -0.5898502691896260200, -1.021650635094610600, -1.395833333333361000 ) ) ;
#622 = CARTESIAN_POINT ( 'NONE',  ( 0.6410254037844388400, 0.3700961894323336300, 0.1333333333333351400 ) ) ;
#623 = DIRECTION ( 'NONE',  ( -0.0000000000000000000, 7.417567127063168400E-057, -1.000000000000000000 ) ) ;
#624 = LINE ( 'NONE', #2564, #2195 ) ;
#625 = CARTESIAN_POINT ( 'NONE',  ( -0.8847754037844385300, -0.5108253175473052000, -1.054166666666636900 ) ) ;
#626 = EDGE_LOOP ( 'NONE', ( #3382, #2283, #411, #3152 ) ) ;
#627 = CARTESIAN_POINT ( 'NONE',  ( -0.6410254037844385100, 0.3700961894323343000, 1.916666666666670700 ) ) ;
#628 = CARTESIAN_POINT ( 'NONE',  ( 0.6410254037844384000, -0.3700961894323345200, 1.266666666666668600 ) ) ;
#629 = CARTESIAN_POINT ( 'NONE',  ( -0.4273502691896259900, -0.7401923788646680400, -3.633333333333331100 ) ) ;
#630 = ORIENTED_EDGE ( 'NONE', *, *, #2409, .F. ) ;
#631 = CARTESIAN_POINT ( 'NONE',  ( -0.8660254037844390400, 0.5000000000000003300, -3.083333333333359200 ) ) ;
#632 = CARTESIAN_POINT ( 'NONE',  ( 0.0000000000000000000, 0.7401923788646683800, -1.399999999999998100 ) ) ;
#633 = CARTESIAN_POINT ( 'NONE',  ( -1.154700538379251900, 7.070501591499382700E-017, 0.5499999999999739500 ) ) ;
#634 = ORIENTED_EDGE ( 'NONE', *, *, #1661, .F. ) ;
#635 = CARTESIAN_POINT ( 'NONE',  ( 0.0000000000000000000, 1.021650635094610800, -0.3625000000000277400 ) ) ;
#636 = CARTESIAN_POINT ( 'NONE',  ( 0.4273502691896261500, 0.7401923788646680400, 1.766666666666669000 ) ) ;
#637 = VERTEX_POINT ( 'NONE', #3515 ) ;
#638 = CARTESIAN_POINT ( 'NONE',  ( 0.7499999999999997800, 0.4330127018922161900, 2.999999999999999100 ) ) ;
#639 = CARTESIAN_POINT ( 'NONE',  ( -0.5898502691896255800, 1.021650635094610800, -1.954166666666636400 ) ) ;
#640 = CARTESIAN_POINT ( 'NONE',  ( -9.064742275298811100E-017, -0.7401923788646683800, 2.050000000000004300 ) ) ;
#641 = CARTESIAN_POINT ( 'NONE',  ( -0.6410254037844385100, 0.3700961894323343000, 1.066666666666668900 ) ) ;
#642 = EDGE_LOOP ( 'NONE', ( #2798, #2931, #292, #3553 ) ) ;
#643 = CARTESIAN_POINT ( 'NONE',  ( -0.4273502691896259900, -0.7401923788646680400, -2.033333333333331400 ) ) ;
#644 = CARTESIAN_POINT ( 'NONE',  ( 0.8660254037844388200, -0.5000000000000006700, -1.283333333333359000 ) ) ;
#645 = CARTESIAN_POINT ( 'NONE',  ( -0.8547005383792513100, 5.233531392778349000E-017, -0.8999999999999981300 ) ) ;
#646 = VERTEX_POINT ( 'NONE', #2154 ) ;
#647 = CARTESIAN_POINT ( 'NONE',  ( 0.8660254037844393700, 0.4999999999999994400, -3.616666666666692500 ) ) ;
#648 = B_SPLINE_CURVE_WITH_KNOTS ( 'NONE', 3,
 ( #2045, #377, #1500, #2327, #654, #2340, #59, #2305 ),
 .UNSPECIFIED., .F., .F.,
 ( 4, 2, 2, 4 ),
 ( 2.544428341984566500E-007, 0.0002238954966069340900, 0.0004475365503796697400, 0.0008948186579251414700 ),
 .UNSPECIFIED. ) ;
#649 = CARTESIAN_POINT ( 'NONE',  ( -0.5898502691896260200, -1.021650635094610600, 1.004166666666639300 ) ) ;
#650 = CARTESIAN_POINT ( 'NONE',  ( -0.6410254037844385100, 0.3700961894323343000, 1.066666666666668900 ) ) ;
#651 = CARTESIAN_POINT ( 'NONE',  ( 0.5898502691896262400, 1.021650635094610400, -2.020833333333303300 ) ) ;
#652 = CARTESIAN_POINT ( 'NONE',  ( -0.6410254037844385100, 0.3700961894323343000, -2.133333333333331100 ) ) ;
#653 = CARTESIAN_POINT ( 'NONE',  ( 0.4273502691896254900, -0.7401923788646686000, -0.3666666666666644800 ) ) ;
#654 = CARTESIAN_POINT ( 'NONE',  ( -0.3081441285175552400, 0.6881183082356207000, 3.819185312303925400 ) ) ;
#655 = CARTESIAN_POINT ( 'NONE',  ( -0.2429900124060048700, -0.9614798891807050400, -3.755908694667659600 ) ) ;
#656 = CARTESIAN_POINT ( 'NONE',  ( 0.8847754037844383100, -0.5108253175473058700, 0.7041666666666394100 ) ) ;
#657 = CARTESIAN_POINT ( 'NONE',  ( 0.6410254037844384000, -0.3700961894323345200, 0.06666666666666887200 ) ) ;
#658 = EDGE_CURVE ( 'NONE', #716, #314, #1993, .T. ) ;
#659 = CARTESIAN_POINT ( 'NONE',  ( -0.8847754037844385300, -0.5108253175473052000, 0.5458333333333633700 ) ) ;
#660 = CARTESIAN_POINT ( 'NONE',  ( 0.4273502691896261500, 0.7401923788646680400, -1.383333333333329800 ) ) ;
#661 = EDGE_CURVE ( 'NONE', #2632, #580, #2747, .T. ) ;
#662 = FACE_OUTER_BOUND ( 'NONE', #2763, .T. ) ;
#663 = CARTESIAN_POINT ( 'NONE',  ( 0.4273502691896261500, 0.7401923788646680400, -2.233333333333331200 ) ) ;
#664 = LINE ( 'NONE', #3603, #1668 ) ;
#665 = CARTESIAN_POINT ( 'NONE',  ( -0.6410254037844386200, -0.3700961894323340200, -0.4666666666666647300 ) ) ;
#666 = ORIENTED_EDGE ( 'NONE', *, *, #1461, .F. ) ;
#667 = CARTESIAN_POINT ( 'NONE',  ( 0.0000000000000000000, 1.000000000000000400, -2.350000000000025800 ) ) ;
#668 = CARTESIAN_POINT ( 'NONE',  ( 0.0000000000000000000, 1.000000000000000400, -3.999999999999999100 ) ) ;
#669 = FACE_OUTER_BOUND ( 'NONE', #3577, .T. ) ;
#670 = CARTESIAN_POINT ( 'NONE',  ( 0.5898502691896262400, 1.021650635094610400, -0.3958333333333608500 ) ) ;
#671 = CARTESIAN_POINT ( 'NONE',  ( -0.4273502691896256500, 0.7401923788646683800, 1.033333333333335700 ) ) ;
#672 = ORIENTED_EDGE ( 'NONE', *, *, #1279, .T. ) ;
#673 = CARTESIAN_POINT ( 'NONE',  ( 0.0000000000000000000, 1.021650635094610800, 0.8125000000000302000 ) ) ;
#674 = ORIENTED_EDGE ( 'NONE', *, *, #1803, .T. ) ;
#675 = AXIS2_PLACEMENT_3D ( 'NONE', #3129, #1232, #1745 ) ;
#676 = DIRECTION ( 'NONE',  ( -0.0000000000000000000, 7.417567127063168400E-057, -1.000000000000000000 ) ) ;
#677 = CARTESIAN_POINT ( 'NONE',  ( 0.4273502691896254900, -0.7401923788646686000, -0.3166666666666629900 ) ) ;
#678 = CARTESIAN_POINT ( 'NONE',  ( -0.8547005383792514200, 5.233531392778349000E-017, -2.099999999999997900 ) ) ;
#679 = CARTESIAN_POINT ( 'NONE',  ( -0.8660254037844390400, -0.5000000000000000000, -2.666666666666638500 ) ) ;
#680 = ORIENTED_EDGE ( 'NONE', *, *, #184, .F. ) ;
#681 = CARTESIAN_POINT ( 'NONE',  ( -0.6410254037844386200, -0.3700961894323340200, -0.06666666666666452900 ) ) ;
#682 = CARTESIAN_POINT ( 'NONE',  ( 0.1622252560039872400, -0.9867537516090030300, -3.740192378864667200 ) ) ;
#683 = CARTESIAN_POINT ( 'NONE',  ( 0.0000000000000000000, 1.000000000000000400, -3.199999999999971800 ) ) ;
#684 = EDGE_LOOP ( 'NONE', ( #1127, #383, #3160, #288 ) ) ;
#685 = CARTESIAN_POINT ( 'NONE',  ( 0.8547005383792514200, -1.570059417833504600E-016, -1.449999999999996400 ) ) ;
#686 = CARTESIAN_POINT ( 'NONE',  ( 0.0000000000000000000, 1.021650635094610800, -0.7625000000000274900 ) ) ;
#687 = ORIENTED_EDGE ( 'NONE', *, *, #2405, .F. ) ;
#688 = CARTESIAN_POINT ( 'NONE',  ( 0.8847754037844383100, -0.5108253175473058700, 0.6791666666666967800 ) ) ;
#689 = CARTESIAN_POINT ( 'NONE',  ( 0.0000000000000000000, 0.7401923788646683800, -1.349999999999996500 ) ) ;
#690 = CARTESIAN_POINT ( 'NONE',  ( 0.4273502691896254900, -0.7401923788646686000, -2.766666666666664800 ) ) ;
#691 = CARTESIAN_POINT ( 'NONE',  ( -1.224646799147353700E-016, -1.000000000000000400, -1.799999999999971800 ) ) ;
#692 = DIRECTION ( 'NONE',  ( -0.0000000000000000000, 7.417567127063168400E-057, -1.000000000000000000 ) ) ;
#693 = DIRECTION ( 'NONE',  ( -0.0000000000000000000, 7.417567127063168400E-057, -1.000000000000000000 ) ) ;
#694 = CARTESIAN_POINT ( 'NONE',  ( 0.4273502691896261500, 0.7401923788646680400, -2.983333333333329800 ) ) ;
#695 = CARTESIAN_POINT ( 'NONE',  ( 0.5773502691896238400, -1.000000000000003800, -1.766666666666638600 ) ) ;
#696 = CARTESIAN_POINT ( 'NONE',  ( -1.179700538379251400, 7.223582441392798400E-017, -0.2874999999999700600 ) ) ;
#697 = LINE ( 'NONE', #1821, #2096 ) ;
#698 = CARTESIAN_POINT ( 'NONE',  ( -1.224646799147353900E-016, -1.000000000000000400, -0.5500000000000259100 ) ) ;
#699 = CARTESIAN_POINT ( 'NONE',  ( 0.4273502691896254900, -0.7401923788646686000, -1.916666666666663200 ) ) ;
#700 = CARTESIAN_POINT ( 'NONE',  ( 0.4273502691896261500, 0.7401923788646680400, 0.1666666666666691600 ) ) ;
#701 = CARTESIAN_POINT ( 'NONE',  ( 0.7499999999999997800, -0.4330127018922127500, 2.999999999999999100 ) ) ;
#702 = EDGE_CURVE ( 'NONE', #3116, #2599, #1615, .T. ) ;
#703 = SECURITY_CLASSIFICATION_LEVEL ( 'unclassified' ) ;
#704 = CARTESIAN_POINT ( 'NONE',  ( -0.4273502691896256500, 0.7401923788646683800, -2.116666666666663100 ) ) ;
#705 = CARTESIAN_POINT ( 'NONE',  ( -0.5898502691896260200, -1.021650635094610600, 1.404166666666639500 ) ) ;
#706 = FACE_OUTER_BOUND ( 'NONE', #1300, .T. ) ;
#707 = CARTESIAN_POINT ( 'NONE',  ( 0.4273502691896261500, 0.7401923788646680400, -3.783333333333330100 ) ) ;
#708 = CYLINDRICAL_SURFACE ( 'NONE', #2519, 1.000000000000000400 ) ;
#709 = CARTESIAN_POINT ( 'NONE',  ( -0.5773502691896262900, -1.000000000000000200, -2.233333333333305000 ) ) ;
#710 = CARTESIAN_POINT ( 'NONE',  ( -0.6410254037844386200, -0.3700961894323340200, -0.8166666666666629900 ) ) ;
#711 = EDGE_CURVE ( 'NONE', #1769, #380, #797, .T. ) ;
#712 = CARTESIAN_POINT ( 'NONE',  ( 0.6410254037844388400, 0.3700961894323336300, -0.2666666666666641600 ) ) ;
#713 = CIRCLE ( 'NONE', #2041, 0.7401923788646683800 ) ;
#714 = DIRECTION ( 'NONE',  ( 0.0000000000000000000, 1.000000000000000000, 0.0000000000000000000 ) ) ;
#715 = CARTESIAN_POINT ( 'NONE',  ( -0.8660254037844390400, -0.5000000000000000000, -3.416666666666692300 ) ) ;
#716 = VERTEX_POINT ( 'NONE', #1492 ) ;
#717 = DIRECTION ( 'NONE',  ( 0.0000000000000000000, 0.0000000000000000000, 1.000000000000000000 ) ) ;
#718 = CARTESIAN_POINT ( 'NONE',  ( 0.4273502691896261500, 0.7401923788646680400, -2.183333333333329600 ) ) ;
#719 = ORIENTED_EDGE ( 'NONE', *, *, #2092, .F. ) ;
#720 = CARTESIAN_POINT ( 'NONE',  ( 0.0000000000000000000, 1.021650635094610800, 2.012500000000029900 ) ) ;
#721 = AXIS2_PLACEMENT_3D ( 'NONE', #2803, #581, #2241 ) ;
#722 = CARTESIAN_POINT ( 'NONE',  ( 0.5773502691896219600, -1.000000000000006700, -2.116666666666692900 ) ) ;
#723 = CARTESIAN_POINT ( 'NONE',  ( 0.4273502691896254900, -0.7401923788646686000, 2.083333333333337000 ) ) ;
#724 = ORIENTED_EDGE ( 'NONE', *, *, #378, .T. ) ;
#725 =( BOUNDED_CURVE ( )  B_SPLINE_CURVE ( 2, ( #1081, #2965, #2200 ),
 .UNSPECIFIED., .F., .F. ) 
 B_SPLINE_CURVE_WITH_KNOTS ( ( 3, 3 ),
 ( 0.02357274684590238100, 0.03124999999999994400 ),
 .UNSPECIFIED. ) 
 CURVE ( )  GEOMETRIC_REPRESENTATION_ITEM ( )  RATIONAL_B_SPLINE_CURVE ( ( 0.9480652107369302900, 0.9012585384289723000, 0.9999999999999993300 ) ) 
 REPRESENTATION_ITEM ( '' )  );
#726 = CARTESIAN_POINT ( 'NONE',  ( 0.6410254037844384000, -0.3700961894323345200, 0.8666666666666692500 ) ) ;
#727 = CARTESIAN_POINT ( 'NONE',  ( -0.8660254037844390400, 0.5000000000000003300, -3.533333333333305200 ) ) ;
#728 = VERTEX_POINT ( 'NONE', #927 ) ;
#729 = EDGE_CURVE ( 'NONE', #1901, #894, #480, .T. ) ;
#730 = CARTESIAN_POINT ( 'NONE',  ( -0.6410254037844385100, 0.3700961894323343000, -1.683333333333329600 ) ) ;
#731 = CARTESIAN_POINT ( 'NONE',  ( 0.5898502691896252400, -1.021650635094611100, 1.870833333333305800 ) ) ;
#732 = CARTESIAN_POINT ( 'NONE',  ( -0.4273502691896256500, 0.7401923788646683800, -4.116666666666663600 ) ) ;
#733 = CARTESIAN_POINT ( 'NONE',  ( 0.8660254037844388200, -0.5000000000000006700, -0.1333333333333052400 ) ) ;
#734 = CARTESIAN_POINT ( 'NONE',  ( 0.4273502691896254900, -0.7401923788646686000, 0.4833333333333374400 ) ) ;
#735 = CARTESIAN_POINT ( 'NONE',  ( 0.8660254037844388200, -0.5000000000000006700, 1.866666666666694900 ) ) ;
#736 = CARTESIAN_POINT ( 'NONE',  ( 0.6410254037844384000, -0.3700961894323345200, -0.7333333333333310600 ) ) ;
#737 = DIRECTION ( 'NONE',  ( -0.0000000000000000000, 7.417567127063168400E-057, -1.000000000000000000 ) ) ;
#738 = CARTESIAN_POINT ( 'NONE',  ( 0.1079486811871294600, -0.9934867906273979800, -3.742353558598219300 ) ) ;
#739 = CARTESIAN_POINT ( 'NONE',  ( -0.6410254037844386200, -0.3700961894323340200, -0.4166666666666633000 ) ) ;
#740 = CARTESIAN_POINT ( 'NONE',  ( 0.8847754037844383100, -0.5108253175473058700, 1.504166666666638900 ) ) ;
#741 = CARTESIAN_POINT ( 'NONE',  ( -0.3026511411947736000, -0.7401923788646682700, -3.973606797749977400 ) ) ;
#742 = CARTESIAN_POINT ( 'NONE',  ( 0.8547005383792514200, -1.570059417833504600E-016, -3.849999999999996500 ) ) ;
#743 = CARTESIAN_POINT ( 'NONE',  ( 0.5773502691896265100, 1.000000000000000000, -0.7833333333333588600 ) ) ;
#744 = CARTESIAN_POINT ( 'NONE',  ( 0.4273502691896254900, -0.7401923788646686000, 1.683333333333337100 ) ) ;
#745 = DIRECTION ( 'NONE',  ( -1.000000000000000000, -1.001543065824777700E-015, 0.0000000000000000000 ) ) ;
#746 = CARTESIAN_POINT ( 'NONE',  ( -0.6410254037844385100, 0.3700961894323343000, -0.5333333333333309900 ) ) ;
#747 = CARTESIAN_POINT ( 'NONE',  ( 0.0000000000000000000, 5.934053701650533800E-056, -3.999999999999999100 ) ) ;
#748 = EDGE_CURVE ( 'NONE', #2250, #987, #1516, .T. ) ;
#749 = FACE_OUTER_BOUND ( 'NONE', #53, .T. ) ;
#750 = CIRCLE ( 'NONE', #464, 1.000000000000000900 ) ;
#751 = CARTESIAN_POINT ( 'NONE',  ( 0.6410254037844384000, -0.3700961894323345200, -3.083333333333329900 ) ) ;
#752 = FACE_OUTER_BOUND ( 'NONE', #3415, .T. ) ;
#753 = CARTESIAN_POINT ( 'NONE',  ( -0.4273502691896256500, 0.7401923788646683800, -0.5166666666666631700 ) ) ;
#754 = CC_DESIGN_PERSON_AND_ORGANIZATION_ASSIGNMENT ( #304, #3498, ( #546 ) ) ;
#755 = CARTESIAN_POINT ( 'NONE',  ( 1.154700538379251900, -2.121150477449814300E-016, 0.3499999999999742200 ) ) ;
#756 = LINE ( 'NONE', #2739, #1411 ) ;
#757 = LINE ( 'NONE', #2394, #2878 ) ;
#758 = VERTEX_POINT ( 'NONE', #1184 ) ;
#759 = CARTESIAN_POINT ( 'NONE',  ( -0.8547005383792514200, 5.233531392778349000E-017, -3.649999999999996400 ) ) ;
#760 = CARTESIAN_POINT ( 'NONE',  ( 0.0000000000000000000, 0.7401923788646683800, 0.2500000000000036600 ) ) ;
#761 = CARTESIAN_POINT ( 'NONE',  ( -0.5773502691896281700, -0.9999999999999972200, -1.833333333333305700 ) ) ;
#762 = CARTESIAN_POINT ( 'NONE',  ( -0.4273502691896259300, -0.7401923788646681500, -3.183333333333329600 ) ) ;
#763 = CARTESIAN_POINT ( 'NONE',  ( 0.5773502691896254000, -1.000000000000000400, -1.716666666666692300 ) ) ;
#764 = ORIENTED_EDGE ( 'NONE', *, *, #3031, .T. ) ;
#765 = CARTESIAN_POINT ( 'NONE',  ( 0.4273502691896261500, 0.7401923788646680400, -2.983333333333329800 ) ) ;
#766 = ORIENTED_EDGE ( 'NONE', *, *, #1484, .F. ) ;
#767 = CARTESIAN_POINT ( 'NONE',  ( -9.064742275298811100E-017, -0.7401923788646683800, 0.4500000000000033400 ) ) ;
#768 = CARTESIAN_POINT ( 'NONE',  ( 0.4273502691896261500, 0.7401923788646680400, 2.166666666666669200 ) ) ;
#769 = ORIENTED_EDGE ( 'NONE', *, *, #3570, .T. ) ;
#770 =( BOUNDED_CURVE ( )  B_SPLINE_CURVE ( 2, ( #3318, #3355, #2771, #242, #533, #3035, #291 ),
 .UNSPECIFIED., .F., .F. ) 
 B_SPLINE_CURVE_WITH_KNOTS ( ( 3, 2, 2, 3 ),
 ( 0.6874999999999998900, 0.6979166666666665200, 0.7083333333333331500, 0.7187499999999997800 ),
 .UNSPECIFIED. ) 
 CURVE ( )  GEOMETRIC_REPRESENTATION_ITEM ( )  RATIONAL_B_SPLINE_CURVE ( ( 1.000000000000001300, 0.8660254037844372600, 1.000000000000000000, 0.8660254037844387100, 1.000000000000000000, 0.8660254037844415900, 0.9999999999999971100 ) ) 
 REPRESENTATION_ITEM ( '' )  );
#771 = CARTESIAN_POINT ( 'NONE',  ( 0.8660254037844393700, 0.4999999999999994400, -0.8166666666666921900 ) ) ;
#772 = CARTESIAN_POINT ( 'NONE',  ( 0.0000000000000000000, 0.7401923788646683800, 1.450000000000003300 ) ) ;
#773 = CARTESIAN_POINT ( 'NONE',  ( -1.224646799147353900E-016, -1.000000000000000400, -0.9500000000000257100 ) ) ;
#774 = ORIENTED_EDGE ( 'NONE', *, *, #1085, .T. ) ;
#775 = CARTESIAN_POINT ( 'NONE',  ( -0.4273502691896259300, -0.7401923788646681500, -1.983333333333330100 ) ) ;
#776 = CARTESIAN_POINT ( 'NONE',  ( -0.8458336163021171700, -0.2975417422891826800, 1.836178311357448400 ) ) ;
#777 = CARTESIAN_POINT ( 'NONE',  ( 0.0000000000000000000, 0.7401923788646683800, -2.549999999999996700 ) ) ;
#778 = CARTESIAN_POINT ( 'NONE',  ( -0.6410254037844385100, 0.3700961894323343000, -0.4833333333333295600 ) ) ;
#779 = DIRECTION ( 'NONE',  ( 0.0000000000000000000, -1.000000000000000000, 0.0000000000000000000 ) ) ;
#780 = CARTESIAN_POINT ( 'NONE',  ( 0.0000000000000000000, 5.934053701650533800E-056, -3.999999999999999100 ) ) ;
#781 = CARTESIAN_POINT ( 'NONE',  ( -0.8660254037844390400, -0.5000000000000000000, -1.066666666666638500 ) ) ;
#782 = EDGE_CURVE ( 'NONE', #2512, #2726, #1754, .T. ) ;
#783 = CARTESIAN_POINT ( 'NONE',  ( 0.0000000000000000000, -1.224646799147343400E-013, 1001.322649730810300 ) ) ;
#784 = CARTESIAN_POINT ( 'NONE',  ( -0.6410254037844385100, 0.3700961894323343000, -4.133333333333332000 ) ) ;
#785 = ADVANCED_FACE ( 'NONE', ( #1366 ), #3005, .T. ) ;
#786 = CARTESIAN_POINT ( 'NONE',  ( -0.6410254037844385100, 0.3700961894323343000, -1.283333333333329900 ) ) ;
#787 = CARTESIAN_POINT ( 'NONE',  ( -1.224646799147353900E-016, -1.000000000000000400, -1.750000000000025300 ) ) ;
#788 = CARTESIAN_POINT ( 'NONE',  ( 0.6410254037844384000, -0.3700961894323345200, -1.083333333333329700 ) ) ;
#789 = CARTESIAN_POINT ( 'NONE',  ( 0.5773502691896265100, 1.000000000000000000, -2.783333333333358100 ) ) ;
#790 = COORDINATED_UNIVERSAL_TIME_OFFSET ( 6, 0, .BEHIND. ) ;
#791 = CARTESIAN_POINT ( 'NONE',  ( 1.154700538379251900, -2.121150477449814300E-016, -0.05000000000002584300 ) ) ;
#792 = AXIS2_PLACEMENT_3D ( 'NONE', #2, #1991, #1727 ) ;
#793 = CARTESIAN_POINT ( 'NONE',  ( -1.179700538379251400, 7.223582441392798400E-017, -3.862500000000027800 ) ) ;
#794 = CARTESIAN_POINT ( 'NONE',  ( -0.8547005383792514200, 5.233531392778349000E-017, -2.499999999999998200 ) ) ;
#795 = DIRECTION ( 'NONE',  ( -0.0000000000000000000, 7.417567127063168400E-057, -1.000000000000000000 ) ) ;
#796 = CARTESIAN_POINT ( 'NONE',  ( -0.6410254037844386200, -0.3700961894323340200, -2.816666666666662900 ) ) ;
#797 = LINE ( 'NONE', #638, #2108 ) ;
#798 = CARTESIAN_POINT ( 'NONE',  ( -0.7046252508981668500, 0.4684726238508321000, 1.806656004481581400 ) ) ;
#799 = EDGE_CURVE ( 'NONE', #3291, #908, #3231, .T. ) ;
#800 = CYLINDRICAL_SURFACE ( 'NONE', #2022, 1.000000000000000400 ) ;
#801 = EDGE_LOOP ( 'NONE', ( #1627, #997, #107, #1376 ) ) ;
#802 = CARTESIAN_POINT ( 'NONE',  ( -0.6410254037844386200, -0.3700961894323340200, -0.01666666666666309600 ) ) ;
#803 = CARTESIAN_POINT ( 'NONE',  ( 0.0000000000000000000, 1.557689096683266300E-056, 1.899999999999998100 ) ) ;
#804 = CARTESIAN_POINT ( 'NONE',  ( 0.8660254037844388200, -0.5000000000000006700, 0.3166666666666412300 ) ) ;
#805 = ORIENTED_EDGE ( 'NONE', *, *, #3122, .T. ) ;
#806 = CARTESIAN_POINT ( 'NONE',  ( 1.224646799147353900E-016, -1.000000000000000400, -3.999999999999999100 ) ) ;
#807 = CARTESIAN_POINT ( 'NONE',  ( -0.8847754037844385300, -0.5108253175473052000, -3.429166666666694700 ) ) ;
#808 = CARTESIAN_POINT ( 'NONE',  ( -9.064742275298811100E-017, -0.7401923788646683800, -3.199999999999998000 ) ) ;
#809 = ORIENTED_EDGE ( 'NONE', *, *, #2409, .T. ) ;
#810 = CARTESIAN_POINT ( 'NONE',  ( 0.0000000000000000000, 0.7401923788646683800, -2.149999999999996400 ) ) ;
#811 = CARTESIAN_POINT ( 'NONE',  ( -0.8522447170984485100, 0.1591850865353219800, 1.818862349036042900 ) ) ;
#812 = ORIENTED_EDGE ( 'NONE', *, *, #1870, .F. ) ;
#813 = CARTESIAN_POINT ( 'NONE',  ( -0.4273502691896256000, 0.7401923788646683800, 0.2833333333333368200 ) ) ;
#814 = CARTESIAN_POINT ( 'NONE',  ( 0.0000000000000000000, 5.934053701650533800E-056, -3.999999999999999100 ) ) ;
#815 = ORIENTED_EDGE ( 'NONE', *, *, #2295, .T. ) ;
#816 =( BOUNDED_CURVE ( )  B_SPLINE_CURVE ( 1, ( #568, #1417 ),
 .UNSPECIFIED., .F., .T. ) 
 B_SPLINE_CURVE_WITH_KNOTS ( ( 2, 2 ),
 ( 3.000000000002851500E-005, 0.0003300000000000293300 ),
 .UNSPECIFIED. ) 
 CURVE ( )  GEOMETRIC_REPRESENTATION_ITEM ( )  RATIONAL_B_SPLINE_CURVE ( ( 0.9330127018922194100, 0.9330127018922194100 ) ) 
 REPRESENTATION_ITEM ( '' )  );
#817 = CARTESIAN_POINT ( 'NONE',  ( -0.8547005383792513100, 5.233531392778349000E-017, -2.899999999999998600 ) ) ;
#818 = DIRECTION ( 'NONE',  ( 0.0000000000000000000, -1.000000000000000000, 0.0000000000000000000 ) ) ;
#819 = ORIENTED_EDGE ( 'NONE', *, *, #3270, .T. ) ;
#820 = CARTESIAN_POINT ( 'NONE',  ( -0.5898502691896260200, -1.021650635094610600, -4.195833333333361300 ) ) ;
#821 = CARTESIAN_POINT ( 'NONE',  ( 0.0000000000000000000, 0.7401923788646683800, -4.199999999999998400 ) ) ;
#822 = ADVANCED_FACE ( 'NONE', ( #268 ), #866, .T. ) ;
#823 = CARTESIAN_POINT ( 'NONE',  ( 0.6410254037844388400, 0.3700961894323336300, -0.6166666666666629200 ) ) ;
#824 = CARTESIAN_POINT ( 'NONE',  ( -0.5898502691896255800, 1.021650635094610800, -3.954166666666637300 ) ) ;
#825 = CARTESIAN_POINT ( 'NONE',  ( 0.6410254037844388400, 0.3700961894323336300, -0.2166666666666627600 ) ) ;
#826 = CARTESIAN_POINT ( 'NONE',  ( 0.0000000000000000000, 0.7401923788646683800, -3.399999999999998100 ) ) ;
#827 = CARTESIAN_POINT ( 'NONE',  ( 0.0000000000000000000, 1.800000000000000000, 1.999999999999999100 ) ) ;
#828 = CARTESIAN_POINT ( 'NONE',  ( 0.8660254037844388200, -0.5000000000000006700, -0.08333333333335898900 ) ) ;
#829 = CARTESIAN_POINT ( 'NONE',  ( 0.0000000000000000000, 1.000000000000000400, -3.999999999999999100 ) ) ;
#830 = CARTESIAN_POINT ( 'NONE',  ( 0.5898502691896252400, -1.021650635094611100, -3.329166666666694600 ) ) ;
#831 = CARTESIAN_POINT ( 'NONE',  ( -0.4273502691896259900, -0.7401923788646680400, -3.233333333333330700 ) ) ;
#832 = CARTESIAN_POINT ( 'NONE',  ( -0.8847754037844385300, -0.5108253175473052000, -3.454166666666636900 ) ) ;
#833 =( BOUNDED_CURVE ( )  B_SPLINE_CURVE ( 2, ( #1799, #2380, #2914, #2926, #123, #2938, #1788 ),
 .UNSPECIFIED., .F., .T. ) 
 B_SPLINE_CURVE_WITH_KNOTS ( ( 3, 2, 2, 3 ),
 ( 0.7812499999999998900, 0.7916666666666665200, 0.8020833333333332600, 0.8124999999999998900 ),
 .UNSPECIFIED. ) 
 CURVE ( )  GEOMETRIC_REPRESENTATION_ITEM ( )  RATIONAL_B_SPLINE_CURVE ( ( 1.000000000000001300, 0.8660254037844372600, 1.000000000000000000, 0.8660254037844387100, 1.000000000000000000, 0.8660254037844401500, 0.9999999999999985600 ) ) 
 REPRESENTATION_ITEM ( '' )  );
#834 = CARTESIAN_POINT ( 'NONE',  ( 0.8547005383792513100, -1.570059417833504600E-016, -0.2499999999999963100 ) ) ;
#835 = ADVANCED_FACE ( 'NONE', ( #620 ), #178, .F. ) ;
#836 = CYLINDRICAL_SURFACE ( 'NONE', #1183, 1.000000000000000400 ) ;
#837 = CARTESIAN_POINT ( 'NONE',  ( 0.8660254037844388200, -0.5000000000000006700, -2.533333333333305200 ) ) ;
#838 = CARTESIAN_POINT ( 'NONE',  ( 0.8660254037844393700, 0.4999999999999994400, -3.666666666666638500 ) ) ;
#839 = VECTOR ( 'NONE', #1885, 1000.000000000000000 ) ;
#840 = CARTESIAN_POINT ( 'NONE',  ( -0.5773502691896262900, -1.000000000000000000, -1.783333333333358800 ) ) ;
#841 = CARTESIAN_POINT ( 'NONE',  ( 1.154700538379252100, -2.121150477449814300E-016, -2.099999999999972100 ) ) ;
#842 = FACE_OUTER_BOUND ( 'NONE', #3419, .T. ) ;
#843 = FACE_OUTER_BOUND ( 'NONE', #1119, .T. ) ;
#844 = CONICAL_SURFACE ( 'NONE', #3448, 1732.050807568857200, 1.047197551196592700 ) ;
#845 = CARTESIAN_POINT ( 'NONE',  ( -0.5898502691896260200, -1.021650635094610600, -3.395833333333361500 ) ) ;
#846 = CARTESIAN_POINT ( 'NONE',  ( 0.6410254037844384000, -0.3700961894323345200, -1.933333333333331100 ) ) ;
#847 = TOROIDAL_SURFACE ( 'NONE', #3309, 1.100000000000001400, 0.1000000000000005900 ) ;
#848 = CARTESIAN_POINT ( 'NONE',  ( -0.8847754037844385300, -0.5108253175473052000, -2.654166666666636600 ) ) ;
#849 = ORIENTED_EDGE ( 'NONE', *, *, #926, .F. ) ;
#850 = EDGE_CURVE ( 'NONE', #2599, #3203, #2691, .T. ) ;
#851 = CARTESIAN_POINT ( 'NONE',  ( 0.6410254037844388400, 0.3700961894323336300, 1.383333333333337100 ) ) ;
#852 = EDGE_LOOP ( 'NONE', ( #2847, #2592, #3456, #1379 ) ) ;
#853 = CARTESIAN_POINT ( 'NONE',  ( -0.8660254037844390400, 0.5000000000000003300, -2.683333333333359300 ) ) ;
#854 = EDGE_CURVE ( 'NONE', #2726, #1036, #2749, .T. ) ;
#855 = DIRECTION ( 'NONE',  ( 0.0000000000000000000, 1.000000000000000000, 0.0000000000000000000 ) ) ;
#856 = CARTESIAN_POINT ( 'NONE',  ( 0.5773502691896284000, 0.9999999999999972200, -0.8333333333333052800 ) ) ;
#857 = EDGE_LOOP ( 'NONE', ( #1464, #2374 ) ) ;
#858 = CARTESIAN_POINT ( 'NONE',  ( -1.224646799147353700E-016, -1.000000000000000400, 1.800000000000028500 ) ) ;
#859 = CARTESIAN_POINT ( 'NONE',  ( -0.5898502691896260200, -1.021650635094610600, -2.195833333333361300 ) ) ;
#860 = CARTESIAN_POINT ( 'NONE',  ( -0.8547005383792514200, 5.233531392778349000E-017, -0.8999999999999981300 ) ) ;
#861 = ADVANCED_FACE ( 'NONE', ( #3315 ), #1840, .T. ) ;
#862 = EDGE_LOOP ( 'NONE', ( #2768, #3195, #1977, #145 ) ) ;
#863 = CARTESIAN_POINT ( 'NONE',  ( 0.0000000000000000000, 1.000000000000000400, 0.8499999999999746600 ) ) ;
#864 = DIRECTION ( 'NONE',  ( 0.0000000000000000000, 0.0000000000000000000, 1.000000000000000000 ) ) ;
#865 = ORIENTED_EDGE ( 'NONE', *, *, #1635, .T. ) ;
#866 =( BOUNDED_SURFACE ( )  B_SPLINE_SURFACE ( 1, 2, ( 
 ( #2000, #2820, #2286, #867, #1171, #1444, #601, #2249, #588, #2799, #3364, #3081, #343, #1690, #1698, #1158, #3390, #629, #1143, #2833, #13, #1723, #3089, #2573, #889, #3376, #3402, #1195, #2524, #1736, #576, #1707, #1987, #2268, #2551, #55, #296, #1964, #126, #1473, #1245, #1779, #2894, #690, #3159, #79, #1222, #2360, #98, #2054, #388, #2027, #3442, #1764, #2336, #2322, #1496, #3467, #2042, #663, #3452, #373, #652, #678, #356, #643, #2611, #3181, #2587, #1259, #1801, #1526, #2622, #2084, #932, #2635, #2349, #2070, #3170, #2858, #1211, #407, #1512, #2602, #1791, #2866, #3418, #979, #2904, #958, #968, #943, #1746, #2879, #70, #2312, #3142, #1485, #1235, #395, #3433, #111, #455, #1269, #736, #3228, #3478, #3209, #2134, #2952, #746, #2694, #136, #1578, #1824, #1812, #2383, #2963, #712, #3194, #468, #1309, #2942, #2674, #2401, #3241, #2685, #2093, #3507, #1011, #171, #700, #1295, #1569, #441, #422, #2105, #2652, #1545, #2916, #182, #1534, #3487, #1001, #1844, #2416, #990, #1021, #150, #3516, #433, #1035, #726, #2929, #1858, #2371, #2660, #2146, #1280, #3219, #1558, #3494, #1834, #161, #2121, #2392, #49, #3548, #3344, #3285, #1953, #1386, #243, #3026, #560, #3584, #1927, #254, #227, #1646, #3572, #2209, #522, #1371, #1669, #2197, #536, #1655, #1914, #2469, #2494, #2185, #2455 ),
 ( #3330, #1098, #3607, #2481, #511, #820, #2732, #279, #3011, #3037, #1075, #264, #550, #1619, #1356, #793, #2231, #2782, #3063, #2758, #3321, #2508, #3304, #3295, #3599, #2222, #1128, #1632, #807, #845, #1941, #830, #2743, #3560, #2774, #1087, #1114, #3046, #1397, #1903, #582, #321, #2530, #3383, #1972, #871, #2567, #3085, #913, #1693, #2825, #1440, #46, #2279, #1432, #1177, #3111, #6, #309, #898, #2254, #570, #3075, #3356, #1451, #859, #3370, #2816, #2807, #607, #1701, #1715, #2004, #2794, #2839, #2558, #3396, #2543, #300, #1419, #19, #1152, #1960, #1981, #1166, #1730, #336, #2293, #2264, #621, #1187, #26, #596, #880, #3095, #1405, #1994, #3346, #1681, #3622, #293, #1139, #2243, #2521, #391, #2307, #2900, #401, #686, #105, #87, #1239, #75, #2580, #2627, #1466, #2060, #1796, #3437, #670, #635, #973, #2354, #2871, #1203, #2048, #2593, #1228, #3174, #950, #1520, #1770, #2019, #381, #924, #119, #2852, #3165, #3134, #2342, #2615, #3124, #1478, #348, #3460, #3410, #1740, #2329, #1504, #2077, #2862, #3425, #656, #963, #62, #1755, #2316, #2034, #2606, #1490, #365, #649, #3446, #938, #1217, #3150, #2886, #1784, #429, #166, #2377, #3223, #1817, #705, #2407, #2922, #740, #1539, #2679, #1288, #3512, #2126, #1274, #1015, #2947, #3483, #156, #731, #2099, #414, #2910, #3201, #1302 ) ),
 .UNSPECIFIED., .F., .F., .T. ) 
 B_SPLINE_SURFACE_WITH_KNOTS ( ( 2, 2 ),
 ( 3, 2, 2, 2, 2, 2, 2, 2, 2, 2, 2, 2, 2, 2, 2, 2, 2, 2, 2, 2, 2, 2, 2, 2, 2, 2, 2, 2, 2, 2, 2, 2, 2, 2, 2, 2, 2, 2, 2, 2, 2, 2, 2, 2, 2, 2, 2, 2, 2, 2, 2, 2, 2, 2, 2, 2, 2, 2, 2, 2, 2, 2, 2, 2, 2, 2, 2, 2, 2, 2, 2, 2, 2, 2, 2, 2, 2, 2, 2, 2, 2, 2, 2, 2, 2, 2, 2, 2, 2, 2, 2, 2, 2, 2, 2, 2, 3 ),
 ( 0.0000000000000000000, 1.000000000000000000 ),
 ( 0.0000000000000000000, 0.01041666666666666600, 0.02083333333333333200, 0.03125000000000000000, 0.04166666666666666400, 0.05208333333333333600, 0.06250000000000000000, 0.07291666666666667100, 0.08333333333333332900, 0.09375000000000000000, 0.1041666666666666700, 0.1145833333333333300, 0.1250000000000000000, 0.1354166666666666600, 0.1458333333333333400, 0.1562500000000000000, 0.1666666666666666600, 0.1770833333333333400, 0.1875000000000000000, 0.1979166666666666600, 0.2083333333333333400, 0.2187500000000000000, 0.2291666666666666600, 0.2395833333333333400, 0.2500000000000000000, 0.2604166666666666900, 0.2708333333333333100, 0.2812500000000000000, 0.2916666666666666900, 0.3020833333333333100, 0.3125000000000000000, 0.3229166666666666900, 0.3333333333333333100, 0.3437500000000000000, 0.3541666666666666900, 0.3645833333333333100, 0.3750000000000000000, 0.3854166666666666900, 0.3958333333333333100, 0.4062500000000000000, 0.4166666666666666900, 0.4270833333333333100, 0.4375000000000000000, 0.4479166666666666900, 0.4583333333333333100, 0.4687500000000000000, 0.4791666666666666900, 0.4895833333333333100, 0.5000000000000000000, 0.5104166666666666300, 0.5208333333333333700, 0.5312500000000000000, 0.5416666666666666300, 0.5520833333333333700, 0.5625000000000000000, 0.5729166666666666300, 0.5833333333333333700, 0.5937500000000000000, 0.6041666666666666300, 0.6145833333333333700, 0.6250000000000000000, 0.6354166666666666300, 0.6458333333333333700, 0.6562500000000000000, 0.6666666666666666300, 0.6770833333333333700, 0.6875000000000000000, 0.6979166666666666300, 0.7083333333333333700, 0.7187500000000000000, 0.7291666666666666300, 0.7395833333333333700, 0.7500000000000000000, 0.7604166666666666300, 0.7708333333333333700, 0.7812500000000000000, 0.7916666666666666300, 0.8020833333333333700, 0.8125000000000000000, 0.8229166666666666300, 0.8333333333333333700, 0.8437500000000000000, 0.8541666666666666300, 0.8645833333333333700, 0.8750000000000000000, 0.8854166666666666300, 0.8958333333333333700, 0.9062500000000000000, 0.9166666666666666300, 0.9270833333333333700, 0.9375000000000000000, 0.9479166666666666300, 0.9583333333333333700, 0.9687500000000000000, 0.9791666666666666300, 0.9895833333333333700, 1.000000000000000000 ),
 .UNSPECIFIED. ) 
 GEOMETRIC_REPRESENTATION_ITEM ( )  RATIONAL_B_SPLINE_SURFACE ( (
 ( 1.000000000000000000, 0.8660254037844387100, 1.000000000000000000, 0.8660254037844387100, 1.000000000000000000, 0.8660254037844387100, 1.000000000000000000, 0.8660254037844387100, 1.000000000000000000, 0.8660254037844387100, 1.000000000000000000, 0.8660254037844387100, 1.000000000000000000, 0.8660254037844387100, 1.000000000000000000, 0.8660254037844387100, 1.000000000000000000, 0.8660254037844387100, 1.000000000000000000, 0.8660254037844387100, 1.000000000000000000, 0.8660254037844387100, 1.000000000000000000, 0.8660254037844387100, 1.000000000000000000, 0.8660254037844387100, 1.000000000000000000, 0.8660254037844387100, 1.000000000000000000, 0.8660254037844387100, 1.000000000000000000, 0.8660254037844387100, 1.000000000000000000, 0.8660254037844387100, 1.000000000000000000, 0.8660254037844387100, 1.000000000000000000, 0.8660254037844387100, 1.000000000000000000, 0.8660254037844387100, 1.000000000000000000, 0.8660254037844387100, 1.000000000000000000, 0.8660254037844387100, 1.000000000000000000, 0.8660254037844387100, 1.000000000000000000, 0.8660254037844387100, 1.000000000000000000, 0.8660254037844387100, 1.000000000000000000, 0.8660254037844387100, 1.000000000000000000, 0.8660254037844387100, 1.000000000000000000, 0.8660254037844387100, 1.000000000000000000, 0.8660254037844387100, 1.000000000000000000, 0.8660254037844387100, 1.000000000000000000, 0.8660254037844387100, 1.000000000000000000, 0.8660254037844387100, 1.000000000000000000, 0.8660254037844387100, 1.000000000000000000, 0.8660254037844387100, 1.000000000000000000, 0.8660254037844387100, 1.000000000000000000, 0.8660254037844387100, 1.000000000000000000, 0.8660254037844387100, 1.000000000000000000, 0.8660254037844387100, 1.000000000000000000, 0.8660254037844387100, 1.000000000000000000, 0.8660254037844387100, 1.000000000000000000, 0.8660254037844387100, 1.000000000000000000, 0.8660254037844387100, 1.000000000000000000, 0.8660254037844387100, 1.000000000000000000, 0.8660254037844387100, 1.000000000000000000, 0.8660254037844387100, 1.000000000000000000, 0.8660254037844387100, 1.000000000000000000, 0.8660254037844387100, 1.000000000000000000, 0.8660254037844387100, 1.000000000000000000, 0.8660254037844387100, 1.000000000000000000, 0.8660254037844387100, 1.000000000000000000, 0.8660254037844387100, 1.000000000000000000, 0.8660254037844387100, 1.000000000000000000, 0.8660254037844387100, 1.000000000000000000, 0.8660254037844387100, 1.000000000000000000, 0.8660254037844387100, 1.000000000000000000, 0.8660254037844387100, 1.000000000000000000, 0.8660254037844387100, 1.000000000000000000, 0.8660254037844387100, 1.000000000000000000, 0.8660254037844387100, 1.000000000000000000, 0.8660254037844387100, 1.000000000000000000, 0.8660254037844387100, 1.000000000000000000, 0.8660254037844387100, 1.000000000000000000, 0.8660254037844387100, 1.000000000000000000, 0.8660254037844387100, 1.000000000000000000, 0.8660254037844387100, 1.000000000000000000, 0.8660254037844387100, 1.000000000000000000, 0.8660254037844387100, 1.000000000000000000, 0.8660254037844387100, 1.000000000000000000, 0.8660254037844387100, 1.000000000000000000, 0.8660254037844387100, 1.000000000000000000, 0.8660254037844387100, 1.000000000000000000, 0.8660254037844387100, 1.000000000000000000, 0.8660254037844387100, 1.000000000000000000, 0.8660254037844387100, 1.000000000000000000, 0.8660254037844387100, 1.000000000000000000, 0.8660254037844387100, 1.000000000000000000, 0.8660254037844387100, 1.000000000000000000, 0.8660254037844387100, 1.000000000000000000, 0.8660254037844387100, 1.000000000000000000, 0.8660254037844387100, 1.000000000000000000, 0.8660254037844387100, 1.000000000000000000, 0.8660254037844387100, 1.000000000000000000, 0.8660254037844387100, 1.000000000000000000, 0.8660254037844387100, 1.000000000000000000, 0.8660254037844387100, 1.000000000000000000, 0.8660254037844387100, 1.000000000000000000, 0.8660254037844387100, 1.000000000000000000, 0.8660254037844387100, 1.000000000000000000, 0.8660254037844387100, 1.000000000000000000, 0.8660254037844387100, 1.000000000000000000, 0.8660254037844387100, 1.000000000000000000, 0.8660254037844387100, 1.000000000000000000, 0.8660254037844387100, 1.000000000000000000, 0.8660254037844387100, 1.000000000000000000, 0.8660254037844387100, 1.000000000000000000, 0.8660254037844387100, 1.000000000000000000),
 ( 1.000000000000000000, 0.8660254037844387100, 1.000000000000000000, 0.8660254037844387100, 1.000000000000000000, 0.8660254037844387100, 1.000000000000000000, 0.8660254037844387100, 1.000000000000000000, 0.8660254037844387100, 1.000000000000000000, 0.8660254037844387100, 1.000000000000000000, 0.8660254037844387100, 1.000000000000000000, 0.8660254037844387100, 1.000000000000000000, 0.8660254037844387100, 1.000000000000000000, 0.8660254037844387100, 1.000000000000000000, 0.8660254037844387100, 1.000000000000000000, 0.8660254037844387100, 1.000000000000000000, 0.8660254037844387100, 1.000000000000000000, 0.8660254037844387100, 1.000000000000000000, 0.8660254037844387100, 1.000000000000000000, 0.8660254037844387100, 1.000000000000000000, 0.8660254037844387100, 1.000000000000000000, 0.8660254037844387100, 1.000000000000000000, 0.8660254037844387100, 1.000000000000000000, 0.8660254037844387100, 1.000000000000000000, 0.8660254037844387100, 1.000000000000000000, 0.8660254037844387100, 1.000000000000000000, 0.8660254037844387100, 1.000000000000000000, 0.8660254037844387100, 1.000000000000000000, 0.8660254037844387100, 1.000000000000000000, 0.8660254037844387100, 1.000000000000000000, 0.8660254037844387100, 1.000000000000000000, 0.8660254037844387100, 1.000000000000000000, 0.8660254037844387100, 1.000000000000000000, 0.8660254037844387100, 1.000000000000000000, 0.8660254037844387100, 1.000000000000000000, 0.8660254037844387100, 1.000000000000000000, 0.8660254037844387100, 1.000000000000000000, 0.8660254037844387100, 1.000000000000000000, 0.8660254037844387100, 1.000000000000000000, 0.8660254037844387100, 1.000000000000000000, 0.8660254037844387100, 1.000000000000000000, 0.8660254037844387100, 1.000000000000000000, 0.8660254037844387100, 1.000000000000000000, 0.8660254037844387100, 1.000000000000000000, 0.8660254037844387100, 1.000000000000000000, 0.8660254037844387100, 1.000000000000000000, 0.8660254037844387100, 1.000000000000000000, 0.8660254037844387100, 1.000000000000000000, 0.8660254037844387100, 1.000000000000000000, 0.8660254037844387100, 1.000000000000000000, 0.8660254037844387100, 1.000000000000000000, 0.8660254037844387100, 1.000000000000000000, 0.8660254037844387100, 1.000000000000000000, 0.8660254037844387100, 1.000000000000000000, 0.8660254037844387100, 1.000000000000000000, 0.8660254037844387100, 1.000000000000000000, 0.8660254037844387100, 1.000000000000000000, 0.8660254037844387100, 1.000000000000000000, 0.8660254037844387100, 1.000000000000000000, 0.8660254037844387100, 1.000000000000000000, 0.8660254037844387100, 1.000000000000000000, 0.8660254037844387100, 1.000000000000000000, 0.8660254037844387100, 1.000000000000000000, 0.8660254037844387100, 1.000000000000000000, 0.8660254037844387100, 1.000000000000000000, 0.8660254037844387100, 1.000000000000000000, 0.8660254037844387100, 1.000000000000000000, 0.8660254037844387100, 1.000000000000000000, 0.8660254037844387100, 1.000000000000000000, 0.8660254037844387100, 1.000000000000000000, 0.8660254037844387100, 1.000000000000000000, 0.8660254037844387100, 1.000000000000000000, 0.8660254037844387100, 1.000000000000000000, 0.8660254037844387100, 1.000000000000000000, 0.8660254037844387100, 1.000000000000000000, 0.8660254037844387100, 1.000000000000000000, 0.8660254037844387100, 1.000000000000000000, 0.8660254037844387100, 1.000000000000000000, 0.8660254037844387100, 1.000000000000000000, 0.8660254037844387100, 1.000000000000000000, 0.8660254037844387100, 1.000000000000000000, 0.8660254037844387100, 1.000000000000000000, 0.8660254037844387100, 1.000000000000000000, 0.8660254037844387100, 1.000000000000000000, 0.8660254037844387100, 1.000000000000000000, 0.8660254037844387100, 1.000000000000000000, 0.8660254037844387100, 1.000000000000000000, 0.8660254037844387100, 1.000000000000000000, 0.8660254037844387100, 1.000000000000000000, 0.8660254037844387100, 1.000000000000000000, 0.8660254037844387100, 1.000000000000000000, 0.8660254037844387100, 1.000000000000000000, 0.8660254037844387100, 1.000000000000000000, 0.8660254037844387100, 1.000000000000000000, 0.8660254037844387100, 1.000000000000000000, 0.8660254037844387100, 1.000000000000000000, 0.8660254037844387100, 1.000000000000000000, 0.8660254037844387100, 1.000000000000000000, 0.8660254037844387100, 1.000000000000000000, 0.8660254037844387100, 1.000000000000000000) ) ) 
 REPRESENTATION_ITEM ( '' )  SURFACE ( )  );
#867 = CARTESIAN_POINT ( 'NONE',  ( -0.8547005383792514200, 5.233531392778349000E-017, -4.099999999999997900 ) ) ;
#868 = DIRECTION ( 'NONE',  ( -0.0000000000000000000, 7.417567127063168400E-057, -1.000000000000000000 ) ) ;
#869 = CARTESIAN_POINT ( 'NONE',  ( 0.8371864092524403700, -0.5499506037686228100, -3.736663373584546500 ) ) ;
#870 = DIRECTION ( 'NONE',  ( 0.0000000000000000000, 1.000000000000000000, 0.0000000000000000000 ) ) ;
#871 = CARTESIAN_POINT ( 'NONE',  ( 1.179700538379251400, -2.167074732417838900E-016, -2.862500000000027800 ) ) ;
#872 = CARTESIAN_POINT ( 'NONE',  ( -0.4273502691896259900, -0.7401923788646680400, -1.233333333333331200 ) ) ;
#873 = CARTESIAN_POINT ( 'NONE',  ( 0.6410254037844388400, 0.3700961894323336300, -3.816666666666662900 ) ) ;
#874 = DIRECTION ( 'NONE',  ( -0.0000000000000000000, 7.417567127063168400E-057, -1.000000000000000000 ) ) ;
#875 = CARTESIAN_POINT ( 'NONE',  ( 0.8847754037844388600, 0.5108253175473046500, -0.8541666666666367600 ) ) ;
#876 =( GEOMETRIC_REPRESENTATION_CONTEXT ( 3 ) GLOBAL_UNCERTAINTY_ASSIGNED_CONTEXT ( ( #117 ) ) GLOBAL_UNIT_ASSIGNED_CONTEXT ( ( #2664, #435, #2138 ) ) REPRESENTATION_CONTEXT ( 'NONE', 'WORKASPACE' ) );
#877 = CARTESIAN_POINT ( 'NONE',  ( 0.0000000000000000000, 0.7401923788646683800, -2.599999999999998300 ) ) ;
#878 = CARTESIAN_POINT ( 'NONE',  ( 0.8660254037844393700, 0.4999999999999994400, 0.3333333333333611800 ) ) ;
#879 = DIRECTION ( 'NONE',  ( -0.0000000000000000000, 7.417567127063168400E-057, -1.000000000000000000 ) ) ;
#880 = CARTESIAN_POINT ( 'NONE',  ( 1.179700538379251400, -2.167074732417838900E-016, -1.262500000000027500 ) ) ;
#881 = CARTESIAN_POINT ( 'NONE',  ( -0.8547005383792514200, 5.233531392778349000E-017, -2.099999999999997900 ) ) ;
#882 = LOCAL_TIME ( 11, 16, 29.00000000000000000, #2006 ) ;
#883 =( BOUNDED_CURVE ( )  B_SPLINE_CURVE ( 2, ( #1477, #2824, #44, #923, #1201, #3424, #2806 ),
 .UNSPECIFIED., .F., .F. ) 
 B_SPLINE_CURVE_WITH_KNOTS ( ( 3, 2, 2, 3 ),
 ( 0.1250000000000000800, 0.1354166666666666900, 0.1458333333333334300, 0.1562500000000000300 ),
 .UNSPECIFIED. ) 
 CURVE ( )  GEOMETRIC_REPRESENTATION_ITEM ( )  RATIONAL_B_SPLINE_CURVE ( ( 0.9999999999999988900, 0.8660254037844399300, 1.000000000000000000, 0.8660254037844388200, 1.000000000000000000, 0.8660254037844384900, 1.000000000000000400 ) ) 
 REPRESENTATION_ITEM ( '' )  );
#884 = CARTESIAN_POINT ( 'NONE',  ( 0.5773502691896254000, -1.000000000000000400, -2.516666666666691900 ) ) ;
#885 = PLANE ( 'NONE',  #2467 ) ;
#886 = CARTESIAN_POINT ( 'NONE',  ( 1.179700538379251400, -2.167074732417838900E-016, -0.8874999999999698700 ) ) ;
#887 = SHAPE_DEFINITION_REPRESENTATION ( #3176, #2178 ) ;
#888 = FACE_OUTER_BOUND ( 'NONE', #2378, .T. ) ;
#889 = CARTESIAN_POINT ( 'NONE',  ( 0.0000000000000000000, 0.7401923788646683800, -3.399999999999998100 ) ) ;
#890 = CARTESIAN_POINT ( 'NONE',  ( -0.6410254037844385100, 0.3700961894323343000, -3.683333333333330000 ) ) ;
#891 = CARTESIAN_POINT ( 'NONE',  ( -0.5773502691896257300, 1.000000000000000200, 0.08333333333330753000 ) ) ;
#892 = VECTOR ( 'NONE', #2906, 1000.000000000000000 ) ;
#893 = CARTESIAN_POINT ( 'NONE',  ( 0.6410254037844384000, -0.3700961894323345200, -1.933333333333331100 ) ) ;
#894 = VERTEX_POINT ( 'NONE', #2656 ) ;
#895 = DIRECTION ( 'NONE',  ( -0.0000000000000000000, 7.417567127063168400E-057, -1.000000000000000000 ) ) ;
#896 = EDGE_CURVE ( 'NONE', #3373, #2338, #208, .T. ) ;
#897 = DIRECTION ( 'NONE',  ( -0.0000000000000000000, 7.417567127063168400E-057, -1.000000000000000000 ) ) ;
#898 = CARTESIAN_POINT ( 'NONE',  ( 0.5898502691896262400, 1.021650635094610400, -2.395833333333360600 ) ) ;
#899 = CARTESIAN_POINT ( 'NONE',  ( -0.8547005383792514200, 5.233531392778349000E-017, -0.09999999999999766000 ) ) ;
#900 = ORIENTED_EDGE ( 'NONE', *, *, #149, .F. ) ;
#901 = CARTESIAN_POINT ( 'NONE',  ( 0.0000000000000000000, 0.7401923788646683800, -3.749999999999996400 ) ) ;
#902 = CARTESIAN_POINT ( 'NONE',  ( 1.179700538379251400, -2.167074732417838900E-016, -1.287499999999970100 ) ) ;
#903 = CARTESIAN_POINT ( 'NONE',  ( 0.8547005383792514200, -1.570059417833504600E-016, 1.750000000000003100 ) ) ;
#904 = ORIENTED_EDGE ( 'NONE', *, *, #520, .T. ) ;
#905 = CARTESIAN_POINT ( 'NONE',  ( -0.4273502691896256000, 0.7401923788646683800, 1.433333333333336000 ) ) ;
#906 = CARTESIAN_POINT ( 'NONE',  ( 0.7401923788646683800, -7.638989283770670300E-014, 1.749999999999996900 ) ) ;
#907 = CARTESIAN_POINT ( 'NONE',  ( -1.224646799147353900E-016, -1.000000000000000400, -0.9500000000000257100 ) ) ;
#908 = VERTEX_POINT ( 'NONE', #3557 ) ;
#909 = EDGE_CURVE ( 'NONE', #2632, #3386, #531, .T. ) ;
#910 = CARTESIAN_POINT ( 'NONE',  ( -0.8547005383792513100, 5.233531392778349000E-017, -2.499999999999998200 ) ) ;
#911 = CARTESIAN_POINT ( 'NONE',  ( -1.224646799147353900E-016, -1.000000000000000400, -1.350000000000025800 ) ) ;
#912 = VERTEX_POINT ( 'NONE', #2387 ) ;
#913 = CARTESIAN_POINT ( 'NONE',  ( 0.0000000000000000000, 1.021650635094610800, -2.762500000000028200 ) ) ;
#914 = CARTESIAN_POINT ( 'NONE',  ( 0.4273502691896254900, -0.7401923788646686000, 0.4333333333333359600 ) ) ;
#915 = ORIENTED_EDGE ( 'NONE', *, *, #2110, .T. ) ;
#916 = PRODUCT ( '91290A013_Alloy Steel Socket Head Screw', '91290A013_Alloy Steel Socket Head Screw', '', ( #2149 ) ) ;
#917 = CARTESIAN_POINT ( 'NONE',  ( 0.0000000000000000000, 1.021650635094610800, -1.587499999999969900 ) ) ;
#918 = CARTESIAN_POINT ( 'NONE',  ( -0.6410254037844386200, -0.3700961894323340200, 1.983333333333336900 ) ) ;
#919 = CARTESIAN_POINT ( 'NONE',  ( -0.8547005383792513100, 5.233531392778349000E-017, 0.7000000000000017300 ) ) ;
#920 = AXIS2_PLACEMENT_3D ( 'NONE', #240, #2994, #818 ) ;
#921 = CARTESIAN_POINT ( 'NONE',  ( -0.4273502691896259300, -0.7401923788646681500, -1.233333333333331200 ) ) ;
#922 = CARTESIAN_POINT ( 'NONE',  ( 0.0000000000000000000, 1.800000000000000000, 3.999999999999999100 ) ) ;
#923 = CARTESIAN_POINT ( 'NONE',  ( 1.154700538379251900, -2.121150477449814300E-016, 1.149999999999974400 ) ) ;
#924 = CARTESIAN_POINT ( 'NONE',  ( -0.8847754037844384200, 0.5108253175473055400, 0.1041666666666387100 ) ) ;
#925 = CARTESIAN_POINT ( 'NONE',  ( 0.0000000000000000000, 0.7401923788646683800, 1.800000000000002000 ) ) ;
#926 = EDGE_CURVE ( 'NONE', #1070, #1220, #1352, .T. ) ;
#927 = CARTESIAN_POINT ( 'NONE',  ( 0.0000000000000000000, 1.000000000000000400, -1.550000000000026000 ) ) ;
#928 = CARTESIAN_POINT ( 'NONE',  ( -0.8660254037844390400, -0.5000000000000000000, -0.6666666666666383200 ) ) ;
#929 = CARTESIAN_POINT ( 'NONE',  ( 0.5898502691896262400, 1.021650635094610400, -1.620833333333303600 ) ) ;
#930 = CARTESIAN_POINT ( 'NONE',  ( 0.4273502691896254900, -0.7401923788646686000, 1.683333333333337100 ) ) ;
#931 = CARTESIAN_POINT ( 'NONE',  ( 0.8547005383792513100, -1.570059417833504600E-016, 1.300000000000002500 ) ) ;
#932 = CARTESIAN_POINT ( 'NONE',  ( -0.6410254037844385100, 0.3700961894323343000, -1.733333333333331200 ) ) ;
#933 = CARTESIAN_POINT ( 'NONE',  ( -0.5773502691896240700, 1.000000000000003600, -2.766666666666637300 ) ) ;
#934 = CARTESIAN_POINT ( 'NONE',  ( 0.4273502691896261500, 0.7401923788646681500, 0.5666666666666693200 ) ) ;
#935 = CARTESIAN_POINT ( 'NONE',  ( 0.7499999999999997800, 0.4330127018922161900, 2.999999999999999100 ) ) ;
#936 = PLANE ( 'NONE',  #1553 ) ;
#937 = FACE_OUTER_BOUND ( 'NONE', #1079, .T. ) ;
#938 = CARTESIAN_POINT ( 'NONE',  ( 0.5898502691896252400, -1.021650635094611100, 1.070833333333305500 ) ) ;
#939 = CARTESIAN_POINT ( 'NONE',  ( 0.6410254037844384000, -0.3700961894323345200, 2.066666666666669100 ) ) ;
#940 = FACE_OUTER_BOUND ( 'NONE', #2964, .T. ) ;
#941 = CARTESIAN_POINT ( 'NONE',  ( 0.8847754037844383100, -0.5108253175473058700, 1.479166666666696300 ) ) ;
#942 = CIRCLE ( 'NONE', #2448, 1.899999999999999900 ) ;
#943 = CARTESIAN_POINT ( 'NONE',  ( 0.4273502691896254900, -0.7401923788646686000, -1.166666666666664300 ) ) ;
#944 = ORIENTED_EDGE ( 'NONE', *, *, #2687, .T. ) ;
#945 = DIRECTION ( 'NONE',  ( -0.0000000000000000000, 7.417567127063168400E-057, -1.000000000000000000 ) ) ;
#946 = CARTESIAN_POINT ( 'NONE',  ( 0.8547005383792513100, -1.570059417833504600E-016, 0.1000000000000019900 ) ) ;
#947 = CARTESIAN_POINT ( 'NONE',  ( 0.0000000000000000000, 1.000000000000000400, -0.3500000000000257300 ) ) ;
#948 = EDGE_LOOP ( 'NONE', ( #944, #2645, #467, #3237 ) ) ;
#949 = CARTESIAN_POINT ( 'NONE',  ( -0.9301869268826116200, -0.1731297148459030900, -3.801975767151212900 ) ) ;
#950 = CARTESIAN_POINT ( 'NONE',  ( 1.179700538379251400, -2.167074732417838900E-016, -0.06250000000002781100 ) ) ;
#951 = CARTESIAN_POINT ( 'NONE',  ( 0.4273502691896261500, 0.7401923788646680400, 0.9666666666666686700 ) ) ;
#952 = VERTEX_POINT ( 'NONE', #2957 ) ;
#953 = PRODUCT_DEFINITION_FORMATION_WITH_SPECIFIED_SOURCE ( 'ANY', '', #916, .NOT_KNOWN. ) ;
#954 = CARTESIAN_POINT ( 'NONE',  ( 0.8847754037844383100, -0.5108253175473058700, 0.2791666666666966500 ) ) ;
#955 = CARTESIAN_POINT ( 'NONE',  ( -0.8547005383792513100, 5.233531392778349000E-017, 1.500000000000002200 ) ) ;
#956 = CARTESIAN_POINT ( 'NONE',  ( 0.4273502691896261500, 0.7401923788646680400, -1.783333333333329900 ) ) ;
#957 = EDGE_LOOP ( 'NONE', ( #505, #110, #1468, #2408 ) ) ;
#958 = CARTESIAN_POINT ( 'NONE',  ( -0.4273502691896259900, -0.7401923788646680400, -1.233333333333331200 ) ) ;
#959 = CARTESIAN_POINT ( 'NONE',  ( -1.224646799147353700E-016, -1.000000000000000400, -2.599999999999971700 ) ) ;
#960 = CARTESIAN_POINT ( 'NONE',  ( 0.4273502691896261500, 0.7401923788646681500, -0.6333333333333313100 ) ) ;
#961 = ORIENTED_EDGE ( 'NONE', *, *, #2650, .F. ) ;
#962 = CARTESIAN_POINT ( 'NONE',  ( -1.224646799147353700E-016, -1.000000000000000400, -3.399999999999971900 ) ) ;
#963 = CARTESIAN_POINT ( 'NONE',  ( 1.179700538379251400, -2.167074732417838900E-016, 0.7374999999999726200 ) ) ;
#964 = CARTESIAN_POINT ( 'NONE',  ( -0.6410254037844386200, -0.3700961894323340200, 1.133333333333336000 ) ) ;
#965 = AXIS2_PLACEMENT_3D ( 'NONE', #1521, #2100, #1043 ) ;
#966 = CARTESIAN_POINT ( 'NONE',  ( 0.5898502691896262400, 1.021650635094610400, 0.3791666666666969600 ) ) ;
#967 = CARTESIAN_POINT ( 'NONE',  ( 0.4273502691896261500, 0.7401923788646680400, -0.5833333333333297100 ) ) ;
#968 = CARTESIAN_POINT ( 'NONE',  ( -9.064742275298811100E-017, -0.7401923788646683800, -1.199999999999998000 ) ) ;
#969 = CARTESIAN_POINT ( 'NONE',  ( -8.673617379884035500E-016, -0.8660254037844323800, 2.999999999999999100 ) ) ;
#970 = CARTESIAN_POINT ( 'NONE',  ( 0.8547005383792513100, -1.570059417833504600E-016, 0.5000000000000022200 ) ) ;
#971 = CARTESIAN_POINT ( 'NONE',  ( -0.1214981864889085700, 0.8721167184458129600, -3.868075660422293000 ) ) ;
#972 = CARTESIAN_POINT ( 'NONE',  ( 0.6410254037844384000, -0.3700961894323345200, -2.283333333333330100 ) ) ;
#973 = CARTESIAN_POINT ( 'NONE',  ( -0.5898502691896255800, 1.021650635094610800, -0.3291666666666945900 ) ) ;
#974 = CARTESIAN_POINT ( 'NONE',  ( 0.4016114864120826100, 0.7534369350222419600, -3.892864277457918300 ) ) ;
#975 = CARTESIAN_POINT ( 'NONE',  ( -1.179700538379251400, 7.223582441392798400E-017, 1.312500000000029800 ) ) ;
#976 = CARTESIAN_POINT ( 'NONE',  ( -2.957777494895041700E-011, 0.7834936490557787800, 1.775000000001087000 ) ) ;
#977 = CARTESIAN_POINT ( 'NONE',  ( 0.4273502691896254900, -0.7401923788646686000, -0.7166666666666631200 ) ) ;
#978 = EDGE_CURVE ( 'NONE', #3326, #1765, #1580, .T. ) ;
#979 = CARTESIAN_POINT ( 'NONE',  ( -0.8547005383792514200, 5.233531392778349000E-017, -1.299999999999997600 ) ) ;
#980 = DIRECTION ( 'NONE',  ( -0.0000000000000000000, 7.417567127063168400E-057, -1.000000000000000000 ) ) ;
#981 = FACE_OUTER_BOUND ( 'NONE', #194, .T. ) ;
#982 = DIRECTION ( 'NONE',  ( -0.5000000000000004400, 0.8660254037844384900, 0.0000000000000000000 ) ) ;
#983 = CARTESIAN_POINT ( 'NONE',  ( -0.4273502691896259900, -0.7401923788646680400, -2.783333333333329700 ) ) ;
#984 = CARTESIAN_POINT ( 'NONE',  ( 0.1047646092084708700, 0.8625643372991334000, -3.877628041562843000 ) ) ;
#985 = ORIENTED_EDGE ( 'NONE', *, *, #1038, .F. ) ;
#986 = CARTESIAN_POINT ( 'NONE',  ( 0.8847754037844383100, -0.5108253175473058700, -0.1208333333333035400 ) ) ;
#987 = VERTEX_POINT ( 'NONE', #1346 ) ;
#988 = CARTESIAN_POINT ( 'NONE',  ( 0.6410254037844384000, -0.3700961894323345200, -3.483333333333329400 ) ) ;
#989 = CARTESIAN_POINT ( 'NONE',  ( 0.6410254037844384000, -0.3700961894323345200, -0.6833333333333296800 ) ) ;
#990 = CARTESIAN_POINT ( 'NONE',  ( -0.6410254037844385100, 0.3700961894323343000, 0.6666666666666687400 ) ) ;
#991 = DIRECTION ( 'NONE',  ( 0.0000000000000000000, 1.000000000000000000, 0.0000000000000000000 ) ) ;
#992 = ORIENTED_EDGE ( 'NONE', *, *, #1484, .T. ) ;
#993 = EDGE_CURVE ( 'NONE', #1456, #1036, #45, .T. ) ;
#994 = APPROVAL_STATUS ( 'not_yet_approved' ) ;
#995 = VERTEX_POINT ( 'NONE', #2441 ) ;
#996 = CARTESIAN_POINT ( 'NONE',  ( -0.8547005383792514200, 5.233531392778349000E-017, -2.449999999999996600 ) ) ;
#997 = ORIENTED_EDGE ( 'NONE', *, *, #1612, .T. ) ;
#998 = CARTESIAN_POINT ( 'NONE',  ( -0.6410254037844385100, 0.3700961894323343000, -3.683333333333330000 ) ) ;
#999 = CARTESIAN_POINT ( 'NONE',  ( 0.8660254037844393700, 0.4999999999999994400, -2.016666666666692400 ) ) ;
#1000 = CARTESIAN_POINT ( 'NONE',  ( 0.0000000000000000000, 0.7401923788646683800, -0.5499999999999962700 ) ) ;
#1001 = CARTESIAN_POINT ( 'NONE',  ( 0.4273502691896261500, 0.7401923788646680400, 0.5666666666666692100 ) ) ;
#1002 = CARTESIAN_POINT ( 'NONE',  ( 0.0000000000000000000, 7.417567127063218200E-058, 3.899999999999998100 ) ) ;
#1003 = DIRECTION ( 'NONE',  ( 0.0000000000000000000, 1.000000000000000000, 0.0000000000000000000 ) ) ;
#1004 = DATE_TIME_ROLE ( 'creation_date' ) ;
#1005 = CARTESIAN_POINT ( 'NONE',  ( -9.064742275298811100E-017, -0.7401923788646683800, -3.149999999999996400 ) ) ;
#1006 = CARTESIAN_POINT ( 'NONE',  ( -1.224646799147353900E-016, -1.000000000000000400, -3.350000000000026300 ) ) ;
#1007 = CARTESIAN_POINT ( 'NONE',  ( -1.251161180115475900E-016, -1.021650635094610800, 1.812500000000030200 ) ) ;
#1008 = CARTESIAN_POINT ( 'NONE',  ( 0.8660254037844388200, -0.5000000000000006700, -2.083333333333358800 ) ) ;
#1009 = CARTESIAN_POINT ( 'NONE',  ( -0.6410254037844386200, -0.3700961894323340200, 1.983333333333336900 ) ) ;
#1010 = PLANE ( 'NONE',  #1889 ) ;
#1011 = CARTESIAN_POINT ( 'NONE',  ( 0.8547005383792514200, -1.570059417833504600E-016, 0.1000000000000019900 ) ) ;
#1012 = CARTESIAN_POINT ( 'NONE',  ( 0.0000000000000000000, 0.0000000000000000000, 3.999999999999999100 ) ) ;
#1013 = EDGE_CURVE ( 'NONE', #995, #2977, #1495, .T. ) ;
#1014 = CARTESIAN_POINT ( 'NONE',  ( -0.6410254037844386200, -0.3700961894323340200, -1.616666666666662900 ) ) ;
#1015 = CARTESIAN_POINT ( 'NONE',  ( -1.179700538379251400, 7.223582441392798400E-017, 1.737499999999972500 ) ) ;
#1016 = LINE ( 'NONE', #1714, #2958 ) ;
#1017 = CARTESIAN_POINT ( 'NONE',  ( -0.8547005383792514200, 5.233531392778349000E-017, -3.649999999999996400 ) ) ;
#1018 = CARTESIAN_POINT ( 'NONE',  ( -0.4273502691896256500, 0.7401923788646683800, -3.716666666666663700 ) ) ;
#1019 = CARTESIAN_POINT ( 'NONE',  ( -9.064742275298811100E-017, -0.7401923788646683800, 1.250000000000003800 ) ) ;
#1020 = LINE ( 'NONE', #2821, #270 ) ;
#1021 = CARTESIAN_POINT ( 'NONE',  ( -0.8547005383792514200, 5.233531392778349000E-017, 0.7000000000000017300 ) ) ;
#1022 = VERTEX_POINT ( 'NONE', #1874 ) ;
#1023 = CARTESIAN_POINT ( 'NONE',  ( 0.0000000000000000000, 7.417567127063218200E-058, 3.899999999999998100 ) ) ;
#1024 = FACE_OUTER_BOUND ( 'NONE', #3471, .T. ) ;
#1025 = CARTESIAN_POINT ( 'NONE',  ( 0.4273502691896254900, -0.7401923788646686000, -2.316666666666663300 ) ) ;
#1026 = ORIENTED_EDGE ( 'NONE', *, *, #609, .T. ) ;
#1027 = CARTESIAN_POINT ( 'NONE',  ( -0.6410254037844386200, -0.3700961894323340200, -1.216666666666663200 ) ) ;
#1028 = DIRECTION ( 'NONE',  ( -0.0000000000000000000, 7.417567127063168400E-057, -1.000000000000000000 ) ) ;
#1029 = ORIENTED_EDGE ( 'NONE', *, *, #2474, .F. ) ;
#1030 = AXIS2_PLACEMENT_3D ( 'NONE', #827, #2219, #1952 ) ;
#1031 = CARTESIAN_POINT ( 'NONE',  ( 0.8547005383792514200, -1.570059417833504600E-016, -3.849999999999996500 ) ) ;
#1032 = CARTESIAN_POINT ( 'NONE',  ( 0.0000000000000000000, 0.7401923788646683800, 1.050000000000004000 ) ) ;
#1033 = ORIENTED_EDGE ( 'NONE', *, *, #1803, .F. ) ;
#1034 = CARTESIAN_POINT ( 'NONE',  ( -0.8660254037844390400, 0.5000000000000003300, -0.2833333333333586400 ) ) ;
#1035 = CARTESIAN_POINT ( 'NONE',  ( 0.4273502691896254900, -0.7401923788646686000, 0.8333333333333351500 ) ) ;
#1036 = VERTEX_POINT ( 'NONE', #202 ) ;
#1037 = CARTESIAN_POINT ( 'NONE',  ( -0.8547005383792514200, 5.233531392778349000E-017, -2.849999999999996500 ) ) ;
#1038 = EDGE_CURVE ( 'NONE', #3020, #1896, #38, .T. ) ;
#1039 = APPROVAL_ROLE ( '' ) ;
#1040 = CARTESIAN_POINT ( 'NONE',  ( 0.0000000000000000000, 0.7401923788646683800, 0.2500000000000036600 ) ) ;
#1041 = ORIENTED_EDGE ( 'NONE', *, *, #3153, .F. ) ;
#1042 = CARTESIAN_POINT ( 'NONE',  ( -0.5773502691896249500, 1.000000000000001800, 1.683333333333307100 ) ) ;
#1043 = DIRECTION ( 'NONE',  ( 0.0000000000000000000, -1.000000000000000000, -1.281975124255724200E-016 ) ) ;
#1044 =( BOUNDED_CURVE ( )  B_SPLINE_CURVE ( 2, ( #2468, #1667, #263, #2208, #2757, #2221, #858 ),
 .UNSPECIFIED., .F., .F. ) 
 B_SPLINE_CURVE_WITH_KNOTS ( ( 3, 2, 2, 3 ),
 ( 0.8749999999999997800, 0.8854166666666664100, 0.8958333333333332600, 0.9062499999999998900 ),
 .UNSPECIFIED. ) 
 CURVE ( )  GEOMETRIC_REPRESENTATION_ITEM ( )  RATIONAL_B_SPLINE_CURVE ( ( 1.000000000000002900, 0.8660254037844358200, 1.000000000000000000, 0.8660254037844387100, 1.000000000000000000, 0.8660254037844401500, 0.9999999999999985600 ) ) 
 REPRESENTATION_ITEM ( '' )  );
#1045 = DIRECTION ( 'NONE',  ( -0.0000000000000000000, 7.417567127063168400E-057, -1.000000000000000000 ) ) ;
#1046 = CARTESIAN_POINT ( 'NONE',  ( 0.6410254037844388400, 0.3700961894323336300, 0.9833333333333369500 ) ) ;
#1047 = CARTESIAN_POINT ( 'NONE',  ( -9.064742275298811100E-017, -0.7401923788646683800, -3.149999999999996400 ) ) ;
#1048 = CARTESIAN_POINT ( 'NONE',  ( -9.064742275298811100E-017, -0.7401923788646683800, -2.749999999999996400 ) ) ;
#1049 = CARTESIAN_POINT ( 'NONE',  ( 0.6410254037844388400, 0.3700961894323336300, 0.5833333333333367000 ) ) ;
#1050 = CARTESIAN_POINT ( 'NONE',  ( -0.5773502691896281700, -0.9999999999999972200, -1.033333333333305200 ) ) ;
#1051 = AXIS2_PLACEMENT_3D ( 'NONE', #612, #2831, #2562 ) ;
#1052 = CARTESIAN_POINT ( 'NONE',  ( 0.5773502691896301700, 0.9999999999999940000, -0.03333333333330538300 ) ) ;
#1053 = CARTESIAN_POINT ( 'NONE',  ( -9.064742275298811100E-017, -0.7401923788646683800, 0.8500000000000035300 ) ) ;
#1054 = CARTESIAN_POINT ( 'NONE',  ( 0.6410254037844384000, -0.3700961894323345200, -1.483333333333329600 ) ) ;
#1055 = CARTESIAN_POINT ( 'NONE',  ( -1.154700538379252100, 7.070501591499381500E-017, -3.099999999999972100 ) ) ;
#1056 = EDGE_CURVE ( 'NONE', #1428, #375, #2115, .T. ) ;
#1057 = CARTESIAN_POINT ( 'NONE',  ( -9.064742275298811100E-017, -0.7401923788646683800, -2.349999999999996100 ) ) ;
#1058 = ADVANCED_FACE ( 'NONE', ( #662 ), #3532, .T. ) ;
#1059 = CARTESIAN_POINT ( 'NONE',  ( -9.064742275298811100E-017, -0.7401923788646683800, -0.3499999999999965900 ) ) ;
#1060 = PRODUCT_DEFINITION ( 'UNKNOWN', '', #953, #1380 ) ;
#1061 = CARTESIAN_POINT ( 'NONE',  ( 0.0000000000000000000, 1.000000000000000400, 0.4499999999999746400 ) ) ;
#1062 = CONICAL_SURFACE ( 'NONE', #920, 1.800000000000000000, 0.7853981633974472800 ) ;
#1063 = DIRECTION ( 'NONE',  ( -0.0000000000000000000, 7.417567127063168400E-057, -1.000000000000000000 ) ) ;
#1064 = CARTESIAN_POINT ( 'NONE',  ( 0.7401923788646886900, 0.1975730097896109800, 1.749999999999996900 ) ) ;
#1065 = ORIENTED_EDGE ( 'NONE', *, *, #2247, .T. ) ;
#1066 = CARTESIAN_POINT ( 'NONE',  ( 0.0000000000000000000, 0.7401923788646683800, 2.250000000000003600 ) ) ;
#1067 = CARTESIAN_POINT ( 'NONE',  ( 0.5773502691896246200, -1.000000000000002000, 0.6833333333333072600 ) ) ;
#1068 = CARTESIAN_POINT ( 'NONE',  ( 0.4273502691896261500, 0.7401923788646681500, -2.583333333333329900 ) ) ;
#1069 = VERTEX_POINT ( 'NONE', #2721 ) ;
#1070 = VERTEX_POINT ( 'NONE', #1061 ) ;
#1071 = CARTESIAN_POINT ( 'NONE',  ( -0.6410254037844386200, -0.3700961894323340200, 0.3833333333333370800 ) ) ;
#1072 = CARTESIAN_POINT ( 'NONE',  ( -0.7499999999999963400, 0.4330127018922166300, 2.999999999999999100 ) ) ;
#1073 = CARTESIAN_POINT ( 'NONE',  ( 0.0000000000000000000, 1.000000000000000400, -2.750000000000025800 ) ) ;
#1074 = ORIENTED_EDGE ( 'NONE', *, *, #3522, .T. ) ;
#1075 = CARTESIAN_POINT ( 'NONE',  ( 0.8847754037844388600, 0.5108253175473046500, -4.029166666666695200 ) ) ;
#1076 = CARTESIAN_POINT ( 'NONE',  ( -0.6410254037844386200, -0.3700961894323340200, -2.466666666666664600 ) ) ;
#1077 = ADVANCED_FACE ( 'NONE', ( #428 ), #3260, .F. ) ;
#1078 = EDGE_CURVE ( 'NONE', #2977, #3291, #2059, .T. ) ;
#1079 = EDGE_LOOP ( 'NONE', ( #3505, #2201, #1328, #48 ) ) ;
#1080 = CARTESIAN_POINT ( 'NONE',  ( 0.8547005383792513100, -1.570059417833504600E-016, -2.249999999999996900 ) ) ;
#1081 = CARTESIAN_POINT ( 'NONE',  ( 0.7006292693072216900, -0.7135254914787772000, 1.899999999999998100 ) ) ;
#1082 = CARTESIAN_POINT ( 'NONE',  ( 0.4273502691896261500, 0.7401923788646681500, 0.6166666666666706900 ) ) ;
#1083 = CARTESIAN_POINT ( 'NONE',  ( -1.154700538379251900, 7.070501591499382700E-017, -1.450000000000025500 ) ) ;
#1084 = CARTESIAN_POINT ( 'NONE',  ( -0.4273502691896256000, 0.7401923788646683800, -3.366666666666664500 ) ) ;
#1085 = EDGE_CURVE ( 'NONE', #450, #1819, #2576, .T. ) ;
#1086 = CARTESIAN_POINT ( 'NONE',  ( -0.5773502691896266200, 0.9999999999999986700, 0.8833333333333079900 ) ) ;
#1087 = CARTESIAN_POINT ( 'NONE',  ( 0.5898502691896262400, 1.021650635094610400, -3.195833333333360800 ) ) ;
#1088 = CARTESIAN_POINT ( 'NONE',  ( 0.0000000000000000000, 0.7401923788646683800, -2.199999999999998000 ) ) ;
#1089 = CARTESIAN_POINT ( 'NONE',  ( -1.154700538379252100, 7.070501591499381500E-017, 0.1000000000000284300 ) ) ;
#1090 = CARTESIAN_POINT ( 'NONE',  ( 0.6410254037844384000, -0.3700961894323345200, -1.883333333333329800 ) ) ;
#1091 = PLANE ( 'NONE',  #2617 ) ;
#1092 = CARTESIAN_POINT ( 'NONE',  ( 0.6410254037844384000, -0.3700961894323345200, -0.2833333333333298800 ) ) ;
#1093 = ADVANCED_FACE ( 'NONE', ( #405 ), #1283, .T. ) ;
#1094 = CARTESIAN_POINT ( 'NONE',  ( 0.2539760171926220800, -0.9453129668451100100, 1.883020620698378400 ) ) ;
#1095 = APPROVAL_DATE_TIME ( #29, #1689 ) ;
#1096 = CARTESIAN_POINT ( 'NONE',  ( -1.224646799147353900E-016, -1.000000000000000400, -0.1500000000000252500 ) ) ;
#1097 = DIRECTION ( 'NONE',  ( -0.0000000000000000000, 7.417567127063168400E-057, -1.000000000000000000 ) ) ;
#1098 = CARTESIAN_POINT ( 'NONE',  ( -0.5898502691896255800, 1.021650635094610800, -4.329166666666695000 ) ) ;
#1099 = CARTESIAN_POINT ( 'NONE',  ( -0.8547005383792514200, 5.233531392778349000E-017, -3.299999999999998000 ) ) ;
#1100 = CARTESIAN_POINT ( 'NONE',  ( 0.6410254037844384000, -0.3700961894323345200, -1.083333333333329700 ) ) ;
#1101 = VECTOR ( 'NONE', #2972, 1000.000000000000000 ) ;
#1102 = EDGE_CURVE ( 'NONE', #1975, #1460, #1202, .T. ) ;
#1103 = FACE_OUTER_BOUND ( 'NONE', #191, .T. ) ;
#1104 =( BOUNDED_CURVE ( )  B_SPLINE_CURVE ( 2, ( #2814, #1713, #2554, #333, #2291, #1403, #3343 ),
 .UNSPECIFIED., .F., .T. ) 
 B_SPLINE_CURVE_WITH_KNOTS ( ( 3, 2, 2, 3 ),
 ( 0.7499999999999998900, 0.7604166666666665200, 0.7708333333333332600, 0.7812499999999998900 ),
 .UNSPECIFIED. ) 
 CURVE ( )  GEOMETRIC_REPRESENTATION_ITEM ( )  RATIONAL_B_SPLINE_CURVE ( ( 1.000000000000001300, 0.8660254037844372600, 1.000000000000000000, 0.8660254037844387100, 1.000000000000000000, 0.8660254037844401500, 0.9999999999999985600 ) ) 
 REPRESENTATION_ITEM ( '' )  );
#1105 = EDGE_LOOP ( 'NONE', ( #2604, #1291, #3580, #2688, #719 ) ) ;
#1106 = CARTESIAN_POINT ( 'NONE',  ( 0.8547005383792513100, -1.570059417833504600E-016, 1.350000000000004100 ) ) ;
#1107 = DIRECTION ( 'NONE',  ( -0.0000000000000000000, 7.417567127063168400E-057, -1.000000000000000000 ) ) ;
#1108 = EDGE_CURVE ( 'NONE', #1688, #2030, #1294, .T. ) ;
#1109 = CYLINDRICAL_SURFACE ( 'NONE', #792, 1.000000000000000400 ) ;
#1110 = CARTESIAN_POINT ( 'NONE',  ( 0.6410254037844384000, -0.3700961894323345200, -3.533333333333331000 ) ) ;
#1111 = ORIENTED_EDGE ( 'NONE', *, *, #2822, .F. ) ;
#1112 = CARTESIAN_POINT ( 'NONE',  ( 0.2127139010983649700, -0.7280823305206938200, -3.988939323193686700 ) ) ;
#1113 = CARTESIAN_POINT ( 'NONE',  ( -1.224646799147353700E-016, -1.000000000000000400, -0.9999999999999718000 ) ) ;
#1114 = CARTESIAN_POINT ( 'NONE',  ( 0.0000000000000000000, 1.021650635094610800, -3.162500000000027600 ) ) ;
#1115 = CARTESIAN_POINT ( 'NONE',  ( 0.6410254037844384000, -0.3700961894323345200, -3.133333333333331100 ) ) ;
#1116 = ADVANCED_FACE ( 'NONE', ( #2276, #3308 ), #3044, .T. ) ;
#1117 = ORIENTED_EDGE ( 'NONE', *, *, #256, .F. ) ;
#1118 = CARTESIAN_POINT ( 'NONE',  ( -1.179700538379251400, 7.223582441392798400E-017, -3.887499999999970400 ) ) ;
#1119 = EDGE_LOOP ( 'NONE', ( #2925, #236, #3070 ) ) ;
#1120 = CARTESIAN_POINT ( 'NONE',  ( -9.064742275298811100E-017, -0.7401923788646683800, 0.4500000000000033400 ) ) ;
#1121 = CARTESIAN_POINT ( 'NONE',  ( 0.0000000000000000000, 1.000000000000000400, -2.399999999999971900 ) ) ;
#1122 = VERTEX_POINT ( 'NONE', #327 ) ;
#1123 = CARTESIAN_POINT ( 'NONE',  ( 0.8547005383792513100, -1.570059417833504600E-016, -3.899999999999998100 ) ) ;
#1124 = CARTESIAN_POINT ( 'NONE',  ( 0.0000000000000000000, 1.557689096683266300E-056, 1.899999999999998100 ) ) ;
#1125 = CARTESIAN_POINT ( 'NONE',  ( 0.2929618549119837300, -0.8699680236233783300, -3.833711188210337200 ) ) ;
#1126 = CARTESIAN_POINT ( 'NONE',  ( 0.3871719869083024000, 0.6782570093263422500, 1.758674868720199000 ) ) ;
#1127 = ORIENTED_EDGE ( 'NONE', *, *, #1249, .F. ) ;
#1128 = CARTESIAN_POINT ( 'NONE',  ( -0.8847754037844384200, 0.5108253175473055400, -3.495833333333361100 ) ) ;
#1129 = CARTESIAN_POINT ( 'NONE',  ( 0.4273502691896261500, 0.7401923788646680400, -1.433333333333331100 ) ) ;
#1130 = EDGE_CURVE ( 'NONE', #2240, #1901, #162, .T. ) ;
#1131 = CC_DESIGN_DATE_AND_TIME_ASSIGNMENT ( #1924, #1562, ( #546 ) ) ;
#1132 = CARTESIAN_POINT ( 'NONE',  ( 0.4273502691896254900, -0.7401923788646686000, 1.283333333333336800 ) ) ;
#1133 = ADVANCED_FACE ( 'NONE', ( #1354 ), #2182, .T. ) ;
#1134 = CARTESIAN_POINT ( 'NONE',  ( -0.7499999999999954500, -0.4330127018922179700, 3.935048094716167000 ) ) ;
#1135 = CARTESIAN_POINT ( 'NONE',  ( 0.5773502691896301700, 0.9999999999999940000, 0.7666666666666950300 ) ) ;
#1136 = CARTESIAN_POINT ( 'NONE',  ( -2.168404344971008900E-016, 0.8660254037844341600, 2.999999999999999100 ) ) ;
#1137 = CARTESIAN_POINT ( 'NONE',  ( 0.8660254037844388200, -0.5000000000000006700, -0.9333333333333051500 ) ) ;
#1138 = CARTESIAN_POINT ( 'NONE',  ( -0.8660254037844390400, -0.5000000000000000000, 0.9833333333333083000 ) ) ;
#1139 = CARTESIAN_POINT ( 'NONE',  ( -0.5898502691896260200, -1.021650635094610600, -0.9958333333333612100 ) ) ;
#1140 = CARTESIAN_POINT ( 'NONE',  ( -0.6410254037844385100, 0.3700961894323343000, -0.5333333333333309900 ) ) ;
#1141 = CARTESIAN_POINT ( 'NONE',  ( 0.5773502691896256200, 1.000000000000001600, 0.8166666666666406700 ) ) ;
#1142 = CARTESIAN_POINT ( 'NONE',  ( -0.8847754037844384200, 0.5108253175473055400, -3.520833333333303700 ) ) ;
#1143 = CARTESIAN_POINT ( 'NONE',  ( -9.064742275298811100E-017, -0.7401923788646683800, -3.599999999999998300 ) ) ;
#1144 = LOCAL_TIME ( 11, 16, 29.00000000000000000, #3403 ) ;
#1145 = DIRECTION ( 'NONE',  ( -0.0000000000000000000, 7.417567127063168400E-057, -1.000000000000000000 ) ) ;
#1146 = CARTESIAN_POINT ( 'NONE',  ( -9.064742275298811100E-017, -0.7401923788646683800, -0.7999999999999977100 ) ) ;
#1147 = CARTESIAN_POINT ( 'NONE',  ( 0.5773502691896301700, 0.9999999999999940000, 0.3666666666666947800 ) ) ;
#1148 = CARTESIAN_POINT ( 'NONE',  ( 0.0000000000000000000, 1.000000000000000400, -0.7999999999999717300 ) ) ;
#1149 = DIRECTION ( 'NONE',  ( 0.0000000000000000000, 1.000000000000000000, 0.0000000000000000000 ) ) ;
#1150 = CYLINDRICAL_SURFACE ( 'NONE', #324, 1.000000000000000400 ) ;
#1151 = VERTEX_POINT ( 'NONE', #54 ) ;
#1152 = CARTESIAN_POINT ( 'NONE',  ( 1.179700538379251400, -2.167074732417838900E-016, -1.662500000000027800 ) ) ;
#1153 = CARTESIAN_POINT ( 'NONE',  ( 0.8547005383792514200, -1.570059417833504600E-016, -1.899999999999997900 ) ) ;
#1154 = LINE ( 'NONE', #3523, #3278 ) ;
#1155 = CARTESIAN_POINT ( 'NONE',  ( -0.5773502691896262900, -1.000000000000000000, -0.9833333333333590400 ) ) ;
#1156 = CARTESIAN_POINT ( 'NONE',  ( -1.251161180115475900E-016, -1.021650635094610800, -0.9874999999999701800 ) ) ;
#1157 = ORIENTED_EDGE ( 'NONE', *, *, #1270, .T. ) ;
#1158 = CARTESIAN_POINT ( 'NONE',  ( -0.8547005383792514200, 5.233531392778349000E-017, -3.699999999999998000 ) ) ;
#1159 = ORIENTED_EDGE ( 'NONE', *, *, #1683, .F. ) ;
#1160 = DIRECTION ( 'NONE',  ( 8.659560562354923000E-017, 0.7071067811865465700, 0.7071067811865483500 ) ) ;
#1161 = EDGE_CURVE ( 'NONE', #3386, #1717, #91, .T. ) ;
#1162 = CARTESIAN_POINT ( 'NONE',  ( 0.4273502691896261500, 0.7401923788646681500, -1.433333333333331100 ) ) ;
#1163 = CARTESIAN_POINT ( 'NONE',  ( 0.8660254037844388200, -0.5000000000000006700, 0.2666666666666949200 ) ) ;
#1164 = ORIENTED_EDGE ( 'NONE', *, *, #1230, .F. ) ;
#1165 = B_SPLINE_CURVE_WITH_KNOTS ( 'NONE', 3,
 ( #1814, #738, #1247, #410 ),
 .UNSPECIFIED., .F., .F.,
 ( 4, 4 ),
 ( 3.151654686739701800E-018, 0.0001618406094079692200 ),
 .UNSPECIFIED. ) ;
#1166 = CARTESIAN_POINT ( 'NONE',  ( 0.0000000000000000000, 1.021650635094610800, -1.562500000000027800 ) ) ;
#1167 = CARTESIAN_POINT ( 'NONE',  ( 0.8547005383792514200, -1.570059417833504600E-016, -0.2999999999999977700 ) ) ;
#1168 = ORIENTED_EDGE ( 'NONE', *, *, #3340, .T. ) ;
#1169 = CARTESIAN_POINT ( 'NONE',  ( 0.5898502691896252400, -1.021650635094611100, -2.554166666666636500 ) ) ;
#1170 = ORIENTED_EDGE ( 'NONE', *, *, #2546, .F. ) ;
#1171 = CARTESIAN_POINT ( 'NONE',  ( -0.6410254037844386200, -0.3700961894323340200, -4.066666666666664700 ) ) ;
#1172 = CARTESIAN_POINT ( 'NONE',  ( 0.0000000000000000000, 1.000000000000000400, -1.150000000000025900 ) ) ;
#1173 = CARTESIAN_POINT ( 'NONE',  ( 0.0000000000000000000, 0.7401923788646683800, -0.9999999999999978900 ) ) ;
#1174 = ORIENTED_EDGE ( 'NONE', *, *, #164, .T. ) ;
#1175 = CARTESIAN_POINT ( 'NONE',  ( 0.0000000000000000000, 1.000000000000000400, -3.999999999999999100 ) ) ;
#1176 = CARTESIAN_POINT ( 'NONE',  ( -1.224646799147353700E-016, -1.000000000000000400, 1.400000000000028300 ) ) ;
#1177 = CARTESIAN_POINT ( 'NONE',  ( 0.5898502691896252400, -1.021650635094611100, -2.529166666666694300 ) ) ;
#1178 = CARTESIAN_POINT ( 'NONE',  ( 0.6410254037844384000, -0.3700961894323345200, -1.133333333333331300 ) ) ;
#1179 = EDGE_CURVE ( 'NONE', #1765, #2512, #697, .T. ) ;
#1180 = CARTESIAN_POINT ( 'NONE',  ( 0.5898502691896252400, -1.021650635094611100, -0.9541666666666366300 ) ) ;
#1181 = CARTESIAN_POINT ( 'NONE',  ( -0.6410254037844386200, -0.3700961894323340200, 1.183333333333337300 ) ) ;
#1182 = CARTESIAN_POINT ( 'NONE',  ( -1.224646799147353700E-016, -1.000000000000000400, 1.400000000000028300 ) ) ;
#1183 = AXIS2_PLACEMENT_3D ( 'NONE', #2815, #2838, #2529 ) ;
#1184 = CARTESIAN_POINT ( 'NONE',  ( 0.0000000000000000000, 1.000000000000000400, -0.7999999999999717300 ) ) ;
#1185 = CARTESIAN_POINT ( 'NONE',  ( -0.4273502691896259300, -0.7401923788646681500, -2.833333333333331300 ) ) ;
#1186 = CARTESIAN_POINT ( 'NONE',  ( -0.7499999999999958900, 9.183803184492624500E-017, 3.819022690931729100 ) ) ;
#1187 = CARTESIAN_POINT ( 'NONE',  ( -1.251161180115475900E-016, -1.021650635094610800, -1.362500000000027800 ) ) ;
#1188 = CARTESIAN_POINT ( 'NONE',  ( -0.4273502691896256500, 0.7401923788646683800, 0.6333333333333355200 ) ) ;
#1189 = CARTESIAN_POINT ( 'NONE',  ( 0.0000000000000000000, 1.000000000000000400, 1.249999999999974000 ) ) ;
#1190 = CARTESIAN_POINT ( 'NONE',  ( -0.5773502691896262900, -1.000000000000000200, -0.6333333333333052200 ) ) ;
#1191 = CARTESIAN_POINT ( 'NONE',  ( -0.8847754037844384200, 0.5108253175473055400, -1.520833333333303300 ) ) ;
#1192 = CARTESIAN_POINT ( 'NONE',  ( -0.6410254037844385100, 0.3700961894323343000, 1.516666666666670600 ) ) ;
#1193 = CARTESIAN_POINT ( 'NONE',  ( 0.4273502691896254900, -0.7401923788646686000, 1.633333333333335500 ) ) ;
#1194 = VECTOR ( 'NONE', #1402, 1000.000000000000000 ) ;
#1195 = CARTESIAN_POINT ( 'NONE',  ( -0.8547005383792514200, 5.233531392778349000E-017, -3.299999999999998000 ) ) ;
#1196 = VECTOR ( 'NONE', #456, 1000.000000000000000 ) ;
#1197 = CARTESIAN_POINT ( 'NONE',  ( -9.064742275298811100E-017, -0.7401923788646683800, -2.399999999999997700 ) ) ;
#1198 = ORIENTED_EDGE ( 'NONE', *, *, #1056, .T. ) ;
#1199 = DIRECTION ( 'NONE',  ( 0.0000000000000000000, 1.000000000000000000, 0.0000000000000000000 ) ) ;
#1200 = EDGE_CURVE ( 'NONE', #3337, #2240, #37, .T. ) ;
#1201 = CARTESIAN_POINT ( 'NONE',  ( 0.8660254037844388200, -0.5000000000000006700, 1.116666666666640900 ) ) ;
#1202 =( BOUNDED_CURVE ( )  B_SPLINE_CURVE ( 2, ( #3314, #1642, #1651, #2780, #290, #1135, #3071 ),
 .UNSPECIFIED., .F., .F. ) 
 B_SPLINE_CURVE_WITH_KNOTS ( ( 3, 2, 2, 3 ),
 ( 0.7187499999999997800, 0.7291666666666664100, 0.7395833333333332600, 0.7499999999999998900 ),
 .UNSPECIFIED. ) 
 CURVE ( )  GEOMETRIC_REPRESENTATION_ITEM ( )  RATIONAL_B_SPLINE_CURVE ( ( 1.000000000000002900, 0.8660254037844358200, 1.000000000000000000, 0.8660254037844387100, 1.000000000000000000, 0.8660254037844401500, 0.9999999999999985600 ) ) 
 REPRESENTATION_ITEM ( '' )  );
#1203 = CARTESIAN_POINT ( 'NONE',  ( -0.8847754037844385300, -0.5108253175473052000, -0.2291666666666943300 ) ) ;
#1204 = CARTESIAN_POINT ( 'NONE',  ( 0.4273502691896261500, 0.7401923788646680400, 0.1666666666666691600 ) ) ;
#1205 = ORIENTED_EDGE ( 'NONE', *, *, #2822, .T. ) ;
#1206 = AXIS2_PLACEMENT_3D ( 'NONE', #287, #251, #2204 ) ;
#1207 = CARTESIAN_POINT ( 'NONE',  ( 0.0000000000000000000, 1.021650635094610800, -1.987499999999970300 ) ) ;
#1208 = CARTESIAN_POINT ( 'NONE',  ( -0.8547005383792514200, 5.233531392778349000E-017, 1.550000000000003800 ) ) ;
#1209 = ORIENTED_EDGE ( 'NONE', *, *, #2013, .F. ) ;
#1210 = CARTESIAN_POINT ( 'NONE',  ( -9.064742275298811100E-017, -0.7401923788646683800, 1.600000000000002500 ) ) ;
#1211 = CARTESIAN_POINT ( 'NONE',  ( 0.6410254037844384000, -0.3700961894323345200, -1.533333333333331000 ) ) ;
#1212 = ORIENTED_EDGE ( 'NONE', *, *, #3208, .T. ) ;
#1213 = CARTESIAN_POINT ( 'NONE',  ( 0.0000000000000000000, 0.7401923788646683800, 0.2000000000000022600 ) ) ;
#1214 = CARTESIAN_POINT ( 'NONE',  ( 0.6293351828857930400, -0.9099594882511555800, -3.710663965883436600 ) ) ;
#1215 = CARTESIAN_POINT ( 'NONE',  ( -0.8356620095623480400, 0.4382022809385168700, -3.828548200390480700 ) ) ;
#1216 = ORIENTED_EDGE ( 'NONE', *, *, #350, .F. ) ;
#1217 = CARTESIAN_POINT ( 'NONE',  ( 0.8847754037844383100, -0.5108253175473058700, 1.104166666666638800 ) ) ;
#1218 = CARTESIAN_POINT ( 'NONE',  ( 0.4273502691896254900, -0.7401923788646686000, 1.233333333333335200 ) ) ;
#1219 = CARTESIAN_POINT ( 'NONE',  ( -0.8660254037844390400, 0.5000000000000003300, -0.7333333333333050800 ) ) ;
#1220 = VERTEX_POINT ( 'NONE', #2358 ) ;
#1221 = CARTESIAN_POINT ( 'NONE',  ( 0.0000000000000000000, 1.021650635094610800, 1.612500000000029800 ) ) ;
#1222 = CARTESIAN_POINT ( 'NONE',  ( 0.6410254037844388400, 0.3700961894323336300, -2.666666666666664300 ) ) ;
#1223 = CARTESIAN_POINT ( 'NONE',  ( -1.224646799147353700E-016, -1.000000000000000400, 1.400000000000028300 ) ) ;
#1224 =( BOUNDED_CURVE ( )  B_SPLINE_CURVE ( 2, ( #1262, #2944, #715, #1271, #2095, #1571, #1847 ),
 .UNSPECIFIED., .F., .F. ) 
 B_SPLINE_CURVE_WITH_KNOTS ( ( 3, 2, 2, 3 ),
 ( 0.8437500000000000000, 0.8541666666666666300, 0.8645833333333334800, 0.8750000000000001100 ),
 .UNSPECIFIED. ) 
 CURVE ( )  GEOMETRIC_REPRESENTATION_ITEM ( )  RATIONAL_B_SPLINE_CURVE ( ( 1.000000000000000000, 0.8660254037844388200, 1.000000000000000000, 0.8660254037844388200, 1.000000000000000000, 0.8660254037844373800, 1.000000000000001300 ) ) 
 REPRESENTATION_ITEM ( '' )  );
#1225 = CARTESIAN_POINT ( 'NONE',  ( -0.6410254037844385100, 0.3700961894323343000, -0.1333333333333308100 ) ) ;
#1226 = CARTESIAN_POINT ( 'NONE',  ( 0.5773502691896219600, -1.000000000000006700, -0.5166666666666927000 ) ) ;
#1227 = CARTESIAN_POINT ( 'NONE',  ( -1.470839137900581700E-013, -0.9937822173508709100, -3.746410161513797500 ) ) ;
#1228 = CARTESIAN_POINT ( 'NONE',  ( 0.5898502691896252400, -1.021650635094611100, -0.1291666666666940700 ) ) ;
#1229 = CARTESIAN_POINT ( 'NONE',  ( -0.6410254037844386200, -0.3700961894323340200, 0.3333333333333356500 ) ) ;
#1230 = EDGE_CURVE ( 'NONE', #2811, #646, #3062, .T. ) ;
#1231 = CARTESIAN_POINT ( 'NONE',  ( -0.5898502691896255800, 1.021650635094610800, 0.8458333333333634100 ) ) ;
#1232 = DIRECTION ( 'NONE',  ( 0.0000000000000000000, -7.417567127063168400E-057, 1.000000000000000000 ) ) ;
#1233 = CARTESIAN_POINT ( 'NONE',  ( -0.6410254037844386200, -0.3700961894323340200, -2.016666666666663100 ) ) ;
#1234 = EDGE_CURVE ( 'NONE', #3113, #1424, #3177, .T. ) ;
#1235 = CARTESIAN_POINT ( 'NONE',  ( -0.6410254037844385100, 0.3700961894323343000, -0.9333333333333311300 ) ) ;
#1236 = CARTESIAN_POINT ( 'NONE',  ( 0.0000000000000000000, 7.417567127063218200E-058, 3.899999999999998100 ) ) ;
#1237 = CARTESIAN_POINT ( 'NONE',  ( 0.4273502691896254900, -0.7401923788646686000, 0.03333333333333573400 ) ) ;
#1238 = CARTESIAN_POINT ( 'NONE',  ( 0.8660254037844393700, 0.4999999999999994400, -3.266666666666638200 ) ) ;
#1239 = CARTESIAN_POINT ( 'NONE',  ( -1.179700538379251400, 7.223582441392798400E-017, -0.6625000000000276200 ) ) ;
#1240 = CARTESIAN_POINT ( 'NONE',  ( -0.6410254037844385100, 0.3700961894323343000, 0.2666666666666684900 ) ) ;
#1241 = LINE ( 'NONE', #1967, #1286 ) ;
#1242 = CARTESIAN_POINT ( 'NONE',  ( 0.0000000000000000000, 1.021650635094610800, 1.212500000000030300 ) ) ;
#1243 = VERTEX_POINT ( 'NONE', #976 ) ;
#1244 = CARTESIAN_POINT ( 'NONE',  ( -0.4273502691896259900, -0.7401923788646680400, -1.583333333333329700 ) ) ;
#1245 = CARTESIAN_POINT ( 'NONE',  ( -0.6410254037844386200, -0.3700961894323340200, -2.866666666666664500 ) ) ;
#1246 = ORIENTED_EDGE ( 'NONE', *, *, #3153, .T. ) ;
#1247 = CARTESIAN_POINT ( 'NONE',  ( 0.05387652482169524900, -0.9957665733199383400, -3.744425805544223900 ) ) ;
#1248 = ORIENTED_EDGE ( 'NONE', *, *, #2955, .F. ) ;
#1249 = EDGE_CURVE ( 'NONE', #1599, #3427, #3078, .T. ) ;
#1250 = CARTESIAN_POINT ( 'NONE',  ( 0.8660254037844393700, 0.4999999999999994400, -2.866666666666638300 ) ) ;
#1251 = CARTESIAN_POINT ( 'NONE',  ( -0.8547005383792514200, 5.233531392778349000E-017, -2.049999999999996300 ) ) ;
#1252 = CARTESIAN_POINT ( 'NONE',  ( 0.0000000000000000000, 1.000000000000000400, -1.599999999999971700 ) ) ;
#1253 = DIRECTION ( 'NONE',  ( 8.659560562354925500E-017, 0.7071067811865468000, 0.7071067811865483500 ) ) ;
#1254 = ORIENTED_EDGE ( 'NONE', *, *, #1732, .F. ) ;
#1255 = CC_DESIGN_PERSON_AND_ORGANIZATION_ASSIGNMENT ( #1276, #2375, ( #953 ) ) ;
#1256 = CARTESIAN_POINT ( 'NONE',  ( -0.8847754037844384200, 0.5108253175473055400, 0.8791666666666965200 ) ) ;
#1257 = CARTESIAN_POINT ( 'NONE',  ( 0.6410254037844388400, 0.3700961894323336300, -0.2166666666666627600 ) ) ;
#1258 = ORIENTED_EDGE ( 'NONE', *, *, #896, .F. ) ;
#1259 = CARTESIAN_POINT ( 'NONE',  ( 0.8547005383792514200, -1.570059417833504600E-016, -1.899999999999997900 ) ) ;
#1260 = CARTESIAN_POINT ( 'NONE',  ( -1.224646799147353700E-016, -1.000000000000000400, -3.399999999999971900 ) ) ;
#1261 = EDGE_LOOP ( 'NONE', ( #900, #2292, #2629, #774 ) ) ;
#1262 = CARTESIAN_POINT ( 'NONE',  ( -1.224646799147353900E-016, -1.000000000000000400, -3.350000000000026300 ) ) ;
#1263 = CARTESIAN_POINT ( 'NONE',  ( 0.5773502691896284000, 0.9999999999999972200, -2.833333333333305900 ) ) ;
#1264 = CARTESIAN_POINT ( 'NONE',  ( -0.4273502691896256500, 0.7401923788646683800, -3.316666666666662900 ) ) ;
#1265 = DIRECTION ( 'NONE',  ( -0.0000000000000000000, 7.417567127063168400E-057, -1.000000000000000000 ) ) ;
#1266 = CARTESIAN_POINT ( 'NONE',  ( 0.0000000000000000000, 1.000000000000000400, 0.8000000000000284700 ) ) ;
#1267 = CARTESIAN_POINT ( 'NONE',  ( 0.5898502691896252400, -1.021650635094611100, 1.045833333333362900 ) ) ;
#1268 = CARTESIAN_POINT ( 'NONE',  ( 0.8547005383792514200, -1.570059417833504600E-016, -0.2499999999999963100 ) ) ;
#1269 = CARTESIAN_POINT ( 'NONE',  ( 0.4273502691896254900, -0.7401923788646686000, -0.7666666666666646100 ) ) ;
#1270 = EDGE_CURVE ( 'NONE', #1634, #323, #833, .T. ) ;
#1271 = CARTESIAN_POINT ( 'NONE',  ( -1.154700538379251900, 7.070501591499382700E-017, -3.450000000000025500 ) ) ;
#1272 = CARTESIAN_POINT ( 'NONE',  ( -0.6410254037844386200, -0.3700961894323340200, -2.016666666666663100 ) ) ;
#1273 = AXIS2_PLACEMENT_3D ( 'NONE', #814, #2754, #2227 ) ;
#1274 = CARTESIAN_POINT ( 'NONE',  ( -0.8847754037844384200, 0.5108253175473055400, 1.704166666666639500 ) ) ;
#1275 = CARTESIAN_POINT ( 'NONE',  ( -1.179700538379251400, 7.223582441392798400E-017, 2.112500000000030000 ) ) ;
#1276 = PERSON_AND_ORGANIZATION ( #3626, #486 ) ;
#1277 = CARTESIAN_POINT ( 'NONE',  ( 1.154700538379252100, -2.121150477449814300E-016, 1.500000000000028600 ) ) ;
#1278 = CARTESIAN_POINT ( 'NONE',  ( 0.0000000000000000000, 0.7401923788646683800, -1.749999999999996400 ) ) ;
#1279 = EDGE_CURVE ( 'NONE', #1688, #2250, #2172, .T. ) ;
#1280 = CARTESIAN_POINT ( 'NONE',  ( -0.6410254037844385100, 0.3700961894323343000, 1.066666666666668900 ) ) ;
#1281 = CARTESIAN_POINT ( 'NONE',  ( 0.7499999999999997800, -1.047819327944827100E-020, 3.819022690931733100 ) ) ;
#1282 = VECTOR ( 'NONE', #3093, 1000.000000000000000 ) ;
#1283 = CYLINDRICAL_SURFACE ( 'NONE', #1897, 1.000000000000000400 ) ;
#1284 = CARTESIAN_POINT ( 'NONE',  ( -1.224646799147353700E-016, -1.000000000000000400, -0.5999999999999716700 ) ) ;
#1285 = DIRECTION ( 'NONE',  ( 0.0000000000000000000, 1.000000000000000000, 0.0000000000000000000 ) ) ;
#1286 = VECTOR ( 'NONE', #2612, 1000.000000000000000 ) ;
#1287 = CARTESIAN_POINT ( 'NONE',  ( -9.064742275298811100E-017, -0.7401923788646683800, -1.949999999999996400 ) ) ;
#1288 = CARTESIAN_POINT ( 'NONE',  ( 0.5898502691896262400, 1.021650635094610400, 1.604166666666639200 ) ) ;
#1289 = EDGE_LOOP ( 'NONE', ( #1117, #1111, #2071, #2033 ) ) ;
#1290 = CARTESIAN_POINT ( 'NONE',  ( -0.8847754037844384200, 0.5108253175473055400, 1.679166666666696900 ) ) ;
#1291 = ORIENTED_EDGE ( 'NONE', *, *, #2710, .T. ) ;
#1292 = CARTESIAN_POINT ( 'NONE',  ( 0.0000000000000000000, 0.7401923788646683800, 1.850000000000003600 ) ) ;
#1293 = CARTESIAN_POINT ( 'NONE',  ( -0.5186004454876938000, -0.5281461309801501700, -3.999999999999998200 ) ) ;
#1294 =( BOUNDED_CURVE ( )  B_SPLINE_CURVE ( 2, ( #2218, #1922, #547, #1123, #1959, #1415, #3352, #2489, #1692, #567, #3341, #1396, #3034, #3631, #1110, #3327, #579, #2527, #826, #1084, #530, #2769, #3021, #1664, #3604, #275, #252, #2228, #3058, #1365, #3303, #2205, #2478, #817, #2755, #1185, #1438, #3091, #2016, #1699, #1978, #2565, #877, #3393, #2272, #910, #2848, #615, #1197, #3106, #16, #1446, #2260, #1476, #2538, #2836, #593, #3406, #58, #2802, #3119, #305, #893, #2823, #2304, #1711, #2031, #2001, #3131, #2314, #2813, #3421, #1462, #1738, #3084, #3379, #346, #1162, #632, #2575, #1429, #23, #1989, #921, #41, #317, #1749, #603, #72, #2553, #1173, #359, #1726, #645, #332, #2590, #1146, #3367, #2290, #3161, #3455, #960, #389, #2882, #3434, #2339, #665, #101, #3145, #653, #1767, #2044, #82, #397, #2896, #376, #1225, #2613, #681, #2325, #1515, #1237, #2603, #946, #3444, #2868, #1213, #1498, #3172, #1792, #113, #2073, #1781, #2351, #2623, #970, #2055, #934, #2860, #1487, #69, #919, #1722, #386, #3431, #2299, #1471, #2609, #2026, #354, #2311, #2285, #641, #2010, #2585, #2572, #3417, #94, #628, #931, #78, #2857, #2865, #905, #2876, #955, #1483, #3400, #1210, #1193, #1762, #1776, #3140, #2052, #2040 ),
 .UNSPECIFIED., .F., .F. ) 
 B_SPLINE_CURVE_WITH_KNOTS ( ( 3, 2, 2, 2, 2, 2, 2, 2, 2, 2, 2, 2, 2, 2, 2, 2, 2, 2, 2, 2, 2, 2, 2, 2, 2, 2, 2, 2, 2, 2, 2, 2, 2, 2, 2, 2, 2, 2, 2, 2, 2, 2, 2, 2, 2, 2, 2, 2, 2, 2, 2, 2, 2, 2, 2, 2, 2, 2, 2, 2, 2, 2, 2, 2, 2, 2, 2, 2, 2, 2, 2, 2, 2, 2, 2, 2, 2, 2, 2, 2, 2, 2, 2, 2, 2, 2, 2, 3 ),
 ( 0.03124999999999994400, 0.04166666666666660900, 0.05208333333333328000, 0.06249999999999994400, 0.07291666666666661600, 0.08333333333333327300, 0.09374999999999994400, 0.1041666666666666200, 0.1145833333333332700, 0.1249999999999999600, 0.1354166666666666000, 0.1458333333333332900, 0.1562499999999999400, 0.1666666666666666000, 0.1770833333333332900, 0.1874999999999999400, 0.1979166666666666000, 0.2083333333333332900, 0.2187499999999999700, 0.2291666666666666000, 0.2395833333333332900, 0.2499999999999999400, 0.2604166666666666300, 0.2708333333333332600, 0.2812499999999999400, 0.2916666666666666300, 0.3020833333333332600, 0.3124999999999999400, 0.3229166666666666300, 0.3333333333333332600, 0.3437499999999999400, 0.3541666666666666300, 0.3645833333333332600, 0.3749999999999999400, 0.3854166666666666300, 0.3958333333333332600, 0.4062500000000000000, 0.4166666666666666300, 0.4270833333333332600, 0.4374999999999999400, 0.4479166666666666300, 0.4583333333333332600, 0.4687499999999999400, 0.4791666666666666300, 0.4895833333333332600, 0.4999999999999999400, 0.5104166666666665200, 0.5208333333333332600, 0.5312500000000000000, 0.5416666666666665200, 0.5520833333333332600, 0.5625000000000000000, 0.5729166666666665200, 0.5833333333333332600, 0.5937500000000000000, 0.6041666666666665200, 0.6145833333333332600, 0.6250000000000000000, 0.6354166666666665200, 0.6458333333333332600, 0.6562500000000000000, 0.6666666666666665200, 0.6770833333333332600, 0.6875000000000000000, 0.6979166666666665200, 0.7083333333333332600, 0.7187500000000000000, 0.7291666666666665200, 0.7395833333333332600, 0.7500000000000000000, 0.7604166666666665200, 0.7708333333333332600, 0.7812500000000000000, 0.7916666666666665200, 0.8020833333333332600, 0.8125000000000000000, 0.8229166666666665200, 0.8333333333333332600, 0.8437500000000000000, 0.8541666666666665200, 0.8645833333333332600, 0.8750000000000000000, 0.8854166666666665200, 0.8958333333333332600, 0.9062500000000000000, 0.9166666666666665200, 0.9270833333333332600, 0.9298227468470756700 ),
 .UNSPECIFIED. ) 
 CURVE ( )  GEOMETRIC_REPRESENTATION_ITEM ( )  RATIONAL_B_SPLINE_CURVE ( ( 1.000000000000000700, 0.8660254037844380400, 1.000000000000000000, 0.8660254037844387100, 1.000000000000000000, 0.8660254037844387100, 1.000000000000000000, 0.8660254037844387100, 1.000000000000000000, 0.8660254037844387100, 1.000000000000000000, 0.8660254037844387100, 1.000000000000000000, 0.8660254037844387100, 1.000000000000000000, 0.8660254037844387100, 1.000000000000000000, 0.8660254037844387100, 1.000000000000000000, 0.8660254037844387100, 1.000000000000000000, 0.8660254037844387100, 1.000000000000000000, 0.8660254037844387100, 1.000000000000000000, 0.8660254037844387100, 1.000000000000000000, 0.8660254037844387100, 1.000000000000000000, 0.8660254037844387100, 1.000000000000000000, 0.8660254037844387100, 1.000000000000000000, 0.8660254037844387100, 1.000000000000000000, 0.8660254037844387100, 1.000000000000000000, 0.8660254037844387100, 1.000000000000000000, 0.8660254037844387100, 1.000000000000000000, 0.8660254037844387100, 1.000000000000000000, 0.8660254037844387100, 1.000000000000000000, 0.8660254037844387100, 1.000000000000000000, 0.8660254037844387100, 1.000000000000000000, 0.8660254037844387100, 1.000000000000000000, 0.8660254037844387100, 1.000000000000000000, 0.8660254037844387100, 1.000000000000000000, 0.8660254037844387100, 1.000000000000000000, 0.8660254037844387100, 1.000000000000000000, 0.8660254037844387100, 1.000000000000000000, 0.8660254037844387100, 1.000000000000000000, 0.8660254037844387100, 1.000000000000000000, 0.8660254037844387100, 1.000000000000000000, 0.8660254037844387100, 1.000000000000000000, 0.8660254037844387100, 1.000000000000000000, 0.8660254037844387100, 1.000000000000000000, 0.8660254037844387100, 1.000000000000000000, 0.8660254037844387100, 1.000000000000000000, 0.8660254037844387100, 1.000000000000000000, 0.8660254037844387100, 1.000000000000000000, 0.8660254037844387100, 1.000000000000000000, 0.8660254037844387100, 1.000000000000000000, 0.8660254037844387100, 1.000000000000000000, 0.8660254037844387100, 1.000000000000000000, 0.8660254037844387100, 1.000000000000000000, 0.8660254037844387100, 1.000000000000000000, 0.8660254037844387100, 1.000000000000000000, 0.8660254037844387100, 1.000000000000000000, 0.8660254037844387100, 1.000000000000000000, 0.8660254037844387100, 1.000000000000000000, 0.8660254037844387100, 1.000000000000000000, 0.8660254037844387100, 1.000000000000000000, 0.8660254037844387100, 1.000000000000000000, 0.8660254037844387100, 1.000000000000000000, 0.8660254037844387100, 1.000000000000000000, 0.8660254037844387100, 1.000000000000000000, 0.8660254037844387100, 1.000000000000000000, 0.8660254037844387100, 1.000000000000000000, 0.8660254037844387100, 1.000000000000000000, 0.8660254037844387100, 1.000000000000000000, 0.8660254037844387100, 1.000000000000000000, 0.8660254037844387100, 1.000000000000000000, 0.8660254037844387100, 1.000000000000000000, 0.8660254037844387100, 1.000000000000000000, 0.8660254037844387100, 1.000000000000000000, 0.8660254037844387100, 1.000000000000000000, 0.8660254037844387100, 1.000000000000000000, 0.8660254037844387100, 1.000000000000000000, 0.8660254037844387100, 1.000000000000000000, 0.8660254037844387100, 1.000000000000000000, 0.8660254037844387100, 1.000000000000000000, 0.8660254037844387100, 1.000000000000000000, 0.8660254037844387100, 1.000000000000000000, 0.8660254037844387100, 1.000000000000000000, 0.8660254037844387100, 1.000000000000000000, 0.8660254037844387100, 1.000000000000000000, 0.8660254037844387100, 1.000000000000000000, 0.8660254037844387100, 1.000000000000000000, 0.8660254037844387100, 1.000000000000000000, 0.8660254037844387100, 1.000000000000000000, 0.8660254037844387100, 1.000000000000000000, 0.8660254037844387100, 1.000000000000000000, 0.8660254037844387100, 1.000000000000000000, 0.8660254037844387100, 1.000000000000000000, 0.8660254037844387100, 1.000000000000000000, 0.8660254037844387100, 1.000000000000000000, 0.9647668653403767000, 0.9480652107226237300 ) ) 
 REPRESENTATION_ITEM ( '' )  );
#1295 = CARTESIAN_POINT ( 'NONE',  ( 0.0000000000000000000, 0.7401923788646683800, 0.2000000000000022600 ) ) ;
#1296 = CARTESIAN_POINT ( 'NONE',  ( 0.0000000000000000000, 1.000000000000000400, -3.199999999999971800 ) ) ;
#1297 = VERTEX_POINT ( 'NONE', #2067 ) ;
#1298 = CARTESIAN_POINT ( 'NONE',  ( 0.0000000000000000000, 0.0000000000000000000, 1.899999999999998100 ) ) ;
#1299 = EDGE_CURVE ( 'NONE', #1853, #2461, #3110, .T. ) ;
#1300 = EDGE_LOOP ( 'NONE', ( #3497, #815, #2722, #1431 ) ) ;
#1301 = CARTESIAN_POINT ( 'NONE',  ( 0.0000000000000000000, 0.7401923788646683800, -2.949999999999996600 ) ) ;
#1302 = CARTESIAN_POINT ( 'NONE',  ( 0.0000000000000000000, 1.021650635094610800, 2.037499999999972600 ) ) ;
#1303 = ORIENTED_EDGE ( 'NONE', *, *, #331, .T. ) ;
#1304 = EDGE_CURVE ( 'NONE', #1896, #2296, #2920, .T. ) ;
#1305 = CARTESIAN_POINT ( 'NONE',  ( 0.8847754037844388600, 0.5108253175473046500, 2.345833333333363900 ) ) ;
#1306 = CARTESIAN_POINT ( 'NONE',  ( -0.4273502691896259900, -0.7401923788646680400, 0.8166666666666705400 ) ) ;
#1307 = ORIENTED_EDGE ( 'NONE', *, *, #1751, .F. ) ;
#1308 = CARTESIAN_POINT ( 'NONE',  ( -0.2053391641736908300, -0.8037081982635191400, -3.917141867738134700 ) ) ;
#1309 = CARTESIAN_POINT ( 'NONE',  ( -0.4273502691896256500, 0.7401923788646683800, -0.1666666666666648000 ) ) ;
#1310 = CARTESIAN_POINT ( 'NONE',  ( 0.8547005383792514200, -1.570059417833504600E-016, -3.049999999999996700 ) ) ;
#1311 = CARTESIAN_POINT ( 'NONE',  ( 0.0000000000000000000, 5.934053701650533800E-056, -3.999999999999999100 ) ) ;
#1312 = CARTESIAN_POINT ( 'NONE',  ( -9.064742275298811100E-017, -0.7401923788646683800, 0.05000000000000403400 ) ) ;
#1313 = DIRECTION ( 'NONE',  ( -0.0000000000000000000, 7.417567127063168400E-057, -1.000000000000000000 ) ) ;
#1314 = PLANE ( 'NONE',  #1818 ) ;
#1315 = CARTESIAN_POINT ( 'NONE',  ( -0.6410254037844385100, 0.3700961894323343000, 0.7166666666666701200 ) ) ;
#1316 = CARTESIAN_POINT ( 'NONE',  ( 0.6410254037844388400, 0.3700961894323336300, -1.816666666666663100 ) ) ;
#1317 = CARTESIAN_POINT ( 'NONE',  ( -0.6410254037844385100, 0.3700961894323343000, -2.483333333333329400 ) ) ;
#1318 = DIRECTION ( 'NONE',  ( 1.000000000000000000, 0.0000000000000000000, 0.0000000000000000000 ) ) ;
#1319 = CARTESIAN_POINT ( 'NONE',  ( 0.4273502691896254900, -0.7401923788646686000, -0.7166666666666631200 ) ) ;
#1320 = CC_DESIGN_SECURITY_CLASSIFICATION ( #546, ( #953 ) ) ;
#1321 = DIRECTION ( 'NONE',  ( 0.0000000000000000000, -7.417567127063168400E-057, 1.000000000000000000 ) ) ;
#1322 = CARTESIAN_POINT ( 'NONE',  ( 0.4993125792324444900, -0.5938991029859991300, -3.971381734277489100 ) ) ;
#1323 = CARTESIAN_POINT ( 'NONE',  ( -0.4273502691896259900, -0.7401923788646680400, -3.583333333333329900 ) ) ;
#1324 = CARTESIAN_POINT ( 'NONE',  ( 0.8547005383792514200, -1.570059417833504600E-016, 0.1500000000000034100 ) ) ;
#1325 = CYLINDRICAL_SURFACE ( 'NONE', #1206, 1.000000000000000400 ) ;
#1326 = CARTESIAN_POINT ( 'NONE',  ( -1.154700538379252100, 7.070501591499381500E-017, -1.899999999999971500 ) ) ;
#1327 = CARTESIAN_POINT ( 'NONE',  ( -0.6410254037844386200, -0.3700961894323340200, -2.416666666666663400 ) ) ;
#1328 = ORIENTED_EDGE ( 'NONE', *, *, #2036, .T. ) ;
#1329 = CARTESIAN_POINT ( 'NONE',  ( -0.4342597537223460400, -0.8305293991165883000, 1.859766853882404600 ) ) ;
#1330 = CYLINDRICAL_SURFACE ( 'NONE', #1883, 1.000000000000000400 ) ;
#1331 = CARTESIAN_POINT ( 'NONE',  ( -0.6410254037844385100, 0.3700961894323343000, -3.283333333333330100 ) ) ;
#1332 = ORIENTED_EDGE ( 'NONE', *, *, #1968, .F. ) ;
#1333 = CARTESIAN_POINT ( 'NONE',  ( -0.4273502691896259900, -0.7401923788646680400, 0.01666666666667003500 ) ) ;
#1334 = CARTESIAN_POINT ( 'NONE',  ( -1.224646799147353900E-016, -1.000000000000000400, 1.849999999999975000 ) ) ;
#1335 = ORIENTED_EDGE ( 'NONE', *, *, #2600, .T. ) ;
#1336 = CARTESIAN_POINT ( 'NONE',  ( 0.0000000000000000000, 5.934053701650533800E-056, -3.999999999999999100 ) ) ;
#1337 = CARTESIAN_POINT ( 'NONE',  ( 0.8547005383792514200, -1.570059417833504600E-016, 0.9500000000000038400 ) ) ;
#1338 = ORIENTED_EDGE ( 'NONE', *, *, #1968, .T. ) ;
#1339 = CARTESIAN_POINT ( 'NONE',  ( -0.5773502691896298400, -0.9999999999999940000, 0.1666666666666942500 ) ) ;
#1340 = CARTESIAN_POINT ( 'NONE',  ( -0.6410254037844385100, 0.3700961894323343000, -1.683333333333329600 ) ) ;
#1341 = CARTESIAN_POINT ( 'NONE',  ( 0.0000000000000000000, 1.000000000000000400, -1.550000000000026000 ) ) ;
#1342 = ORIENTED_EDGE ( 'NONE', *, *, #1413, .F. ) ;
#1343 = AXIS2_PLACEMENT_3D ( 'NONE', #210, #2437, #2533 ) ;
#1344 = CARTESIAN_POINT ( 'NONE',  ( 0.0000000000000000000, 0.7401923788646683800, -0.1499999999999965000 ) ) ;
#1345 = ORIENTED_EDGE ( 'NONE', *, *, #799, .T. ) ;
#1346 = CARTESIAN_POINT ( 'NONE',  ( 0.7401923788646683800, -7.638989283770670300E-014, 1.749999999999996900 ) ) ;
#1347 = CARTESIAN_POINT ( 'NONE',  ( 0.6986603705340701500, -0.7009754777559856800, -3.761351260079400600 ) ) ;
#1348 = EDGE_CURVE ( 'NONE', #375, #1717, #2789, .T. ) ;
#1349 = CARTESIAN_POINT ( 'NONE',  ( -0.6410254037844386200, -0.3700961894323340200, -3.666666666666664300 ) ) ;
#1350 = CARTESIAN_POINT ( 'NONE',  ( 0.6410254037844384000, -0.3700961894323345200, -3.083333333333329900 ) ) ;
#1351 = ADVANCED_FACE ( 'NONE', ( #1838 ), #1314, .F. ) ;
#1352 =( BOUNDED_CURVE ( )  B_SPLINE_CURVE ( 2, ( #3267, #3282, #1630, #755, #804, #1899, #2451 ),
 .UNSPECIFIED., .F., .F. ) 
 B_SPLINE_CURVE_WITH_KNOTS ( ( 3, 2, 2, 3 ),
 ( 0.2499999999999999700, 0.2604166666666666300, 0.2708333333333333700, 0.2812500000000000600 ),
 .UNSPECIFIED. ) 
 CURVE ( )  GEOMETRIC_REPRESENTATION_ITEM ( )  RATIONAL_B_SPLINE_CURVE ( ( 1.000000000000000400, 0.8660254037844384900, 1.000000000000000000, 0.8660254037844388200, 1.000000000000000000, 0.8660254037844381500, 1.000000000000000700 ) ) 
 REPRESENTATION_ITEM ( '' )  );
#1353 = CARTESIAN_POINT ( 'NONE',  ( 0.1185178268629901900, -0.7975991045413147700, 3.872451086626318900 ) ) ;
#1354 = FACE_OUTER_BOUND ( 'NONE', #642, .T. ) ;
#1355 = CARTESIAN_POINT ( 'NONE',  ( 0.5773502691896272900, -0.9999999999999974500, -0.1166666666666918800 ) ) ;
#1356 = CARTESIAN_POINT ( 'NONE',  ( -0.8847754037844384200, 0.5108253175473055400, -3.895833333333361500 ) ) ;
#1357 = B_SPLINE_CURVE_WITH_KNOTS ( 'NONE', 3,
 ( #3109, #3123, #2306, #2542 ),
 .UNSPECIFIED., .F., .F.,
 ( 4, 4 ),
 ( 0.0009082819007006158000, 0.001356685703864973300 ),
 .UNSPECIFIED. ) ;
#1358 = CARTESIAN_POINT ( 'NONE',  ( -0.8547005383792514200, 5.233531392778349000E-017, -4.099999999999997900 ) ) ;
#1359 = CARTESIAN_POINT ( 'NONE',  ( -0.5773502691896221800, 1.000000000000006400, -1.116666666666693100 ) ) ;
#1360 = CARTESIAN_POINT ( 'NONE',  ( -0.4273502691896256000, 0.7401923788646683800, -2.916666666666663000 ) ) ;
#1361 = CARTESIAN_POINT ( 'NONE',  ( -0.7673932684899386100, 0.3711656115661906000, 1.810391560605134000 ) ) ;
#1362 = EDGE_CURVE ( 'NONE', #1424, #2236, #3615, .T. ) ;
#1363 = APPROVAL_DATE_TIME ( #2269, #1614 ) ;
#1364 = CARTESIAN_POINT ( 'NONE',  ( 0.6410254037844388400, 0.3700961894323336300, 0.9833333333333369500 ) ) ;
#1365 = CARTESIAN_POINT ( 'NONE',  ( 0.4273502691896261500, 0.7401923788646681500, -3.033333333333331400 ) ) ;
#1366 = FACE_OUTER_BOUND ( 'NONE', #1782, .T. ) ;
#1367 = CARTESIAN_POINT ( 'NONE',  ( 0.0000000000000000000, 1.000000000000000400, 0.04999999999997440500 ) ) ;
#1368 = CARTESIAN_POINT ( 'NONE',  ( 0.8660254037844393700, 0.4999999999999994400, -2.066666666666638500 ) ) ;
#1369 = VECTOR ( 'NONE', #1527, 999.9999999999998900 ) ;
#1370 = ORIENTED_EDGE ( 'NONE', *, *, #1790, .T. ) ;
#1371 = CARTESIAN_POINT ( 'NONE',  ( -0.8547005383792514200, 5.233531392778349000E-017, 1.900000000000002400 ) ) ;
#1372 = CARTESIAN_POINT ( 'NONE',  ( 0.4273502691896261500, 0.7401923788646680400, -3.033333333333331400 ) ) ;
#1373 = ADVANCED_FACE ( 'NONE', ( #3611 ), #844, .T. ) ;
#1374 = CARTESIAN_POINT ( 'NONE',  ( 0.4273502691896254900, -0.7401923788646686000, -0.7166666666666632300 ) ) ;
#1375 = CARTESIAN_POINT ( 'NONE',  ( 0.5898502691896262400, 1.021650635094610400, -2.820833333333304000 ) ) ;
#1376 = ORIENTED_EDGE ( 'NONE', *, *, #702, .T. ) ;
#1377 =( BOUNDED_CURVE ( )  B_SPLINE_CURVE ( 2, ( #1296, #137, #3016, #1055, #2702, #219, #3564 ),
 .UNSPECIFIED., .F., .F. ) 
 B_SPLINE_CURVE_WITH_KNOTS ( ( 3, 2, 2, 3 ),
 ( 0.1249999999999999200, 0.1354166666666665700, 0.1458333333333332600, 0.1562499999999999200 ),
 .UNSPECIFIED. ) 
 CURVE ( )  GEOMETRIC_REPRESENTATION_ITEM ( )  RATIONAL_B_SPLINE_CURVE ( ( 1.000000000000001100, 0.8660254037844376000, 1.000000000000000000, 0.8660254037844387100, 1.000000000000000000, 0.8660254037844398200, 0.9999999999999988900 ) ) 
 REPRESENTATION_ITEM ( '' )  );
#1378 = CARTESIAN_POINT ( 'NONE',  ( 0.4273502691896261500, 0.7401923788646681500, 0.2166666666666705600 ) ) ;
#1379 = ORIENTED_EDGE ( 'NONE', *, *, #2474, .T. ) ;
#1380 = DESIGN_CONTEXT ( 'detailed design', #2420, 'design' ) ;
#1381 = DIRECTION ( 'NONE',  ( -0.0000000000000000000, 7.417567127063168400E-057, -1.000000000000000000 ) ) ;
#1382 = CARTESIAN_POINT ( 'NONE',  ( 1.000000000000000200, -4.573516192979718100E-013, 1.899999999999997700 ) ) ;
#1383 = CARTESIAN_POINT ( 'NONE',  ( 0.0000000000000000000, 5.934053701650533800E-056, -3.999999999999999100 ) ) ;
#1384 = ORIENTED_EDGE ( 'NONE', *, *, #2595, .F. ) ;
#1385 = CARTESIAN_POINT ( 'NONE',  ( -1.224646799147353700E-016, -1.000000000000000400, -2.199999999999971300 ) ) ;
#1386 = CARTESIAN_POINT ( 'NONE',  ( -0.8547005383792514200, 5.233531392778349000E-017, 1.500000000000002000 ) ) ;
#1387 = CARTESIAN_POINT ( 'NONE',  ( 0.6410254037844384000, -0.3700961894323345200, -3.933333333333331300 ) ) ;
#1388 = ORIENTED_EDGE ( 'NONE', *, *, #2092, .T. ) ;
#1389 = CARTESIAN_POINT ( 'NONE',  ( 0.0000000000000000000, 1.483513425412634100E-056, 1.999999999999999100 ) ) ;
#1390 = CARTESIAN_POINT ( 'NONE',  ( -9.064742275298811100E-017, -0.7401923788646683800, -0.7499999999999963400 ) ) ;
#1391 = CARTESIAN_POINT ( 'NONE',  ( 0.8847754037844383100, -0.5108253175473058700, -3.720833333333303500 ) ) ;
#1392 = ORIENTED_EDGE ( 'NONE', *, *, #2164, .T. ) ;
#1393 = CARTESIAN_POINT ( 'NONE',  ( 0.0000000000000000000, 0.7401923788646683800, -0.1499999999999965000 ) ) ;
#1394 = ADVANCED_FACE ( 'NONE', ( #2217 ), #2289, .T. ) ;
#1395 = CARTESIAN_POINT ( 'NONE',  ( -0.9309773090682665900, 1.140118381629268700E-016, 3.999999999999999100 ) ) ;
#1396 = CARTESIAN_POINT ( 'NONE',  ( -0.4273502691896259300, -0.7401923788646681500, -3.633333333333331100 ) ) ;
#1397 = CARTESIAN_POINT ( 'NONE',  ( -0.8847754037844384200, 0.5108253175473055400, -3.095833333333361200 ) ) ;
#1398 = CARTESIAN_POINT ( 'NONE',  ( -9.064742275298811100E-017, -0.7401923788646683800, -3.999999999999998200 ) ) ;
#1399 = CARTESIAN_POINT ( 'NONE',  ( 0.7499999999999997800, -0.4330127018922127500, -0.2912878474779102000 ) ) ;
#1400 = AXIS2_PLACEMENT_3D ( 'NONE', #1336, #2434, #1876 ) ;
#1401 = CARTESIAN_POINT ( 'NONE',  ( 0.0000000000000000000, 0.7401923788646683800, -0.5499999999999962700 ) ) ;
#1402 = DIRECTION ( 'NONE',  ( -0.0000000000000000000, -0.0000000000000000000, 1.000000000000000000 ) ) ;
#1403 = CARTESIAN_POINT ( 'NONE',  ( -0.5773502691896298400, -0.9999999999999940000, 0.9666666666666946500 ) ) ;
#1404 = AXIS2_PLACEMENT_3D ( 'NONE', #239, #1321, #779 ) ;
#1405 = CARTESIAN_POINT ( 'NONE',  ( 0.5898502691896262400, 1.021650635094610400, -1.195833333333360800 ) ) ;
#1406 = CARTESIAN_POINT ( 'NONE',  ( 0.8547005383792514200, -1.570059417833504600E-016, -1.499999999999997800 ) ) ;
#1407 = ADVANCED_FACE ( 'NONE', ( #258 ), #203, .T. ) ;
#1408 = DIRECTION ( 'NONE',  ( 1.000000000000000000, 0.0000000000000000000, 0.0000000000000000000 ) ) ;
#1409 = EDGE_CURVE ( 'NONE', #375, #2632, #2666, .T. ) ;
#1410 = LINE ( 'NONE', #151, #1196 ) ;
#1411 = VECTOR ( 'NONE', #1913, 1000.000000000000000 ) ;
#1412 = CARTESIAN_POINT ( 'NONE',  ( -9.064742275298811100E-017, -0.7401923788646683800, -0.3499999999999965900 ) ) ;
#1413 = EDGE_CURVE ( 'NONE', #1641, #3157, #2812, .T. ) ;
#1414 = LINE ( 'NONE', #806, #1805 ) ;
#1415 = CARTESIAN_POINT ( 'NONE',  ( 0.4273502691896261500, 0.7401923788646681500, -3.833333333333330800 ) ) ;
#1416 = VERTEX_POINT ( 'NONE', #2985 ) ;
#1417 = CARTESIAN_POINT ( 'NONE',  ( 1.000000000000000200, -4.573516192979718100E-013, 1.899999999999997700 ) ) ;
#1418 = CARTESIAN_POINT ( 'NONE',  ( 1.154700538379252100, -2.121150477449814300E-016, -0.8999999999999716000 ) ) ;
#1419 = CARTESIAN_POINT ( 'NONE',  ( 0.5898502691896252400, -1.021650635094611100, -1.729166666666694500 ) ) ;
#1420 = CARTESIAN_POINT ( 'NONE',  ( -0.8547005383792514200, 5.233531392778349000E-017, -0.4999999999999978900 ) ) ;
#1421 = ORIENTED_EDGE ( 'NONE', *, *, #1944, .T. ) ;
#1422 =( BOUNDED_CURVE ( )  B_SPLINE_CURVE ( 2, ( #1367, #3007, #2479, #791, #828, #1355, #1096 ),
 .UNSPECIFIED., .F., .F. ) 
 B_SPLINE_CURVE_WITH_KNOTS ( ( 3, 2, 2, 3 ),
 ( 0.3125000000000000000, 0.3229166666666666300, 0.3333333333333333100, 0.3437499999999999400 ),
 .UNSPECIFIED. ) 
 CURVE ( )  GEOMETRIC_REPRESENTATION_ITEM ( )  RATIONAL_B_SPLINE_CURVE ( ( 1.000000000000000000, 0.8660254037844388200, 1.000000000000000000, 0.8660254037844388200, 1.000000000000000000, 0.8660254037844394800, 0.9999999999999993300 ) ) 
 REPRESENTATION_ITEM ( '' )  );
#1423 = CARTESIAN_POINT ( 'NONE',  ( -1.251161180115475900E-016, -1.021650635094610800, -3.387499999999970400 ) ) ;
#1424 = VERTEX_POINT ( 'NONE', #2078 ) ;
#1425 = CARTESIAN_POINT ( 'NONE',  ( 0.7401923788646476200, -0.1983339501604950700, 1.732136720504591700 ) ) ;
#1426 = ADVANCED_FACE ( 'NONE', ( #2796 ), #40, .T. ) ;
#1427 = CARTESIAN_POINT ( 'NONE',  ( -0.5773502691896280600, -0.9999999999999970000, 0.2166666666666407200 ) ) ;
#1428 = VERTEX_POINT ( 'NONE', #2974 ) ;
#1429 = CARTESIAN_POINT ( 'NONE',  ( -0.6410254037844385100, 0.3700961894323343000, -1.333333333333331300 ) ) ;
#1430 = CARTESIAN_POINT ( 'NONE',  ( 0.0000000000000000000, 1.000000000000000400, 1.600000000000027800 ) ) ;
#1431 = ORIENTED_EDGE ( 'NONE', *, *, #1963, .F. ) ;
#1432 = CARTESIAN_POINT ( 'NONE',  ( -1.251161180115475900E-016, -1.021650635094610800, -2.562500000000027500 ) ) ;
#1433 = CARTESIAN_POINT ( 'NONE',  ( -0.6410254037844385100, 0.3700961894323343000, -1.333333333333331300 ) ) ;
#1434 = EDGE_CURVE ( 'NONE', #1599, #2712, #2625, .T. ) ;
#1435 = CARTESIAN_POINT ( 'NONE',  ( -0.8660254037844390400, 0.5000000000000003300, -1.083333333333358800 ) ) ;
#1436 = CARTESIAN_POINT ( 'NONE',  ( -0.5898502691896260200, -1.021650635094610600, -0.6208333333333035900 ) ) ;
#1437 = CARTESIAN_POINT ( 'NONE',  ( -0.5186004454876938000, -0.5281461309801501700, -3.999999999999998200 ) ) ;
#1438 = CARTESIAN_POINT ( 'NONE',  ( -9.064742275298811100E-017, -0.7401923788646683800, -2.799999999999997600 ) ) ;
#1439 = CARTESIAN_POINT ( 'NONE',  ( 0.0000000000000000000, 1.557689096683266300E-056, 1.899999999999998100 ) ) ;
#1440 = CARTESIAN_POINT ( 'NONE',  ( -1.179700538379251400, 7.223582441392798400E-017, -2.662500000000027200 ) ) ;
#1441 = CARTESIAN_POINT ( 'NONE',  ( 0.4273502691896261500, 0.7401923788646680400, -0.2333333333333310600 ) ) ;
#1442 = CARTESIAN_POINT ( 'NONE',  ( 0.0000000000000000000, 1.021650635094610800, -2.387499999999970400 ) ) ;
#1443 = CARTESIAN_POINT ( 'NONE',  ( 0.4273502691896254900, -0.7401923788646686000, 1.283333333333337000 ) ) ;
#1444 = CARTESIAN_POINT ( 'NONE',  ( -0.4273502691896259900, -0.7401923788646680400, -4.033333333333331400 ) ) ;
#1445 = CARTESIAN_POINT ( 'NONE',  ( 1.224646799147353900E-016, -1.000000000000000400, -3.999999999999999100 ) ) ;
#1446 = CARTESIAN_POINT ( 'NONE',  ( 0.8547005383792513100, -1.570059417833504600E-016, -2.299999999999998000 ) ) ;
#1447 = DIRECTION ( 'NONE',  ( -0.0000000000000000000, 7.417567127063168400E-057, -1.000000000000000000 ) ) ;
#1448 = CARTESIAN_POINT ( 'NONE',  ( 0.0000000000000000000, -1.800000000000000000, 1.999999999999999100 ) ) ;
#1449 = CYLINDRICAL_SURFACE ( 'NONE', #1343, 1.000000000000000400 ) ;
#1450 = VECTOR ( 'NONE', #1652, 1000.000000000000000 ) ;
#1451 = CARTESIAN_POINT ( 'NONE',  ( -0.8847754037844385300, -0.5108253175473052000, -2.229166666666694500 ) ) ;
#1452 = CARTESIAN_POINT ( 'NONE',  ( -9.064742275298811100E-017, -0.7401923788646683800, 1.600000000000002500 ) ) ;
#1453 = FACE_OUTER_BOUND ( 'NONE', #957, .T. ) ;
#1454 = AXIS2_PLACEMENT_3D ( 'NONE', #3377, #1145, #2270 ) ;
#1455 = CARTESIAN_POINT ( 'NONE',  ( -0.5898502691896255800, 1.021650635094610800, -2.354166666666636800 ) ) ;
#1456 = VERTEX_POINT ( 'NONE', #3461 ) ;
#1457 = CARTESIAN_POINT ( 'NONE',  ( -0.4273502691896259900, -0.7401923788646680400, 1.616666666666670900 ) ) ;
#1458 = CARTESIAN_POINT ( 'NONE',  ( 0.5773502691896256200, -1.000000000000000700, 1.433333333333361500 ) ) ;
#1459 = DIRECTION ( 'NONE',  ( -1.000000000000000000, 0.0000000000000000000, 0.0000000000000000000 ) ) ;
#1460 = VERTEX_POINT ( 'NONE', #1266 ) ;
#1461 = EDGE_CURVE ( 'NONE', #2030, #987, #619, .T. ) ;
#1462 = CARTESIAN_POINT ( 'NONE',  ( -9.064742275298811100E-017, -0.7401923788646683800, -1.599999999999997600 ) ) ;
#1463 = DIRECTION ( 'NONE',  ( -0.0000000000000000000, 7.417567127063168400E-057, -1.000000000000000000 ) ) ;
#1464 = ORIENTED_EDGE ( 'NONE', *, *, #1663, .F. ) ;
#1465 = DIRECTION ( 'NONE',  ( -0.0000000000000000000, 7.417567127063168400E-057, -1.000000000000000000 ) ) ;
#1466 = CARTESIAN_POINT ( 'NONE',  ( 0.5898502691896252400, -1.021650635094611100, -0.5291666666666942100 ) ) ;
#1467 = CARTESIAN_POINT ( 'NONE',  ( -0.4273502691896259900, -0.7401923788646680400, 1.166666666666669000 ) ) ;
#1468 = ORIENTED_EDGE ( 'NONE', *, *, #1786, .F. ) ;
#1469 = CARTESIAN_POINT ( 'NONE',  ( 0.5898502691896252400, -1.021650635094611100, -1.754166666666636900 ) ) ;
#1470 = CARTESIAN_POINT ( 'NONE',  ( 0.6410254037844388400, 0.3700961894323336300, 1.783333333333337200 ) ) ;
#1471 = CARTESIAN_POINT ( 'NONE',  ( 0.6410254037844384000, -0.3700961894323345200, 0.8666666666666692500 ) ) ;
#1472 = EDGE_LOOP ( 'NONE', ( #3104, #1388, #3120, #2980, #544, #2651 ) ) ;
#1473 = CARTESIAN_POINT ( 'NONE',  ( -0.8547005383792514200, 5.233531392778349000E-017, -2.899999999999997700 ) ) ;
#1474 = AXIS2_PLACEMENT_3D ( 'NONE', #315, #1459, #2258 ) ;
#1475 = CARTESIAN_POINT ( 'NONE',  ( 0.7499999999999996700, 0.4330127018922162500, 3.935048094716169700 ) ) ;
#1476 = CARTESIAN_POINT ( 'NONE',  ( 0.4273502691896261500, 0.7401923788646681500, -2.233333333333331200 ) ) ;
#1477 = CARTESIAN_POINT ( 'NONE',  ( 0.0000000000000000000, 1.000000000000000400, 1.249999999999974000 ) ) ;
#1478 = CARTESIAN_POINT ( 'NONE',  ( 0.8847754037844388600, 0.5108253175473046500, 0.3708333333333054800 ) ) ;
#1479 = CARTESIAN_POINT ( 'NONE',  ( 0.6410254037844388400, 0.3700961894323336300, 0.9333333333333354600 ) ) ;
#1480 = EDGE_CURVE ( 'NONE', #2458, #1688, #2047, .T. ) ;
#1481 = CARTESIAN_POINT ( 'NONE',  ( 0.0000000000000000000, 1.021650635094610800, -1.187499999999970200 ) ) ;
#1482 = CARTESIAN_POINT ( 'NONE',  ( 0.6410254037844384000, -0.3700961894323345200, 2.116666666666670200 ) ) ;
#1483 = CARTESIAN_POINT ( 'NONE',  ( -0.6410254037844386200, -0.3700961894323340200, 1.533333333333335400 ) ) ;
#1484 = EDGE_CURVE ( 'NONE', #2510, #1634, #3193, .T. ) ;
#1485 = CARTESIAN_POINT ( 'NONE',  ( -0.4273502691896256500, 0.7401923788646683800, -0.9666666666666646800 ) ) ;
#1486 = DIRECTION ( 'NONE',  ( -0.4999999999999985600, -0.8660254037844394800, 0.0000000000000000000 ) ) ;
#1487 = CARTESIAN_POINT ( 'NONE',  ( -0.4273502691896256000, 0.7401923788646683800, 0.6333333333333355200 ) ) ;
#1488 = CARTESIAN_POINT ( 'NONE',  ( -1.224646799147353700E-016, -1.000000000000000400, -0.1999999999999719200 ) ) ;
#1489 = CARTESIAN_POINT ( 'NONE',  ( -1.162290413363968500E-016, 0.8660254037844341600, -0.2912878474779102000 ) ) ;
#1490 = CARTESIAN_POINT ( 'NONE',  ( -1.179700538379251400, 7.223582441392798400E-017, 0.9374999999999722400 ) ) ;
#1491 = CARTESIAN_POINT ( 'NONE',  ( -0.8547005383792514200, 5.233531392778349000E-017, 0.7000000000000017300 ) ) ;
#1492 = CARTESIAN_POINT ( 'NONE',  ( -1.224646799147353700E-016, -1.000000000000000400, 1.800000000000028500 ) ) ;
#1493 = CARTESIAN_POINT ( 'NONE',  ( -0.5898502691896260200, -1.021650635094610600, 0.1791666666666963900 ) ) ;
#1494 = FACE_OUTER_BOUND ( 'NONE', #1845, .T. ) ;
#1495 = LINE ( 'NONE', #1912, #308 ) ;
#1496 = CARTESIAN_POINT ( 'NONE',  ( 0.6410254037844384000, -0.3700961894323345200, -2.333333333333331300 ) ) ;
#1497 = CARTESIAN_POINT ( 'NONE',  ( 0.0000000000000000000, 1.000000000000000400, -2.799999999999971800 ) ) ;
#1498 = CARTESIAN_POINT ( 'NONE',  ( -0.4273502691896256000, 0.7401923788646683800, 0.2333333333333354500 ) ) ;
#1499 = LINE ( 'NONE', #1703, #1584 ) ;
#1500 = CARTESIAN_POINT ( 'NONE',  ( -0.1185178268629905300, 0.7975991045413171100, 3.872451086626321100 ) ) ;
#1501 = EDGE_CURVE ( 'NONE', #1815, #1022, #3533, .T. ) ;
#1502 = DIRECTION ( 'NONE',  ( 1.000000000000000000, 0.0000000000000000000, 0.0000000000000000000 ) ) ;
#1503 = FACE_OUTER_BOUND ( 'NONE', #1938, .T. ) ;
#1504 = CARTESIAN_POINT ( 'NONE',  ( -0.8847754037844385300, -0.5108253175473052000, 0.5708333333333059900 ) ) ;
#1505 = CARTESIAN_POINT ( 'NONE',  ( -0.6410254037844385100, 0.3700961894323343000, 0.6666666666666687400 ) ) ;
#1506 = ORIENTED_EDGE ( 'NONE', *, *, #2057, .F. ) ;
#1507 = AXIS2_PLACEMENT_3D ( 'NONE', #347, #879, #2555 ) ;
#1508 = CARTESIAN_POINT ( 'NONE',  ( -1.251161180115475900E-016, -1.021650635094610800, 0.2125000000000303900 ) ) ;
#1509 = EDGE_LOOP ( 'NONE', ( #672, #2079, #1174 ) ) ;
#1510 = CARTESIAN_POINT ( 'NONE',  ( -0.5773502691896299500, -0.9999999999999940000, -2.183333333333359800 ) ) ;
#1511 = CARTESIAN_POINT ( 'NONE',  ( -0.8547005383792514200, 5.233531392778349000E-017, -1.249999999999996400 ) ) ;
#1512 = CARTESIAN_POINT ( 'NONE',  ( 0.6410254037844388400, 0.3700961894323336300, -1.466666666666664800 ) ) ;
#1513 = CARTESIAN_POINT ( 'NONE',  ( -1.154700538379252100, 7.070501591499381500E-017, 1.300000000000028000 ) ) ;
#1514 = EDGE_LOOP ( 'NONE', ( #2841, #1168, #2344, #687, #1518 ) ) ;
#1515 = CARTESIAN_POINT ( 'NONE',  ( -9.064742275298811100E-017, -0.7401923788646683800, 2.602085213965210600E-015 ) ) ;
#1516 =( BOUNDED_CURVE ( )  B_SPLINE_CURVE ( 2, ( #339, #741, #3569, #125, #181, #3255, #873, #30, #901, #50, #890, #589, #2536, #159, #3474, #2127, #3214, #2784, #416, #17, #3299, #2199, #2187, #1907, #3000, #762, #1047, #2734, #1350, #2436, #3288, #2715, #3256, #1360, #1636, #504, #796, #209, #525, #2446, #3575, #2978, #1917, #1068, #231, #1590, #3538, #514, #1327, #2459, #1624, #3526, #3263, #1080, #3015, #2472, #810, #1868, #247, #1879, #196, #775, #2748, #2989, #1090, #1604, #1316, #3563, #2155, #481, #1340, #2430, #2701, #2168, #218, #492, #1054, #3275, #1610, #3554, #1892, #2176, #786, #2727, #3601, #267, #1648, #2214, #1100, #1945, #3306, #3323, #3588, #2761, #1930, #3029, #3040, #539, #1390, #1374, #2483, #257, #823, #1659, #1401, #2501, #1949, #1935, #1639, #2753, #1412, #2226, #1092, #834, #825, #528, #1393, #2202, #3338, #2778, #802, #259, #2190, #3592, #1920, #2216, #2475, #1378, #3612, #813, #542, #3602, #249, #3032, #1120, #517, #2736, #3310, #3055, #1082, #1628, #3325, #1675, #3042, #1957, #2486, #2462, #2765, #3018, #285, #1364, #1662, #3301, #555, #2237, #3565, #3578, #1650, #565, #1132, #1910, #1106, #851, #272, #2513, #3068, #2786, #235, #3103, #329, #3629, #1976, #613, #1425, #906 ),
 .UNSPECIFIED., .F., .F. ) 
 B_SPLINE_CURVE_WITH_KNOTS ( ( 3, 2, 2, 2, 2, 2, 2, 2, 2, 2, 2, 2, 2, 2, 2, 2, 2, 2, 2, 2, 2, 2, 2, 2, 2, 2, 2, 2, 2, 2, 2, 2, 2, 2, 2, 2, 2, 2, 2, 2, 2, 2, 2, 2, 2, 2, 2, 2, 2, 2, 2, 2, 2, 2, 2, 2, 2, 2, 2, 2, 2, 2, 2, 2, 2, 2, 2, 2, 2, 2, 2, 2, 2, 2, 2, 2, 2, 2, 2, 2, 2, 2, 2, 2, 2, 2, 2, 3 ),
 ( 0.02357274684707615100, 0.03125000000000000000, 0.04166666666666666400, 0.05208333333333333600, 0.06250000000000000000, 0.07291666666666667100, 0.08333333333333332900, 0.09375000000000001400, 0.1041666666666666700, 0.1145833333333333300, 0.1250000000000000000, 0.1354166666666666600, 0.1458333333333333400, 0.1562500000000000000, 0.1666666666666666900, 0.1770833333333333700, 0.1875000000000000000, 0.1979166666666666900, 0.2083333333333333700, 0.2187500000000000000, 0.2291666666666666900, 0.2395833333333333700, 0.2500000000000000000, 0.2604166666666666900, 0.2708333333333333100, 0.2812500000000000000, 0.2916666666666666900, 0.3020833333333333100, 0.3125000000000000000, 0.3229166666666666900, 0.3333333333333333100, 0.3437500000000000000, 0.3541666666666666900, 0.3645833333333333100, 0.3750000000000000000, 0.3854166666666666900, 0.3958333333333333100, 0.4062500000000000000, 0.4166666666666666900, 0.4270833333333333100, 0.4375000000000000000, 0.4479166666666666900, 0.4583333333333333100, 0.4687500000000000000, 0.4791666666666666900, 0.4895833333333332600, 0.5000000000000000000, 0.5104166666666666300, 0.5208333333333333700, 0.5312500000000000000, 0.5416666666666666300, 0.5520833333333333700, 0.5625000000000000000, 0.5729166666666666300, 0.5833333333333333700, 0.5937500000000000000, 0.6041666666666666300, 0.6145833333333333700, 0.6250000000000000000, 0.6354166666666666300, 0.6458333333333334800, 0.6562500000000000000, 0.6666666666666666300, 0.6770833333333333700, 0.6875000000000000000, 0.6979166666666666300, 0.7083333333333333700, 0.7187500000000000000, 0.7291666666666666300, 0.7395833333333333700, 0.7500000000000000000, 0.7604166666666665200, 0.7708333333333333700, 0.7812500000000000000, 0.7916666666666666300, 0.8020833333333332600, 0.8125000000000000000, 0.8229166666666666300, 0.8333333333333333700, 0.8437500000000001100, 0.8541666666666666300, 0.8645833333333333700, 0.8750000000000000000, 0.8854166666666666300, 0.8958333333333333700, 0.9062500000000000000, 0.9166666666666666300, 0.9218749999999990000 ),
 .UNSPECIFIED. ) 
 CURVE ( )  GEOMETRIC_REPRESENTATION_ITEM ( )  RATIONAL_B_SPLINE_CURVE ( ( 0.9480652107226172900, 0.9012585384440687800, 1.000000000000000000, 0.8660254037844387100, 1.000000000000000000, 0.8660254037844387100, 1.000000000000000000, 0.8660254037844387100, 1.000000000000000000, 0.8660254037844387100, 1.000000000000000000, 0.8660254037844387100, 1.000000000000000000, 0.8660254037844387100, 1.000000000000000000, 0.8660254037844387100, 1.000000000000000000, 0.8660254037844387100, 1.000000000000000000, 0.8660254037844387100, 1.000000000000000000, 0.8660254037844387100, 1.000000000000000000, 0.8660254037844387100, 1.000000000000000000, 0.8660254037844387100, 1.000000000000000000, 0.8660254037844387100, 1.000000000000000000, 0.8660254037844387100, 1.000000000000000000, 0.8660254037844387100, 1.000000000000000000, 0.8660254037844387100, 1.000000000000000000, 0.8660254037844387100, 1.000000000000000000, 0.8660254037844387100, 1.000000000000000000, 0.8660254037844387100, 1.000000000000000000, 0.8660254037844387100, 1.000000000000000000, 0.8660254037844387100, 1.000000000000000000, 0.8660254037844387100, 1.000000000000000000, 0.8660254037844387100, 1.000000000000000000, 0.8660254037844387100, 1.000000000000000000, 0.8660254037844387100, 1.000000000000000000, 0.8660254037844387100, 1.000000000000000000, 0.8660254037844387100, 1.000000000000000000, 0.8660254037844387100, 1.000000000000000000, 0.8660254037844387100, 1.000000000000000000, 0.8660254037844387100, 1.000000000000000000, 0.8660254037844387100, 1.000000000000000000, 0.8660254037844387100, 1.000000000000000000, 0.8660254037844387100, 1.000000000000000000, 0.8660254037844387100, 1.000000000000000000, 0.8660254037844387100, 1.000000000000000000, 0.8660254037844387100, 1.000000000000000000, 0.8660254037844387100, 1.000000000000000000, 0.8660254037844387100, 1.000000000000000000, 0.8660254037844387100, 1.000000000000000000, 0.8660254037844387100, 1.000000000000000000, 0.8660254037844387100, 1.000000000000000000, 0.8660254037844387100, 1.000000000000000000, 0.8660254037844387100, 1.000000000000000000, 0.8660254037844387100, 1.000000000000000000, 0.8660254037844387100, 1.000000000000000000, 0.8660254037844387100, 1.000000000000000000, 0.8660254037844387100, 1.000000000000000000, 0.8660254037844387100, 1.000000000000000000, 0.8660254037844387100, 1.000000000000000000, 0.8660254037844387100, 1.000000000000000000, 0.8660254037844387100, 1.000000000000000000, 0.8660254037844387100, 1.000000000000000000, 0.8660254037844387100, 1.000000000000000000, 0.8660254037844387100, 1.000000000000000000, 0.8660254037844387100, 1.000000000000000000, 0.8660254037844387100, 1.000000000000000000, 0.8660254037844387100, 1.000000000000000000, 0.8660254037844387100, 1.000000000000000000, 0.8660254037844387100, 1.000000000000000000, 0.8660254037844387100, 1.000000000000000000, 0.8660254037844387100, 1.000000000000000000, 0.8660254037844387100, 1.000000000000000000, 0.8660254037844387100, 1.000000000000000000, 0.8660254037844387100, 1.000000000000000000, 0.8660254037844387100, 1.000000000000000000, 0.8660254037844387100, 1.000000000000000000, 0.8660254037844387100, 1.000000000000000000, 0.8660254037844387100, 1.000000000000000000, 0.8660254037844387100, 1.000000000000000000, 0.8660254037844387100, 1.000000000000000000, 0.8660254037844387100, 1.000000000000000000, 0.8660254037844387100, 1.000000000000000000, 0.8660254037844387100, 1.000000000000000000, 0.8660254037844387100, 1.000000000000000000, 0.8660254037844387100, 1.000000000000000000, 0.8660254037844387100, 1.000000000000000000, 0.8660254037844387100, 1.000000000000000000, 0.8660254037844387100, 1.000000000000000000, 0.8660254037844387100, 1.000000000000000000, 0.8660254037844387100, 1.000000000000000000, 0.8660254037844387100, 1.000000000000000000, 0.8660254037844387100, 1.000000000000000000, 0.8660254037844387100, 1.000000000000000000, 0.8660254037844387100, 1.000000000000000000, 0.8660254037844387100, 1.000000000000000000, 0.9330127018922322900, 0.9330127018922194100 ) ) 
 REPRESENTATION_ITEM ( '' )  );
#1517 = CARTESIAN_POINT ( 'NONE',  ( 0.0000000000000000000, -2.967026850825266900E-056, 3.999999999999999100 ) ) ;
#1518 = ORIENTED_EDGE ( 'NONE', *, *, #978, .F. ) ;
#1519 = CARTESIAN_POINT ( 'NONE',  ( -0.6410254037844385100, 0.3700961894323343000, -2.883333333333329800 ) ) ;
#1520 = CARTESIAN_POINT ( 'NONE',  ( 0.8847754037844388600, 0.5108253175473046500, -0.02916666666669467900 ) ) ;
#1521 = CARTESIAN_POINT ( 'NONE',  ( 0.0000000000000000000, -1.224646799147343400E-013, 1001.322649730810300 ) ) ;
#1522 = ORIENTED_EDGE ( 'NONE', *, *, #1786, .T. ) ;
#1523 = CARTESIAN_POINT ( 'NONE',  ( -1.251161180115475900E-016, -1.021650635094610800, -0.1874999999999702500 ) ) ;
#1524 = CARTESIAN_POINT ( 'NONE',  ( -0.5773502691896222900, 1.000000000000006400, -2.366666666666638700 ) ) ;
#1525 = CARTESIAN_POINT ( 'NONE',  ( -0.4273502691896259900, -0.7401923788646680400, -0.7833333333333298800 ) ) ;
#1526 = CARTESIAN_POINT ( 'NONE',  ( 0.4273502691896261500, 0.7401923788646680400, -1.833333333333331500 ) ) ;
#1527 = DIRECTION ( 'NONE',  ( 0.0000000000000000000, -0.7071067811865468000, 0.7071067811865483500 ) ) ;
#1528 = CARTESIAN_POINT ( 'NONE',  ( -0.6914021854061412900, -0.4668441659219034200, 3.901216630686481900 ) ) ;
#1529 = CARTESIAN_POINT ( 'NONE',  ( -0.4273502691896259900, -0.7401923788646680400, -1.983333333333330100 ) ) ;
#1530 = CARTESIAN_POINT ( 'NONE',  ( 0.7858029131476581600, -0.1604731363060993000, -3.945097244604428800 ) ) ;
#1531 = CARTESIAN_POINT ( 'NONE',  ( 0.8847754037844388600, 0.5108253175473046500, 0.3458333333333629100 ) ) ;
#1532 = CARTESIAN_POINT ( 'NONE',  ( -0.6410254037844385100, 0.3700961894323343000, -1.683333333333329600 ) ) ;
#1533 = EDGE_CURVE ( 'NONE', #3630, #2132, #3098, .T. ) ;
#1534 = CARTESIAN_POINT ( 'NONE',  ( 0.8547005383792514200, -1.570059417833504600E-016, 0.5000000000000022200 ) ) ;
#1535 = CARTESIAN_POINT ( 'NONE',  ( -0.1135541730531199500, -0.9507640416244380600, 1.871573606176236000 ) ) ;
#1536 = CARTESIAN_POINT ( 'NONE',  ( -0.8093042965908182600, -0.5184617312019076400, -3.786798464782084900 ) ) ;
#1537 = PERSON_AND_ORGANIZATION ( #3626, #486 ) ;
#1538 = CARTESIAN_POINT ( 'NONE',  ( -9.064742275298811100E-017, -0.7401923788646683800, -2.749999999999996400 ) ) ;
#1539 = CARTESIAN_POINT ( 'NONE',  ( 1.179700538379251400, -2.167074732417838900E-016, 1.537499999999972100 ) ) ;
#1540 = CARTESIAN_POINT ( 'NONE',  ( 0.8660254037844388200, -0.5000000000000006700, 1.516666666666641100 ) ) ;
#1541 = LINE ( 'NONE', #829, #3049 ) ;
#1542 = CARTESIAN_POINT ( 'NONE',  ( -0.8847754037844385300, -0.5108253175473052000, 1.345833333333363900 ) ) ;
#1543 = CARTESIAN_POINT ( 'NONE',  ( -0.8660254037844390400, 0.5000000000000003300, -2.333333333333305100 ) ) ;
#1544 = CARTESIAN_POINT ( 'NONE',  ( -0.6410254037844385100, 0.3700961894323343000, -0.08333333333332936000 ) ) ;
#1545 = CARTESIAN_POINT ( 'NONE',  ( -9.064742275298811100E-017, -0.7401923788646683800, 0.4000000000000019100 ) ) ;
#1546 = ORIENTED_EDGE ( 'NONE', *, *, #3008, .F. ) ;
#1547 = CARTESIAN_POINT ( 'NONE',  ( -0.5773502691896245100, 1.000000000000002700, -3.566666666666637600 ) ) ;
#1548 = CARTESIAN_POINT ( 'NONE',  ( 0.5773502691896256200, -1.000000000000000700, -0.5666666666666386700 ) ) ;
#1549 = VERTEX_POINT ( 'NONE', #3045 ) ;
#1550 = EDGE_CURVE ( 'NONE', #1971, #450, #364, .T. ) ;
#1551 = CARTESIAN_POINT ( 'NONE',  ( 0.0000000000000000000, 0.7401923788646683800, -3.349999999999996500 ) ) ;
#1552 = VERTEX_POINT ( 'NONE', #402 ) ;
#1553 = AXIS2_PLACEMENT_3D ( 'NONE', #104, #188, #2654 ) ;
#1554 = CARTESIAN_POINT ( 'NONE',  ( 0.0000000000000000000, 1.021650635094610800, 2.412500000000030300 ) ) ;
#1555 = CARTESIAN_POINT ( 'NONE',  ( 0.0000000000000000000, 1.000000000000000400, 1.600000000000027800 ) ) ;
#1556 = CARTESIAN_POINT ( 'NONE',  ( -0.4273502691896256500, 0.7401923788646683800, -0.9166666666666633000 ) ) ;
#1557 = ORIENTED_EDGE ( 'NONE', *, *, #1593, .F. ) ;
#1558 = CARTESIAN_POINT ( 'NONE',  ( -0.6410254037844386200, -0.3700961894323340200, 1.133333333333336000 ) ) ;
#1559 = CARTESIAN_POINT ( 'NONE',  ( 0.0000000000000000000, 5.934053701650533800E-056, -3.999999999999999100 ) ) ;
#1560 = VERTEX_POINT ( 'NONE', #3293 ) ;
#1561 = DIRECTION ( 'NONE',  ( -0.0000000000000000000, 7.417567127063168400E-057, -1.000000000000000000 ) ) ;
#1562 = DATE_TIME_ROLE ( 'classification_date' ) ;
#1563 = CARTESIAN_POINT ( 'NONE',  ( 0.6410254037844384000, -0.3700961894323345200, -2.683333333333330000 ) ) ;
#1564 = VERTEX_POINT ( 'NONE', #2453 ) ;
#1565 = CARTESIAN_POINT ( 'NONE',  ( 1.179700538379251400, -2.167074732417838900E-016, 1.912500000000029600 ) ) ;
#1566 = CARTESIAN_POINT ( 'NONE',  ( 0.7499999999999997800, -1.047819327944827100E-020, 3.819022690931733100 ) ) ;
#1567 = CARTESIAN_POINT ( 'NONE',  ( 0.8547005383792514200, -1.570059417833504600E-016, 0.5500000000000036000 ) ) ;
#1568 = CARTESIAN_POINT ( 'NONE',  ( -1.224646799147353700E-016, -1.000000000000000400, 1.800000000000028500 ) ) ;
#1569 = CARTESIAN_POINT ( 'NONE',  ( -0.4273502691896256500, 0.7401923788646683800, 0.2333333333333354500 ) ) ;
#1570 = EDGE_CURVE ( 'NONE', #1813, #2452, #1414, .T. ) ;
#1571 = CARTESIAN_POINT ( 'NONE',  ( -0.5773502691896221800, 1.000000000000006400, -3.516666666666692400 ) ) ;
#1572 = CARTESIAN_POINT ( 'NONE',  ( -0.4273502691896259900, -0.7401923788646680400, 0.4166666666666701800 ) ) ;
#1573 = CARTESIAN_POINT ( 'NONE',  ( 0.8660254037844393700, 0.4999999999999994400, -1.666666666666638300 ) ) ;
#1574 =( BOUNDED_CURVE ( )  B_SPLINE_CURVE ( 2, ( #2767, #3614, #3313, #1083, #545, #273, #2787 ),
 .UNSPECIFIED., .F., .F. ) 
 B_SPLINE_CURVE_WITH_KNOTS ( ( 3, 2, 2, 3 ),
 ( 0.5312500000000000000, 0.5416666666666667400, 0.5520833333333333700, 0.5625000000000001100 ),
 .UNSPECIFIED. ) 
 CURVE ( )  GEOMETRIC_REPRESENTATION_ITEM ( )  RATIONAL_B_SPLINE_CURVE ( ( 1.000000000000000000, 0.8660254037844388200, 1.000000000000000000, 0.8660254037844388200, 1.000000000000000000, 0.8660254037844373800, 1.000000000000001300 ) ) 
 REPRESENTATION_ITEM ( '' )  );
#1575 = CARTESIAN_POINT ( 'NONE',  ( 1.179700538379251400, -2.167074732417838900E-016, 2.312500000000029800 ) ) ;
#1576 = CARTESIAN_POINT ( 'NONE',  ( -0.4273502691896256500, 0.7401923788646683800, 0.2833333333333368200 ) ) ;
#1577 = CARTESIAN_POINT ( 'NONE',  ( 1.197831843332527000E-011, -0.8584936490558271500, -3.881698729808840600 ) ) ;
#1578 = CARTESIAN_POINT ( 'NONE',  ( -0.4273502691896259900, -0.7401923788646680400, -0.4333333333333311300 ) ) ;
#1579 = CYLINDRICAL_SURFACE ( 'NONE', #3102, 1.000000000000000400 ) ;
#1580 = LINE ( 'NONE', #1072, #839 ) ;
#1581 = CARTESIAN_POINT ( 'NONE',  ( 0.4273502691896261500, 0.7401923788646680400, -2.183333333333329600 ) ) ;
#1582 = FACE_OUTER_BOUND ( 'NONE', #3587, .T. ) ;
#1583 = CARTESIAN_POINT ( 'NONE',  ( 0.4273502691896254900, -0.7401923788646686000, 0.08333333333333717300 ) ) ;
#1584 = VECTOR ( 'NONE', #3567, 1000.000000000000200 ) ;
#1585 = FACE_OUTER_BOUND ( 'NONE', #3475, .T. ) ;
#1586 = ORIENTED_EDGE ( 'NONE', *, *, #3570, .F. ) ;
#1587 = CARTESIAN_POINT ( 'NONE',  ( 0.8660254037844393700, 0.4999999999999994400, -0.06666666666663810500 ) ) ;
#1588 = CARTESIAN_POINT ( 'NONE',  ( 0.8547005383792514200, -1.570059417833504600E-016, 2.150000000000003500 ) ) ;
#1589 = CARTESIAN_POINT ( 'NONE',  ( -0.5773502691896240700, 1.000000000000003600, -1.966666666666638400 ) ) ;
#1590 = CARTESIAN_POINT ( 'NONE',  ( -0.4273502691896256000, 0.7401923788646683800, -2.516666666666663100 ) ) ;
#1591 = ORIENTED_EDGE ( 'NONE', *, *, #702, .F. ) ;
#1592 = CARTESIAN_POINT ( 'NONE',  ( 0.4273502691896261500, 0.7401923788646680400, -2.583333333333329900 ) ) ;
#1593 = EDGE_CURVE ( 'NONE', #371, #3020, #1422, .T. ) ;
#1594 = CARTESIAN_POINT ( 'NONE',  ( -0.7499999999999958900, 9.183803184492624500E-017, 3.819022690931729100 ) ) ;
#1595 = ORIENTED_EDGE ( 'NONE', *, *, #1663, .T. ) ;
#1596 = CARTESIAN_POINT ( 'NONE',  ( -0.8547005383792514200, 5.233531392778349000E-017, -0.8499999999999966500 ) ) ;
#1597 = CARTESIAN_POINT ( 'NONE',  ( 0.2426460913693784500, -0.7259336176145109200, 3.831350129109557300 ) ) ;
#1598 = CARTESIAN_POINT ( 'NONE',  ( 2.274831169102931700E-011, 0.8669872981068126300, -3.873205080757854600 ) ) ;
#1599 = VERTEX_POINT ( 'NONE', #548 ) ;
#1600 = EDGE_CURVE ( 'NONE', #3203, #2793, #2069, .T. ) ;
#1601 = CARTESIAN_POINT ( 'NONE',  ( 0.7499999999999997800, 0.1522638590145219700, 3.819022690931732600 ) ) ;
#1602 = CARTESIAN_POINT ( 'NONE',  ( -0.8547005383792514200, 5.233531392778349000E-017, 0.3500000000000039700 ) ) ;
#1603 = ORIENTED_EDGE ( 'NONE', *, *, #3208, .F. ) ;
#1604 = CARTESIAN_POINT ( 'NONE',  ( 0.8547005383792513100, -1.570059417833504600E-016, -1.849999999999996500 ) ) ;
#1605 = CARTESIAN_POINT ( 'NONE',  ( 0.0000000000000000000, 0.7401923788646683800, -2.949999999999996600 ) ) ;
#1606 = CARTESIAN_POINT ( 'NONE',  ( 0.4273502691896261500, 0.7401923788646680400, -0.5833333333333297100 ) ) ;
#1607 = CARTESIAN_POINT ( 'NONE',  ( 0.7499999999999996700, 0.4330127018922162500, 3.935048094716169700 ) ) ;
#1608 = CARTESIAN_POINT ( 'NONE',  ( 0.6410254037844388400, 0.3700961894323336300, -2.666666666666664300 ) ) ;
#1609 = CARTESIAN_POINT ( 'NONE',  ( 0.0000000000000000000, 1.000000000000000400, -3.999999999999999100 ) ) ;
#1610 = CARTESIAN_POINT ( 'NONE',  ( 0.6410254037844388400, 0.3700961894323336300, -1.416666666666663400 ) ) ;
#1611 = CARTESIAN_POINT ( 'NONE',  ( 0.5773502691896238400, -1.000000000000003800, -1.366666666666638700 ) ) ;
#1612 = EDGE_CURVE ( 'NONE', #912, #3337, #1748, .T. ) ;
#1613 = CARTESIAN_POINT ( 'NONE',  ( 0.6410254037844384000, -0.3700961894323345200, -0.6833333333333296800 ) ) ;
#1614 = APPROVAL ( #994, 'UNSPECIFIED' ) ;
#1615 =( BOUNDED_CURVE ( )  B_SPLINE_CURVE ( 2, ( #2928, #1589, #3525, #1326, #1867, #761, #207 ),
 .UNSPECIFIED., .F., .F. ) 
 B_SPLINE_CURVE_WITH_KNOTS ( ( 3, 2, 2, 3 ),
 ( 0.3124999999999999400, 0.3229166666666666300, 0.3333333333333332600, 0.3437499999999999400 ),
 .UNSPECIFIED. ) 
 CURVE ( )  GEOMETRIC_REPRESENTATION_ITEM ( )  RATIONAL_B_SPLINE_CURVE ( ( 1.000000000000000700, 0.8660254037844380400, 1.000000000000000000, 0.8660254037844387100, 1.000000000000000000, 0.8660254037844393700, 0.9999999999999993300 ) ) 
 REPRESENTATION_ITEM ( '' )  );
#1616 = CARTESIAN_POINT ( 'NONE',  ( -0.8660254037844390400, -0.5000000000000000000, 1.783333333333307900 ) ) ;
#1617 = DIRECTION ( 'NONE',  ( 0.0000000000000000000, 1.000000000000000000, 0.0000000000000000000 ) ) ;
#1618 = CARTESIAN_POINT ( 'NONE',  ( 1.197831843332527000E-011, -0.8584936490558271500, -3.881698729808840600 ) ) ;
#1619 = CARTESIAN_POINT ( 'NONE',  ( -0.5898502691896255800, 1.021650635094610800, -3.929166666666694200 ) ) ;
#1620 = CARTESIAN_POINT ( 'NONE',  ( 0.0000000000000000000, 0.7401923788646683800, -3.399999999999998100 ) ) ;
#1621 = ADVANCED_FACE ( 'NONE', ( #1024 ), #2498, .T. ) ;
#1622 = CARTESIAN_POINT ( 'NONE',  ( 0.7499999999999996700, 0.4330127018922162500, 3.935048094716169700 ) ) ;
#1623 = CONICAL_SURFACE ( 'NONE', #1873, 1732.050807568857200, 1.047197551196592700 ) ;
#1624 = CARTESIAN_POINT ( 'NONE',  ( -9.064742275298811100E-017, -0.7401923788646683800, -2.349999999999996100 ) ) ;
#1625 = CARTESIAN_POINT ( 'NONE',  ( 0.5773502691896301700, 0.9999999999999940000, -1.233333333333305400 ) ) ;
#1626 = FACE_OUTER_BOUND ( 'NONE', #66, .T. ) ;
#1627 = ORIENTED_EDGE ( 'NONE', *, *, #2348, .F. ) ;
#1628 = CARTESIAN_POINT ( 'NONE',  ( 0.0000000000000000000, 0.7401923788646683800, 0.6500000000000039100 ) ) ;
#1629 = CARTESIAN_POINT ( 'NONE',  ( -1.224646799147353700E-016, -1.000000000000000400, -2.599999999999971700 ) ) ;
#1630 = CARTESIAN_POINT ( 'NONE',  ( 0.8660254037844393700, 0.4999999999999994400, 0.3833333333333074900 ) ) ;
#1631 = ORIENTED_EDGE ( 'NONE', *, *, #1409, .T. ) ;
#1632 = CARTESIAN_POINT ( 'NONE',  ( -1.179700538379251400, 7.223582441392798400E-017, -3.462500000000027400 ) ) ;
#1633 = CARTESIAN_POINT ( 'NONE',  ( -0.6410254037844385100, 0.3700961894323343000, -3.333333333333331300 ) ) ;
#1634 = VERTEX_POINT ( 'NONE', #2242 ) ;
#1635 = EDGE_CURVE ( 'NONE', #1888, #1069, #3457, .T. ) ;
#1636 = CARTESIAN_POINT ( 'NONE',  ( -0.6410254037844385100, 0.3700961894323343000, -2.883333333333329800 ) ) ;
#1637 = ORIENTED_EDGE ( 'NONE', *, *, #2348, .T. ) ;
#1638 =( BOUNDED_CURVE ( )  B_SPLINE_CURVE ( 2, ( #947, #398, #2869, #3407, #2018, #1226, #3445 ),
 .UNSPECIFIED., .F., .F. ) 
 B_SPLINE_CURVE_WITH_KNOTS ( ( 3, 2, 2, 3 ),
 ( 0.3750000000000000000, 0.3854166666666666900, 0.3958333333333334300, 0.4062500000000001100 ),
 .UNSPECIFIED. ) 
 CURVE ( )  GEOMETRIC_REPRESENTATION_ITEM ( )  RATIONAL_B_SPLINE_CURVE ( ( 1.000000000000000000, 0.8660254037844388200, 1.000000000000000000, 0.8660254037844388200, 1.000000000000000000, 0.8660254037844373800, 1.000000000000001300 ) ) 
 REPRESENTATION_ITEM ( '' )  );
#1639 = CARTESIAN_POINT ( 'NONE',  ( -0.6410254037844386200, -0.3700961894323340200, -0.4166666666666633000 ) ) ;
#1640 = ADVANCED_FACE ( 'NONE', ( #1585 ), #800, .T. ) ;
#1641 = VERTEX_POINT ( 'NONE', #2541 ) ;
#1642 = CARTESIAN_POINT ( 'NONE',  ( 0.5773502691896185100, -1.000000000000012900, 0.6333333333333611700 ) ) ;
#1643 = DIRECTION ( 'NONE',  ( 0.0000000000000000000, 1.000000000000000000, 0.0000000000000000000 ) ) ;
#1644 = CARTESIAN_POINT ( 'NONE',  ( -1.224646799147353900E-016, -1.000000000000000400, -1.750000000000025300 ) ) ;
#1645 = EDGE_CURVE ( 'NONE', #2418, #1641, #1763, .T. ) ;
#1646 = CARTESIAN_POINT ( 'NONE',  ( 0.4273502691896261500, 0.7401923788646680400, 1.766666666666669000 ) ) ;
#1647 = CARTESIAN_POINT ( 'NONE',  ( 0.4273502691896254900, -0.7401923788646686000, -3.566666666666664700 ) ) ;
#1648 = CARTESIAN_POINT ( 'NONE',  ( -9.064742275298811100E-017, -0.7401923788646683800, -1.149999999999996600 ) ) ;
#1649 = CARTESIAN_POINT ( 'NONE',  ( 0.0000000000000000000, 1.021650635094610800, -2.787499999999970300 ) ) ;
#1650 = CARTESIAN_POINT ( 'NONE',  ( -0.4273502691896259300, -0.7401923788646681500, 1.216666666666670600 ) ) ;
#1651 = CARTESIAN_POINT ( 'NONE',  ( 0.8660254037844388200, -0.5000000000000006700, 0.6666666666666951600 ) ) ;
#1652 = DIRECTION ( 'NONE',  ( -0.0000000000000000000, 7.417567127063168400E-057, -1.000000000000000000 ) ) ;
#1653 = CARTESIAN_POINT ( 'NONE',  ( -1.224646799147353700E-016, -1.000000000000000400, -1.399999999999971500 ) ) ;
#1654 = AXIS2_PLACEMENT_3D ( 'NONE', #1773, #623, #2062 ) ;
#1655 = CARTESIAN_POINT ( 'NONE',  ( 0.4273502691896254900, -0.7401923788646686000, 2.033333333333335900 ) ) ;
#1656 = CARTESIAN_POINT ( 'NONE',  ( -9.064742275298811100E-017, -0.7401923788646683800, -3.599999999999998300 ) ) ;
#1657 =( BOUNDED_CURVE ( )  B_SPLINE_CURVE ( 2, ( #773, #1155, #3013, #9, #1435, #1359, #2725 ),
 .UNSPECIFIED., .F., .T. ) 
 B_SPLINE_CURVE_WITH_KNOTS ( ( 3, 2, 2, 3 ),
 ( 0.4687500000000000000, 0.4791666666666666900, 0.4895833333333334300, 0.5000000000000001100 ),
 .UNSPECIFIED. ) 
 CURVE ( )  GEOMETRIC_REPRESENTATION_ITEM ( )  RATIONAL_B_SPLINE_CURVE ( ( 1.000000000000000000, 0.8660254037844388200, 1.000000000000000000, 0.8660254037844388200, 1.000000000000000000, 0.8660254037844373800, 1.000000000000001300 ) ) 
 REPRESENTATION_ITEM ( '' )  );
#1658 = CARTESIAN_POINT ( 'NONE',  ( -1.224646799147353700E-016, -1.000000000000000400, 0.2000000000000286800 ) ) ;
#1659 = CARTESIAN_POINT ( 'NONE',  ( 0.4273502691896261500, 0.7401923788646681500, -0.5833333333333298200 ) ) ;
#1660 = CARTESIAN_POINT ( 'NONE',  ( 0.8847754037844388600, 0.5108253175473046500, -3.654166666666636600 ) ) ;
#1661 = EDGE_CURVE ( 'NONE', #3157, #758, #2015, .T. ) ;
#1662 = CARTESIAN_POINT ( 'NONE',  ( 0.4273502691896261500, 0.7401923788646681500, 1.016666666666670200 ) ) ;
#1663 = EDGE_CURVE ( 'NONE', #1564, #2132, #2966, .T. ) ;
#1664 = CARTESIAN_POINT ( 'NONE',  ( -0.4273502691896259300, -0.7401923788646681500, -3.233333333333331600 ) ) ;
#1665 = LINE ( 'NONE', #3060, #1194 ) ;
#1666 = DIRECTION ( 'NONE',  ( 8.659560562354886000E-017, -0.7071067811865436900, -0.7071067811865513500 ) ) ;
#1667 = CARTESIAN_POINT ( 'NONE',  ( -0.5773502691896187400, 1.000000000000012700, 1.633333333333361100 ) ) ;
#1668 = VECTOR ( 'NONE', #2503, 1000.000000000000000 ) ;
#1669 = CARTESIAN_POINT ( 'NONE',  ( -0.6410254037844386200, -0.3700961894323340200, 1.933333333333335600 ) ) ;
#1670 = CARTESIAN_POINT ( 'NONE',  ( -0.4273502691896259900, -0.7401923788646680400, -0.03333333333333139700 ) ) ;
#1671 = DIRECTION ( 'NONE',  ( -0.0000000000000000000, 7.417567127063168400E-057, -1.000000000000000000 ) ) ;
#1672 = VECTOR ( 'NONE', #2566, 1000.000000000000000 ) ;
#1673 = CARTESIAN_POINT ( 'NONE',  ( -0.8847754037844385300, -0.5108253175473052000, -3.854166666666636800 ) ) ;
#1674 = EDGE_LOOP ( 'NONE', ( #2038, #1370, #1212, #1246 ) ) ;
#1675 = CARTESIAN_POINT ( 'NONE',  ( -0.6410254037844385100, 0.3700961894323343000, 0.7166666666666701200 ) ) ;
#1676 = ADVANCED_FACE ( 'NONE', ( #2919 ), #1330, .T. ) ;
#1677 = ORIENTED_EDGE ( 'NONE', *, *, #2893, .F. ) ;
#1678 = DIRECTION ( 'NONE',  ( 0.0000000000000000000, 1.000000000000000000, 7.417567127063168400E-057 ) ) ;
#1679 = ORIENTED_EDGE ( 'NONE', *, *, #2136, .T. ) ;
#1680 = CARTESIAN_POINT ( 'NONE',  ( 0.0000000000000000000, 5.934053701650533800E-056, -3.999999999999999100 ) ) ;
#1681 = CARTESIAN_POINT ( 'NONE',  ( -0.8847754037844384200, 0.5108253175473055400, -1.095833333333361000 ) ) ;
#1682 = CARTESIAN_POINT ( 'NONE',  ( -0.4273502691896256500, 0.7401923788646683800, -1.366666666666664500 ) ) ;
#1683 = EDGE_CURVE ( 'NONE', #908, #2500, #2410, .T. ) ;
#1684 = EDGE_LOOP ( 'NONE', ( #3540, #3547, #724, #1603 ) ) ;
#1685 = DIRECTION ( 'NONE',  ( 0.0000000000000000000, 1.000000000000000000, 0.0000000000000000000 ) ) ;
#1686 =( BOUNDED_CURVE ( )  B_SPLINE_CURVE ( 2, ( #1341, #1869, #3277, #2431, #3300, #763, #787 ),
 .UNSPECIFIED., .F., .F. ) 
 B_SPLINE_CURVE_WITH_KNOTS ( ( 3, 2, 2, 3 ),
 ( 0.5625000000000001100, 0.5729166666666668500, 0.5833333333333332600, 0.5937500000000000000 ),
 .UNSPECIFIED. ) 
 CURVE ( )  GEOMETRIC_REPRESENTATION_ITEM ( )  RATIONAL_B_SPLINE_CURVE ( ( 0.9999999999999985600, 0.8660254037844402600, 1.000000000000000000, 0.8660254037844388200, 1.000000000000000000, 0.8660254037844388200, 1.000000000000000000 ) ) 
 REPRESENTATION_ITEM ( '' )  );
#1687 = CARTESIAN_POINT ( 'NONE',  ( -0.8847754037844384200, 0.5108253175473055400, -3.920833333333304100 ) ) ;
#1688 = VERTEX_POINT ( 'NONE', #2261 ) ;
#1689 = APPROVAL ( #2689, 'UNSPECIFIED' ) ;
#1690 = CARTESIAN_POINT ( 'NONE',  ( -0.4273502691896256500, 0.7401923788646683800, -3.766666666666664800 ) ) ;
#1691 = DIRECTION ( 'NONE',  ( -0.0000000000000000000, 7.417567127063168400E-057, -1.000000000000000000 ) ) ;
#1692 = CARTESIAN_POINT ( 'NONE',  ( -0.6410254037844385100, 0.3700961894323343000, -3.733333333333331600 ) ) ;
#1693 = CARTESIAN_POINT ( 'NONE',  ( -0.5898502691896255800, 1.021650635094610800, -2.729166666666694500 ) ) ;
#1694 = CARTESIAN_POINT ( 'NONE',  ( 0.8547005383792514200, -1.570059417833504600E-016, -0.6999999999999979600 ) ) ;
#1695 = ADVANCED_FACE ( 'NONE', ( #224 ), #1109, .T. ) ;
#1696 = DIRECTION ( 'NONE',  ( -0.0000000000000000000, 7.417567127063168400E-057, -1.000000000000000000 ) ) ;
#1697 = CARTESIAN_POINT ( 'NONE',  ( 0.8847754037844383100, -0.5108253175473058700, -3.320833333333303100 ) ) ;
#1698 = CARTESIAN_POINT ( 'NONE',  ( -0.6410254037844385100, 0.3700961894323343000, -3.733333333333331600 ) ) ;
#1699 = CARTESIAN_POINT ( 'NONE',  ( 0.8547005383792513100, -1.570059417833504600E-016, -2.699999999999998000 ) ) ;
#1700 = CARTESIAN_POINT ( 'NONE',  ( 1.224646799147353900E-016, -1.000000000000000400, -3.999999999999999100 ) ) ;
#1701 = CARTESIAN_POINT ( 'NONE',  ( 0.8847754037844388600, 0.5108253175473046500, -2.029166666666694300 ) ) ;
#1702 = CARTESIAN_POINT ( 'NONE',  ( 0.6410254037844388400, 0.3700961894323336300, -1.066666666666664700 ) ) ;
#1703 = CARTESIAN_POINT ( 'NONE',  ( 0.0000000000000000000, -6.162975822039154700E-030, 1.322649730810365700 ) ) ;
#1704 = CARTESIAN_POINT ( 'NONE',  ( 0.8847754037844383100, -0.5108253175473058700, -0.5208333333333032800 ) ) ;
#1705 = VECTOR ( 'NONE', #2885, 1000.000000000000000 ) ;
#1706 = CIRCLE ( 'NONE', #204, 1.800000000000000000 ) ;
#1707 = CARTESIAN_POINT ( 'NONE',  ( 0.4273502691896254900, -0.7401923788646686000, -3.166666666666665200 ) ) ;
#1708 = CARTESIAN_POINT ( 'NONE',  ( -0.8660254037844390400, 0.5000000000000003300, 0.1166666666666406800 ) ) ;
#1709 = EDGE_CURVE ( 'NONE', #3291, #314, #2447, .T. ) ;
#1710 = VECTOR ( 'NONE', #43, 1000.000000000000000 ) ;
#1711 = CARTESIAN_POINT ( 'NONE',  ( 0.4273502691896261500, 0.7401923788646681500, -1.833333333333331300 ) ) ;
#1712 = ORIENTED_EDGE ( 'NONE', *, *, #2454, .F. ) ;
#1713 = CARTESIAN_POINT ( 'NONE',  ( -0.5773502691896222900, 1.000000000000006400, 0.8333333333333614600 ) ) ;
#1714 = CARTESIAN_POINT ( 'NONE',  ( -1.162290413363968500E-016, 0.8660254037844341600, -0.2912878474779102000 ) ) ;
#1715 = CARTESIAN_POINT ( 'NONE',  ( 0.5898502691896262400, 1.021650635094610400, -1.995833333333361100 ) ) ;
#1716 = CARTESIAN_POINT ( 'NONE',  ( 0.0000000000000000000, 0.7401923788646683800, -0.1999999999999979300 ) ) ;
#1717 = VERTEX_POINT ( 'NONE', #1430 ) ;
#1718 = CARTESIAN_POINT ( 'NONE',  ( 0.0000000000000000000, 1.000000000000000400, -0.7999999999999717300 ) ) ;
#1719 = CARTESIAN_POINT ( 'NONE',  ( 1.179700538379251400, -2.167074732417838900E-016, -2.487499999999970100 ) ) ;
#1720 = CARTESIAN_POINT ( 'NONE',  ( 0.8547005383792514200, -1.570059417833504600E-016, 1.350000000000003900 ) ) ;
#1721 = ORIENTED_EDGE ( 'NONE', *, *, #1304, .T. ) ;
#1722 = CARTESIAN_POINT ( 'NONE',  ( -0.6410254037844386200, -0.3700961894323340200, 0.7333333333333358400 ) ) ;
#1723 = CARTESIAN_POINT ( 'NONE',  ( 0.8547005383792514200, -1.570059417833504600E-016, -3.499999999999998200 ) ) ;
#1724 = CARTESIAN_POINT ( 'NONE',  ( -1.224646799147353900E-016, -1.000000000000000400, -2.150000000000026100 ) ) ;
#1725 = ORIENTED_EDGE ( 'NONE', *, *, #661, .F. ) ;
#1726 = CARTESIAN_POINT ( 'NONE',  ( -0.6410254037844385100, 0.3700961894323343000, -0.9333333333333311300 ) ) ;
#1727 = DIRECTION ( 'NONE',  ( 0.0000000000000000000, 1.000000000000000000, 0.0000000000000000000 ) ) ;
#1728 = DIRECTION ( 'NONE',  ( 0.0000000000000000000, 1.000000000000000000, 0.0000000000000000000 ) ) ;
#1729 = ORIENTED_EDGE ( 'NONE', *, *, #3290, .T. ) ;
#1730 = CARTESIAN_POINT ( 'NONE',  ( -0.5898502691896255800, 1.021650635094610800, -1.529166666666694100 ) ) ;
#1731 = CARTESIAN_POINT ( 'NONE',  ( 0.8547005383792514200, -1.570059417833504600E-016, 1.300000000000002500 ) ) ;
#1732 = EDGE_CURVE ( 'NONE', #580, #323, #2586, .T. ) ;
#1733 = CARTESIAN_POINT ( 'NONE',  ( -0.8847754037844384200, 0.5108253175473055400, -0.7208333333333033500 ) ) ;
#1734 = CARTESIAN_POINT ( 'NONE',  ( -0.6410254037844385100, 0.3700961894323343000, 1.116666666666670200 ) ) ;
#1735 = AXIS2_PLACEMENT_3D ( 'NONE', #320, #897, #1992 ) ;
#1736 = CARTESIAN_POINT ( 'NONE',  ( -0.4273502691896259900, -0.7401923788646680400, -3.233333333333330700 ) ) ;
#1737 = CARTESIAN_POINT ( 'NONE',  ( 0.0000000000000000000, 1.000000000000000400, 2.816045736441646900E-014 ) ) ;
#1738 = CARTESIAN_POINT ( 'NONE',  ( 0.4273502691896254900, -0.7401923788646686000, -1.566666666666664700 ) ) ;
#1739 = CARTESIAN_POINT ( 'NONE',  ( 0.0000000000000000000, 7.417567127063218200E-058, 3.899999999999998100 ) ) ;
#1740 = CARTESIAN_POINT ( 'NONE',  ( -0.8847754037844384200, 0.5108253175473055400, 0.5041666666666389000 ) ) ;
#1741 = CARTESIAN_POINT ( 'NONE',  ( 0.4273502691896254900, -0.7401923788646686000, 0.03333333333333573400 ) ) ;
#1742 = B_SPLINE_CURVE_WITH_KNOTS ( 'NONE', 3,
 ( #1227, #2075, #655, #3163, #3197, #1783, #1536, #379, #949, #128, #1215, #116, #3436, #2058, #971, #2614 ),
 .UNSPECIFIED., .F., .F.,
 ( 4, 2, 2, 2, 2, 2, 2, 4 ),
 ( 0.0001618406094079692200, 0.0005257505742820282500, 0.0008896605391560869800, 0.001253570504030146000, 0.001617480468904204900, 0.002345300398652322800, 0.002709210363526381400, 0.003073120328400440000 ),
 .UNSPECIFIED. ) ;
#1743 = CARTESIAN_POINT ( 'NONE',  ( -1.251161180115475900E-016, -1.021650635094610800, -1.787499999999970100 ) ) ;
#1744 = CARTESIAN_POINT ( 'NONE',  ( 0.0000000000000000000, 0.7401923788646683800, 1.850000000000003600 ) ) ;
#1745 = DIRECTION ( 'NONE',  ( 0.0000000000000000000, -1.000000000000000000, -7.417567127063168400E-057 ) ) ;
#1746 = CARTESIAN_POINT ( 'NONE',  ( 0.6410254037844384000, -0.3700961894323345200, -1.133333333333331300 ) ) ;
#1747 = APPROVAL_PERSON_ORGANIZATION ( #1537, #1689, #1039 ) ;
#1748 =( BOUNDED_CURVE ( )  B_SPLINE_CURVE ( 2, ( #1644, #840, #2184, #3023, #3597, #510, #3582 ),
 .UNSPECIFIED., .F., .T. ) 
 B_SPLINE_CURVE_WITH_KNOTS ( ( 3, 2, 2, 3 ),
 ( 0.5937500000000000000, 0.6041666666666667400, 0.6145833333333332600, 0.6250000000000000000 ),
 .UNSPECIFIED. ) 
 CURVE ( )  GEOMETRIC_REPRESENTATION_ITEM ( )  RATIONAL_B_SPLINE_CURVE ( ( 1.000000000000000000, 0.8660254037844388200, 1.000000000000000000, 0.8660254037844388200, 1.000000000000000000, 0.8660254037844388200, 1.000000000000000000 ) ) 
 REPRESENTATION_ITEM ( '' )  );
#1749 = CARTESIAN_POINT ( 'NONE',  ( 0.6410254037844384000, -0.3700961894323345200, -1.133333333333331300 ) ) ;
#1750 = DIRECTION ( 'NONE',  ( -0.0000000000000000000, -0.0000000000000000000, 1.000000000000000000 ) ) ;
#1751 = EDGE_CURVE ( 'NONE', #1460, #1634, #1104, .T. ) ;
#1752 = CARTESIAN_POINT ( 'NONE',  ( -0.7499999999999964500, 0.4330127018922165800, 2.999999999999999100 ) ) ;
#1753 = CYLINDRICAL_SURFACE ( 'NONE', #1735, 1.000000000000000400 ) ;
#1754 = LINE ( 'NONE', #3130, #2278 ) ;
#1755 = CARTESIAN_POINT ( 'NONE',  ( 0.5898502691896262400, 1.021650635094610400, 0.8041666666666389400 ) ) ;
#1756 = CARTESIAN_POINT ( 'NONE',  ( -0.6410254037844385100, 0.3700961894323343000, 1.866666666666669400 ) ) ;
#1757 = VECTOR ( 'NONE', #1691, 1000.000000000000000 ) ;
#1758 = DIRECTION ( 'NONE',  ( 0.0000000000000000000, -1.000000000000000000, 0.0000000000000000000 ) ) ;
#1759 = AXIS2_PLACEMENT_3D ( 'NONE', #3435, #1561, #2123 ) ;
#1760 = CARTESIAN_POINT ( 'NONE',  ( -0.5898502691896260200, -1.021650635094610600, -1.820833333333303800 ) ) ;
#1761 = VECTOR ( 'NONE', #874, 1000.000000000000000 ) ;
#1762 = CARTESIAN_POINT ( 'NONE',  ( 0.6410254037844384000, -0.3700961894323345200, 1.666666666666668700 ) ) ;
#1763 = LINE ( 'NONE', #1175, #3149 ) ;
#1764 = CARTESIAN_POINT ( 'NONE',  ( -0.4273502691896259900, -0.7401923788646680400, -2.433333333333331300 ) ) ;
#1765 = VERTEX_POINT ( 'NONE', #24 ) ;
#1766 = CARTESIAN_POINT ( 'NONE',  ( -0.5773502691896281700, -0.9999999999999972200, -2.633333333333306200 ) ) ;
#1767 = CARTESIAN_POINT ( 'NONE',  ( 0.6410254037844384000, -0.3700961894323345200, -0.3333333333333313200 ) ) ;
#1768 = CARTESIAN_POINT ( 'NONE',  ( -1.224646799147353900E-016, -1.000000000000000400, 0.6499999999999742700 ) ) ;
#1769 = VERTEX_POINT ( 'NONE', #935 ) ;
#1770 = CARTESIAN_POINT ( 'NONE',  ( 0.5898502691896262400, 1.021650635094610400, 0.004166666666639319600 ) ) ;
#1771 = CARTESIAN_POINT ( 'NONE',  ( -0.6410254037844385100, 0.3700961894323343000, 1.466666666666669000 ) ) ;
#1772 = ORIENTED_EDGE ( 'NONE', *, *, #2164, .F. ) ;
#1773 = CARTESIAN_POINT ( 'NONE',  ( 0.0000000000000000000, 5.934053701650533800E-056, -3.999999999999999100 ) ) ;
#1774 = CARTESIAN_POINT ( 'NONE',  ( 1.154700538379251900, -2.121150477449814300E-016, -2.450000000000025500 ) ) ;
#1775 = CARTESIAN_POINT ( 'NONE',  ( -0.5898502691896255800, 1.021650635094610800, 1.645833333333363500 ) ) ;
#1776 = CARTESIAN_POINT ( 'NONE',  ( 0.8547005383792513100, -1.570059417833504600E-016, 1.700000000000002000 ) ) ;
#1777 = CARTESIAN_POINT ( 'NONE',  ( 0.6410254037844384000, -0.3700961894323345200, -1.083333333333329700 ) ) ;
#1778 = EDGE_LOOP ( 'NONE', ( #1248, #2021, #1205, #3543, #2253, #1808, #457, #4, #284, #183, #1258, #630, #502, #2884, #2122, #595, #2677, #3511, #2773, #2331, #1170, #93, #3247, #2300, #2085, #367, #1557, #2760, #849, #535, #2372, #201, #2719, #1725, #552, #187 ) ) ;
#1779 = CARTESIAN_POINT ( 'NONE',  ( -0.4273502691896259900, -0.7401923788646680400, -2.833333333333331700 ) ) ;
#1780 = CARTESIAN_POINT ( 'NONE',  ( -0.8660254037844390400, 0.5000000000000003300, -2.733333333333305000 ) ) ;
#1781 = CARTESIAN_POINT ( 'NONE',  ( -9.064742275298811100E-017, -0.7401923788646683800, 0.4000000000000019100 ) ) ;
#1782 = EDGE_LOOP ( 'NONE', ( #2675, #3211, #2684, #2850 ) ) ;
#1783 = CARTESIAN_POINT ( 'NONE',  ( -0.7393589578550589000, -0.6213743187582454500, -3.782054396345055500 ) ) ;
#1784 = CARTESIAN_POINT ( 'NONE',  ( 0.5898502691896262400, 1.021650635094610400, 1.204166666666639100 ) ) ;
#1785 = CARTESIAN_POINT ( 'NONE',  ( -0.8547005383792514200, 5.233531392778349000E-017, 0.3000000000000024900 ) ) ;
#1786 = EDGE_CURVE ( 'NONE', #2512, #1456, #578, .T. ) ;
#1787 = CARTESIAN_POINT ( 'NONE',  ( 0.8847754037844388600, 0.5108253175473046500, -0.4541666666666365800 ) ) ;
#1788 = CARTESIAN_POINT ( 'NONE',  ( 0.0000000000000000000, 1.000000000000000400, 1.200000000000028800 ) ) ;
#1789 = CARTESIAN_POINT ( 'NONE',  ( -0.4273502691896259900, -0.7401923788646680400, -1.183333333333329600 ) ) ;
#1790 = EDGE_CURVE ( 'NONE', #2897, #1070, #3154, .T. ) ;
#1791 = CARTESIAN_POINT ( 'NONE',  ( 0.0000000000000000000, 0.7401923788646683800, -1.399999999999998100 ) ) ;
#1792 = CARTESIAN_POINT ( 'NONE',  ( -0.8547005383792513100, 5.233531392778349000E-017, 0.3000000000000024900 ) ) ;
#1793 = CARTESIAN_POINT ( 'NONE',  ( 0.0000000000000000000, 5.934053701650533800E-056, -3.999999999999999100 ) ) ;
#1794 = CARTESIAN_POINT ( 'NONE',  ( 0.0000000000000000000, 1.000000000000000400, -2.799999999999971800 ) ) ;
#1795 = CARTESIAN_POINT ( 'NONE',  ( 0.4273502691896254900, -0.7401923788646686000, -3.516666666666663100 ) ) ;
#1796 = CARTESIAN_POINT ( 'NONE',  ( 1.179700538379251400, -2.167074732417838900E-016, -0.4625000000000275600 ) ) ;
#1797 = CARTESIAN_POINT ( 'NONE',  ( 0.0000000000000000000, 0.7401923788646683800, 2.200000000000002400 ) ) ;
#1798 = CARTESIAN_POINT ( 'NONE',  ( 0.0000000000000000000, 1.021650635094610800, 0.4125000000000300100 ) ) ;
#1799 = CARTESIAN_POINT ( 'NONE',  ( -1.224646799147353700E-016, -1.000000000000000400, 1.000000000000028200 ) ) ;
#1800 = CARTESIAN_POINT ( 'NONE',  ( -9.064742275298811100E-017, -0.7401923788646683800, 0.05000000000000403400 ) ) ;
#1801 = CARTESIAN_POINT ( 'NONE',  ( 0.6410254037844388400, 0.3700961894323336300, -1.866666666666664500 ) ) ;
#1802 = DIRECTION ( 'NONE',  ( 1.000000000000000000, 0.0000000000000000000, 0.0000000000000000000 ) ) ;
#1803 = EDGE_CURVE ( 'NONE', #894, #1297, #363, .T. ) ;
#1804 = DIRECTION ( 'NONE',  ( 1.000000000000000000, 1.224646799147353200E-016, 9.083899839618538000E-073 ) ) ;
#1805 = VECTOR ( 'NONE', #532, 1000.000000000000000 ) ;
#1806 = CARTESIAN_POINT ( 'NONE',  ( 0.6410254037844388400, 0.3700961894323336300, -2.616666666666663100 ) ) ;
#1807 = CARTESIAN_POINT ( 'NONE',  ( 0.0000000000000000000, 1.000000000000000400, -3.150000000000025700 ) ) ;
#1808 = ORIENTED_EDGE ( 'NONE', *, *, #1480, .F. ) ;
#1809 = CARTESIAN_POINT ( 'NONE',  ( 1.179700538379251400, -2.167074732417838900E-016, 0.7125000000000300000 ) ) ;
#1810 = ORIENTED_EDGE ( 'NONE', *, *, #3158, .F. ) ;
#1811 = CARTESIAN_POINT ( 'NONE',  ( -0.6410254037844386200, -0.3700961894323340200, -1.216666666666663200 ) ) ;
#1812 = CARTESIAN_POINT ( 'NONE',  ( 0.4273502691896254900, -0.7401923788646686000, -0.3666666666666644800 ) ) ;
#1813 = VERTEX_POINT ( 'NONE', #3132 ) ;
#1814 = CARTESIAN_POINT ( 'NONE',  ( 0.1622252560039872400, -0.9867537516090030300, -3.740192378864667200 ) ) ;
#1815 = VERTEX_POINT ( 'NONE', #3422 ) ;
#1816 = CARTESIAN_POINT ( 'NONE',  ( -0.6410254037844385100, 0.3700961894323343000, -2.083333333333329900 ) ) ;
#1817 = CARTESIAN_POINT ( 'NONE',  ( -0.8847754037844385300, -0.5108253175473052000, 1.370833333333305600 ) ) ;
#1818 = AXIS2_PLACEMENT_3D ( 'NONE', #3535, #2443, #2682 ) ;
#1819 = VERTEX_POINT ( 'NONE', #3147 ) ;
#1820 = CARTESIAN_POINT ( 'NONE',  ( -0.5898502691896260200, -1.021650635094610600, 1.379166666666697100 ) ) ;
#1821 = CARTESIAN_POINT ( 'NONE',  ( -0.7499999999999954500, -0.4330127018922179700, 2.999999999999999100 ) ) ;
#1822 = CARTESIAN_POINT ( 'NONE',  ( 0.4273502691896254900, -0.7401923788646686000, -1.516666666666663300 ) ) ;
#1823 = ORIENTED_EDGE ( 'NONE', *, *, #2271, .F. ) ;
#1824 = CARTESIAN_POINT ( 'NONE',  ( -9.064742275298811100E-017, -0.7401923788646683800, -0.3999999999999980200 ) ) ;
#1825 = CARTESIAN_POINT ( 'NONE',  ( -1.154700538379252100, 7.070501591499381500E-017, -3.499999999999972000 ) ) ;
#1826 = CARTESIAN_POINT ( 'NONE',  ( -0.4418558714824414300, -0.6109197974410296400, 3.819185312303926300 ) ) ;
#1827 = CARTESIAN_POINT ( 'NONE',  ( -0.6410254037844386200, -0.3700961894323340200, -3.216666666666663200 ) ) ;
#1828 = AXIS2_PLACEMENT_3D ( 'NONE', #1012, #2393, #2135 ) ;
#1829 = CARTESIAN_POINT ( 'NONE',  ( -0.4273502691896259900, -0.7401923788646680400, -3.583333333333329900 ) ) ;
#1830 = AXIS2_PLACEMENT_3D ( 'NONE', #1439, #2002, #318 ) ;
#1831 = CARTESIAN_POINT ( 'NONE',  ( -0.6410254037844385100, 0.3700961894323343000, 1.916666666666670700 ) ) ;
#1832 = EDGE_CURVE ( 'NONE', #1022, #1069, #942, .T. ) ;
#1833 = CARTESIAN_POINT ( 'NONE',  ( -0.5773502691896257300, 1.000000000000000200, -0.3166666666666925800 ) ) ;
#1834 = CARTESIAN_POINT ( 'NONE',  ( -9.064742275298811100E-017, -0.7401923788646683800, 1.200000000000002200 ) ) ;
#1835 = CARTESIAN_POINT ( 'NONE',  ( 1.224646799147353900E-016, -1.000000000000000400, -3.999999999999999100 ) ) ;
#1836 = CARTESIAN_POINT ( 'NONE',  ( 0.6410254037844388400, 0.3700961894323336300, -1.816666666666663100 ) ) ;
#1837 = FACE_OUTER_BOUND ( 'NONE', #508, .T. ) ;
#1838 = FACE_OUTER_BOUND ( 'NONE', #3333, .T. ) ;
#1839 = CARTESIAN_POINT ( 'NONE',  ( -0.4273502691896259900, -0.7401923788646680400, -3.983333333333329800 ) ) ;
#1840 = CYLINDRICAL_SURFACE ( 'NONE', #3, 1.899999999999999900 ) ;
#1841 = CARTESIAN_POINT ( 'NONE',  ( 0.4273502691896254900, -0.7401923788646686000, -3.916666666666663000 ) ) ;
#1842 = CARTESIAN_POINT ( 'NONE',  ( 0.6410254037844388400, 0.3700961894323336300, 0.5833333333333367000 ) ) ;
#1843 = CARTESIAN_POINT ( 'NONE',  ( -0.5773502691896231800, 1.000000000000005100, 1.283333333333307700 ) ) ;
#1844 = CARTESIAN_POINT ( 'NONE',  ( 0.0000000000000000000, 0.7401923788646683800, 0.6000000000000024200 ) ) ;
#1845 = EDGE_LOOP ( 'NONE', ( #3024, #1506, #3464 ) ) ;
#1846 = VECTOR ( 'NONE', #1925, 1000.000000000000000 ) ;
#1847 = CARTESIAN_POINT ( 'NONE',  ( 0.0000000000000000000, 1.000000000000000400, -3.550000000000026000 ) ) ;
#1848 = ORIENTED_EDGE ( 'NONE', *, *, #149, .T. ) ;
#1849 = EDGE_CURVE ( 'NONE', #1416, #637, #2507, .T. ) ;
#1850 = PERSON_AND_ORGANIZATION_ROLE ( 'design_owner' ) ;
#1851 = CARTESIAN_POINT ( 'NONE',  ( 0.8547005383792514200, -1.570059417833504600E-016, 0.5500000000000036000 ) ) ;
#1852 = CARTESIAN_POINT ( 'NONE',  ( 0.0000000000000000000, 5.934053701650533800E-056, -3.999999999999999100 ) ) ;
#1853 = VERTEX_POINT ( 'NONE', #83 ) ;
#1854 = AXIS2_PLACEMENT_3D ( 'NONE', #3079, #795, #2471 ) ;
#1855 = CARTESIAN_POINT ( 'NONE',  ( 0.8847754037844383100, -0.5108253175473058700, 2.279166666666696500 ) ) ;
#1856 = CARTESIAN_POINT ( 'NONE',  ( -0.6410254037844386200, -0.3700961894323340200, 1.583333333333336800 ) ) ;
#1857 = EDGE_LOOP ( 'NONE', ( #2428, #2880, #865, #3368 ) ) ;
#1858 = CARTESIAN_POINT ( 'NONE',  ( 0.6410254037844388400, 0.3700961894323336300, 0.9333333333333354600 ) ) ;
#1859 = CARTESIAN_POINT ( 'NONE',  ( 0.0000000000000000000, 1.000000000000000400, -3.599999999999971700 ) ) ;
#1860 = ORIENTED_EDGE ( 'NONE', *, *, #1161, .T. ) ;
#1861 = CARTESIAN_POINT ( 'NONE',  ( -0.6410254037844386200, -0.3700961894323340200, -2.416666666666663400 ) ) ;
#1862 =( BOUNDED_CURVE ( )  B_SPLINE_CURVE ( 2, ( #2072, #2859, #2350, #1513, #2867, #3453, #1223 ),
 .UNSPECIFIED., .F., .F. ) 
 B_SPLINE_CURVE_WITH_KNOTS ( ( 3, 2, 2, 3 ),
 ( 0.8124999999999998900, 0.8229166666666665200, 0.8333333333333333700, 0.8437500000000000000 ),
 .UNSPECIFIED. ) 
 CURVE ( )  GEOMETRIC_REPRESENTATION_ITEM ( )  RATIONAL_B_SPLINE_CURVE ( ( 1.000000000000001300, 0.8660254037844372600, 1.000000000000000000, 0.8660254037844387100, 1.000000000000000000, 0.8660254037844387100, 1.000000000000000000 ) ) 
 REPRESENTATION_ITEM ( '' )  );
#1863 = CARTESIAN_POINT ( 'NONE',  ( 0.4273502691896254900, -0.7401923788646686000, -1.116666666666662900 ) ) ;
#1864 = ORIENTED_EDGE ( 'NONE', *, *, #1683, .T. ) ;
#1865 = CARTESIAN_POINT ( 'NONE',  ( 1.154700538379251900, -2.121150477449814300E-016, -0.8500000000000255100 ) ) ;
#1866 = CARTESIAN_POINT ( 'NONE',  ( 0.4273502691896261500, 0.7401923788646680400, 2.216666666666670800 ) ) ;
#1867 = CARTESIAN_POINT ( 'NONE',  ( -0.8660254037844390400, -0.5000000000000000000, -1.866666666666638500 ) ) ;
#1868 = CARTESIAN_POINT ( 'NONE',  ( -0.4273502691896256000, 0.7401923788646683800, -2.116666666666663100 ) ) ;
#1869 = CARTESIAN_POINT ( 'NONE',  ( 0.5773502691896301700, 0.9999999999999940000, -1.583333333333359000 ) ) ;
#1870 = EDGE_CURVE ( 'NONE', #1552, #1549, #648, .T. ) ;
#1871 = CARTESIAN_POINT ( 'NONE',  ( 0.4273502691896254900, -0.7401923788646686000, -2.716666666666663700 ) ) ;
#1872 = CARTESIAN_POINT ( 'NONE',  ( -0.4273502691896256500, 0.7401923788646683800, -0.9166666666666633000 ) ) ;
#1873 = AXIS2_PLACEMENT_3D ( 'NONE', #1980, #3408, #334 ) ;
#1874 = CARTESIAN_POINT ( 'NONE',  ( 2.326828918379971400E-016, -1.899999999999999900, 3.899999999999998100 ) ) ;
#1875 = CARTESIAN_POINT ( 'NONE',  ( -1.224646799147353900E-016, -1.000000000000000400, 1.449999999999974400 ) ) ;
#1876 = DIRECTION ( 'NONE',  ( 0.0000000000000000000, 1.000000000000000000, 0.0000000000000000000 ) ) ;
#1877 = CARTESIAN_POINT ( 'NONE',  ( 0.4273502691896261500, 0.7401923788646680400, 1.016666666666669900 ) ) ;
#1878 = CARTESIAN_POINT ( 'NONE',  ( -1.154700538379251900, 7.070501591499382700E-017, 1.349999999999974300 ) ) ;
#1879 = CARTESIAN_POINT ( 'NONE',  ( -0.8547005383792513100, 5.233531392778349000E-017, -2.049999999999996300 ) ) ;
#1880 = DATE_AND_TIME ( #2189, #2665 ) ;
#1881 = CARTESIAN_POINT ( 'NONE',  ( -0.4273502691896256500, 0.7401923788646683800, -2.916666666666663000 ) ) ;
#1882 = FACE_OUTER_BOUND ( 'NONE', #3621, .T. ) ;
#1883 = AXIS2_PLACEMENT_3D ( 'NONE', #604, #2791, #616 ) ;
#1884 = CARTESIAN_POINT ( 'NONE',  ( 0.0000000000000000000, 0.7401923788646683800, 0.6500000000000039100 ) ) ;
#1885 = DIRECTION ( 'NONE',  ( 1.001543065824777700E-015, -1.000000000000000000, -7.417567127063168400E-057 ) ) ;
#1886 = DIRECTION ( 'NONE',  ( 0.0000000000000000000, 1.000000000000000000, 0.0000000000000000000 ) ) ;
#1887 = CONICAL_SURFACE ( 'NONE', #10, 0.9309773090682665900, 0.7853981633974500600 ) ;
#1888 = VERTEX_POINT ( 'NONE', #922 ) ;
#1889 = AXIS2_PLACEMENT_3D ( 'NONE', #2133, #745, #3493 ) ;
#1890 = CARTESIAN_POINT ( 'NONE',  ( -0.4273502691896256500, 0.7401923788646683800, -2.966666666666664600 ) ) ;
#1891 = CARTESIAN_POINT ( 'NONE',  ( 0.6314821731370089400, 0.5014390011353332400, 3.872451086626323300 ) ) ;
#1892 = CARTESIAN_POINT ( 'NONE',  ( 0.0000000000000000000, 0.7401923788646683800, -1.349999999999996500 ) ) ;
#1893 = CARTESIAN_POINT ( 'NONE',  ( 0.0000000000000000000, 1.000000000000000400, -1.199999999999972000 ) ) ;
#1894 = ORIENTED_EDGE ( 'NONE', *, *, #1902, .T. ) ;
#1895 = ADVANCED_FACE ( 'NONE', ( #1626 ), #3366, .T. ) ;
#1896 = VERTEX_POINT ( 'NONE', #1488 ) ;
#1897 = AXIS2_PLACEMENT_3D ( 'NONE', #3531, #3579, #3595 ) ;
#1898 = CARTESIAN_POINT ( 'NONE',  ( -0.4273502691896259900, -0.7401923788646680400, -1.183333333333329600 ) ) ;
#1899 = CARTESIAN_POINT ( 'NONE',  ( 0.5773502691896237300, -1.000000000000003600, 0.2833333333333078500 ) ) ;
#1900 = CARTESIAN_POINT ( 'NONE',  ( 2.326828918379971400E-016, -1.899999999999999900, 3.899999999999998100 ) ) ;
#1901 = VERTEX_POINT ( 'NONE', #667 ) ;
#1902 = EDGE_CURVE ( 'NONE', #952, #3113, #1638, .T. ) ;
#1903 = CARTESIAN_POINT ( 'NONE',  ( -1.179700538379251400, 7.223582441392798400E-017, -3.062500000000028400 ) ) ;
#1904 = CARTESIAN_POINT ( 'NONE',  ( -0.6410254037844386200, -0.3700961894323340200, -2.866666666666664500 ) ) ;
#1905 = CARTESIAN_POINT ( 'NONE',  ( -1.224646799147353900E-016, -1.000000000000000400, 0.6499999999999742700 ) ) ;
#1906 = ORIENTED_EDGE ( 'NONE', *, *, #3122, .F. ) ;
#1907 = CARTESIAN_POINT ( 'NONE',  ( -0.8547005383792513100, 5.233531392778349000E-017, -3.249999999999996400 ) ) ;
#1908 = CARTESIAN_POINT ( 'NONE',  ( -2.957777494895041700E-011, 0.7834936490557787800, 1.775000000001087000 ) ) ;
#1909 = ORIENTED_EDGE ( 'NONE', *, *, #896, .T. ) ;
#1910 = CARTESIAN_POINT ( 'NONE',  ( 0.6410254037844384000, -0.3700961894323345200, 1.316666666666670000 ) ) ;
#1911 = CARTESIAN_POINT ( 'NONE',  ( 0.8660254037844393700, 0.4999999999999994400, -2.466666666666638400 ) ) ;
#1912 = CARTESIAN_POINT ( 'NONE',  ( 0.0000000000000000000, -6.162975822039154700E-030, 1.322649730810365700 ) ) ;
#1913 = DIRECTION ( 'NONE',  ( -0.0000000000000000000, 7.417567127063168400E-057, -1.000000000000000000 ) ) ;
#1914 = CARTESIAN_POINT ( 'NONE',  ( 0.6410254037844384000, -0.3700961894323345200, 2.066666666666669100 ) ) ;
#1915 = CARTESIAN_POINT ( 'NONE',  ( -9.064742275298811100E-017, -0.7401923788646683800, -2.399999999999997700 ) ) ;
#1916 = ADVANCED_FACE ( 'NONE', ( #3009 ), #1887, .F. ) ;
#1917 = CARTESIAN_POINT ( 'NONE',  ( 0.6410254037844388400, 0.3700961894323336300, -2.616666666666663100 ) ) ;
#1918 = CARTESIAN_POINT ( 'NONE',  ( -0.1134983245591241500, 0.7907367405984436800, 1.779181800855648800 ) ) ;
#1919 = EDGE_CURVE ( 'NONE', #1220, #276, #97, .T. ) ;
#1920 = CARTESIAN_POINT ( 'NONE',  ( 0.6410254037844384000, -0.3700961894323345200, 0.1166666666666703000 ) ) ;
#1921 = CARTESIAN_POINT ( 'NONE',  ( 0.5773502691896301700, 0.9999999999999940000, -2.433333333333305600 ) ) ;
#1922 = CARTESIAN_POINT ( 'NONE',  ( 0.4273502691896241000, -0.7401923788646709300, -3.966666666666664600 ) ) ;
#1923 = CARTESIAN_POINT ( 'NONE',  ( 0.0000000000000000000, 1.000000000000000400, 0.04999999999997440500 ) ) ;
#1924 = DATE_AND_TIME ( #3185, #1144 ) ;
#1925 = DIRECTION ( 'NONE',  ( -0.7071067811865487900, 8.659560562354948900E-017, 0.7071067811865463500 ) ) ;
#1926 = CARTESIAN_POINT ( 'NONE',  ( 0.5186004454877215500, 0.5281461309801230900, 1.749999999999996400 ) ) ;
#1927 = CARTESIAN_POINT ( 'NONE',  ( 0.6410254037844384000, -0.3700961894323345200, 1.666666666666668700 ) ) ;
#1928 = CARTESIAN_POINT ( 'NONE',  ( -9.064742275298811100E-017, -0.7401923788646683800, -2.799999999999997600 ) ) ;
#1929 = FACE_OUTER_BOUND ( 'NONE', #2923, .T. ) ;
#1930 = CARTESIAN_POINT ( 'NONE',  ( -0.6410254037844385100, 0.3700961894323343000, -0.8833333333333297500 ) ) ;
#1931 = LINE ( 'NONE', #3316, #1450 ) ;
#1932 = CARTESIAN_POINT ( 'NONE',  ( -0.8847754037844384200, 0.5108253175473055400, -2.720833333333303500 ) ) ;
#1933 = CIRCLE ( 'NONE', #1828, 1.800000000000000000 ) ;
#1934 = EDGE_LOOP ( 'NONE', ( #985, #1026, #248, #2341 ) ) ;
#1935 = CARTESIAN_POINT ( 'NONE',  ( -0.8547005383792513100, 5.233531392778349000E-017, -0.4499999999999964000 ) ) ;
#1936 = ADVANCED_FACE ( 'NONE', ( #1503 ), #311, .T. ) ;
#1937 = CARTESIAN_POINT ( 'NONE',  ( 0.0000000000000000000, 1.000000000000000400, -2.799999999999971800 ) ) ;
#1938 = EDGE_LOOP ( 'NONE', ( #3378, #2552, #1721, #2539 ) ) ;
#1939 = CARTESIAN_POINT ( 'NONE',  ( -9.064742275298811100E-017, -0.7401923788646683800, 0.8500000000000035300 ) ) ;
#1940 = CARTESIAN_POINT ( 'NONE',  ( 0.0000000000000000000, 1.000000000000000400, -1.999999999999971800 ) ) ;
#1941 = CARTESIAN_POINT ( 'NONE',  ( -1.251161180115475900E-016, -1.021650635094610800, -3.362500000000027800 ) ) ;
#1942 = CARTESIAN_POINT ( 'NONE',  ( 0.4273502691896254900, -0.7401923788646686000, -3.966666666666664100 ) ) ;
#1943 = EDGE_LOOP ( 'NONE', ( #2708, #114 ) ) ;
#1944 = EDGE_CURVE ( 'NONE', #2338, #1416, #1224, .T. ) ;
#1945 = CARTESIAN_POINT ( 'NONE',  ( 0.8547005383792513100, -1.570059417833504600E-016, -1.049999999999996300 ) ) ;
#1946 = CARTESIAN_POINT ( 'NONE',  ( -0.5898502691896260200, -1.021650635094610600, -3.420833333333303200 ) ) ;
#1947 = ORIENTED_EDGE ( 'NONE', *, *, #3392, .T. ) ;
#1948 = AXIS2_PLACEMENT_3D ( 'NONE', #81, #1486, #2895 ) ;
#1949 = CARTESIAN_POINT ( 'NONE',  ( -0.6410254037844385100, 0.3700961894323343000, -0.4833333333333295600 ) ) ;
#1950 = CARTESIAN_POINT ( 'NONE',  ( 0.5773502691896238400, -1.000000000000003800, -2.566666666666638000 ) ) ;
#1951 = ORIENTED_EDGE ( 'NONE', *, *, #2728, .T. ) ;
#1952 = DIRECTION ( 'NONE',  ( 0.0000000000000000000, 1.000000000000000000, 7.417567127063168400E-057 ) ) ;
#1953 = CARTESIAN_POINT ( 'NONE',  ( -0.6410254037844385100, 0.3700961894323343000, 1.466666666666669000 ) ) ;
#1954 = CARTESIAN_POINT ( 'NONE',  ( -0.6410254037844386200, -0.3700961894323340200, -2.066666666666664700 ) ) ;
#1955 = ADVANCED_FACE ( 'NONE', ( #141 ), #3625, .T. ) ;
#1956 = CARTESIAN_POINT ( 'NONE',  ( 0.5898502691896252400, -1.021650635094611100, -2.954166666666636900 ) ) ;
#1957 = CARTESIAN_POINT ( 'NONE',  ( -0.6410254037844386200, -0.3700961894323340200, 0.7833333333333372100 ) ) ;
#1958 = CARTESIAN_POINT ( 'NONE',  ( -0.6410254037844385100, 0.3700961894323343000, 0.7166666666666701200 ) ) ;
#1959 = CARTESIAN_POINT ( 'NONE',  ( 0.6410254037844388400, 0.3700961894323336300, -3.866666666666664500 ) ) ;
#1960 = CARTESIAN_POINT ( 'NONE',  ( 0.8847754037844388600, 0.5108253175473046500, -1.629166666666694600 ) ) ;
#1961 = CARTESIAN_POINT ( 'NONE',  ( -0.4273502691896256500, 0.7401923788646683800, -0.9666666666666646800 ) ) ;
#1962 = CARTESIAN_POINT ( 'NONE',  ( -0.5898502691896255800, 1.021650635094610800, -3.554166666666636900 ) ) ;
#1963 = EDGE_CURVE ( 'NONE', #1424, #758, #757, .T. ) ;
#1964 = CARTESIAN_POINT ( 'NONE',  ( -0.4273502691896256500, 0.7401923788646683800, -2.966666666666664600 ) ) ;
#1965 = ADVANCED_FACE ( 'NONE', ( #669 ), #847, .F. ) ;
#1966 = PERSON_AND_ORGANIZATION ( #3626, #486 ) ;
#1967 = CARTESIAN_POINT ( 'NONE',  ( 1.224646799147353900E-016, -1.000000000000000400, -3.999999999999999100 ) ) ;
#1968 = EDGE_CURVE ( 'NONE', #2174, #3294, #274, .T. ) ;
#1969 = CARTESIAN_POINT ( 'NONE',  ( 0.8660254037844388200, -0.5000000000000006700, -3.733333333333304500 ) ) ;
#1970 = CARTESIAN_POINT ( 'NONE',  ( 0.0000000000000000000, 1.483513425412634100E-056, 1.999999999999999100 ) ) ;
#1971 = VERTEX_POINT ( 'NONE', #139 ) ;
#1972 = CARTESIAN_POINT ( 'NONE',  ( 0.8847754037844383100, -0.5108253175473058700, -2.895833333333361500 ) ) ;
#1973 = CARTESIAN_POINT ( 'NONE',  ( -9.064742275298811100E-017, -0.7401923788646683800, -0.3999999999999980200 ) ) ;
#1974 = CARTESIAN_POINT ( 'NONE',  ( -0.5898502691896255800, 1.021650635094610800, -3.154166666666637000 ) ) ;
#1975 = VERTEX_POINT ( 'NONE', #2932 ) ;
#1976 = CARTESIAN_POINT ( 'NONE',  ( 0.4273502691896254900, -0.7401923788646686000, 1.683333333333337100 ) ) ;
#1977 = ORIENTED_EDGE ( 'NONE', *, *, #3392, .F. ) ;
#1978 = CARTESIAN_POINT ( 'NONE',  ( 0.6410254037844388400, 0.3700961894323336300, -2.666666666666664300 ) ) ;
#1979 = ORIENTED_EDGE ( 'NONE', *, *, #520, .F. ) ;
#1980 = CARTESIAN_POINT ( 'NONE',  ( 0.0000000000000000000, -1.224646799147343400E-013, 1001.322649730810300 ) ) ;
#1981 = CARTESIAN_POINT ( 'NONE',  ( 0.5898502691896262400, 1.021650635094610400, -1.595833333333361000 ) ) ;
#1982 = CARTESIAN_POINT ( 'NONE',  ( 0.6410254037844384000, -0.3700961894323345200, -0.7333333333333310600 ) ) ;
#1983 = EDGE_CURVE ( 'NONE', #637, #2074, #1165, .T. ) ;
#1984 = ORIENTED_EDGE ( 'NONE', *, *, #214, .F. ) ;
#1985 = CARTESIAN_POINT ( 'NONE',  ( 0.8847754037844388600, 0.5108253175473046500, -2.054166666666636900 ) ) ;
#1986 = EDGE_LOOP ( 'NONE', ( #271, #961 ) ) ;
#1987 = CARTESIAN_POINT ( 'NONE',  ( 0.6410254037844384000, -0.3700961894323345200, -3.133333333333331100 ) ) ;
#1988 = CARTESIAN_POINT ( 'NONE',  ( 0.0000000000000000000, 5.934053701650533800E-056, -3.999999999999999100 ) ) ;
#1989 = CARTESIAN_POINT ( 'NONE',  ( -0.6410254037844386200, -0.3700961894323340200, -1.266666666666664600 ) ) ;
#1990 = ORIENTED_EDGE ( 'NONE', *, *, #541, .F. ) ;
#1991 = DIRECTION ( 'NONE',  ( -0.0000000000000000000, 7.417567127063168400E-057, -1.000000000000000000 ) ) ;
#1992 = DIRECTION ( 'NONE',  ( 0.0000000000000000000, 1.000000000000000000, 0.0000000000000000000 ) ) ;
#1993 =( BOUNDED_CURVE ( )  B_SPLINE_CURVE ( 2, ( #1568, #2145, #735, #2415, #2700 ),
 .UNSPECIFIED., .F., .T. ) 
 B_SPLINE_CURVE_WITH_KNOTS ( ( 3, 2, 3 ),
 ( 0.9062499999999998900, 0.9166666666666666300, 0.9218749999999955600 ),
 .UNSPECIFIED. ) 
 CURVE ( )  GEOMETRIC_REPRESENTATION_ITEM ( )  RATIONAL_B_SPLINE_CURVE ( ( 1.000000000000001300, 0.8660254037844372600, 1.000000000000000000, 0.9330127018922764700, 0.9330127018922194100 ) ) 
 REPRESENTATION_ITEM ( '' )  );
#1994 = CARTESIAN_POINT ( 'NONE',  ( 0.0000000000000000000, 1.021650635094610800, -1.162500000000027600 ) ) ;
#1995 = CARTESIAN_POINT ( 'NONE',  ( 0.0000000000000000000, 0.7401923788646683800, -0.5999999999999976500 ) ) ;
#1996 = DIRECTION ( 'NONE',  ( -0.0000000000000000000, 7.417567127063168400E-057, -1.000000000000000000 ) ) ;
#1997 = CARTESIAN_POINT ( 'NONE',  ( -0.5898502691896255800, 1.021650635094610800, -1.554166666666636700 ) ) ;
#1998 = CARTESIAN_POINT ( 'NONE',  ( 0.8547005383792514200, -1.570059417833504600E-016, 2.150000000000003500 ) ) ;
#1999 = CARTESIAN_POINT ( 'NONE',  ( -0.8660254037844390400, 0.5000000000000003300, -2.283333333333359000 ) ) ;
#2000 = CARTESIAN_POINT ( 'NONE',  ( 0.0000000000000000000, 0.7401923788646683800, -4.199999999999998400 ) ) ;
#2001 = CARTESIAN_POINT ( 'NONE',  ( -0.4273502691896256000, 0.7401923788646683800, -1.766666666666664600 ) ) ;
#2002 = DIRECTION ( 'NONE',  ( -0.0000000000000000000, 7.417567127063168400E-057, -1.000000000000000000 ) ) ;
#2003 = CARTESIAN_POINT ( 'NONE',  ( 0.0000000000000000000, 1.000000000000000900, 1.899999999999998100 ) ) ;
#2004 = CARTESIAN_POINT ( 'NONE',  ( 0.0000000000000000000, 1.021650635094610800, -1.962500000000027700 ) ) ;
#2005 = CARTESIAN_POINT ( 'NONE',  ( 0.6410254037844384000, -0.3700961894323345200, 1.666666666666668700 ) ) ;
#2006 = COORDINATED_UNIVERSAL_TIME_OFFSET ( 6, 0, .BEHIND. ) ;
#2007 = DIRECTION ( 'NONE',  ( -0.8660254037844392600, 0.4999999999999987800, 3.708783563531575100E-057 ) ) ;
#2008 = CARTESIAN_POINT ( 'NONE',  ( -0.8847754037844385300, -0.5108253175473052000, -0.6541666666666367000 ) ) ;
#2009 = CARTESIAN_POINT ( 'NONE',  ( -0.4273502691896256500, 0.7401923788646683800, 1.483333333333337400 ) ) ;
#2010 = CARTESIAN_POINT ( 'NONE',  ( -0.8547005383792513100, 5.233531392778349000E-017, 1.100000000000002100 ) ) ;
#2011 = CARTESIAN_POINT ( 'NONE',  ( 0.0000000000000000000, 5.934053701650533800E-056, -3.999999999999999100 ) ) ;
#2012 = DIRECTION ( 'NONE',  ( -0.0000000000000000000, -0.0000000000000000000, 1.000000000000000000 ) ) ;
#2013 = EDGE_CURVE ( 'NONE', #2117, #1456, #2277, .T. ) ;
#2014 = LINE ( 'NONE', #3443, #1369 ) ;
#2015 =( BOUNDED_CURVE ( )  B_SPLINE_CURVE ( 2, ( #298, #569, #1137, #1418, #3107, #856, #1148 ),
 .UNSPECIFIED., .F., .T. ) 
 B_SPLINE_CURVE_WITH_KNOTS ( ( 3, 2, 2, 3 ),
 ( 0.4687499999999999400, 0.4791666666666666300, 0.4895833333333332600, 0.4999999999999999400 ),
 .UNSPECIFIED. ) 
 CURVE ( )  GEOMETRIC_REPRESENTATION_ITEM ( )  RATIONAL_B_SPLINE_CURVE ( ( 1.000000000000000700, 0.8660254037844380400, 1.000000000000000000, 0.8660254037844387100, 1.000000000000000000, 0.8660254037844393700, 0.9999999999999993300 ) ) 
 REPRESENTATION_ITEM ( '' )  );
#2016 = CARTESIAN_POINT ( 'NONE',  ( 0.6410254037844384000, -0.3700961894323345200, -2.733333333333331600 ) ) ;
#2017 = LINE ( 'NONE', #1609, #3276 ) ;
#2018 = CARTESIAN_POINT ( 'NONE',  ( 0.8660254037844388200, -0.5000000000000006700, -0.4833333333333592100 ) ) ;
#2019 = CARTESIAN_POINT ( 'NONE',  ( 0.0000000000000000000, 1.021650635094610800, 0.03749999999997245100 ) ) ;
#2020 = CARTESIAN_POINT ( 'NONE',  ( -0.6410254037844386200, -0.3700961894323340200, 1.533333333333335400 ) ) ;
#2021 = ORIENTED_EDGE ( 'NONE', *, *, #2057, .T. ) ;
#2022 = AXIS2_PLACEMENT_3D ( 'NONE', #3354, #895, #3092 ) ;
#2023 = CARTESIAN_POINT ( 'NONE',  ( -0.8847754037844384200, 0.5108253175473055400, -1.920833333333303400 ) ) ;
#2024 = CARTESIAN_POINT ( 'NONE',  ( 0.6410254037844388400, 0.3700961894323336300, 0.9833333333333369500 ) ) ;
#2025 = ORIENTED_EDGE ( 'NONE', *, *, #1501, .T. ) ;
#2026 = CARTESIAN_POINT ( 'NONE',  ( 0.6410254037844388400, 0.3700961894323336300, 0.9333333333333354600 ) ) ;
#2027 = CARTESIAN_POINT ( 'NONE',  ( -0.8547005383792514200, 5.233531392778349000E-017, -2.499999999999998200 ) ) ;
#2028 = AXIS2_PLACEMENT_3D ( 'NONE', #1389, #538, #2547 ) ;
#2029 = CARTESIAN_POINT ( 'NONE',  ( -0.5773502691896259500, 1.000000000000000400, -0.3666666666666385000 ) ) ;
#2030 = VERTEX_POINT ( 'NONE', #153 ) ;
#2031 = CARTESIAN_POINT ( 'NONE',  ( 0.0000000000000000000, 0.7401923788646683800, -1.799999999999997800 ) ) ;
#2032 = DIRECTION ( 'NONE',  ( 0.0000000000000000000, 1.000000000000000000, 0.0000000000000000000 ) ) ;
#2033 = ORIENTED_EDGE ( 'NONE', *, *, #1078, .T. ) ;
#2034 = CARTESIAN_POINT ( 'NONE',  ( -0.5898502691896255800, 1.021650635094610800, 0.8708333333333059300 ) ) ;
#2035 = CARTESIAN_POINT ( 'NONE',  ( -0.6410254037844386200, -0.3700961894323340200, 1.933333333333335600 ) ) ;
#2036 = EDGE_CURVE ( 'NONE', #371, #2296, #1154, .T. ) ;
#2037 = CARTESIAN_POINT ( 'NONE',  ( -1.224646799147353700E-016, -1.000000000000000400, -0.5999999999999716700 ) ) ;
#2038 = ORIENTED_EDGE ( 'NONE', *, *, #513, .F. ) ;
#2039 = CARTESIAN_POINT ( 'NONE',  ( 0.8847754037844388600, 0.5108253175473046500, -1.254166666666636900 ) ) ;
#2040 = CARTESIAN_POINT ( 'NONE',  ( 0.5186004454877215500, 0.5281461309801230900, 1.749999999999996400 ) ) ;
#2041 = AXIS2_PLACEMENT_3D ( 'NONE', #3359, #1696, #3087 ) ;
#2042 = CARTESIAN_POINT ( 'NONE',  ( 0.6410254037844388400, 0.3700961894323336300, -2.266666666666664800 ) ) ;
#2043 = CARTESIAN_POINT ( 'NONE',  ( -0.8660254037844390400, -0.5000000000000000000, -0.2666666666666385700 ) ) ;
#2044 = CARTESIAN_POINT ( 'NONE',  ( 0.8547005383792513100, -1.570059417833504600E-016, -0.2999999999999977700 ) ) ;
#2045 = CARTESIAN_POINT ( 'NONE',  ( -1.201841278886867200E-016, 0.8660254037844341600, 3.935048094716167000 ) ) ;
#2046 = CARTESIAN_POINT ( 'NONE',  ( 1.347111479062090200E-016, -1.100000000000001400, 1.899999999999998100 ) ) ;
#2047 = B_SPLINE_CURVE_WITH_KNOTS ( 'NONE', 3,
 ( #1598, #984, #2911, #974, #475, #2901, #3473, #2442, #1530, #2424, #2698, #1322, #2770, #1112, #3568, #253 ),
 .UNSPECIFIED., .F., .F.,
 ( 4, 2, 2, 2, 2, 2, 2, 4 ),
 ( 0.003073120328400440000, 0.003386910075745045100, 0.003700699823089650700, 0.004328279317778861400, 0.004642069065123466100, 0.004955858812468071600, 0.005269648559812677200, 0.005583438307157281800 ),
 .UNSPECIFIED. ) ;
#2048 = CARTESIAN_POINT ( 'NONE',  ( -0.5898502691896260200, -1.021650635094610600, -0.1958333333333612300 ) ) ;
#2049 = CARTESIAN_POINT ( 'NONE',  ( 0.6410254037844388400, 0.3700961894323336300, 0.5333333333333353200 ) ) ;
#2050 = CARTESIAN_POINT ( 'NONE',  ( 0.8660254037844388200, -0.5000000000000006700, -2.483333333333359100 ) ) ;
#2051 = CARTESIAN_POINT ( 'NONE',  ( 0.5898502691896252400, -1.021650635094611100, 0.2458333333333635200 ) ) ;
#2052 = CARTESIAN_POINT ( 'NONE',  ( 0.5905835469186629900, 0.4574640483519743500, 1.741202265916659500 ) ) ;
#2053 = CARTESIAN_POINT ( 'NONE',  ( 0.8547005383792514200, -1.570059417833504600E-016, -0.6499999999999965800 ) ) ;
#2054 = CARTESIAN_POINT ( 'NONE',  ( -0.4273502691896256500, 0.7401923788646683800, -2.566666666666664200 ) ) ;
#2055 = CARTESIAN_POINT ( 'NONE',  ( 0.6410254037844388400, 0.3700961894323336300, 0.5333333333333353200 ) ) ;
#2056 = CARTESIAN_POINT ( 'NONE',  ( 0.5773502691896301700, 0.9999999999999940000, -3.583333333333359200 ) ) ;
#2057 = EDGE_CURVE ( 'NONE', #1122, #995, #2557, .T. ) ;
#2058 = CARTESIAN_POINT ( 'NONE',  ( -0.2450578198201063000, 0.8516616073055729400, -3.862318593714759300 ) ) ;
#2059 = CIRCLE ( 'NONE', #3216, 1.000000000000000900 ) ;
#2060 = CARTESIAN_POINT ( 'NONE',  ( 0.8847754037844383100, -0.5108253175473058700, -0.4958333333333611000 ) ) ;
#2061 = CARTESIAN_POINT ( 'NONE',  ( -9.064742275298811100E-017, -0.7401923788646683800, 1.200000000000002200 ) ) ;
#2062 = DIRECTION ( 'NONE',  ( 0.0000000000000000000, 1.000000000000000000, 0.0000000000000000000 ) ) ;
#2063 = LINE ( 'NONE', #2525, #2235 ) ;
#2064 = PRODUCT_RELATED_PRODUCT_CATEGORY ( 'detail', '', ( #916 ) ) ;
#2065 = CARTESIAN_POINT ( 'NONE',  ( -0.8847754037844385300, -0.5108253175473052000, -0.2541666666666369500 ) ) ;
#2066 = ORIENTED_EDGE ( 'NONE', *, *, #2160, .F. ) ;
#2067 = CARTESIAN_POINT ( 'NONE',  ( -1.224646799147353700E-016, -1.000000000000000400, -2.599999999999971700 ) ) ;
#2068 = CARTESIAN_POINT ( 'NONE',  ( -9.064742275298811100E-017, -0.7401923788646683800, -0.7499999999999963400 ) ) ;
#2069 =( BOUNDED_CURVE ( )  B_SPLINE_CURVE ( 2, ( #262, #3606, #277, #2741, #3284, #2491, #1653 ),
 .UNSPECIFIED., .F., .T. ) 
 B_SPLINE_CURVE_WITH_KNOTS ( ( 3, 2, 2, 3 ),
 ( 0.3749999999999999400, 0.3854166666666666300, 0.3958333333333332600, 0.4062499999999999400 ),
 .UNSPECIFIED. ) 
 CURVE ( )  GEOMETRIC_REPRESENTATION_ITEM ( )  RATIONAL_B_SPLINE_CURVE ( ( 1.000000000000000700, 0.8660254037844380400, 1.000000000000000000, 0.8660254037844387100, 1.000000000000000000, 0.8660254037844393700, 0.9999999999999993300 ) ) 
 REPRESENTATION_ITEM ( '' )  );
#2070 = CARTESIAN_POINT ( 'NONE',  ( -0.4273502691896259900, -0.7401923788646680400, -1.633333333333331300 ) ) ;
#2071 = ORIENTED_EDGE ( 'NONE', *, *, #1013, .T. ) ;
#2072 = CARTESIAN_POINT ( 'NONE',  ( 0.0000000000000000000, 1.000000000000000400, 1.200000000000028800 ) ) ;
#2073 = CARTESIAN_POINT ( 'NONE',  ( -0.4273502691896259300, -0.7401923788646681500, 0.3666666666666688100 ) ) ;
#2074 = VERTEX_POINT ( 'NONE', #2476 ) ;
#2075 = CARTESIAN_POINT ( 'NONE',  ( -0.1211451460007114300, -0.9893202537324188300, -3.750872125131685700 ) ) ;
#2076 = CARTESIAN_POINT ( 'NONE',  ( 0.4273502691896254900, -0.7401923788646686000, -1.516666666666663300 ) ) ;
#2077 = CARTESIAN_POINT ( 'NONE',  ( -0.5898502691896260200, -1.021650635094610600, 0.6041666666666392100 ) ) ;
#2078 = CARTESIAN_POINT ( 'NONE',  ( 0.0000000000000000000, 1.000000000000000400, -0.7500000000000255400 ) ) ;
#2079 = ORIENTED_EDGE ( 'NONE', *, *, #3590, .T. ) ;
#2080 = CARTESIAN_POINT ( 'NONE',  ( -0.8847754037844384200, 0.5108253175473055400, 0.07916666666669697200 ) ) ;
#2081 = DIRECTION ( 'NONE',  ( 0.0000000000000000000, 1.000000000000000000, 0.0000000000000000000 ) ) ;
#2082 = CARTESIAN_POINT ( 'NONE',  ( 0.8547005383792514200, -1.570059417833504600E-016, -1.849999999999996500 ) ) ;
#2083 = ORIENTED_EDGE ( 'NONE', *, *, #3270, .F. ) ;
#2084 = CARTESIAN_POINT ( 'NONE',  ( -0.4273502691896256500, 0.7401923788646683800, -1.766666666666664600 ) ) ;
#2085 = ORIENTED_EDGE ( 'NONE', *, *, #1902, .F. ) ;
#2086 = CARTESIAN_POINT ( 'NONE',  ( 0.5773502691896266200, 1.000000000000000000, -0.4333333333333052000 ) ) ;
#2087 = CARTESIAN_POINT ( 'NONE',  ( 0.5773502691896225100, -1.000000000000005800, -3.366666666666638700 ) ) ;
#2088 = CARTESIAN_POINT ( 'NONE',  ( -0.4273502691896259900, -0.7401923788646680400, -3.183333333333329600 ) ) ;
#2089 = CARTESIAN_POINT ( 'NONE',  ( 1.154700538379251900, -2.121150477449814300E-016, -3.250000000000024900 ) ) ;
#2090 = CARTESIAN_POINT ( 'NONE',  ( 0.5898502691896262400, 1.021650635094610400, -0.02083333333330328300 ) ) ;
#2091 = CARTESIAN_POINT ( 'NONE',  ( -0.8547005383792514200, 5.233531392778349000E-017, -0.8499999999999966500 ) ) ;
#2092 = EDGE_CURVE ( 'NONE', #2726, #1769, #2281, .T. ) ;
#2093 = CARTESIAN_POINT ( 'NONE',  ( 0.4273502691896254900, -0.7401923788646686000, 0.03333333333333573400 ) ) ;
#2094 = DIRECTION ( 'NONE',  ( -0.0000000000000000000, 7.417567127063168400E-057, -1.000000000000000000 ) ) ;
#2095 = CARTESIAN_POINT ( 'NONE',  ( -0.8660254037844390400, 0.5000000000000003300, -3.483333333333359100 ) ) ;
#2096 = VECTOR ( 'NONE', #134, 1000.000000000000100 ) ;
#2097 = DIRECTION ( 'NONE',  ( 0.0000000000000000000, 1.000000000000000000, 0.0000000000000000000 ) ) ;
#2098 = CARTESIAN_POINT ( 'NONE',  ( 0.6410254037844384000, -0.3700961894323345200, -3.083333333333329900 ) ) ;
#2099 = CARTESIAN_POINT ( 'NONE',  ( 0.8847754037844383100, -0.5108253175473058700, 1.904166666666639000 ) ) ;
#2100 = DIRECTION ( 'NONE',  ( 0.0000000000000000000, -1.224646799147343300E-016, 1.000000000000000000 ) ) ;
#2101 = CARTESIAN_POINT ( 'NONE',  ( 0.5898502691896252400, -1.021650635094611100, 1.445833333333363300 ) ) ;
#2102 = DATE_AND_TIME ( #2619, #2913 ) ;
#2103 = CARTESIAN_POINT ( 'NONE',  ( -0.5773502691896299500, -0.9999999999999940000, -0.5833333333333593500 ) ) ;
#2104 = CARTESIAN_POINT ( 'NONE',  ( 0.4273502691896261500, 0.7401923788646680400, -0.9833333333333296200 ) ) ;
#2105 = CARTESIAN_POINT ( 'NONE',  ( -0.6410254037844386200, -0.3700961894323340200, 0.3333333333333356500 ) ) ;
#2106 = CARTESIAN_POINT ( 'NONE',  ( 2.326828918379971400E-016, 1.899999999999999900, 2.099999999999999600 ) ) ;
#2107 = CYLINDRICAL_SURFACE ( 'NONE', #1507, 1.000000000000000400 ) ;
#2108 = VECTOR ( 'NONE', #2007, 1000.000000000000100 ) ;
#2109 = CARTESIAN_POINT ( 'NONE',  ( -0.5073539086306186900, -0.5731044880621377600, 3.831350129109558200 ) ) ;
#2110 = EDGE_CURVE ( 'NONE', #3328, #728, #1574, .T. ) ;
#2111 = APPROVAL_ROLE ( '' ) ;
#2112 = CARTESIAN_POINT ( 'NONE',  ( -9.064742275298811100E-017, -0.7401923788646683800, -3.549999999999996700 ) ) ;
#2113 = DIRECTION ( 'NONE',  ( -0.0000000000000000000, -0.0000000000000000000, 1.000000000000000000 ) ) ;
#2114 = ORIENTED_EDGE ( 'NONE', *, *, #3097, .F. ) ;
#2115 =( BOUNDED_CURVE ( )  B_SPLINE_CURVE ( 2, ( #1334, #221, #1616, #2984, #509, #1042, #213 ),
 .UNSPECIFIED., .F., .T. ) 
 B_SPLINE_CURVE_WITH_KNOTS ( ( 3, 2, 2, 3 ),
 ( 0.03124999999999994400, 0.04166666666666660200, 0.05208333333333337000, 0.06250000000000002800 ),
 .UNSPECIFIED. ) 
 CURVE ( )  GEOMETRIC_REPRESENTATION_ITEM ( )  RATIONAL_B_SPLINE_CURVE ( ( 1.000000000000000700, 0.8660254037844381500, 1.000000000000000000, 0.8660254037844388200, 1.000000000000000000, 0.8660254037844384900, 1.000000000000000400 ) ) 
 REPRESENTATION_ITEM ( '' )  );
#2116 = CARTESIAN_POINT ( 'NONE',  ( 0.8847754037844383100, -0.5108253175473058700, 1.879166666666696400 ) ) ;
#2117 = VERTEX_POINT ( 'NONE', #1134 ) ;
#2118 = CARTESIAN_POINT ( 'NONE',  ( 0.0000000000000000000, 1.000000000000000400, -1.950000000000025500 ) ) ;
#2119 = CARTESIAN_POINT ( 'NONE',  ( -0.4273502691896259900, -0.7401923788646680400, 2.016666666666670200 ) ) ;
#2120 = CARTESIAN_POINT ( 'NONE',  ( -1.224646799147353900E-016, -1.000000000000000400, 1.449999999999974400 ) ) ;
#2121 = CARTESIAN_POINT ( 'NONE',  ( 0.6410254037844384000, -0.3700961894323345200, 1.266666666666668600 ) ) ;
#2122 = ORIENTED_EDGE ( 'NONE', *, *, #729, .F. ) ;
#2123 = DIRECTION ( 'NONE',  ( 0.0000000000000000000, 1.000000000000000000, 0.0000000000000000000 ) ) ;
#2124 = ORIENTED_EDGE ( 'NONE', *, *, #3336, .F. ) ;
#2125 = CARTESIAN_POINT ( 'NONE',  ( 0.0000000000000000000, 0.7401923788646683800, -1.749999999999996400 ) ) ;
#2126 = CARTESIAN_POINT ( 'NONE',  ( -0.5898502691896255800, 1.021650635094610800, 1.670833333333305400 ) ) ;
#2127 = CARTESIAN_POINT ( 'NONE',  ( 0.4273502691896254900, -0.7401923788646686000, -3.516666666666662600 ) ) ;
#2128 = ORIENTED_EDGE ( 'NONE', *, *, #1270, .F. ) ;
#2129 = CARTESIAN_POINT ( 'NONE',  ( 0.6410254037844388400, 0.3700961894323336300, -3.816666666666662900 ) ) ;
#2130 = CARTESIAN_POINT ( 'NONE',  ( 0.4273502691896261500, 0.7401923788646680400, -3.783333333333330100 ) ) ;
#2131 = CARTESIAN_POINT ( 'NONE',  ( -0.6410254037844386200, -0.3700961894323340200, 0.3833333333333370800 ) ) ;
#2132 = VERTEX_POINT ( 'NONE', #1395 ) ;
#2133 = CARTESIAN_POINT ( 'NONE',  ( -0.7499999999999963400, 0.4330127018922166300, -0.2912878474779102000 ) ) ;
#2134 = CARTESIAN_POINT ( 'NONE',  ( 0.0000000000000000000, 0.7401923788646683800, -0.5999999999999976500 ) ) ;
#2135 = DIRECTION ( 'NONE',  ( 0.0000000000000000000, 1.000000000000000000, 0.0000000000000000000 ) ) ;
#2136 = EDGE_CURVE ( 'NONE', #314, #1122, #494, .T. ) ;
#2137 = CARTESIAN_POINT ( 'NONE',  ( -9.418947792278344800E-016, -0.8660254037844323800, 3.935048094716165700 ) ) ;
#2138 =( NAMED_UNIT ( * ) SI_UNIT ( $, .STERADIAN. ) SOLID_ANGLE_UNIT ( ) );
#2139 = CARTESIAN_POINT ( 'NONE',  ( 0.6410254037844388400, 0.3700961894323336300, -1.016666666666663100 ) ) ;
#2140 = DIRECTION ( 'NONE',  ( 0.0000000000000000000, 1.000000000000000000, 7.417567127063168400E-057 ) ) ;
#2141 = CARTESIAN_POINT ( 'NONE',  ( 0.0000000000000000000, 0.7401923788646683800, -4.149999999999996800 ) ) ;
#2142 = B_SPLINE_CURVE_WITH_KNOTS ( 'NONE', 3,
 ( #521, #2480, #1126, #1926 ),
 .UNSPECIFIED., .F., .F.,
 ( 4, 4 ),
 ( 0.003481777388304850600, 0.004070136557894064500 ),
 .UNSPECIFIED. ) ;
#2143 = CARTESIAN_POINT ( 'NONE',  ( 0.4273502691896254900, -0.7401923788646686000, 0.8833333333333366300 ) ) ;
#2144 = CARTESIAN_POINT ( 'NONE',  ( -0.8547005383792514200, 5.233531392778349000E-017, 1.150000000000003500 ) ) ;
#2145 = CARTESIAN_POINT ( 'NONE',  ( 0.5773502691896220700, -1.000000000000006900, 1.833333333333361500 ) ) ;
#2146 = CARTESIAN_POINT ( 'NONE',  ( -0.4273502691896256500, 0.7401923788646683800, 1.033333333333335700 ) ) ;
#2147 = CARTESIAN_POINT ( 'NONE',  ( -0.8660254037844390400, -0.5000000000000000000, -3.466666666666637900 ) ) ;
#2148 = CARTESIAN_POINT ( 'NONE',  ( 0.6410254037844384000, -0.3700961894323345200, -2.683333333333330000 ) ) ;
#2149 = MECHANICAL_CONTEXT ( 'NONE', #140, 'mechanical' ) ;
#2150 = CARTESIAN_POINT ( 'NONE',  ( 0.0000000000000000000, 0.7401923788646683800, -0.5499999999999962700 ) ) ;
#2151 = FACE_OUTER_BOUND ( 'NONE', #3017, .T. ) ;
#2152 = CARTESIAN_POINT ( 'NONE',  ( 0.0000000000000000000, 0.7401923788646683800, -3.749999999999996400 ) ) ;
#2153 = CARTESIAN_POINT ( 'NONE',  ( 0.8547005383792514200, -1.570059417833504600E-016, 1.750000000000003100 ) ) ;
#2154 = CARTESIAN_POINT ( 'NONE',  ( -1.224646799147353700E-016, -1.000000000000000400, -2.199999999999971300 ) ) ;
#2155 = CARTESIAN_POINT ( 'NONE',  ( 0.0000000000000000000, 0.7401923788646683800, -1.749999999999996400 ) ) ;
#2156 = CONICAL_SURFACE ( 'NONE', #344, 0.7401923788646683800, 0.7853981633974470600 ) ;
#2157 = CARTESIAN_POINT ( 'NONE',  ( -0.8734671529772600800, 0.04436206926497542100, 1.823331912993450200 ) ) ;
#2158 = CARTESIAN_POINT ( 'NONE',  ( -0.4273502691896256500, 0.7401923788646683800, -2.116666666666663100 ) ) ;
#2159 = VERTEX_POINT ( 'NONE', #1937 ) ;
#2160 = EDGE_CURVE ( 'NONE', #1901, #2811, #664, .T. ) ;
#2161 = CARTESIAN_POINT ( 'NONE',  ( 0.6410254037844388400, 0.3700961894323336300, -0.6166666666666629200 ) ) ;
#2162 = CARTESIAN_POINT ( 'NONE',  ( 0.5045641449641242700, -0.5747151588659614700, 3.818702545239032200 ) ) ;
#2163 = ORIENTED_EDGE ( 'NONE', *, *, #1234, .T. ) ;
#2164 = EDGE_CURVE ( 'NONE', #1297, #2811, #225, .T. ) ;
#2165 = DIRECTION ( 'NONE',  ( 0.0000000000000000000, -1.000000000000000000, -1.281975124255724200E-016 ) ) ;
#2166 = CARTESIAN_POINT ( 'NONE',  ( 0.4273502691896261500, 0.7401923788646680400, 0.2166666666666705600 ) ) ;
#2167 = ORIENTED_EDGE ( 'NONE', *, *, #1533, .F. ) ;
#2168 = CARTESIAN_POINT ( 'NONE',  ( -0.4273502691896259300, -0.7401923788646681500, -1.583333333333329900 ) ) ;
#2169 = DIRECTION ( 'NONE',  ( -0.0000000000000000000, 7.417567127063168400E-057, -1.000000000000000000 ) ) ;
#2170 = ORIENTED_EDGE ( 'NONE', *, *, #471, .T. ) ;
#2171 = CARTESIAN_POINT ( 'NONE',  ( -0.6410254037844386200, -0.3700961894323340200, -2.816666666666662900 ) ) ;
#2172 = CIRCLE ( 'NONE', #1400, 0.7401923788646683800 ) ;
#2173 = CARTESIAN_POINT ( 'NONE',  ( -0.4273502691896256500, 0.7401923788646683800, 0.6833333333333370100 ) ) ;
#2174 = VERTEX_POINT ( 'NONE', #566 ) ;
#2175 = CARTESIAN_POINT ( 'NONE',  ( 0.0000000000000000000, 0.7401923788646683800, -2.599999999999998300 ) ) ;
#2176 = CARTESIAN_POINT ( 'NONE',  ( -0.4273502691896256000, 0.7401923788646683800, -1.316666666666663100 ) ) ;
#2177 = EDGE_CURVE ( 'NONE', #894, #3196, #2967, .T. ) ;
#2178 = ADVANCED_BREP_SHAPE_REPRESENTATION ( '91290A013_Alloy Steel Socket Head Screw', ( #2356, #3610 ), #876 ) ;
#2179 = CARTESIAN_POINT ( 'NONE',  ( -9.064742275298811100E-017, -0.7401923788646683800, -1.149999999999996600 ) ) ;
#2180 = AXIS2_PLACEMENT_3D ( 'NONE', #2046, #1804, #3148 ) ;
#2181 = CARTESIAN_POINT ( 'NONE',  ( 0.8027956635297335300, -0.5962542432703147300, -3.740192378864666700 ) ) ;
#2182 = CYLINDRICAL_SURFACE ( 'NONE', #1051, 1.000000000000000400 ) ;
#2183 = CARTESIAN_POINT ( 'NONE',  ( 1.154700538379251900, -2.121150477449814300E-016, -2.850000000000025400 ) ) ;
#2184 = CARTESIAN_POINT ( 'NONE',  ( -0.8660254037844390400, -0.5000000000000000000, -1.816666666666692400 ) ) ;
#2185 = CARTESIAN_POINT ( 'NONE',  ( 0.4273502691896261500, 0.7401923788646680400, 2.166666666666669200 ) ) ;
#2186 = CARTESIAN_POINT ( 'NONE',  ( 0.6410254037844384000, -0.3700961894323345200, -2.733333333333331600 ) ) ;
#2187 = CARTESIAN_POINT ( 'NONE',  ( -0.6410254037844385100, 0.3700961894323343000, -3.283333333333330100 ) ) ;
#2188 = CARTESIAN_POINT ( 'NONE',  ( -0.5414122160123733300, 0.6306414100442032700, 1.797924616558346200 ) ) ;
#2189 = CALENDAR_DATE ( 2023, 11, 1 ) ;
#2190 = CARTESIAN_POINT ( 'NONE',  ( -9.064742275298811100E-017, -0.7401923788646683800, 0.05000000000000403400 ) ) ;
#2191 = ADVANCED_FACE ( 'NONE', ( #940 ), #1325, .T. ) ;
#2192 = CYLINDRICAL_SURFACE ( 'NONE', #1654, 1.000000000000000400 ) ;
#2193 = DIRECTION ( 'NONE',  ( -0.0000000000000000000, 7.417567127063168400E-057, -1.000000000000000000 ) ) ;
#2194 = CARTESIAN_POINT ( 'NONE',  ( 0.0000000000000000000, 1.000000000000000400, -2.750000000000025800 ) ) ;
#2195 = VECTOR ( 'NONE', #3405, 1000.000000000000000 ) ;
#2196 = ORIENTED_EDGE ( 'NONE', *, *, #748, .F. ) ;
#2197 = CARTESIAN_POINT ( 'NONE',  ( -0.4273502691896259900, -0.7401923788646680400, 1.966666666666668600 ) ) ;
#2198 = CARTESIAN_POINT ( 'NONE',  ( 0.6410254037844384000, -0.3700961894323345200, -2.333333333333331300 ) ) ;
#2199 = CARTESIAN_POINT ( 'NONE',  ( -0.4273502691896256000, 0.7401923788646683800, -3.316666666666662900 ) ) ;
#2200 = CARTESIAN_POINT ( 'NONE',  ( -1.224646799147353900E-016, -1.000000000000000400, 1.849999999999975000 ) ) ;
#2201 = ORIENTED_EDGE ( 'NONE', *, *, #2362, .T. ) ;
#2202 = CARTESIAN_POINT ( 'NONE',  ( -0.4273502691896256000, 0.7401923788646683800, -0.1166666666666633700 ) ) ;
#2203 = ORIENTED_EDGE ( 'NONE', *, *, #2247, .F. ) ;
#2204 = DIRECTION ( 'NONE',  ( 0.0000000000000000000, 1.000000000000000000, 0.0000000000000000000 ) ) ;
#2205 = CARTESIAN_POINT ( 'NONE',  ( -0.4273502691896256000, 0.7401923788646683800, -2.966666666666664100 ) ) ;
#2206 = CARTESIAN_POINT ( 'NONE',  ( -1.224646799147353700E-016, -1.000000000000000400, 0.2000000000000286800 ) ) ;
#2207 = EDGE_LOOP ( 'NONE', ( #2493, #3594, #904, #3363 ) ) ;
#2208 = CARTESIAN_POINT ( 'NONE',  ( -1.154700538379252100, 7.070501591499381500E-017, 1.700000000000027700 ) ) ;
#2209 = CARTESIAN_POINT ( 'NONE',  ( -0.4273502691896256500, 0.7401923788646683800, 1.833333333333335300 ) ) ;
#2210 = CARTESIAN_POINT ( 'NONE',  ( -0.6410254037844385100, 0.3700961894323343000, -3.733333333333331600 ) ) ;
#2211 = ADVANCED_FACE ( 'NONE', ( #1103 ), #403, .T. ) ;
#2212 = EDGE_LOOP ( 'NONE', ( #1303, #3074, #769, #3059 ) ) ;
#2213 = CARTESIAN_POINT ( 'NONE',  ( -0.8660254037844390400, -0.5000000000000000000, 0.1333333333333615600 ) ) ;
#2214 = CARTESIAN_POINT ( 'NONE',  ( 0.4273502691896254900, -0.7401923788646686000, -1.116666666666662900 ) ) ;
#2215 = CARTESIAN_POINT ( 'NONE',  ( 0.0000000000000000000, -2.967026850825266900E-056, 3.999999999999999100 ) ) ;
#2216 = CARTESIAN_POINT ( 'NONE',  ( 0.8547005383792513100, -1.570059417833504600E-016, 0.1500000000000034400 ) ) ;
#2217 = FACE_OUTER_BOUND ( 'NONE', #3065, .T. ) ;
#2218 = CARTESIAN_POINT ( 'NONE',  ( -9.064742275298811100E-017, -0.7401923788646683800, -3.999999999999998200 ) ) ;
#2219 = DIRECTION ( 'NONE',  ( -0.0000000000000000000, 7.417567127063168400E-057, -1.000000000000000000 ) ) ;
#2220 = AXIS2_PLACEMENT_3D ( 'NONE', #3334, #1671, #1685 ) ;
#2221 = CARTESIAN_POINT ( 'NONE',  ( -0.5773502691896298400, -0.9999999999999940000, 1.766666666666694600 ) ) ;
#2222 = CARTESIAN_POINT ( 'NONE',  ( -0.5898502691896255800, 1.021650635094610800, -3.529166666666694300 ) ) ;
#2223 = CARTESIAN_POINT ( 'NONE',  ( 0.6410254037844388400, 0.3700961894323336300, -3.066666666666664700 ) ) ;
#2224 = CARTESIAN_POINT ( 'NONE',  ( 0.0000000000000000000, 1.021650635094610800, -3.187499999999970200 ) ) ;
#2225 = EDGE_CURVE ( 'NONE', #3324, #2712, #3052, .T. ) ;
#2226 = CARTESIAN_POINT ( 'NONE',  ( 0.4273502691896254900, -0.7401923788646686000, -0.3166666666666629900 ) ) ;
#2227 = DIRECTION ( 'NONE',  ( 0.0000000000000000000, -1.000000000000000000, 0.0000000000000000000 ) ) ;
#2228 = CARTESIAN_POINT ( 'NONE',  ( 0.8547005383792513100, -1.570059417833504600E-016, -3.099999999999997400 ) ) ;
#2229 = CARTESIAN_POINT ( 'NONE',  ( 0.8027956635297335300, -0.5962542432703147300, -3.740192378864666700 ) ) ;
#2230 = CARTESIAN_POINT ( 'NONE',  ( 0.0000000000000000000, 1.000000000000000400, -1.999999999999971800 ) ) ;
#2231 = CARTESIAN_POINT ( 'NONE',  ( -0.8847754037844385300, -0.5108253175473052000, -3.829166666666694100 ) ) ;
#2232 = CARTESIAN_POINT ( 'NONE',  ( 0.0000000000000000000, 0.7401923788646683800, -1.799999999999997800 ) ) ;
#2233 = CYLINDRICAL_SURFACE ( 'NONE', #3362, 1.000000000000000400 ) ;
#2234 = CARTESIAN_POINT ( 'NONE',  ( 0.0000000000000000000, 1.021650635094610800, -3.587499999999970200 ) ) ;
#2235 = VECTOR ( 'NONE', #868, 1000.000000000000000 ) ;
#2236 = VERTEX_POINT ( 'NONE', #907 ) ;
#2237 = CARTESIAN_POINT ( 'NONE',  ( -0.6410254037844385100, 0.3700961894323343000, 1.116666666666670200 ) ) ;
#2238 = CARTESIAN_POINT ( 'NONE',  ( -1.224646799147353900E-016, -1.000000000000000400, -2.550000000000025100 ) ) ;
#2239 = VECTOR ( 'NONE', #1750, 1000.000000000000000 ) ;
#2240 = VERTEX_POINT ( 'NONE', #1724 ) ;
#2241 = DIRECTION ( 'NONE',  ( 0.0000000000000000000, 1.000000000000000000, 0.0000000000000000000 ) ) ;
#2242 = CARTESIAN_POINT ( 'NONE',  ( -1.224646799147353700E-016, -1.000000000000000400, 1.000000000000028200 ) ) ;
#2243 = CARTESIAN_POINT ( 'NONE',  ( -1.251161180115475900E-016, -1.021650635094610800, -0.9625000000000275600 ) ) ;
#2244 = CARTESIAN_POINT ( 'NONE',  ( -0.4273502691896256500, 0.7401923788646683800, -1.766666666666664600 ) ) ;
#2245 = ADVANCED_FACE ( 'NONE', ( #1582 ), #2534, .T. ) ;
#2246 = ORIENTED_EDGE ( 'NONE', *, *, #592, .F. ) ;
#2247 = EDGE_CURVE ( 'NONE', #1853, #1564, #624, .T. ) ;
#2248 = EDGE_LOOP ( 'NONE', ( #8, #809, #2384, #3028 ) ) ;
#2249 = CARTESIAN_POINT ( 'NONE',  ( 0.4273502691896254900, -0.7401923788646686000, -3.966666666666664100 ) ) ;
#2250 = VERTEX_POINT ( 'NONE', #1437 ) ;
#2251 = CARTESIAN_POINT ( 'NONE',  ( 0.0000000000000000000, 1.557689096683266300E-056, 1.899999999999998100 ) ) ;
#2252 = CARTESIAN_POINT ( 'NONE',  ( -0.7499999999999962300, 0.2989532148376569100, 3.868018351188887500 ) ) ;
#2253 = ORIENTED_EDGE ( 'NONE', *, *, #1108, .F. ) ;
#2254 = CARTESIAN_POINT ( 'NONE',  ( 0.0000000000000000000, 1.021650635094610800, -2.362500000000027800 ) ) ;
#2255 = CARTESIAN_POINT ( 'NONE',  ( 0.4273502691896254900, -0.7401923788646686000, -1.566666666666664700 ) ) ;
#2256 = CARTESIAN_POINT ( 'NONE',  ( 0.8660254037844393700, 0.4999999999999994400, 0.7833333333333076800 ) ) ;
#2257 = CARTESIAN_POINT ( 'NONE',  ( -0.5898502691896260200, -1.021650635094610600, -3.020833333333303300 ) ) ;
#2258 = DIRECTION ( 'NONE',  ( 0.0000000000000000000, 0.0000000000000000000, 1.000000000000000000 ) ) ;
#2259 = CARTESIAN_POINT ( 'NONE',  ( 0.0000000000000000000, 1.409337754142001900E-056, 2.099999999999999600 ) ) ;
#2260 = CARTESIAN_POINT ( 'NONE',  ( 0.6410254037844388400, 0.3700961894323336300, -2.266666666666664800 ) ) ;
#2261 = CARTESIAN_POINT ( 'NONE',  ( -9.064742275298811100E-017, -0.7401923788646683800, -3.999999999999998200 ) ) ;
#2262 = CARTESIAN_POINT ( 'NONE',  ( 0.0000000000000000000, 1.000000000000000400, -0.3999999999999715400 ) ) ;
#2263 =( BOUNDED_CURVE ( )  B_SPLINE_CURVE ( 2, ( #3562, #2999, #3298, #1089, #2213, #1339, #1658 ),
 .UNSPECIFIED., .F., .F. ) 
 B_SPLINE_CURVE_WITH_KNOTS ( ( 3, 2, 2, 3 ),
 ( 0.6249999999999998900, 0.6354166666666665200, 0.6458333333333332600, 0.6562499999999998900 ),
 .UNSPECIFIED. ) 
 CURVE ( )  GEOMETRIC_REPRESENTATION_ITEM ( )  RATIONAL_B_SPLINE_CURVE ( ( 1.000000000000001300, 0.8660254037844372600, 1.000000000000000000, 0.8660254037844387100, 1.000000000000000000, 0.8660254037844401500, 0.9999999999999985600 ) ) 
 REPRESENTATION_ITEM ( '' )  );
#2264 = CARTESIAN_POINT ( 'NONE',  ( -0.8847754037844385300, -0.5108253175473052000, -1.429166666666694500 ) ) ;
#2265 = CARTESIAN_POINT ( 'NONE',  ( -0.4273502691896256500, 0.7401923788646683800, -0.5666666666666645400 ) ) ;
#2266 = AXIS2_PLACEMENT_3D ( 'NONE', #747, #2686, #714 ) ;
#2267 = CARTESIAN_POINT ( 'NONE',  ( 1.179700538379251400, -2.167074732417838900E-016, -1.687499999999970200 ) ) ;
#2268 = CARTESIAN_POINT ( 'NONE',  ( 0.8547005383792514200, -1.570059417833504600E-016, -3.099999999999997400 ) ) ;
#2269 = DATE_AND_TIME ( #527, #133 ) ;
#2270 = DIRECTION ( 'NONE',  ( 0.0000000000000000000, 1.000000000000000000, 0.0000000000000000000 ) ) ;
#2271 = EDGE_CURVE ( 'NONE', #1560, #2458, #2835, .T. ) ;
#2272 = CARTESIAN_POINT ( 'NONE',  ( -0.6410254037844385100, 0.3700961894323343000, -2.533333333333331000 ) ) ;
#2273 = CARTESIAN_POINT ( 'NONE',  ( 0.0000000000000000000, -2.967026850825266900E-056, 3.999999999999999100 ) ) ;
#2274 = CARTESIAN_POINT ( 'NONE',  ( 0.0000000000000000000, 5.934053701650533800E-056, -3.999999999999999100 ) ) ;
#2275 = CIRCLE ( 'NONE', #2180, 0.1000000000000004800 ) ;
#2276 = FACE_BOUND ( 'NONE', #857, .T. ) ;
#2277 = B_SPLINE_CURVE_WITH_KNOTS ( 'NONE', 3,
 ( #445, #1528, #3509, #2109, #1826, #173, #434, #2137 ),
 .UNSPECIFIED., .F., .F.,
 ( 4, 2, 2, 4 ),
 ( 2.544428341985523600E-007, 0.0002238954966069334200, 0.0004475365503796682800, 0.0008948186579251382200 ),
 .UNSPECIFIED. ) ;
#2278 = VECTOR ( 'NONE', #39, 1000.000000000000100 ) ;
#2279 = CARTESIAN_POINT ( 'NONE',  ( -0.5898502691896260200, -1.021650635094610600, -2.595833333333361200 ) ) ;
#2280 = CARTESIAN_POINT ( 'NONE',  ( -0.6410254037844385100, 0.3700961894323343000, -0.1333333333333308100 ) ) ;
#2281 = LINE ( 'NONE', #3339, #2492 ) ;
#2282 = CARTESIAN_POINT ( 'NONE',  ( -1.179700538379251400, 7.223582441392798400E-017, -1.487499999999970300 ) ) ;
#2283 = ORIENTED_EDGE ( 'NONE', *, *, #2315, .T. ) ;
#2284 = CARTESIAN_POINT ( 'NONE',  ( 0.4273502691896261500, 0.7401923788646680400, 2.216666666666670800 ) ) ;
#2285 = CARTESIAN_POINT ( 'NONE',  ( -0.4273502691896256000, 0.7401923788646683800, 1.033333333333335700 ) ) ;
#2286 = CARTESIAN_POINT ( 'NONE',  ( -0.6410254037844385100, 0.3700961894323343000, -4.133333333333332000 ) ) ;
#2287 = ORIENTED_EDGE ( 'NONE', *, *, #1709, .F. ) ;
#2288 = CARTESIAN_POINT ( 'NONE',  ( -0.8660254037844390400, -0.5000000000000000000, -3.016666666666692400 ) ) ;
#2289 =( BOUNDED_SURFACE ( )  B_SPLINE_SURFACE ( 1, 2, ( 
 ( #3503, #2413, #3271, #488, #500, #2713, #192, #1841, #168, #1031, #477, #2130, #2152, #1018, #2426, #759, #451, #1323, #2398, #260, #988, #2563, #2846, #2968, #3265, #2990, #1331, #3542, #483, #2419, #186, #3528, #751, #1310, #2695, #765, #1605, #1881, #211, #1037, #2171, #495, #1048, #1871, #2148, #2438, #3258, #1592, #777, #2981, #1317, #2718, #1861, #199, #1057, #1025, #3518, #2954, #3245, #1581, #470, #2158, #2432, #2704, #1233, #2927, #95, #699, #432, #2082, #2915, #956, #1278, #2659, #1532, #3451, #2359, #1244, #3477, #1822, #3192, #148, #406, #660, #689, #3169, #2381, #1511, #1811, #1789, #2369, #2649, #1777, #135, #109, #2104, #3218, #1556, #2634, #2091, #710, #1525, #2068, #977, #989, #2053, #394, #967, #1000, #2903, #124, #2610, #387, #420, #2347, #677, #2877, #1268, #1257, #2891, #3206, #3180, #1544, #2621, #3465, #2334, #1800, #3486, #169, #1324, #3524, #2166, #760, #1576, #3262, #1602, #2131, #2414, #2976, #734, #2672, #1567, #1842, #3536, #2939, #3514, #1315, #2683, #2427, #1306, #1053, #2951, #2699, #1337, #1046, #1877, #1032, #452, #3504, #2144, #2399, #440, #1019, #3253, #206, #489, #2435, #3239, #772, #2714, #193, #179, #1856, #2988, #466, #744, #3272, #2153, #2693, #3492, #1292, #2960, #1831, #160, #1009, #2119, #2390, #723, #478, #1588, #3227, #1866, #1066 ),
 ( #821, #501, #784, #1358, #3038, #2724, #1398, #1942, #1387, #2759, #3322, #2996, #2495, #2482, #2210, #3305, #1349, #3286, #1656, #1647, #2733, #3585, #3012, #3600, #1620, #3296, #1633, #1099, #512, #831, #808, #265, #1115, #3561, #2223, #1372, #537, #1890, #228, #551, #1904, #2775, #1928, #216, #2186, #3047, #1608, #3550, #2175, #2444, #2456, #794, #1076, #3573, #1915, #244, #2198, #523, #2470, #255, #1088, #2744, #3027, #881, #1954, #20, #2808, #310, #846, #1153, #3086, #583, #2232, #2244, #2783, #3347, #3064, #322, #3112, #2255, #3357, #1406, #301, #1129, #2817, #1682, #1433, #294, #2559, #872, #3076, #3371, #1178, #2509, #1702, #561, #571, #1961, #2522, #860, #597, #280, #3623, #3384, #1982, #1694, #2795, #3331, #1995, #2265, #1140, #1420, #608, #7, #1973, #2531, #2544, #1167, #3096, #1441, #1716, #27, #2280, #899, #2826, #1670, #3608, #1741, #657, #337, #622, #1204, #2872, #2568, #1240, #1785, #1229, #2607, #3166, #914, #2343, #2330, #2049, #3151, #2840, #1188, #1505, #1491, #2581, #3438, #2853, #3447, #3125, #3135, #1479, #951, #349, #671, #650, #106, #964, #1467, #2061, #1218, #382, #1731, #63, #392, #3411, #2616, #1771, #47, #2020, #2887, #1452, #3397, #2005, #2294, #2308, #636, #925, #3426, #1756, #76, #2035, #366, #2317, #88, #939, #2594, #2863, #768, #1797 ) ),
 .UNSPECIFIED., .F., .F., .F. ) 
 B_SPLINE_SURFACE_WITH_KNOTS ( ( 2, 2 ),
 ( 3, 2, 2, 2, 2, 2, 2, 2, 2, 2, 2, 2, 2, 2, 2, 2, 2, 2, 2, 2, 2, 2, 2, 2, 2, 2, 2, 2, 2, 2, 2, 2, 2, 2, 2, 2, 2, 2, 2, 2, 2, 2, 2, 2, 2, 2, 2, 2, 2, 2, 2, 2, 2, 2, 2, 2, 2, 2, 2, 2, 2, 2, 2, 2, 2, 2, 2, 2, 2, 2, 2, 2, 2, 2, 2, 2, 2, 2, 2, 2, 2, 2, 2, 2, 2, 2, 2, 2, 2, 2, 2, 2, 2, 2, 2, 2, 3 ),
 ( 0.0000000000000000000, 1.000000000000000000 ),
 ( 0.0000000000000000000, 0.01041666666666666600, 0.02083333333333333200, 0.03125000000000000000, 0.04166666666666666400, 0.05208333333333333600, 0.06250000000000000000, 0.07291666666666667100, 0.08333333333333332900, 0.09375000000000000000, 0.1041666666666666700, 0.1145833333333333300, 0.1250000000000000000, 0.1354166666666666600, 0.1458333333333333400, 0.1562500000000000000, 0.1666666666666666600, 0.1770833333333333400, 0.1875000000000000000, 0.1979166666666666600, 0.2083333333333333400, 0.2187500000000000000, 0.2291666666666666600, 0.2395833333333333400, 0.2500000000000000000, 0.2604166666666666900, 0.2708333333333333100, 0.2812500000000000000, 0.2916666666666666900, 0.3020833333333333100, 0.3125000000000000000, 0.3229166666666666900, 0.3333333333333333100, 0.3437500000000000000, 0.3541666666666666900, 0.3645833333333333100, 0.3750000000000000000, 0.3854166666666666900, 0.3958333333333333100, 0.4062500000000000000, 0.4166666666666666900, 0.4270833333333333100, 0.4375000000000000000, 0.4479166666666666900, 0.4583333333333333100, 0.4687500000000000000, 0.4791666666666666900, 0.4895833333333333100, 0.5000000000000000000, 0.5104166666666666300, 0.5208333333333333700, 0.5312500000000000000, 0.5416666666666666300, 0.5520833333333333700, 0.5625000000000000000, 0.5729166666666666300, 0.5833333333333333700, 0.5937500000000000000, 0.6041666666666666300, 0.6145833333333333700, 0.6250000000000000000, 0.6354166666666666300, 0.6458333333333333700, 0.6562500000000000000, 0.6666666666666666300, 0.6770833333333333700, 0.6875000000000000000, 0.6979166666666666300, 0.7083333333333333700, 0.7187500000000000000, 0.7291666666666666300, 0.7395833333333333700, 0.7500000000000000000, 0.7604166666666666300, 0.7708333333333333700, 0.7812500000000000000, 0.7916666666666666300, 0.8020833333333333700, 0.8125000000000000000, 0.8229166666666666300, 0.8333333333333333700, 0.8437500000000000000, 0.8541666666666666300, 0.8645833333333333700, 0.8750000000000000000, 0.8854166666666666300, 0.8958333333333333700, 0.9062500000000000000, 0.9166666666666666300, 0.9270833333333333700, 0.9375000000000000000, 0.9479166666666666300, 0.9583333333333333700, 0.9687500000000000000, 0.9791666666666666300, 0.9895833333333333700, 1.000000000000000000 ),
 .UNSPECIFIED. ) 
 GEOMETRIC_REPRESENTATION_ITEM ( )  RATIONAL_B_SPLINE_SURFACE ( (
 ( 1.000000000000000000, 0.8660254037844387100, 1.000000000000000000, 0.8660254037844387100, 1.000000000000000000, 0.8660254037844387100, 1.000000000000000000, 0.8660254037844387100, 1.000000000000000000, 0.8660254037844387100, 1.000000000000000000, 0.8660254037844387100, 1.000000000000000000, 0.8660254037844387100, 1.000000000000000000, 0.8660254037844387100, 1.000000000000000000, 0.8660254037844387100, 1.000000000000000000, 0.8660254037844387100, 1.000000000000000000, 0.8660254037844387100, 1.000000000000000000, 0.8660254037844387100, 1.000000000000000000, 0.8660254037844387100, 1.000000000000000000, 0.8660254037844387100, 1.000000000000000000, 0.8660254037844387100, 1.000000000000000000, 0.8660254037844387100, 1.000000000000000000, 0.8660254037844387100, 1.000000000000000000, 0.8660254037844387100, 1.000000000000000000, 0.8660254037844387100, 1.000000000000000000, 0.8660254037844387100, 1.000000000000000000, 0.8660254037844387100, 1.000000000000000000, 0.8660254037844387100, 1.000000000000000000, 0.8660254037844387100, 1.000000000000000000, 0.8660254037844387100, 1.000000000000000000, 0.8660254037844387100, 1.000000000000000000, 0.8660254037844387100, 1.000000000000000000, 0.8660254037844387100, 1.000000000000000000, 0.8660254037844387100, 1.000000000000000000, 0.8660254037844387100, 1.000000000000000000, 0.8660254037844387100, 1.000000000000000000, 0.8660254037844387100, 1.000000000000000000, 0.8660254037844387100, 1.000000000000000000, 0.8660254037844387100, 1.000000000000000000, 0.8660254037844387100, 1.000000000000000000, 0.8660254037844387100, 1.000000000000000000, 0.8660254037844387100, 1.000000000000000000, 0.8660254037844387100, 1.000000000000000000, 0.8660254037844387100, 1.000000000000000000, 0.8660254037844387100, 1.000000000000000000, 0.8660254037844387100, 1.000000000000000000, 0.8660254037844387100, 1.000000000000000000, 0.8660254037844387100, 1.000000000000000000, 0.8660254037844387100, 1.000000000000000000, 0.8660254037844387100, 1.000000000000000000, 0.8660254037844387100, 1.000000000000000000, 0.8660254037844387100, 1.000000000000000000, 0.8660254037844387100, 1.000000000000000000, 0.8660254037844387100, 1.000000000000000000, 0.8660254037844387100, 1.000000000000000000, 0.8660254037844387100, 1.000000000000000000, 0.8660254037844387100, 1.000000000000000000, 0.8660254037844387100, 1.000000000000000000, 0.8660254037844387100, 1.000000000000000000, 0.8660254037844387100, 1.000000000000000000, 0.8660254037844387100, 1.000000000000000000, 0.8660254037844387100, 1.000000000000000000, 0.8660254037844387100, 1.000000000000000000, 0.8660254037844387100, 1.000000000000000000, 0.8660254037844387100, 1.000000000000000000, 0.8660254037844387100, 1.000000000000000000, 0.8660254037844387100, 1.000000000000000000, 0.8660254037844387100, 1.000000000000000000, 0.8660254037844387100, 1.000000000000000000, 0.8660254037844387100, 1.000000000000000000, 0.8660254037844387100, 1.000000000000000000, 0.8660254037844387100, 1.000000000000000000, 0.8660254037844387100, 1.000000000000000000, 0.8660254037844387100, 1.000000000000000000, 0.8660254037844387100, 1.000000000000000000, 0.8660254037844387100, 1.000000000000000000, 0.8660254037844387100, 1.000000000000000000, 0.8660254037844387100, 1.000000000000000000, 0.8660254037844387100, 1.000000000000000000, 0.8660254037844387100, 1.000000000000000000, 0.8660254037844387100, 1.000000000000000000, 0.8660254037844387100, 1.000000000000000000, 0.8660254037844387100, 1.000000000000000000, 0.8660254037844387100, 1.000000000000000000, 0.8660254037844387100, 1.000000000000000000, 0.8660254037844387100, 1.000000000000000000, 0.8660254037844387100, 1.000000000000000000, 0.8660254037844387100, 1.000000000000000000, 0.8660254037844387100, 1.000000000000000000, 0.8660254037844387100, 1.000000000000000000, 0.8660254037844387100, 1.000000000000000000, 0.8660254037844387100, 1.000000000000000000, 0.8660254037844387100, 1.000000000000000000, 0.8660254037844387100, 1.000000000000000000, 0.8660254037844387100, 1.000000000000000000, 0.8660254037844387100, 1.000000000000000000, 0.8660254037844387100, 1.000000000000000000, 0.8660254037844387100, 1.000000000000000000, 0.8660254037844387100, 1.000000000000000000, 0.8660254037844387100, 1.000000000000000000, 0.8660254037844387100, 1.000000000000000000, 0.8660254037844387100, 1.000000000000000000),
 ( 1.000000000000000000, 0.8660254037844387100, 1.000000000000000000, 0.8660254037844387100, 1.000000000000000000, 0.8660254037844387100, 1.000000000000000000, 0.8660254037844387100, 1.000000000000000000, 0.8660254037844387100, 1.000000000000000000, 0.8660254037844387100, 1.000000000000000000, 0.8660254037844387100, 1.000000000000000000, 0.8660254037844387100, 1.000000000000000000, 0.8660254037844387100, 1.000000000000000000, 0.8660254037844387100, 1.000000000000000000, 0.8660254037844387100, 1.000000000000000000, 0.8660254037844387100, 1.000000000000000000, 0.8660254037844387100, 1.000000000000000000, 0.8660254037844387100, 1.000000000000000000, 0.8660254037844387100, 1.000000000000000000, 0.8660254037844387100, 1.000000000000000000, 0.8660254037844387100, 1.000000000000000000, 0.8660254037844387100, 1.000000000000000000, 0.8660254037844387100, 1.000000000000000000, 0.8660254037844387100, 1.000000000000000000, 0.8660254037844387100, 1.000000000000000000, 0.8660254037844387100, 1.000000000000000000, 0.8660254037844387100, 1.000000000000000000, 0.8660254037844387100, 1.000000000000000000, 0.8660254037844387100, 1.000000000000000000, 0.8660254037844387100, 1.000000000000000000, 0.8660254037844387100, 1.000000000000000000, 0.8660254037844387100, 1.000000000000000000, 0.8660254037844387100, 1.000000000000000000, 0.8660254037844387100, 1.000000000000000000, 0.8660254037844387100, 1.000000000000000000, 0.8660254037844387100, 1.000000000000000000, 0.8660254037844387100, 1.000000000000000000, 0.8660254037844387100, 1.000000000000000000, 0.8660254037844387100, 1.000000000000000000, 0.8660254037844387100, 1.000000000000000000, 0.8660254037844387100, 1.000000000000000000, 0.8660254037844387100, 1.000000000000000000, 0.8660254037844387100, 1.000000000000000000, 0.8660254037844387100, 1.000000000000000000, 0.8660254037844387100, 1.000000000000000000, 0.8660254037844387100, 1.000000000000000000, 0.8660254037844387100, 1.000000000000000000, 0.8660254037844387100, 1.000000000000000000, 0.8660254037844387100, 1.000000000000000000, 0.8660254037844387100, 1.000000000000000000, 0.8660254037844387100, 1.000000000000000000, 0.8660254037844387100, 1.000000000000000000, 0.8660254037844387100, 1.000000000000000000, 0.8660254037844387100, 1.000000000000000000, 0.8660254037844387100, 1.000000000000000000, 0.8660254037844387100, 1.000000000000000000, 0.8660254037844387100, 1.000000000000000000, 0.8660254037844387100, 1.000000000000000000, 0.8660254037844387100, 1.000000000000000000, 0.8660254037844387100, 1.000000000000000000, 0.8660254037844387100, 1.000000000000000000, 0.8660254037844387100, 1.000000000000000000, 0.8660254037844387100, 1.000000000000000000, 0.8660254037844387100, 1.000000000000000000, 0.8660254037844387100, 1.000000000000000000, 0.8660254037844387100, 1.000000000000000000, 0.8660254037844387100, 1.000000000000000000, 0.8660254037844387100, 1.000000000000000000, 0.8660254037844387100, 1.000000000000000000, 0.8660254037844387100, 1.000000000000000000, 0.8660254037844387100, 1.000000000000000000, 0.8660254037844387100, 1.000000000000000000, 0.8660254037844387100, 1.000000000000000000, 0.8660254037844387100, 1.000000000000000000, 0.8660254037844387100, 1.000000000000000000, 0.8660254037844387100, 1.000000000000000000, 0.8660254037844387100, 1.000000000000000000, 0.8660254037844387100, 1.000000000000000000, 0.8660254037844387100, 1.000000000000000000, 0.8660254037844387100, 1.000000000000000000, 0.8660254037844387100, 1.000000000000000000, 0.8660254037844387100, 1.000000000000000000, 0.8660254037844387100, 1.000000000000000000, 0.8660254037844387100, 1.000000000000000000, 0.8660254037844387100, 1.000000000000000000, 0.8660254037844387100, 1.000000000000000000, 0.8660254037844387100, 1.000000000000000000, 0.8660254037844387100, 1.000000000000000000, 0.8660254037844387100, 1.000000000000000000, 0.8660254037844387100, 1.000000000000000000, 0.8660254037844387100, 1.000000000000000000, 0.8660254037844387100, 1.000000000000000000, 0.8660254037844387100, 1.000000000000000000, 0.8660254037844387100, 1.000000000000000000, 0.8660254037844387100, 1.000000000000000000, 0.8660254037844387100, 1.000000000000000000, 0.8660254037844387100, 1.000000000000000000, 0.8660254037844387100, 1.000000000000000000, 0.8660254037844387100, 1.000000000000000000, 0.8660254037844387100, 1.000000000000000000) ) ) 
 REPRESENTATION_ITEM ( '' )  SURFACE ( )  );
#2290 = CARTESIAN_POINT ( 'NONE',  ( 0.6410254037844384000, -0.3700961894323345200, -0.7333333333333310600 ) ) ;
#2291 = CARTESIAN_POINT ( 'NONE',  ( -0.8660254037844390400, -0.5000000000000000000, 0.9333333333333618800 ) ) ;
#2292 = ORIENTED_EDGE ( 'NONE', *, *, #1849, .T. ) ;
#2293 = CARTESIAN_POINT ( 'NONE',  ( -1.179700538379251400, 7.223582441392798400E-017, -1.462500000000027700 ) ) ;
#2294 = CARTESIAN_POINT ( 'NONE',  ( 0.8547005383792514200, -1.570059417833504600E-016, 1.700000000000002000 ) ) ;
#2295 = EDGE_CURVE ( 'NONE', #2236, #3157, #90, .T. ) ;
#2296 = VERTEX_POINT ( 'NONE', #1737 ) ;
#2297 = CARTESIAN_POINT ( 'NONE',  ( 0.5898502691896252400, -1.021650635094611100, -0.5541666666666368300 ) ) ;
#2298 = CARTESIAN_POINT ( 'NONE',  ( -0.8547005383792514200, 5.233531392778349000E-017, 1.150000000000003500 ) ) ;
#2299 = CARTESIAN_POINT ( 'NONE',  ( 0.4273502691896254900, -0.7401923788646686000, 0.8333333333333352600 ) ) ;
#2300 = ORIENTED_EDGE ( 'NONE', *, *, #1234, .F. ) ;
#2301 = AXIS2_PLACEMENT_3D ( 'NONE', #1311, #2945, #2097 ) ;
#2302 = ADVANCED_FACE ( 'NONE', ( #842 ), #2705, .T. ) ;
#2303 = CARTESIAN_POINT ( 'NONE',  ( -1.154700538379251900, 7.070501591499382700E-017, -3.050000000000025100 ) ) ;
#2304 = CARTESIAN_POINT ( 'NONE',  ( 0.6410254037844388400, 0.3700961894323336300, -1.866666666666664500 ) ) ;
#2305 = CARTESIAN_POINT ( 'NONE',  ( -0.7499999999999963400, 0.4330127018922166900, 3.935048094716167000 ) ) ;
#2306 = CARTESIAN_POINT ( 'NONE',  ( -0.7499999999999955600, -0.2986886858037747200, 3.867886086671943800 ) ) ;
#2307 = CARTESIAN_POINT ( 'NONE',  ( 1.179700538379251400, -2.167074732417838900E-016, -0.8625000000000278000 ) ) ;
#2308 = CARTESIAN_POINT ( 'NONE',  ( 0.6410254037844388400, 0.3700961894323336300, 1.733333333333335800 ) ) ;
#2309 = CARTESIAN_POINT ( 'NONE',  ( 1.179700538379251400, -2.167074732417838900E-016, -2.087499999999970600 ) ) ;
#2310 = CARTESIAN_POINT ( 'NONE',  ( 0.6410254037844384000, -0.3700961894323345200, 1.716666666666670100 ) ) ;
#2311 = CARTESIAN_POINT ( 'NONE',  ( 0.0000000000000000000, 0.7401923788646683800, 1.000000000000002700 ) ) ;
#2312 = CARTESIAN_POINT ( 'NONE',  ( 0.4273502691896261500, 0.7401923788646680400, -1.033333333333331000 ) ) ;
#2313 = CARTESIAN_POINT ( 'NONE',  ( -1.154700538379252100, 7.070501591499381500E-017, -2.699999999999971800 ) ) ;
#2314 = CARTESIAN_POINT ( 'NONE',  ( -0.8547005383792513100, 5.233531392778349000E-017, -1.699999999999998000 ) ) ;
#2315 = EDGE_CURVE ( 'NONE', #2240, #646, #2873, .T. ) ;
#2316 = CARTESIAN_POINT ( 'NONE',  ( 0.0000000000000000000, 1.021650635094610800, 0.8374999999999728200 ) ) ;
#2317 = CARTESIAN_POINT ( 'NONE',  ( -9.064742275298811100E-017, -0.7401923788646683800, 2.000000000000002700 ) ) ;
#2318 = AXIS2_PLACEMENT_3D ( 'NONE', #1002, #737, #2373 ) ;
#2319 = CARTESIAN_POINT ( 'NONE',  ( 0.8847754037844383100, -0.5108253175473058700, -0.9208333333333035300 ) ) ;
#2320 = CARTESIAN_POINT ( 'NONE',  ( -0.8660254037844390400, -0.5000000000000000000, -2.216666666666692500 ) ) ;
#2321 = FACE_OUTER_BOUND ( 'NONE', #684, .T. ) ;
#2322 = CARTESIAN_POINT ( 'NONE',  ( 0.4273502691896254900, -0.7401923788646686000, -2.366666666666664500 ) ) ;
#2323 = CARTESIAN_POINT ( 'NONE',  ( 2.274831169102931700E-011, 0.8669872981068126300, -3.873205080757854600 ) ) ;
#2324 = VECTOR ( 'NONE', #2169, 1000.000000000000000 ) ;
#2325 = CARTESIAN_POINT ( 'NONE',  ( -0.4273502691896259300, -0.7401923788646681500, -0.03333333333333139700 ) ) ;
#2326 = CIRCLE ( 'NONE', #3583, 1.899999999999999900 ) ;
#2327 = CARTESIAN_POINT ( 'NONE',  ( -0.2426460913693779000, 0.7259336176145131400, 3.831350129109556900 ) ) ;
#2328 = CARTESIAN_POINT ( 'NONE',  ( 1.154700538379252100, -2.121150477449814300E-016, -3.299999999999971800 ) ) ;
#2329 = CARTESIAN_POINT ( 'NONE',  ( -1.179700538379251400, 7.223582441392798400E-017, 0.5374999999999720000 ) ) ;
#2330 = CARTESIAN_POINT ( 'NONE',  ( 0.8547005383792514200, -1.570059417833504600E-016, 0.5000000000000022200 ) ) ;
#2331 = ORIENTED_EDGE ( 'NONE', *, *, #2110, .F. ) ;
#2332 = CARTESIAN_POINT ( 'NONE',  ( -0.8847754037844384200, 0.5108253175473055400, 0.4791666666666962700 ) ) ;
#2333 = ORIENTED_EDGE ( 'NONE', *, *, #3541, .F. ) ;
#2334 = CARTESIAN_POINT ( 'NONE',  ( -0.4273502691896259900, -0.7401923788646680400, 0.01666666666667003500 ) ) ;
#2335 =( BOUNDED_CURVE ( )  B_SPLINE_CURVE ( 2, ( #2589, #2029, #2636, #357, #2043, #2661, #2653 ),
 .UNSPECIFIED., .F., .F. ) 
 B_SPLINE_CURVE_WITH_KNOTS ( ( 3, 2, 2, 3 ),
 ( 0.5625000000000000000, 0.5729166666666666300, 0.5833333333333332600, 0.5937499999999998900 ),
 .UNSPECIFIED. ) 
 CURVE ( )  GEOMETRIC_REPRESENTATION_ITEM ( )  RATIONAL_B_SPLINE_CURVE ( ( 1.000000000000000000, 0.8660254037844387100, 1.000000000000000000, 0.8660254037844387100, 1.000000000000000000, 0.8660254037844401500, 0.9999999999999985600 ) ) 
 REPRESENTATION_ITEM ( '' )  );
#2336 = CARTESIAN_POINT ( 'NONE',  ( -9.064742275298811100E-017, -0.7401923788646683800, -2.399999999999997700 ) ) ;
#2337 = CARTESIAN_POINT ( 'NONE',  ( 0.5773502691896301700, 0.9999999999999940000, -1.183333333333359300 ) ) ;
#2338 = VERTEX_POINT ( 'NONE', #3118 ) ;
#2339 = CARTESIAN_POINT ( 'NONE',  ( -0.8547005383792513100, 5.233531392778349000E-017, -0.4999999999999978400 ) ) ;
#2340 = CARTESIAN_POINT ( 'NONE',  ( -0.5045641449641218300, 0.5747151588659649100, 3.818702545239033500 ) ) ;
#2341 = ORIENTED_EDGE ( 'NONE', *, *, #2595, .T. ) ;
#2342 = CARTESIAN_POINT ( 'NONE',  ( 0.5898502691896252400, -1.021650635094611100, 0.2708333333333061100 ) ) ;
#2343 = CARTESIAN_POINT ( 'NONE',  ( 0.6410254037844384000, -0.3700961894323345200, 0.4666666666666690600 ) ) ;
#2344 = ORIENTED_EDGE ( 'NONE', *, *, #3336, .T. ) ;
#2345 = CARTESIAN_POINT ( 'NONE',  ( -0.5898502691896260200, -1.021650635094610600, 0.9791666666666966100 ) ) ;
#2346 = CARTESIAN_POINT ( 'NONE',  ( 0.0000000000000000000, 1.483513425412634100E-056, 1.999999999999999100 ) ) ;
#2347 = CARTESIAN_POINT ( 'NONE',  ( -9.064742275298811100E-017, -0.7401923788646683800, -0.3499999999999965900 ) ) ;
#2348 = EDGE_CURVE ( 'NONE', #912, #2599, #2063, .T. ) ;
#2349 = CARTESIAN_POINT ( 'NONE',  ( -0.6410254037844386200, -0.3700961894323340200, -1.666666666666664300 ) ) ;
#2350 = CARTESIAN_POINT ( 'NONE',  ( -0.8660254037844390400, 0.5000000000000003300, 1.266666666666695000 ) ) ;
#2351 = CARTESIAN_POINT ( 'NONE',  ( 0.4273502691896254900, -0.7401923788646686000, 0.4333333333333359000 ) ) ;
#2352 = CARTESIAN_POINT ( 'NONE',  ( -0.8660254037844390400, 0.5000000000000003300, 0.5166666666666408500 ) ) ;
#2353 = CARTESIAN_POINT ( 'NONE',  ( 0.6410254037844384000, -0.3700961894323345200, -1.483333333333329600 ) ) ;
#2354 = CARTESIAN_POINT ( 'NONE',  ( -0.8847754037844384200, 0.5108253175473055400, -0.2958333333333605900 ) ) ;
#2355 = CARTESIAN_POINT ( 'NONE',  ( -0.5773502691896222900, 1.000000000000006400, -1.166666666666639200 ) ) ;
#2356 = MANIFOLD_SOLID_BREP ( 'Revolve2', #3167 ) ;
#2357 = CARTESIAN_POINT ( 'NONE',  ( 0.5898502691896252400, -1.021650635094611100, 0.6458333333333637900 ) ) ;
#2358 = CARTESIAN_POINT ( 'NONE',  ( -1.224646799147353900E-016, -1.000000000000000400, 0.2499999999999740500 ) ) ;
#2359 = CARTESIAN_POINT ( 'NONE',  ( -0.6410254037844386200, -0.3700961894323340200, -1.616666666666662900 ) ) ;
#2360 = CARTESIAN_POINT ( 'NONE',  ( 0.4273502691896261500, 0.7401923788646680400, -2.633333333333331100 ) ) ;
#2361 = CARTESIAN_POINT ( 'NONE',  ( -0.6410254037844386200, -0.3700961894323340200, 0.7833333333333372100 ) ) ;
#2362 = EDGE_CURVE ( 'NONE', #1220, #371, #3036, .T. ) ;
#2363 = DIRECTION ( 'NONE',  ( -0.0000000000000000000, -0.0000000000000000000, 1.000000000000000000 ) ) ;
#2364 = CARTESIAN_POINT ( 'NONE',  ( 0.4273502691896254900, -0.7401923788646686000, -2.316666666666663300 ) ) ;
#2365 = CARTESIAN_POINT ( 'NONE',  ( 0.0000000000000000000, 0.0000000000000000000, 1.899999999999998100 ) ) ;
#2366 = CARTESIAN_POINT ( 'NONE',  ( 0.0000000000000000000, 5.934053701650533800E-056, -3.999999999999999100 ) ) ;
#2367 = AXIS2_PLACEMENT_3D ( 'NONE', #1680, #2577, #1728 ) ;
#2368 = CARTESIAN_POINT ( 'NONE',  ( 1.179700538379251400, -2.167074732417838900E-016, 1.112500000000030200 ) ) ;
#2369 = CARTESIAN_POINT ( 'NONE',  ( -9.064742275298811100E-017, -0.7401923788646683800, -1.149999999999996600 ) ) ;
#2370 = VECTOR ( 'NONE', #2849, 1000.000000000000000 ) ;
#2371 = CARTESIAN_POINT ( 'NONE',  ( 0.4273502691896261500, 0.7401923788646680400, 0.9666666666666686700 ) ) ;
#2372 = ORIENTED_EDGE ( 'NONE', *, *, #15, .F. ) ;
#2373 = DIRECTION ( 'NONE',  ( 0.0000000000000000000, 1.000000000000000000, 0.0000000000000000000 ) ) ;
#2374 = ORIENTED_EDGE ( 'NONE', *, *, #3031, .F. ) ;
#2375 = PERSON_AND_ORGANIZATION_ROLE ( 'creator' ) ;
#2376 = CARTESIAN_POINT ( 'NONE',  ( -0.4273502691896259900, -0.7401923788646680400, -2.383333333333329300 ) ) ;
#2377 = CARTESIAN_POINT ( 'NONE',  ( -0.8847754037844384200, 0.5108253175473055400, 1.304166666666639200 ) ) ;
#2378 = EDGE_LOOP ( 'NONE', ( #57, #12, #154, #2640 ) ) ;
#2379 = CARTESIAN_POINT ( 'NONE',  ( 0.5898502691896262400, 1.021650635094610400, -0.4208333333333034700 ) ) ;
#2380 = CARTESIAN_POINT ( 'NONE',  ( 0.5773502691896220700, -1.000000000000006900, 1.033333333333361000 ) ) ;
#2381 = CARTESIAN_POINT ( 'NONE',  ( -0.6410254037844385100, 0.3700961894323343000, -1.283333333333329900 ) ) ;
#2382 = ORIENTED_EDGE ( 'NONE', *, *, #1130, .T. ) ;
#2383 = CARTESIAN_POINT ( 'NONE',  ( 0.6410254037844384000, -0.3700961894323345200, -0.3333333333333313200 ) ) ;
#2384 = ORIENTED_EDGE ( 'NONE', *, *, #3541, .T. ) ;
#2385 = APPLICATION_PROTOCOL_DEFINITION ( 'international standard', 'config_control_design', 1994, #2420 ) ;
#2386 = CARTESIAN_POINT ( 'NONE',  ( 0.8547005383792514200, -1.570059417833504600E-016, -3.449999999999996200 ) ) ;
#2387 = CARTESIAN_POINT ( 'NONE',  ( -1.224646799147353900E-016, -1.000000000000000400, -1.750000000000025300 ) ) ;
#2388 = CARTESIAN_POINT ( 'NONE',  ( -0.5898502691896260200, -1.021650635094610600, 1.779166666666697200 ) ) ;
#2389 = CARTESIAN_POINT ( 'NONE',  ( -0.8660254037844390400, -0.5000000000000000000, -0.6166666666666925600 ) ) ;
#2390 = CARTESIAN_POINT ( 'NONE',  ( -9.064742275298811100E-017, -0.7401923788646683800, 2.050000000000004300 ) ) ;
#2391 = CARTESIAN_POINT ( 'NONE',  ( -0.5773502691896262900, -1.000000000000000000, 1.416666666666641200 ) ) ;
#2392 = CARTESIAN_POINT ( 'NONE',  ( 0.8547005383792514200, -1.570059417833504600E-016, 1.300000000000002500 ) ) ;
#2393 = DIRECTION ( 'NONE',  ( -0.0000000000000000000, 7.417567127063168400E-057, -1.000000000000000000 ) ) ;
#2394 = CARTESIAN_POINT ( 'NONE',  ( 0.0000000000000000000, 1.000000000000000400, -3.999999999999999100 ) ) ;
#2395 = CARTESIAN_POINT ( 'NONE',  ( -0.8547005383792514200, 5.233531392778349000E-017, -2.849999999999996500 ) ) ;
#2396 = CARTESIAN_POINT ( 'NONE',  ( -1.224646799147353700E-016, -1.000000000000000400, -1.799999999999971800 ) ) ;
#2397 = CARTESIAN_POINT ( 'NONE',  ( 0.8847754037844388600, 0.5108253175473046500, 1.945833333333363700 ) ) ;
#2398 = CARTESIAN_POINT ( 'NONE',  ( -9.064742275298811100E-017, -0.7401923788646683800, -3.549999999999996700 ) ) ;
#2399 = CARTESIAN_POINT ( 'NONE',  ( -0.6410254037844386200, -0.3700961894323340200, 1.183333333333337300 ) ) ;
#2400 = CARTESIAN_POINT ( 'NONE',  ( -0.4594715224599843500, -0.6162585482852340800, -3.978556998260585500 ) ) ;
#2401 = CARTESIAN_POINT ( 'NONE',  ( -0.6410254037844386200, -0.3700961894323340200, -0.06666666666666452900 ) ) ;
#2402 = CONICAL_SURFACE ( 'NONE', #121, 0.9309773090682665900, 0.7853981633974500600 ) ;
#2403 = FACE_OUTER_BOUND ( 'NONE', #2756, .T. ) ;
#2404 = CARTESIAN_POINT ( 'NONE',  ( 0.8660254037844393700, 0.4999999999999994400, -0.4666666666666382500 ) ) ;
#2405 = EDGE_CURVE ( 'NONE', #1765, #2117, #1020, .T. ) ;
#2406 = CARTESIAN_POINT ( 'NONE',  ( -0.8547005383792514200, 5.233531392778349000E-017, -0.4499999999999964000 ) ) ;
#2407 = CARTESIAN_POINT ( 'NONE',  ( -1.251161180115475900E-016, -1.021650635094610800, 1.437499999999972700 ) ) ;
#2408 = ORIENTED_EDGE ( 'NONE', *, *, #1179, .F. ) ;
#2409 = EDGE_CURVE ( 'NONE', #1813, #3373, #3244, .T. ) ;
#2410 = CIRCLE ( 'NONE', #2764, 1.100000000000001400 ) ;
#2411 = CARTESIAN_POINT ( 'NONE',  ( 0.6410254037844384000, -0.3700961894323345200, -3.883333333333329800 ) ) ;
#2412 = ORIENTED_EDGE ( 'NONE', *, *, #443, .T. ) ;
#2413 = CARTESIAN_POINT ( 'NONE',  ( -0.4273502691896256500, 0.7401923788646683800, -4.116666666666663600 ) ) ;
#2414 = CARTESIAN_POINT ( 'NONE',  ( -0.4273502691896259900, -0.7401923788646680400, 0.4166666666666701800 ) ) ;
#2415 = CARTESIAN_POINT ( 'NONE',  ( 0.9999999999998779900, -0.2679491924313352500, 1.882136720504605800 ) ) ;
#2416 = CARTESIAN_POINT ( 'NONE',  ( -0.4273502691896256500, 0.7401923788646683800, 0.6333333333333355200 ) ) ;
#2417 = CARTESIAN_POINT ( 'NONE',  ( -0.5773502691896293900, -0.9999999999999950000, -3.433333333333306000 ) ) ;
#2418 = VERTEX_POINT ( 'NONE', #1172 ) ;
#2419 = CARTESIAN_POINT ( 'NONE',  ( -0.4273502691896259900, -0.7401923788646680400, -3.183333333333329600 ) ) ;
#2420 = APPLICATION_CONTEXT ( 'configuration controlled 3d designs of mechanical parts and assemblies' ) ;
#2421 = ORIENTED_EDGE ( 'NONE', *, *, #2777, .F. ) ;
#2422 = CARTESIAN_POINT ( 'NONE',  ( -9.064742275298811100E-017, -0.7401923788646683800, -0.7499999999999963400 ) ) ;
#2423 = CARTESIAN_POINT ( 'NONE',  ( 1.224646799147353900E-016, -1.000000000000000400, -3.999999999999999100 ) ) ;
#2424 = CARTESIAN_POINT ( 'NONE',  ( 0.7069979540329367500, -0.3557914678250376200, -3.955735813896984700 ) ) ;
#2425 = ORIENTED_EDGE ( 'NONE', *, *, #1635, .F. ) ;
#2426 = CARTESIAN_POINT ( 'NONE',  ( -0.6410254037844385100, 0.3700961894323343000, -3.683333333333330000 ) ) ;
#2427 = CARTESIAN_POINT ( 'NONE',  ( -0.6410254037844386200, -0.3700961894323340200, 0.7833333333333372100 ) ) ;
#2428 = ORIENTED_EDGE ( 'NONE', *, *, #1501, .F. ) ;
#2429 = CARTESIAN_POINT ( 'NONE',  ( -0.5773502691896245100, -1.000000000000003100, -0.1833333333333590200 ) ) ;
#2430 = CARTESIAN_POINT ( 'NONE',  ( -0.8547005383792513100, 5.233531392778349000E-017, -1.649999999999996600 ) ) ;
#2431 = CARTESIAN_POINT ( 'NONE',  ( 1.154700538379251900, -2.121150477449814300E-016, -1.650000000000025700 ) ) ;
#2432 = CARTESIAN_POINT ( 'NONE',  ( -0.6410254037844385100, 0.3700961894323343000, -2.083333333333329900 ) ) ;
#2433 = CARTESIAN_POINT ( 'NONE',  ( -0.6410254037844385100, 0.3700961894323343000, 0.3166666666666699800 ) ) ;
#2434 = DIRECTION ( 'NONE',  ( -0.0000000000000000000, 7.417567127063168400E-057, -1.000000000000000000 ) ) ;
#2435 = CARTESIAN_POINT ( 'NONE',  ( 0.6410254037844388400, 0.3700961894323336300, 1.383333333333337100 ) ) ;
#2436 = CARTESIAN_POINT ( 'NONE',  ( 0.8547005383792513100, -1.570059417833504600E-016, -3.049999999999996700 ) ) ;
#2437 = DIRECTION ( 'NONE',  ( -0.0000000000000000000, 7.417567127063168400E-057, -1.000000000000000000 ) ) ;
#2438 = CARTESIAN_POINT ( 'NONE',  ( 0.8547005383792514200, -1.570059417833504600E-016, -2.649999999999996800 ) ) ;
#2439 = AXIS2_PLACEMENT_3D ( 'NONE', #2273, #3619, #3072 ) ;
#2440 = CARTESIAN_POINT ( 'NONE',  ( -0.6410254037844385100, 0.3700961894323343000, -1.283333333333329900 ) ) ;
#2441 = CARTESIAN_POINT ( 'NONE',  ( 2.725547480607297300E-011, -0.9566987298121871800, 1.875000000000811100 ) ) ;
#2442 = CARTESIAN_POINT ( 'NONE',  ( 0.8057526865640938200, -0.05557600425437572700, -3.939497802544823300 ) ) ;
#2443 = DIRECTION ( 'NONE',  ( 0.4999999999999998300, -0.8660254037844387100, 0.0000000000000000000 ) ) ;
#2444 = CARTESIAN_POINT ( 'NONE',  ( -0.4273502691896256500, 0.7401923788646683800, -2.566666666666664200 ) ) ;
#2445 = VECTOR ( 'NONE', #3348, 1000.000000000000100 ) ;
#2446 = CARTESIAN_POINT ( 'NONE',  ( 0.4273502691896254900, -0.7401923788646686000, -2.716666666666663700 ) ) ;
#2447 = CIRCLE ( 'NONE', #1830, 1.000000000000000900 ) ;
#2448 = AXIS2_PLACEMENT_3D ( 'NONE', #1739, #3173, #2032 ) ;
#2449 = ORIENTED_EDGE ( 'NONE', *, *, #729, .T. ) ;
#2450 = CARTESIAN_POINT ( 'NONE',  ( -0.6410254037844385100, 0.3700961894323343000, -0.08333333333332936000 ) ) ;
#2451 = CARTESIAN_POINT ( 'NONE',  ( -1.224646799147353900E-016, -1.000000000000000400, 0.2499999999999740500 ) ) ;
#2452 = VERTEX_POINT ( 'NONE', #14 ) ;
#2453 = CARTESIAN_POINT ( 'NONE',  ( 0.9309773090682665900, -2.967026850825266900E-056, 3.999999999999999100 ) ) ;
#2454 = EDGE_CURVE ( 'NONE', #3328, #2793, #1241, .T. ) ;
#2455 = CARTESIAN_POINT ( 'NONE',  ( 0.0000000000000000000, 0.7401923788646683800, 2.200000000000002400 ) ) ;
#2456 = CARTESIAN_POINT ( 'NONE',  ( -0.6410254037844385100, 0.3700961894323343000, -2.533333333333331000 ) ) ;
#2457 = ADVANCED_FACE ( 'NONE', ( #1882 ), #3529, .T. ) ;
#2458 = VERTEX_POINT ( 'NONE', #2323 ) ;
#2459 = CARTESIAN_POINT ( 'NONE',  ( -0.4273502691896259300, -0.7401923788646681500, -2.383333333333329800 ) ) ;
#2460 = CARTESIAN_POINT ( 'NONE',  ( -0.8703747280494809100, -0.1829546966413705400, 1.831949796389758400 ) ) ;
#2461 = VERTEX_POINT ( 'NONE', #1475 ) ;
#2462 = CARTESIAN_POINT ( 'NONE',  ( -9.064742275298811100E-017, -0.7401923788646683800, 0.8500000000000035300 ) ) ;
#2463 = CARTESIAN_POINT ( 'NONE',  ( 2.725547480607297300E-011, -0.9566987298121871800, 1.875000000000811100 ) ) ;
#2464 = ORIENTED_EDGE ( 'NONE', *, *, #303, .F. ) ;
#2465 = CARTESIAN_POINT ( 'NONE',  ( -9.418947792278344800E-016, -0.8660254037844323800, 3.935048094716165700 ) ) ;
#2466 = CARTESIAN_POINT ( 'NONE',  ( 0.5721560637997654700, -0.7788356469242607700, -3.784690068709307500 ) ) ;
#2467 = AXIS2_PLACEMENT_3D ( 'NONE', #368, #3155, #2854 ) ;
#2468 = CARTESIAN_POINT ( 'NONE',  ( 0.0000000000000000000, 1.000000000000000400, 1.600000000000027800 ) ) ;
#2469 = CARTESIAN_POINT ( 'NONE',  ( 0.8547005383792514200, -1.570059417833504600E-016, 2.100000000000001900 ) ) ;
#2470 = CARTESIAN_POINT ( 'NONE',  ( 0.6410254037844388400, 0.3700961894323336300, -2.266666666666664800 ) ) ;
#2471 = DIRECTION ( 'NONE',  ( 0.0000000000000000000, 1.000000000000000000, 0.0000000000000000000 ) ) ;
#2472 = CARTESIAN_POINT ( 'NONE',  ( 0.4273502691896261500, 0.7401923788646681500, -2.183333333333329600 ) ) ;
#2473 = CARTESIAN_POINT ( 'NONE',  ( 1.285879139104722200E-016, -1.000000000000000900, 1.899999999999998100 ) ) ;
#2474 = EDGE_CURVE ( 'NONE', #323, #3386, #1862, .T. ) ;
#2475 = CARTESIAN_POINT ( 'NONE',  ( 0.6410254037844388400, 0.3700961894323336300, 0.1833333333333365700 ) ) ;
#2476 = CARTESIAN_POINT ( 'NONE',  ( -1.470839137900581700E-013, -0.9937822173508709100, -3.746410161513797500 ) ) ;
#2477 = AXIS2_PLACEMENT_3D ( 'NONE', #1489, #982, #2898 ) ;
#2478 = CARTESIAN_POINT ( 'NONE',  ( -0.6410254037844385100, 0.3700961894323343000, -2.933333333333331300 ) ) ;
#2479 = CARTESIAN_POINT ( 'NONE',  ( 0.8660254037844393700, 0.4999999999999994400, -0.01666666666669271500 ) ) ;
#2480 = CARTESIAN_POINT ( 'NONE',  ( 0.1960585439978188800, 0.7709818345593427700, 1.767776300529666300 ) ) ;
#2481 = CARTESIAN_POINT ( 'NONE',  ( -1.179700538379251400, 7.223582441392798400E-017, -4.262500000000027700 ) ) ;
#2482 = CARTESIAN_POINT ( 'NONE',  ( -0.4273502691896256500, 0.7401923788646683800, -3.766666666666664800 ) ) ;
#2483 = CARTESIAN_POINT ( 'NONE',  ( 0.6410254037844384000, -0.3700961894323345200, -0.6833333333333296800 ) ) ;
#2484 = CARTESIAN_POINT ( 'NONE',  ( -1.224646799147353900E-016, -1.000000000000000400, -0.1500000000000252500 ) ) ;
#2485 = APPROVAL_PERSON_ORGANIZATION ( #2740, #36, #472 ) ;
#2486 = CARTESIAN_POINT ( 'NONE',  ( -0.4273502691896259300, -0.7401923788646681500, 0.8166666666666703200 ) ) ;
#2487 = LINE ( 'NONE', #3030, #2445 ) ;
#2488 = CARTESIAN_POINT ( 'NONE',  ( 1.154700538379252100, -2.121150477449814300E-016, -2.499999999999972000 ) ) ;
#2489 = CARTESIAN_POINT ( 'NONE',  ( -0.4273502691896256000, 0.7401923788646683800, -3.766666666666664800 ) ) ;
#2490 = CARTESIAN_POINT ( 'NONE',  ( 0.0000000000000000000, 1.000000000000000400, 1.200000000000028800 ) ) ;
#2491 = CARTESIAN_POINT ( 'NONE',  ( -0.5773502691896281700, -0.9999999999999972200, -1.433333333333305100 ) ) ;
#2492 = VECTOR ( 'NONE', #1678, 1000.000000000000000 ) ;
#2493 = ORIENTED_EDGE ( 'NONE', *, *, #1078, .F. ) ;
#2494 = CARTESIAN_POINT ( 'NONE',  ( 0.6410254037844388400, 0.3700961894323336300, 2.133333333333336000 ) ) ;
#2495 = CARTESIAN_POINT ( 'NONE',  ( 0.0000000000000000000, 0.7401923788646683800, -3.799999999999998000 ) ) ;
#2496 = ADVANCED_FACE ( 'NONE', ( #3576 ), #534, .T. ) ;
#2497 = EDGE_CURVE ( 'NONE', #2159, #1297, #453, .T. ) ;
#2498 = CYLINDRICAL_SURFACE ( 'NONE', #2991, 1.000000000000000400 ) ;
#2499 = CARTESIAN_POINT ( 'NONE',  ( 1.179700538379251400, -2.167074732417838900E-016, -3.287499999999969900 ) ) ;
#2500 = VERTEX_POINT ( 'NONE', #396 ) ;
#2501 = CARTESIAN_POINT ( 'NONE',  ( -0.4273502691896256000, 0.7401923788646683800, -0.5166666666666630500 ) ) ;
#2502 = ORIENTED_EDGE ( 'NONE', *, *, #2663, .F. ) ;
#2503 = DIRECTION ( 'NONE',  ( -0.0000000000000000000, 7.417567127063168400E-057, -1.000000000000000000 ) ) ;
#2504 = CARTESIAN_POINT ( 'NONE',  ( 0.0000000000000000000, 1.483513425412634100E-056, 1.999999999999999100 ) ) ;
#2505 = CARTESIAN_POINT ( 'NONE',  ( -0.9309773090682665900, 1.140118381629268700E-016, 3.999999999999999100 ) ) ;
#2506 = ORIENTED_EDGE ( 'NONE', *, *, #1348, .F. ) ;
#2507 =( BOUNDED_CURVE ( )  B_SPLINE_CURVE ( 2, ( #361, #2056, #647, #3162, #2861, #1214, #682 ),
 .UNSPECIFIED., .F., .F. ) 
 B_SPLINE_CURVE_WITH_KNOTS ( ( 3, 2, 2, 3 ),
 ( 0.8750000000000001100, 0.8854166666666667400, 0.8958333333333333700, 0.9045853086329491700 ),
 .UNSPECIFIED. ) 
 CURVE ( )  GEOMETRIC_REPRESENTATION_ITEM ( )  RATIONAL_B_SPLINE_CURVE ( ( 0.9999999999999985600, 0.8660254037844402600, 1.000000000000000000, 0.8660254037844388200, 1.000000000000000000, 0.8874359337419587300, 0.9640221895667392400 ) ) 
 REPRESENTATION_ITEM ( '' )  );
#2508 = CARTESIAN_POINT ( 'NONE',  ( 1.179700538379251400, -2.167074732417838900E-016, -3.662500000000027600 ) ) ;
#2509 = CARTESIAN_POINT ( 'NONE',  ( 0.8547005383792514200, -1.570059417833504600E-016, -1.099999999999997600 ) ) ;
#2510 = VERTEX_POINT ( 'NONE', #3420 ) ;
#2511 = CARTESIAN_POINT ( 'NONE',  ( 0.5898502691896262400, 1.021650635094610400, -3.620833333333303800 ) ) ;
#2512 = VERTEX_POINT ( 'NONE', #969 ) ;
#2513 = CARTESIAN_POINT ( 'NONE',  ( 0.0000000000000000000, 0.7401923788646683800, 1.450000000000003300 ) ) ;
#2514 = ADVANCED_FACE ( 'NONE', ( #1453 ), #112, .F. ) ;
#2515 = CARTESIAN_POINT ( 'NONE',  ( -1.154700538379251900, 7.070501591499382700E-017, -2.650000000000025200 ) ) ;
#2516 = DIRECTION ( 'NONE',  ( 0.0000000000000000000, 1.000000000000000000, 0.0000000000000000000 ) ) ;
#2517 = CARTESIAN_POINT ( 'NONE',  ( 0.0000000000000000000, 1.000000000000000400, -3.999999999999999100 ) ) ;
#2518 = DIRECTION ( 'NONE',  ( -0.0000000000000000000, 7.417567127063168400E-057, -1.000000000000000000 ) ) ;
#2519 = AXIS2_PLACEMENT_3D ( 'NONE', #780, #3618, #855 ) ;
#2520 = CARTESIAN_POINT ( 'NONE',  ( -1.154700538379251900, 7.070501591499382700E-017, 0.9499999999999740900 ) ) ;
#2521 = CARTESIAN_POINT ( 'NONE',  ( 0.5898502691896252400, -1.021650635094611100, -0.9291666666666943400 ) ) ;
#2522 = CARTESIAN_POINT ( 'NONE',  ( -0.6410254037844385100, 0.3700961894323343000, -0.9333333333333311300 ) ) ;
#2523 = CARTESIAN_POINT ( 'NONE',  ( 0.0000000000000000000, 5.934053701650533800E-056, -3.999999999999999100 ) ) ;
#2524 = CARTESIAN_POINT ( 'NONE',  ( -0.6410254037844386200, -0.3700961894323340200, -3.266666666666664800 ) ) ;
#2525 = CARTESIAN_POINT ( 'NONE',  ( 1.224646799147353900E-016, -1.000000000000000400, -3.999999999999999100 ) ) ;
#2526 = EDGE_CURVE ( 'NONE', #3427, #3324, #2014, .T. ) ;
#2527 = CARTESIAN_POINT ( 'NONE',  ( 0.4273502691896261500, 0.7401923788646681500, -3.433333333333331300 ) ) ;
#2528 = CARTESIAN_POINT ( 'NONE',  ( 0.0000000000000000000, 1.000000000000000400, -3.199999999999971800 ) ) ;
#2529 = DIRECTION ( 'NONE',  ( 0.0000000000000000000, 1.000000000000000000, 0.0000000000000000000 ) ) ;
#2530 = CARTESIAN_POINT ( 'NONE',  ( -1.251161180115475900E-016, -1.021650635094610800, -2.962500000000027400 ) ) ;
#2531 = CARTESIAN_POINT ( 'NONE',  ( 0.4273502691896254900, -0.7401923788646686000, -0.3666666666666644800 ) ) ;
#2532 = CALENDAR_DATE ( 2023, 11, 1 ) ;
#2533 = DIRECTION ( 'NONE',  ( 0.0000000000000000000, 1.000000000000000000, 0.0000000000000000000 ) ) ;
#2534 = CYLINDRICAL_SURFACE ( 'NONE', #3387, 1.000000000000000400 ) ;
#2535 = CONICAL_SURFACE ( 'NONE', #2028, 1.800000000000000000, 0.7853981633974472800 ) ;
#2536 = CARTESIAN_POINT ( 'NONE',  ( -0.6410254037844386200, -0.3700961894323340200, -3.616666666666663100 ) ) ;
#2537 = CARTESIAN_POINT ( 'NONE',  ( 0.0000000000000000000, 1.000000000000000400, 0.04999999999997440500 ) ) ;
#2538 = CARTESIAN_POINT ( 'NONE',  ( 0.0000000000000000000, 0.7401923788646683800, -2.199999999999998000 ) ) ;
#2539 = ORIENTED_EDGE ( 'NONE', *, *, #2036, .F. ) ;
#2540 = CARTESIAN_POINT ( 'NONE',  ( 1.154700538379252100, -2.121150477449814300E-016, 0.3000000000000280800 ) ) ;
#2541 = CARTESIAN_POINT ( 'NONE',  ( 0.0000000000000000000, 1.000000000000000400, -1.199999999999972000 ) ) ;
#2542 = CARTESIAN_POINT ( 'NONE',  ( -0.7499999999999954500, -0.4330127018922179700, 3.935048094716167000 ) ) ;
#2543 = CARTESIAN_POINT ( 'NONE',  ( -0.5898502691896260200, -1.021650635094610600, -1.795833333333361100 ) ) ;
#2544 = CARTESIAN_POINT ( 'NONE',  ( 0.6410254037844384000, -0.3700961894323345200, -0.3333333333333313200 ) ) ;
#2545 = ORIENTED_EDGE ( 'NONE', *, *, #1230, .T. ) ;
#2546 = EDGE_CURVE ( 'NONE', #2418, #3328, #3571, .T. ) ;
#2547 = DIRECTION ( 'NONE',  ( 0.0000000000000000000, -1.000000000000000000, 0.0000000000000000000 ) ) ;
#2548 = CARTESIAN_POINT ( 'NONE',  ( -0.8847754037844384200, 0.5108253175473055400, -1.120833333333303600 ) ) ;
#2549 = ORIENTED_EDGE ( 'NONE', *, *, #2710, .F. ) ;
#2550 = CC_DESIGN_PERSON_AND_ORGANIZATION_ASSIGNMENT ( #3358, #426, ( #1060 ) ) ;
#2551 = CARTESIAN_POINT ( 'NONE',  ( 0.6410254037844388400, 0.3700961894323336300, -3.066666666666664700 ) ) ;
#2552 = ORIENTED_EDGE ( 'NONE', *, *, #1038, .T. ) ;
#2553 = CARTESIAN_POINT ( 'NONE',  ( 0.4273502691896261500, 0.7401923788646681500, -1.033333333333331000 ) ) ;
#2554 = CARTESIAN_POINT ( 'NONE',  ( -0.8660254037844390400, 0.5000000000000003300, 0.8666666666666947800 ) ) ;
#2555 = DIRECTION ( 'NONE',  ( 0.0000000000000000000, 1.000000000000000000, 0.0000000000000000000 ) ) ;
#2556 = ORIENTED_EDGE ( 'NONE', *, *, #3220, .T. ) ;
#2557 = B_SPLINE_CURVE_WITH_KNOTS ( 'NONE', 3,
 ( #556, #237, #518, #1094, #2779, #2463 ),
 .UNSPECIFIED., .F., .F.,
 ( 4, 2, 4 ),
 ( 4.657892662060453200E-016, 0.0003784838002005913800, 0.0007569676004007169800 ),
 .UNSPECIFIED. ) ;
#2558 = CARTESIAN_POINT ( 'NONE',  ( -1.179700538379251400, 7.223582441392798400E-017, -1.862500000000027600 ) ) ;
#2559 = CARTESIAN_POINT ( 'NONE',  ( -0.6410254037844386200, -0.3700961894323340200, -1.266666666666664600 ) ) ;
#2560 = CARTESIAN_POINT ( 'NONE',  ( 0.8847754037844383100, -0.5108253175473058700, -2.120833333333303400 ) ) ;
#2561 = CARTESIAN_POINT ( 'NONE',  ( 0.0000000000000000000, 0.7401923788646683800, 2.250000000000003600 ) ) ;
#2562 = DIRECTION ( 'NONE',  ( 0.0000000000000000000, 1.000000000000000000, 0.0000000000000000000 ) ) ;
#2563 = CARTESIAN_POINT ( 'NONE',  ( 0.8547005383792514200, -1.570059417833504600E-016, -3.449999999999996200 ) ) ;
#2564 = CARTESIAN_POINT ( 'NONE',  ( 0.9309773090682665900, -2.967026850825266900E-056, 3.999999999999999100 ) ) ;
#2565 = CARTESIAN_POINT ( 'NONE',  ( 0.4273502691896261500, 0.7401923788646681500, -2.633333333333331100 ) ) ;
#2566 = DIRECTION ( 'NONE',  ( 0.0000000000000000000, 0.7071067811865436900, -0.7071067811865513500 ) ) ;
#2567 = CARTESIAN_POINT ( 'NONE',  ( 0.8847754037844388600, 0.5108253175473046500, -2.829166666666694100 ) ) ;
#2568 = CARTESIAN_POINT ( 'NONE',  ( -0.4273502691896256500, 0.7401923788646683800, 0.2333333333333354500 ) ) ;
#2569 = CARTESIAN_POINT ( 'NONE',  ( 0.8847754037844383100, -0.5108253175473058700, -1.720833333333303500 ) ) ;
#2570 = CARTESIAN_POINT ( 'NONE',  ( 0.8547005383792514200, -1.570059417833504600E-016, 0.9500000000000038400 ) ) ;
#2571 =( BOUNDED_CURVE ( )  B_SPLINE_CURVE ( 2, ( #217, #1141, #2256, #490, #245, #1067, #1905 ),
 .UNSPECIFIED., .F., .T. ) 
 B_SPLINE_CURVE_WITH_KNOTS ( ( 3, 2, 2, 3 ),
 ( 0.1874999999999999700, 0.1979166666666666300, 0.2083333333333333700, 0.2187500000000000300 ),
 .UNSPECIFIED. ) 
 CURVE ( )  GEOMETRIC_REPRESENTATION_ITEM ( )  RATIONAL_B_SPLINE_CURVE ( ( 1.000000000000000400, 0.8660254037844384900, 1.000000000000000000, 0.8660254037844388200, 1.000000000000000000, 0.8660254037844384900, 1.000000000000000400 ) ) 
 REPRESENTATION_ITEM ( '' )  );
#2572 = CARTESIAN_POINT ( 'NONE',  ( -0.4273502691896259300, -0.7401923788646681500, 1.166666666666669000 ) ) ;
#2573 = CARTESIAN_POINT ( 'NONE',  ( 0.4273502691896261500, 0.7401923788646680400, -3.433333333333330900 ) ) ;
#2574 = CARTESIAN_POINT ( 'NONE',  ( -0.5773502691896293900, 0.9999999999999941200, -3.116666666666691600 ) ) ;
#2575 = CARTESIAN_POINT ( 'NONE',  ( -0.4273502691896256000, 0.7401923788646683800, -1.366666666666664500 ) ) ;
#2576 =( BOUNDED_CURVE ( )  B_SPLINE_CURVE ( 2, ( #2181, #869, #1969, #2788, #838, #557, #3616 ),
 .UNSPECIFIED., .F., .T. ) 
 B_SPLINE_CURVE_WITH_KNOTS ( ( 3, 2, 2, 3 ),
 ( 0.04048333008982676900, 0.04166666666666666400, 0.05208333333333331500, 0.06249999999999995800 ),
 .UNSPECIFIED. ) 
 CURVE ( )  GEOMETRIC_REPRESENTATION_ITEM ( )  RATIONAL_B_SPLINE_CURVE ( ( 0.9730187808730939000, 0.9847804441533539700, 1.000000000000000000, 0.8660254037844387100, 1.000000000000000000, 0.8660254037844392600, 0.9999999999999994400 ) ) 
 REPRESENTATION_ITEM ( '' )  );
#2577 = DIRECTION ( 'NONE',  ( -0.0000000000000000000, 7.417567127063168400E-057, -1.000000000000000000 ) ) ;
#2578 = LINE ( 'NONE', #3061, #3139 ) ;
#2579 = CYLINDRICAL_SURFACE ( 'NONE', #2220, 1.000000000000000400 ) ;
#2580 = CARTESIAN_POINT ( 'NONE',  ( -0.5898502691896260200, -1.021650635094610600, -0.5958333333333609700 ) ) ;
#2581 = CARTESIAN_POINT ( 'NONE',  ( -0.6410254037844386200, -0.3700961894323340200, 0.7333333333333358400 ) ) ;
#2582 = CARTESIAN_POINT ( 'NONE',  ( -1.179700538379251400, 7.223582441392798400E-017, -1.887499999999970200 ) ) ;
#2583 = ORIENTED_EDGE ( 'NONE', *, *, #3522, .F. ) ;
#2584 = CARTESIAN_POINT ( 'NONE',  ( 0.4273502691896261500, 0.7401923788646680400, 1.016666666666669900 ) ) ;
#2585 = CARTESIAN_POINT ( 'NONE',  ( -0.6410254037844386200, -0.3700961894323340200, 1.133333333333336000 ) ) ;
#2586 = LINE ( 'NONE', #18, #1710 ) ;
#2587 = CARTESIAN_POINT ( 'NONE',  ( 0.6410254037844384000, -0.3700961894323345200, -1.933333333333331100 ) ) ;
#2588 = ORIENTED_EDGE ( 'NONE', *, *, #658, .T. ) ;
#2589 = CARTESIAN_POINT ( 'NONE',  ( 0.0000000000000000000, 1.000000000000000400, -0.3999999999999715400 ) ) ;
#2590 = CARTESIAN_POINT ( 'NONE',  ( -0.4273502691896259300, -0.7401923788646681500, -0.8333333333333314800 ) ) ;
#2591 = CARTESIAN_POINT ( 'NONE',  ( 1.224646799147353900E-016, -1.000000000000000400, -3.999999999999999100 ) ) ;
#2592 = ORIENTED_EDGE ( 'NONE', *, *, #661, .T. ) ;
#2593 = CARTESIAN_POINT ( 'NONE',  ( -1.251161180115475900E-016, -1.021650635094610800, -0.1625000000000272100 ) ) ;
#2594 = CARTESIAN_POINT ( 'NONE',  ( 0.8547005383792514200, -1.570059417833504600E-016, 2.100000000000001900 ) ) ;
#2595 = EDGE_CURVE ( 'NONE', #3294, #1896, #2335, .T. ) ;
#2596 = ORIENTED_EDGE ( 'NONE', *, *, #2687, .F. ) ;
#2597 = CARTESIAN_POINT ( 'NONE',  ( -0.5898502691896255800, 1.021650635094610800, -0.3541666666666367600 ) ) ;
#2598 = CARTESIAN_POINT ( 'NONE',  ( 0.0000000000000000000, 1.000000000000000400, -2.350000000000025800 ) ) ;
#2599 = VERTEX_POINT ( 'NONE', #691 ) ;
#2600 = EDGE_CURVE ( 'NONE', #1888, #1815, #2673, .T. ) ;
#2601 =( BOUNDED_CURVE ( )  B_SPLINE_CURVE ( 2, ( #1385, #3329, #3345, #841, #1368, #278, #2230 ),
 .UNSPECIFIED., .F., .F. ) 
 B_SPLINE_CURVE_WITH_KNOTS ( ( 3, 2, 2, 3 ),
 ( 0.2812500000000000000, 0.2916666666666666900, 0.3020833333333332600, 0.3124999999999999400 ),
 .UNSPECIFIED. ) 
 CURVE ( )  GEOMETRIC_REPRESENTATION_ITEM ( )  RATIONAL_B_SPLINE_CURVE ( ( 1.000000000000000000, 0.8660254037844387100, 1.000000000000000000, 0.8660254037844387100, 1.000000000000000000, 0.8660254037844393700, 0.9999999999999993300 ) ) 
 REPRESENTATION_ITEM ( '' )  );
#2602 = CARTESIAN_POINT ( 'NONE',  ( 0.4273502691896261500, 0.7401923788646680400, -1.433333333333331100 ) ) ;
#2603 = CARTESIAN_POINT ( 'NONE',  ( 0.6410254037844384000, -0.3700961894323345200, 0.06666666666666887200 ) ) ;
#2604 = ORIENTED_EDGE ( 'NONE', *, *, #854, .T. ) ;
#2605 = CARTESIAN_POINT ( 'NONE',  ( 0.0000000000000000000, -2.967026850825266900E-056, 3.999999999999999100 ) ) ;
#2606 = CARTESIAN_POINT ( 'NONE',  ( -0.8847754037844384200, 0.5108253175473055400, 0.9041666666666390300 ) ) ;
#2607 = CARTESIAN_POINT ( 'NONE',  ( -0.4273502691896259900, -0.7401923788646680400, 0.3666666666666687500 ) ) ;
#2608 = CARTESIAN_POINT ( 'NONE',  ( -1.251161180115475900E-016, -1.021650635094610800, 0.6125000000000296900 ) ) ;
#2609 = CARTESIAN_POINT ( 'NONE',  ( 0.8547005383792513100, -1.570059417833504600E-016, 0.9000000000000023500 ) ) ;
#2610 = CARTESIAN_POINT ( 'NONE',  ( -0.8547005383792514200, 5.233531392778349000E-017, -0.4499999999999964000 ) ) ;
#2611 = CARTESIAN_POINT ( 'NONE',  ( -9.064742275298811100E-017, -0.7401923788646683800, -1.999999999999997800 ) ) ;
#2612 = DIRECTION ( 'NONE',  ( -0.0000000000000000000, 7.417567127063168400E-057, -1.000000000000000000 ) ) ;
#2613 = CARTESIAN_POINT ( 'NONE',  ( -0.8547005383792513100, 5.233531392778349000E-017, -0.09999999999999766000 ) ) ;
#2614 = CARTESIAN_POINT ( 'NONE',  ( 2.274831169102931700E-011, 0.8669872981068126300, -3.873205080757854600 ) ) ;
#2615 = CARTESIAN_POINT ( 'NONE',  ( 0.8847754037844383100, -0.5108253175473058700, 0.3041666666666392200 ) ) ;
#2616 = CARTESIAN_POINT ( 'NONE',  ( -0.4273502691896256500, 0.7401923788646683800, 1.433333333333336000 ) ) ;
#2617 = AXIS2_PLACEMENT_3D ( 'NONE', #1399, #3627, #3066 ) ;
#2618 = CARTESIAN_POINT ( 'NONE',  ( -0.5898502691896255800, 1.021650635094610800, 0.4458333333333631700 ) ) ;
#2619 = CALENDAR_DATE ( 2023, 11, 1 ) ;
#2620 = CARTESIAN_POINT ( 'NONE',  ( 1.154700538379251900, -2.121150477449814300E-016, -2.050000000000025100 ) ) ;
#2621 = CARTESIAN_POINT ( 'NONE',  ( -0.8547005383792514200, 5.233531392778349000E-017, -0.04999999999999622100 ) ) ;
#2622 = CARTESIAN_POINT ( 'NONE',  ( 0.0000000000000000000, 0.7401923788646683800, -1.799999999999997800 ) ) ;
#2623 = CARTESIAN_POINT ( 'NONE',  ( 0.6410254037844384000, -0.3700961894323345200, 0.4666666666666690600 ) ) ;
#2624 = FACE_OUTER_BOUND ( 'NONE', #862, .T. ) ;
#2625 = LINE ( 'NONE', #3269, #3057 ) ;
#2626 = CARTESIAN_POINT ( 'NONE',  ( -0.6410254037844385100, 0.3700961894323343000, -2.483333333333329400 ) ) ;
#2627 = CARTESIAN_POINT ( 'NONE',  ( -1.251161180115475900E-016, -1.021650635094610800, -0.5625000000000278700 ) ) ;
#2628 = CARTESIAN_POINT ( 'NONE',  ( 1.224646799147353900E-016, -1.000000000000000400, -3.999999999999999100 ) ) ;
#2629 = ORIENTED_EDGE ( 'NONE', *, *, #28, .F. ) ;
#2630 = AXIS2_PLACEMENT_3D ( 'NONE', #2366, #3175, #1886 ) ;
#2631 = CARTESIAN_POINT ( 'NONE',  ( -0.8847754037844384200, 0.5108253175473055400, 1.279166666666696800 ) ) ;
#2632 = VERTEX_POINT ( 'NONE', #409 ) ;
#2633 = CARTESIAN_POINT ( 'NONE',  ( 0.5773502691896337200, 0.9999999999999879000, 1.566666666666694200 ) ) ;
#2634 = CARTESIAN_POINT ( 'NONE',  ( -0.6410254037844385100, 0.3700961894323343000, -0.8833333333333297500 ) ) ;
#2635 = CARTESIAN_POINT ( 'NONE',  ( -0.8547005383792514200, 5.233531392778349000E-017, -1.699999999999997700 ) ) ;
#2636 = CARTESIAN_POINT ( 'NONE',  ( -0.8660254037844390400, 0.5000000000000003300, -0.3333333333333048400 ) ) ;
#2637 = ORIENTED_EDGE ( 'NONE', *, *, #1550, .F. ) ;
#2638 = CARTESIAN_POINT ( 'NONE',  ( -0.4273502691896259900, -0.7401923788646680400, 0.8166666666666705400 ) ) ;
#2639 = CARTESIAN_POINT ( 'NONE',  ( 0.8660254037844388200, -0.5000000000000006700, -2.933333333333305100 ) ) ;
#2640 = ORIENTED_EDGE ( 'NONE', *, *, #2225, .T. ) ;
#2641 = CARTESIAN_POINT ( 'NONE',  ( -0.4273502691896256500, 0.7401923788646683800, -2.916666666666663000 ) ) ;
#2642 = AXIS2_PLACEMENT_3D ( 'NONE', #127, #980, #100 ) ;
#2643 = CARTESIAN_POINT ( 'NONE',  ( 0.5773502691896284000, 0.9999999999999972200, -1.633333333333306000 ) ) ;
#2644 = DIRECTION ( 'NONE',  ( -0.0000000000000000000, 7.417567127063168400E-057, -1.000000000000000000 ) ) ;
#2645 = ORIENTED_EDGE ( 'NONE', *, *, #350, .T. ) ;
#2646 =( BOUNDED_CURVE ( )  B_SPLINE_CURVE ( 2, ( #1073, #789, #558, #2183, #2731, #3022, #3596 ),
 .UNSPECIFIED., .F., .F. ) 
 B_SPLINE_CURVE_WITH_KNOTS ( ( 3, 2, 2, 3 ),
 ( 0.7500000000000000000, 0.7604166666666666300, 0.7708333333333333700, 0.7812500000000000000 ),
 .UNSPECIFIED. ) 
 CURVE ( )  GEOMETRIC_REPRESENTATION_ITEM ( )  RATIONAL_B_SPLINE_CURVE ( ( 1.000000000000000000, 0.8660254037844388200, 1.000000000000000000, 0.8660254037844388200, 1.000000000000000000, 0.8660254037844388200, 1.000000000000000000 ) ) 
 REPRESENTATION_ITEM ( '' )  );
#2647 = CARTESIAN_POINT ( 'NONE',  ( 0.5898502691896252400, -1.021650635094611100, -0.1541666666666366700 ) ) ;
#2648 = CARTESIAN_POINT ( 'NONE',  ( -0.5773502691896257300, 1.000000000000000200, -0.7166666666666923200 ) ) ;
#2649 = CARTESIAN_POINT ( 'NONE',  ( 0.4273502691896254900, -0.7401923788646686000, -1.116666666666662900 ) ) ;
#2650 = EDGE_CURVE ( 'NONE', #1815, #1888, #1933, .T. ) ;
#2651 = ORIENTED_EDGE ( 'NONE', *, *, #1179, .T. ) ;
#2652 = CARTESIAN_POINT ( 'NONE',  ( -0.4273502691896259900, -0.7401923788646680400, 0.3666666666666687500 ) ) ;
#2653 = CARTESIAN_POINT ( 'NONE',  ( -1.224646799147353700E-016, -1.000000000000000400, -0.1999999999999719200 ) ) ;
#2654 = DIRECTION ( 'NONE',  ( 0.0000000000000000000, 1.000000000000000000, 7.417567127063168400E-057 ) ) ;
#2655 = CARTESIAN_POINT ( 'NONE',  ( 0.4273502691896261500, 0.7401923788646680400, -2.583333333333329900 ) ) ;
#2656 = CARTESIAN_POINT ( 'NONE',  ( -1.224646799147353900E-016, -1.000000000000000400, -2.550000000000025100 ) ) ;
#2657 = CARTESIAN_POINT ( 'NONE',  ( -0.4273502691896256500, 0.7401923788646683800, -3.716666666666663700 ) ) ;
#2658 = CARTESIAN_POINT ( 'NONE',  ( 0.0000000000000000000, 1.000000000000000400, -0.7500000000000255400 ) ) ;
#2659 = CARTESIAN_POINT ( 'NONE',  ( -0.4273502691896256500, 0.7401923788646683800, -1.716666666666663500 ) ) ;
#2660 = CARTESIAN_POINT ( 'NONE',  ( 0.0000000000000000000, 0.7401923788646683800, 1.000000000000002700 ) ) ;
#2661 = CARTESIAN_POINT ( 'NONE',  ( -0.5773502691896298400, -0.9999999999999940000, -0.2333333333333055000 ) ) ;
#2662 = DIRECTION ( 'NONE',  ( -0.0000000000000000000, 7.417567127063168400E-057, -1.000000000000000000 ) ) ;
#2663 = EDGE_CURVE ( 'NONE', #3326, #1549, #1410, .T. ) ;
#2664 =( LENGTH_UNIT ( ) NAMED_UNIT ( * ) SI_UNIT ( .MILLI., .METRE. ) );
#2665 = LOCAL_TIME ( 11, 16, 29.00000000000000000, #572 ) ;
#2666 =( BOUNDED_CURVE ( )  B_SPLINE_CURVE ( 2, ( #3484, #3188, #3546, #3202, #1540, #487, #1875 ),
 .UNSPECIFIED., .F., .F. ) 
 B_SPLINE_CURVE_WITH_KNOTS ( ( 3, 2, 2, 3 ),
 ( 0.06250000000000002800, 0.07291666666666664400, 0.08333333333333338400, 0.09375000000000000000 ),
 .UNSPECIFIED. ) 
 CURVE ( )  GEOMETRIC_REPRESENTATION_ITEM ( )  RATIONAL_B_SPLINE_CURVE ( ( 0.9999999999999996700, 0.8660254037844391500, 1.000000000000000000, 0.8660254037844388200, 1.000000000000000000, 0.8660254037844388200, 1.000000000000000000 ) ) 
 REPRESENTATION_ITEM ( '' )  );
#2667 = CARTESIAN_POINT ( 'NONE',  ( 0.4273502691896261500, 0.7401923788646680400, -3.383333333333330200 ) ) ;
#2668 = CARTESIAN_POINT ( 'NONE',  ( 0.8660254037844393700, 0.4999999999999994400, -3.216666666666692100 ) ) ;
#2669 = FACE_OUTER_BOUND ( 'NONE', #1509, .T. ) ;
#2670 = CC_DESIGN_PERSON_AND_ORGANIZATION_ASSIGNMENT ( #1966, #1850, ( #916 ) ) ;
#2671 = CARTESIAN_POINT ( 'NONE',  ( -0.6410254037844385100, 0.3700961894323343000, -4.083333333333330400 ) ) ;
#2672 = CARTESIAN_POINT ( 'NONE',  ( 0.6410254037844384000, -0.3700961894323345200, 0.5166666666666704900 ) ) ;
#2673 = CIRCLE ( 'NONE', #143, 1.800000000000000000 ) ;
#2674 = CARTESIAN_POINT ( 'NONE',  ( -0.8547005383792514200, 5.233531392778349000E-017, -0.09999999999999766000 ) ) ;
#2675 = ORIENTED_EDGE ( 'NONE', *, *, #2295, .F. ) ;
#2676 = CARTESIAN_POINT ( 'NONE',  ( 0.8660254037844388200, -0.5000000000000006700, -0.5333333333333049000 ) ) ;
#2677 = ORIENTED_EDGE ( 'NONE', *, *, #1200, .F. ) ;
#2678 = CARTESIAN_POINT ( 'NONE',  ( -0.8547005383792514200, 5.233531392778349000E-017, -1.649999999999996600 ) ) ;
#2679 = CARTESIAN_POINT ( 'NONE',  ( 0.8847754037844388600, 0.5108253175473046500, 1.570833333333306000 ) ) ;
#2680 = ORIENTED_EDGE ( 'NONE', *, *, #1102, .F. ) ;
#2681 = CARTESIAN_POINT ( 'NONE',  ( -0.8547005383792514200, 5.233531392778349000E-017, -4.049999999999996300 ) ) ;
#2682 = DIRECTION ( 'NONE',  ( 0.8660254037844387100, 0.4999999999999998300, 0.0000000000000000000 ) ) ;
#2683 = CARTESIAN_POINT ( 'NONE',  ( -0.8547005383792514200, 5.233531392778349000E-017, 0.7500000000000033300 ) ) ;
#2684 = ORIENTED_EDGE ( 'NONE', *, *, #1645, .T. ) ;
#2685 = CARTESIAN_POINT ( 'NONE',  ( -9.064742275298811100E-017, -0.7401923788646683800, 2.602085213965210600E-015 ) ) ;
#2686 = DIRECTION ( 'NONE',  ( -0.0000000000000000000, 7.417567127063168400E-057, -1.000000000000000000 ) ) ;
#2687 = EDGE_CURVE ( 'NONE', #1069, #1022, #3413, .T. ) ;
#2688 = ORIENTED_EDGE ( 'NONE', *, *, #476, .F. ) ;
#2689 = APPROVAL_STATUS ( 'not_yet_approved' ) ;
#2690 = CARTESIAN_POINT ( 'NONE',  ( 0.4273502691896254900, -0.7401923788646686000, -0.3166666666666629900 ) ) ;
#2691 =( BOUNDED_CURVE ( )  B_SPLINE_CURVE ( 2, ( #2396, #695, #3213, #3234, #1573, #2643, #1252 ),
 .UNSPECIFIED., .F., .F. ) 
 B_SPLINE_CURVE_WITH_KNOTS ( ( 3, 2, 2, 3 ),
 ( 0.3437499999999999400, 0.3541666666666666300, 0.3645833333333332600, 0.3749999999999999400 ),
 .UNSPECIFIED. ) 
 CURVE ( )  GEOMETRIC_REPRESENTATION_ITEM ( )  RATIONAL_B_SPLINE_CURVE ( ( 1.000000000000000700, 0.8660254037844380400, 1.000000000000000000, 0.8660254037844387100, 1.000000000000000000, 0.8660254037844393700, 0.9999999999999993300 ) ) 
 REPRESENTATION_ITEM ( '' )  );
#2692 = CARTESIAN_POINT ( 'NONE',  ( 0.5898502691896252400, -1.021650635094611100, 2.245833333333363300 ) ) ;
#2693 = CARTESIAN_POINT ( 'NONE',  ( 0.6410254037844388400, 0.3700961894323336300, 1.783333333333337200 ) ) ;
#2694 = CARTESIAN_POINT ( 'NONE',  ( -0.8547005383792514200, 5.233531392778349000E-017, -0.4999999999999978900 ) ) ;
#2695 = CARTESIAN_POINT ( 'NONE',  ( 0.6410254037844388400, 0.3700961894323336300, -3.016666666666663100 ) ) ;
#2696 = CARTESIAN_POINT ( 'NONE',  ( 0.0000000000000000000, 5.934053701650533800E-056, -3.999999999999999100 ) ) ;
#2697 = CARTESIAN_POINT ( 'NONE',  ( 0.6410254037844388400, 0.3700961894323336300, 0.1833333333333365700 ) ) ;
#2698 = CARTESIAN_POINT ( 'NONE',  ( 0.6479911886892924000, -0.4460794896070710000, -3.960500066096170900 ) ) ;
#2699 = CARTESIAN_POINT ( 'NONE',  ( 0.6410254037844384000, -0.3700961894323345200, 0.9166666666666706300 ) ) ;
#2700 = CARTESIAN_POINT ( 'NONE',  ( 1.000000000000000200, -4.573516192979718100E-013, 1.899999999999997700 ) ) ;
#2701 = CARTESIAN_POINT ( 'NONE',  ( -0.6410254037844386200, -0.3700961894323340200, -1.616666666666662900 ) ) ;
#2702 = CARTESIAN_POINT ( 'NONE',  ( -0.8660254037844390400, -0.5000000000000000000, -3.066666666666638500 ) ) ;
#2703 = AXIS2_PLACEMENT_3D ( 'NONE', #2215, #864, #1408 ) ;
#2704 = CARTESIAN_POINT ( 'NONE',  ( -0.8547005383792514200, 5.233531392778349000E-017, -2.049999999999996300 ) ) ;
#2705 = CYLINDRICAL_SURFACE ( 'NONE', #1454, 1.000000000000000400 ) ;
#2706 = CARTESIAN_POINT ( 'NONE',  ( 0.6410254037844384000, -0.3700961894323345200, 0.5166666666666704900 ) ) ;
#2707 = CARTESIAN_POINT ( 'NONE',  ( 1.224646799147353900E-016, -1.000000000000000400, -3.999999999999999100 ) ) ;
#2708 = ORIENTED_EDGE ( 'NONE', *, *, #289, .T. ) ;
#2709 = CARTESIAN_POINT ( 'NONE',  ( 0.0000000000000000000, 1.000000000000000400, -1.199999999999972000 ) ) ;
#2710 = EDGE_CURVE ( 'NONE', #1036, #1853, #3395, .T. ) ;
#2711 = VECTOR ( 'NONE', #2644, 1000.000000000000000 ) ;
#2712 = VERTEX_POINT ( 'NONE', #2106 ) ;
#2713 = CARTESIAN_POINT ( 'NONE',  ( -0.4273502691896259900, -0.7401923788646680400, -3.983333333333329800 ) ) ;
#2714 = CARTESIAN_POINT ( 'NONE',  ( -0.4273502691896256500, 0.7401923788646683800, 1.483333333333337400 ) ) ;
#2715 = CARTESIAN_POINT ( 'NONE',  ( 0.4273502691896261500, 0.7401923788646681500, -2.983333333333329800 ) ) ;
#2716 = CARTESIAN_POINT ( 'NONE',  ( -1.224646799147353700E-016, -1.000000000000000400, -1.399999999999971500 ) ) ;
#2717 = ORIENTED_EDGE ( 'NONE', *, *, #1279, .F. ) ;
#2718 = CARTESIAN_POINT ( 'NONE',  ( -0.8547005383792514200, 5.233531392778349000E-017, -2.449999999999996600 ) ) ;
#2719 = ORIENTED_EDGE ( 'NONE', *, *, #3412, .F. ) ;
#2720 = CARTESIAN_POINT ( 'NONE',  ( 0.4273502691896261500, 0.7401923788646680400, -0.1833333333333296300 ) ) ;
#2721 = CARTESIAN_POINT ( 'NONE',  ( 0.0000000000000000000, 1.899999999999999900, 3.899999999999998100 ) ) ;
#2722 = ORIENTED_EDGE ( 'NONE', *, *, #1661, .T. ) ;
#2723 = DIRECTION ( 'NONE',  ( 0.0000000000000000000, -1.224646799147343300E-016, 1.000000000000000000 ) ) ;
#2724 = CARTESIAN_POINT ( 'NONE',  ( -0.4273502691896259900, -0.7401923788646680400, -4.033333333333331400 ) ) ;
#2725 = CARTESIAN_POINT ( 'NONE',  ( 0.0000000000000000000, 1.000000000000000400, -1.150000000000025900 ) ) ;
#2726 = VERTEX_POINT ( 'NONE', #701 ) ;
#2727 = CARTESIAN_POINT ( 'NONE',  ( -0.8547005383792513100, 5.233531392778349000E-017, -1.249999999999996400 ) ) ;
#2728 = EDGE_CURVE ( 'NONE', #575, #1460, #3319, .T. ) ;
#2729 = ADVANCED_FACE ( 'NONE', ( #491 ), #3454, .T. ) ;
#2730 = CARTESIAN_POINT ( 'NONE',  ( -0.8547005383792514200, 5.233531392778349000E-017, 0.3500000000000039700 ) ) ;
#2731 = CARTESIAN_POINT ( 'NONE',  ( 0.8660254037844388200, -0.5000000000000006700, -2.883333333333359500 ) ) ;
#2732 = CARTESIAN_POINT ( 'NONE',  ( -1.251161180115475900E-016, -1.021650635094610800, -4.162500000000028100 ) ) ;
#2733 = CARTESIAN_POINT ( 'NONE',  ( 0.6410254037844384000, -0.3700961894323345200, -3.533333333333331000 ) ) ;
#2734 = CARTESIAN_POINT ( 'NONE',  ( 0.4273502691896254900, -0.7401923788646686000, -3.116666666666663100 ) ) ;
#2735 = CARTESIAN_POINT ( 'NONE',  ( -0.4436000300021252200, 0.6932814125527793100, 1.793248208405910700 ) ) ;
#2736 = CARTESIAN_POINT ( 'NONE',  ( 0.6410254037844384000, -0.3700961894323345200, 0.5166666666666704900 ) ) ;
#2737 = CARTESIAN_POINT ( 'NONE',  ( -0.5773502691896262900, -1.000000000000000000, -2.583333333333358800 ) ) ;
#2738 = CARTESIAN_POINT ( 'NONE',  ( 0.6321118099071266800, -0.5010754801766106300, 3.866985316430566300 ) ) ;
#2739 = CARTESIAN_POINT ( 'NONE',  ( 0.0000000000000000000, 1.000000000000000400, -3.999999999999999100 ) ) ;
#2740 = PERSON_AND_ORGANIZATION ( #3626, #486 ) ;
#2741 = CARTESIAN_POINT ( 'NONE',  ( -1.154700538379252100, 7.070501591499381500E-017, -1.499999999999971800 ) ) ;
#2742 = CARTESIAN_POINT ( 'NONE',  ( 0.0000000000000000000, 1.000000000000000400, 0.4000000000000283300 ) ) ;
#2743 = CARTESIAN_POINT ( 'NONE',  ( 0.8847754037844383100, -0.5108253175473058700, -3.295833333333360900 ) ) ;
#2744 = CARTESIAN_POINT ( 'NONE',  ( -0.4273502691896256500, 0.7401923788646683800, -2.166666666666664300 ) ) ;
#2745 = ADVANCED_FACE ( 'NONE', ( #3361 ), #1150, .T. ) ;
#2746 = VECTOR ( 'NONE', #2781, 1000.000000000000000 ) ;
#2747 =( BOUNDED_CURVE ( )  B_SPLINE_CURVE ( 2, ( #2120, #2391, #479, #1878, #3506, #1843, #170 ),
 .UNSPECIFIED., .F., .T. ) 
 B_SPLINE_CURVE_WITH_KNOTS ( ( 3, 2, 2, 3 ),
 ( 0.09375000000000000000, 0.1041666666666666600, 0.1145833333333334300, 0.1250000000000000800 ),
 .UNSPECIFIED. ) 
 CURVE ( )  GEOMETRIC_REPRESENTATION_ITEM ( )  RATIONAL_B_SPLINE_CURVE ( ( 1.000000000000000000, 0.8660254037844388200, 1.000000000000000000, 0.8660254037844388200, 1.000000000000000000, 0.8660254037844377100, 1.000000000000001100 ) ) 
 REPRESENTATION_ITEM ( '' )  );
#2748 = CARTESIAN_POINT ( 'NONE',  ( -9.064742275298811100E-017, -0.7401923788646683800, -1.949999999999996400 ) ) ;
#2749 = LINE ( 'NONE', #461, #3141 ) ;
#2750 = CARTESIAN_POINT ( 'NONE',  ( 1.179700538379251400, -2.167074732417838900E-016, -2.887499999999969500 ) ) ;
#2751 = VECTOR ( 'NONE', #22, 1000.000000000000000 ) ;
#2752 = LINE ( 'NONE', #503, #1761 ) ;
#2753 = CARTESIAN_POINT ( 'NONE',  ( -0.4273502691896259300, -0.7401923788646681500, -0.3833333333333297000 ) ) ;
#2754 = DIRECTION ( 'NONE',  ( 0.0000000000000000000, -7.417567127063168400E-057, 1.000000000000000000 ) ) ;
#2755 = CARTESIAN_POINT ( 'NONE',  ( -0.6410254037844386200, -0.3700961894323340200, -2.866666666666664500 ) ) ;
#2756 = EDGE_LOOP ( 'NONE', ( #766, #2556, #1951, #103 ) ) ;
#2757 = CARTESIAN_POINT ( 'NONE',  ( -0.8660254037844390400, -0.5000000000000000000, 1.733333333333361400 ) ) ;
#2758 = CARTESIAN_POINT ( 'NONE',  ( 0.5898502691896252400, -1.021650635094611100, -3.729166666666694500 ) ) ;
#2759 = CARTESIAN_POINT ( 'NONE',  ( 0.8547005383792514200, -1.570059417833504600E-016, -3.899999999999998100 ) ) ;
#2760 = ORIENTED_EDGE ( 'NONE', *, *, #2362, .F. ) ;
#2761 = CARTESIAN_POINT ( 'NONE',  ( -0.4273502691896256000, 0.7401923788646683800, -0.9166666666666633000 ) ) ;
#2762 = CARTESIAN_POINT ( 'NONE',  ( -1.251161180115475900E-016, -1.021650635094610800, -3.787499999999970300 ) ) ;
#2763 = EDGE_LOOP ( 'NONE', ( #1823, #2933, #157, #819, #99 ) ) ;
#2764 = AXIS2_PLACEMENT_3D ( 'NONE', #1970, #1447, #3380 ) ;
#2765 = CARTESIAN_POINT ( 'NONE',  ( 0.4273502691896254900, -0.7401923788646686000, 0.8833333333333366300 ) ) ;
#2766 = ADVANCED_FACE ( 'NONE', ( #2961 ), #180, .T. ) ;
#2767 = CARTESIAN_POINT ( 'NONE',  ( -1.224646799147353900E-016, -1.000000000000000400, -1.350000000000025800 ) ) ;
#2768 = ORIENTED_EDGE ( 'NONE', *, *, #476, .T. ) ;
#2769 = CARTESIAN_POINT ( 'NONE',  ( -0.8547005383792513100, 5.233531392778349000E-017, -3.299999999999997600 ) ) ;
#2770 = CARTESIAN_POINT ( 'NONE',  ( 0.4085194774520423100, -0.6527479504198240300, -3.977304366012828700 ) ) ;
#2771 = CARTESIAN_POINT ( 'NONE',  ( -0.8660254037844390400, 0.5000000000000003300, 0.4666666666666946500 ) ) ;
#2772 =( BOUNDED_CURVE ( )  B_SPLINE_CURVE ( 2, ( #84, #362, #2639, #2908, #1250, #1263, #1794 ),
 .UNSPECIFIED., .F., .F. ) 
 B_SPLINE_CURVE_WITH_KNOTS ( ( 3, 2, 2, 3 ),
 ( 0.1562499999999999200, 0.1666666666666665700, 0.1770833333333332900, 0.1874999999999999400 ),
 .UNSPECIFIED. ) 
 CURVE ( )  GEOMETRIC_REPRESENTATION_ITEM ( )  RATIONAL_B_SPLINE_CURVE ( ( 1.000000000000001100, 0.8660254037844376000, 1.000000000000000000, 0.8660254037844387100, 1.000000000000000000, 0.8660254037844393700, 0.9999999999999993300 ) ) 
 REPRESENTATION_ITEM ( '' )  );
#2773 = ORIENTED_EDGE ( 'NONE', *, *, #2842, .F. ) ;
#2774 = CARTESIAN_POINT ( 'NONE',  ( 0.8847754037844388600, 0.5108253175473046500, -3.229166666666694500 ) ) ;
#2775 = CARTESIAN_POINT ( 'NONE',  ( -0.4273502691896259900, -0.7401923788646680400, -2.833333333333331700 ) ) ;
#2776 = CARTESIAN_POINT ( 'NONE',  ( -0.5898502691896260200, -1.021650635094610600, -3.820833333333304000 ) ) ;
#2777 = EDGE_CURVE ( 'NONE', #1819, #1151, #3428, .T. ) ;
#2778 = CARTESIAN_POINT ( 'NONE',  ( -0.8547005383792513100, 5.233531392778349000E-017, -0.04999999999999622800 ) ) ;
#2779 = CARTESIAN_POINT ( 'NONE',  ( 0.1261839711703834100, -0.9632934898523151100, 1.878807486487318300 ) ) ;
#2780 = CARTESIAN_POINT ( 'NONE',  ( 1.154700538379252100, -2.121150477449814300E-016, 0.7000000000000281600 ) ) ;
#2781 = DIRECTION ( 'NONE',  ( -0.0000000000000000000, 7.417567127063168400E-057, -1.000000000000000000 ) ) ;
#2782 = CARTESIAN_POINT ( 'NONE',  ( -0.5898502691896260200, -1.021650635094610600, -3.795833333333360900 ) ) ;
#2783 = CARTESIAN_POINT ( 'NONE',  ( -0.6410254037844385100, 0.3700961894323343000, -1.733333333333331200 ) ) ;
#2784 = CARTESIAN_POINT ( 'NONE',  ( 0.8547005383792513100, -1.570059417833504600E-016, -3.449999999999997100 ) ) ;
#2785 = CARTESIAN_POINT ( 'NONE',  ( -0.5898502691896260200, -1.021650635094610600, -2.620833333333303400 ) ) ;
#2786 = CARTESIAN_POINT ( 'NONE',  ( -0.6410254037844385100, 0.3700961894323343000, 1.516666666666670600 ) ) ;
#2787 = CARTESIAN_POINT ( 'NONE',  ( 0.0000000000000000000, 1.000000000000000400, -1.550000000000026000 ) ) ;
#2788 = CARTESIAN_POINT ( 'NONE',  ( 1.154700538379252100, -2.121150477449814300E-016, -3.699999999999971800 ) ) ;
#2789 = LINE ( 'NONE', #2987, #606 ) ;
#2790 = DIRECTION ( 'NONE',  ( -0.0000000000000000000, 7.417567127063168400E-057, -1.000000000000000000 ) ) ;
#2791 = DIRECTION ( 'NONE',  ( -0.0000000000000000000, 7.417567127063168400E-057, -1.000000000000000000 ) ) ;
#2792 = CARTESIAN_POINT ( 'NONE',  ( 0.0000000000000000000, 1.000000000000000400, -1.599999999999971700 ) ) ;
#2793 = VERTEX_POINT ( 'NONE', #3229 ) ;
#2794 = CARTESIAN_POINT ( 'NONE',  ( -0.5898502691896255800, 1.021650635094610800, -1.929166666666694500 ) ) ;
#2795 = CARTESIAN_POINT ( 'NONE',  ( 0.6410254037844388400, 0.3700961894323336300, -0.6666666666666644100 ) ) ;
#2796 = FACE_OUTER_BOUND ( 'NONE', #316, .T. ) ;
#2797 = DIRECTION ( 'NONE',  ( 0.0000000000000000000, 1.000000000000000000, 0.0000000000000000000 ) ) ;
#2798 = ORIENTED_EDGE ( 'NONE', *, *, #15, .T. ) ;
#2799 = CARTESIAN_POINT ( 'NONE',  ( 0.8547005383792514200, -1.570059417833504600E-016, -3.899999999999998100 ) ) ;
#2800 = ORIENTED_EDGE ( 'NONE', *, *, #850, .F. ) ;
#2801 = DIRECTION ( 'NONE',  ( 0.0000000000000000000, 1.000000000000000000, 0.0000000000000000000 ) ) ;
#2802 = CARTESIAN_POINT ( 'NONE',  ( -0.4273502691896259300, -0.7401923788646681500, -2.033333333333331400 ) ) ;
#2803 = CARTESIAN_POINT ( 'NONE',  ( 0.0000000000000000000, 5.934053701650533800E-056, -3.999999999999999100 ) ) ;
#2804 = CARTESIAN_POINT ( 'NONE',  ( 0.0000000000000000000, 1.899999999999999900, 3.899999999999998100 ) ) ;
#2805 = ORIENTED_EDGE ( 'NONE', *, *, #1645, .F. ) ;
#2806 = CARTESIAN_POINT ( 'NONE',  ( -1.224646799147353900E-016, -1.000000000000000400, 1.049999999999974300 ) ) ;
#2807 = CARTESIAN_POINT ( 'NONE',  ( 0.8847754037844383100, -0.5108253175473058700, -2.095833333333361200 ) ) ;
#2808 = CARTESIAN_POINT ( 'NONE',  ( -9.064742275298811100E-017, -0.7401923788646683800, -1.999999999999997800 ) ) ;
#2809 = ORIENTED_EDGE ( 'NONE', *, *, #2546, .T. ) ;
#2810 = CARTESIAN_POINT ( 'NONE',  ( -0.5898502691896255800, 1.021650635094610800, -0.7541666666666370100 ) ) ;
#2811 = VERTEX_POINT ( 'NONE', #3479 ) ;
#2812 =( BOUNDED_CURVE ( )  B_SPLINE_CURVE ( 2, ( #2709, #2355, #2995, #499, #781, #1050, #144 ),
 .UNSPECIFIED., .F., .T. ) 
 B_SPLINE_CURVE_WITH_KNOTS ( ( 3, 2, 2, 3 ),
 ( 0.4374999999999998900, 0.4479166666666665700, 0.4583333333333332600, 0.4687499999999999400 ),
 .UNSPECIFIED. ) 
 CURVE ( )  GEOMETRIC_REPRESENTATION_ITEM ( )  RATIONAL_B_SPLINE_CURVE ( ( 1.000000000000001300, 0.8660254037844372600, 1.000000000000000000, 0.8660254037844387100, 1.000000000000000000, 0.8660254037844393700, 0.9999999999999993300 ) ) 
 REPRESENTATION_ITEM ( '' )  );
#2813 = CARTESIAN_POINT ( 'NONE',  ( -0.6410254037844386200, -0.3700961894323340200, -1.666666666666664300 ) ) ;
#2814 = CARTESIAN_POINT ( 'NONE',  ( 0.0000000000000000000, 1.000000000000000400, 0.8000000000000284700 ) ) ;
#2815 = CARTESIAN_POINT ( 'NONE',  ( 0.0000000000000000000, 5.934053701650533800E-056, -3.999999999999999100 ) ) ;
#2816 = CARTESIAN_POINT ( 'NONE',  ( 0.5898502691896252400, -1.021650635094611100, -2.129166666666694900 ) ) ;
#2817 = CARTESIAN_POINT ( 'NONE',  ( 0.0000000000000000000, 0.7401923788646683800, -1.399999999999998100 ) ) ;
#2818 = CARTESIAN_POINT ( 'NONE',  ( -1.224646799147353900E-016, -1.000000000000000400, -2.550000000000025100 ) ) ;
#2819 = CARTESIAN_POINT ( 'NONE',  ( 1.179700538379251400, -2.167074732417838900E-016, -0.4874999999999701200 ) ) ;
#2820 = CARTESIAN_POINT ( 'NONE',  ( -0.4273502691896256500, 0.7401923788646683800, -4.166666666666664300 ) ) ;
#2821 = CARTESIAN_POINT ( 'NONE',  ( -0.7499999999999954500, -0.4330127018922179700, -0.2912878474779102000 ) ) ;
#2822 = EDGE_CURVE ( 'NONE', #995, #1243, #335, .T. ) ;
#2823 = CARTESIAN_POINT ( 'NONE',  ( 0.8547005383792513100, -1.570059417833504600E-016, -1.899999999999998100 ) ) ;
#2824 = CARTESIAN_POINT ( 'NONE',  ( 0.5773502691896292800, 0.9999999999999953400, 1.216666666666640400 ) ) ;
#2825 = CARTESIAN_POINT ( 'NONE',  ( -0.8847754037844384200, 0.5108253175473055400, -2.695833333333360800 ) ) ;
#2826 = CARTESIAN_POINT ( 'NONE',  ( -0.6410254037844386200, -0.3700961894323340200, -0.06666666666666452900 ) ) ;
#2827 = CARTESIAN_POINT ( 'NONE',  ( 0.1178881900928728100, 0.7979626255000367200, 3.866985316430569000 ) ) ;
#2828 = CARTESIAN_POINT ( 'NONE',  ( -1.251161180115475900E-016, -1.021650635094610800, -2.587499999999970200 ) ) ;
#2829 = CARTESIAN_POINT ( 'NONE',  ( 0.0000000000000000000, 0.7401923788646683800, 1.050000000000004000 ) ) ;
#2830 = CYLINDRICAL_SURFACE ( 'NONE', #585, 1.000000000000000400 ) ;
#2831 = DIRECTION ( 'NONE',  ( -0.0000000000000000000, 7.417567127063168400E-057, -1.000000000000000000 ) ) ;
#2832 = VECTOR ( 'NONE', #2790, 1000.000000000000000 ) ;
#2833 = CARTESIAN_POINT ( 'NONE',  ( 0.4273502691896254900, -0.7401923788646686000, -3.566666666666664700 ) ) ;
#2834 = CARTESIAN_POINT ( 'NONE',  ( 1.224646799147353900E-016, -1.000000000000000400, -3.999999999999999100 ) ) ;
#2835 = LINE ( 'NONE', #3391, #574 ) ;
#2836 = CARTESIAN_POINT ( 'NONE',  ( -0.4273502691896256000, 0.7401923788646683800, -2.166666666666664300 ) ) ;
#2837 = ORIENTED_EDGE ( 'NONE', *, *, #782, .F. ) ;
#2838 = DIRECTION ( 'NONE',  ( -0.0000000000000000000, 7.417567127063168400E-057, -1.000000000000000000 ) ) ;
#2839 = CARTESIAN_POINT ( 'NONE',  ( -0.8847754037844384200, 0.5108253175473055400, -1.895833333333360800 ) ) ;
#2840 = CARTESIAN_POINT ( 'NONE',  ( 0.0000000000000000000, 0.7401923788646683800, 0.6000000000000024200 ) ) ;
#2841 = ORIENTED_EDGE ( 'NONE', *, *, #2663, .T. ) ;
#2842 = EDGE_CURVE ( 'NONE', #728, #912, #1686, .T. ) ;
#2843 = CARTESIAN_POINT ( 'NONE',  ( -0.8847754037844384200, 0.5108253175473055400, -2.320833333333303100 ) ) ;
#2844 = CARTESIAN_POINT ( 'NONE',  ( -0.4273502691896259900, -0.7401923788646680400, 2.016666666666670200 ) ) ;
#2845 = ORIENTED_EDGE ( 'NONE', *, *, #748, .T. ) ;
#2846 = CARTESIAN_POINT ( 'NONE',  ( 0.6410254037844388400, 0.3700961894323336300, -3.416666666666663400 ) ) ;
#2847 = ORIENTED_EDGE ( 'NONE', *, *, #909, .F. ) ;
#2848 = CARTESIAN_POINT ( 'NONE',  ( -0.6410254037844386200, -0.3700961894323340200, -2.466666666666664600 ) ) ;
#2849 = DIRECTION ( 'NONE',  ( -0.0000000000000000000, 7.417567127063168400E-057, -1.000000000000000000 ) ) ;
#2850 = ORIENTED_EDGE ( 'NONE', *, *, #1413, .T. ) ;
#2851 = B_SPLINE_CURVE_WITH_KNOTS ( 'NONE', 3,
 ( #1622, #3273, #1891, #230, #2998, #3126, #2827, #65 ),
 .UNSPECIFIED., .F., .F.,
 ( 4, 2, 2, 4 ),
 ( 2.544428341986681900E-007, 0.0002238954966069352300, 0.0004475365503796718000, 0.0008948186579251453800 ),
 .UNSPECIFIED. ) ;
#2852 = CARTESIAN_POINT ( 'NONE',  ( -0.8847754037844385300, -0.5108253175473052000, 0.1708333333333058600 ) ) ;
#2853 = CARTESIAN_POINT ( 'NONE',  ( -9.064742275298811100E-017, -0.7401923788646683800, 0.8000000000000020400 ) ) ;
#2854 = DIRECTION ( 'NONE',  ( -0.8660254037844392600, 0.4999999999999987800, 0.0000000000000000000 ) ) ;
#2855 = CARTESIAN_POINT ( 'NONE',  ( 0.5898502691896262400, 1.021650635094610400, -2.420833333333303600 ) ) ;
#2856 = CARTESIAN_POINT ( 'NONE',  ( 0.4273502691896261500, 0.7401923788646680400, 1.416666666666670100 ) ) ;
#2857 = CARTESIAN_POINT ( 'NONE',  ( 0.4273502691896261500, 0.7401923788646681500, 1.366666666666668900 ) ) ;
#2858 = CARTESIAN_POINT ( 'NONE',  ( 0.4273502691896254900, -0.7401923788646686000, -1.566666666666664700 ) ) ;
#2859 = CARTESIAN_POINT ( 'NONE',  ( -0.5773502691896222900, 1.000000000000006400, 1.233333333333361400 ) ) ;
#2860 = CARTESIAN_POINT ( 'NONE',  ( 0.0000000000000000000, 0.7401923788646683800, 0.6000000000000024200 ) ) ;
#2861 = CARTESIAN_POINT ( 'NONE',  ( 0.8660254037844388200, -0.5000000000000006700, -3.683333333333358900 ) ) ;
#2862 = CARTESIAN_POINT ( 'NONE',  ( -1.251161180115475900E-016, -1.021650635094610800, 0.6374999999999723100 ) ) ;
#2863 = CARTESIAN_POINT ( 'NONE',  ( 0.6410254037844388400, 0.3700961894323336300, 2.133333333333336000 ) ) ;
#2864 = CARTESIAN_POINT ( 'NONE',  ( 0.5898502691896262400, 1.021650635094610400, 1.579166666666696600 ) ) ;
#2865 = CARTESIAN_POINT ( 'NONE',  ( 0.0000000000000000000, 0.7401923788646683800, 1.400000000000001900 ) ) ;
#2866 = CARTESIAN_POINT ( 'NONE',  ( -0.4273502691896256500, 0.7401923788646683800, -1.366666666666664500 ) ) ;
#2867 = CARTESIAN_POINT ( 'NONE',  ( -0.8660254037844390400, -0.5000000000000000000, 1.333333333333361900 ) ) ;
#2868 = CARTESIAN_POINT ( 'NONE',  ( 0.4273502691896261500, 0.7401923788646681500, 0.1666666666666691000 ) ) ;
#2869 = CARTESIAN_POINT ( 'NONE',  ( 0.8660254037844393700, 0.4999999999999994400, -0.4166666666666920500 ) ) ;
#2870 = VECTOR ( 'NONE', #3353, 1000.000000000000000 ) ;
#2871 = CARTESIAN_POINT ( 'NONE',  ( -1.179700538379251400, 7.223582441392798400E-017, -0.2625000000000274900 ) ) ;
#2872 = CARTESIAN_POINT ( 'NONE',  ( 0.0000000000000000000, 0.7401923788646683800, 0.2000000000000022600 ) ) ;
#2873 = LINE ( 'NONE', #1445, #1757 ) ;
#2874 = CARTESIAN_POINT ( 'NONE',  ( 1.179700538379251400, -2.167074732417838900E-016, -0.08749999999996996300 ) ) ;
#2875 = FACE_BOUND ( 'NONE', #3423, .T. ) ;
#2876 = CARTESIAN_POINT ( 'NONE',  ( -0.6410254037844385100, 0.3700961894323343000, 1.466666666666669000 ) ) ;
#2877 = CARTESIAN_POINT ( 'NONE',  ( 0.6410254037844384000, -0.3700961894323345200, -0.2833333333333298800 ) ) ;
#2878 = VECTOR ( 'NONE', #2662, 1000.000000000000000 ) ;
#2879 = CARTESIAN_POINT ( 'NONE',  ( 0.8547005383792514200, -1.570059417833504600E-016, -1.099999999999997600 ) ) ;
#2880 = ORIENTED_EDGE ( 'NONE', *, *, #2650, .T. ) ;
#2881 = CARTESIAN_POINT ( 'NONE',  ( 1.154700538379251900, -2.121150477449814300E-016, -1.250000000000025300 ) ) ;
#2882 = CARTESIAN_POINT ( 'NONE',  ( -0.4273502691896256000, 0.7401923788646683800, -0.5666666666666645400 ) ) ;
#2883 = CARTESIAN_POINT ( 'NONE',  ( -0.5773502691896271700, -0.9999999999999985600, 0.6166666666666409400 ) ) ;
#2884 = ORIENTED_EDGE ( 'NONE', *, *, #2177, .F. ) ;
#2885 = DIRECTION ( 'NONE',  ( -0.0000000000000000000, 7.417567127063168400E-057, -1.000000000000000000 ) ) ;
#2886 = CARTESIAN_POINT ( 'NONE',  ( 0.8847754037844388600, 0.5108253175473046500, 1.170833333333305900 ) ) ;
#2887 = CARTESIAN_POINT ( 'NONE',  ( -0.4273502691896259900, -0.7401923788646680400, 1.566666666666669300 ) ) ;
#2888 = ORIENTED_EDGE ( 'NONE', *, *, #2160, .T. ) ;
#2889 = CARTESIAN_POINT ( 'NONE',  ( 0.5898502691896262400, 1.021650635094610400, 1.179166666666696700 ) ) ;
#2890 = CARTESIAN_POINT ( 'NONE',  ( -1.154700538379252100, 7.070501591499381500E-017, -2.299999999999971800 ) ) ;
#2891 = CARTESIAN_POINT ( 'NONE',  ( 0.4273502691896261500, 0.7401923788646680400, -0.1833333333333296300 ) ) ;
#2892 = ORIENTED_EDGE ( 'NONE', *, *, #2454, .T. ) ;
#2893 = EDGE_CURVE ( 'NONE', #459, #2452, #1377, .T. ) ;
#2894 = CARTESIAN_POINT ( 'NONE',  ( -9.064742275298811100E-017, -0.7401923788646683800, -2.799999999999997600 ) ) ;
#2895 = DIRECTION ( 'NONE',  ( 0.8660254037844393700, -0.4999999999999985000, 0.0000000000000000000 ) ) ;
#2896 = CARTESIAN_POINT ( 'NONE',  ( 0.0000000000000000000, 0.7401923788646683800, -0.1999999999999979300 ) ) ;
#2897 = VERTEX_POINT ( 'NONE', #3257 ) ;
#2898 = DIRECTION ( 'NONE',  ( -0.8660254037844383700, -0.5000000000000003300, 0.0000000000000000000 ) ) ;
#2899 = CARTESIAN_POINT ( 'NONE',  ( 0.6410254037844388400, 0.3700961894323336300, -2.216666666666663200 ) ) ;
#2900 = CARTESIAN_POINT ( 'NONE',  ( 0.8847754037844388600, 0.5108253175473046500, -0.8291666666666941400 ) ) ;
#2901 = CARTESIAN_POINT ( 'NONE',  ( 0.7126654586804248600, 0.4683460717896059100, -3.913795804786109700 ) ) ;
#2902 = CARTESIAN_POINT ( 'NONE',  ( 0.8847754037844388600, 0.5108253175473046500, 0.7458333333333631000 ) ) ;
#2903 = CARTESIAN_POINT ( 'NONE',  ( -0.4273502691896256500, 0.7401923788646683800, -0.5166666666666631700 ) ) ;
#2904 = CARTESIAN_POINT ( 'NONE',  ( -0.6410254037844386200, -0.3700961894323340200, -1.266666666666664600 ) ) ;
#2905 = DIRECTION ( 'NONE',  ( -0.0000000000000000000, 7.417567127063168400E-057, -1.000000000000000000 ) ) ;
#2906 = DIRECTION ( 'NONE',  ( -0.0000000000000000000, 7.417567127063168400E-057, -1.000000000000000000 ) ) ;
#2907 = EDGE_CURVE ( 'NONE', #3113, #2174, #3144, .T. ) ;
#2908 = CARTESIAN_POINT ( 'NONE',  ( 1.154700538379252100, -2.121150477449814300E-016, -2.899999999999971000 ) ) ;
#2909 = CARTESIAN_POINT ( 'NONE',  ( 0.4273502691896254900, -0.7401923788646686000, -3.116666666666663100 ) ) ;
#2910 = CARTESIAN_POINT ( 'NONE',  ( 0.8847754037844388600, 0.5108253175473046500, 1.970833333333306100 ) ) ;
#2911 = CARTESIAN_POINT ( 'NONE',  ( 0.2095224382613799200, 0.8381931425183742900, -3.882594975265778500 ) ) ;
#2912 = CARTESIAN_POINT ( 'NONE',  ( -0.8847754037844385300, -0.5108253175473052000, 0.9458333333333636100 ) ) ;
#2913 = LOCAL_TIME ( 11, 16, 29.00000000000000000, #3226 ) ;
#2914 = CARTESIAN_POINT ( 'NONE',  ( 0.8660254037844388200, -0.5000000000000006700, 1.066666666666695300 ) ) ;
#2915 = CARTESIAN_POINT ( 'NONE',  ( 0.6410254037844388400, 0.3700961894323336300, -1.816666666666663100 ) ) ;
#2916 = CARTESIAN_POINT ( 'NONE',  ( 0.4273502691896254900, -0.7401923788646686000, 0.4333333333333359600 ) ) ;
#2917 = FACE_OUTER_BOUND ( 'NONE', #549, .T. ) ;
#2918 = LINE ( 'NONE', #1700, #2870 ) ;
#2919 = FACE_OUTER_BOUND ( 'NONE', #3628, .T. ) ;
#2920 =( BOUNDED_CURVE ( )  B_SPLINE_CURVE ( 2, ( #2959, #3549, #733, #3252, #1587, #1052, #465 ),
 .UNSPECIFIED., .F., .T. ) 
 B_SPLINE_CURVE_WITH_KNOTS ( ( 3, 2, 2, 3 ),
 ( 0.5937499999999998900, 0.6041666666666665200, 0.6145833333333332600, 0.6249999999999998900 ),
 .UNSPECIFIED. ) 
 CURVE ( )  GEOMETRIC_REPRESENTATION_ITEM ( )  RATIONAL_B_SPLINE_CURVE ( ( 1.000000000000001300, 0.8660254037844372600, 1.000000000000000000, 0.8660254037844387100, 1.000000000000000000, 0.8660254037844401500, 0.9999999999999985600 ) ) 
 REPRESENTATION_ITEM ( '' )  );
#2921 = CARTESIAN_POINT ( 'NONE',  ( -0.6410254037844386200, -0.3700961894323340200, -2.416666666666663400 ) ) ;
#2922 = CARTESIAN_POINT ( 'NONE',  ( 0.5898502691896252400, -1.021650635094611100, 1.470833333333305700 ) ) ;
#2923 = EDGE_LOOP ( 'NONE', ( #1033, #493, #591, #424 ) ) ;
#2924 = CARTESIAN_POINT ( 'NONE',  ( -0.8847754037844384200, 0.5108253175473055400, 2.079166666666696800 ) ) ;
#2925 = ORIENTED_EDGE ( 'NONE', *, *, #164, .F. ) ;
#2926 = CARTESIAN_POINT ( 'NONE',  ( 1.154700538379252100, -2.121150477449814300E-016, 1.100000000000028300 ) ) ;
#2927 = CARTESIAN_POINT ( 'NONE',  ( -0.4273502691896259900, -0.7401923788646680400, -1.983333333333330100 ) ) ;
#2928 = CARTESIAN_POINT ( 'NONE',  ( 0.0000000000000000000, 1.000000000000000400, -1.999999999999971800 ) ) ;
#2929 = CARTESIAN_POINT ( 'NONE',  ( 0.8547005383792514200, -1.570059417833504600E-016, 0.9000000000000023500 ) ) ;
#2930 = CARTESIAN_POINT ( 'NONE',  ( 0.7499999999999997800, -0.2986886858037709500, 3.867886086671946400 ) ) ;
#2931 = ORIENTED_EDGE ( 'NONE', *, *, #513, .T. ) ;
#2932 = CARTESIAN_POINT ( 'NONE',  ( -1.224646799147353700E-016, -1.000000000000000400, 0.6000000000000279600 ) ) ;
#2933 = ORIENTED_EDGE ( 'NONE', *, *, #3590, .F. ) ;
#2934 = CARTESIAN_POINT ( 'NONE',  ( 0.0000000000000000000, 0.7401923788646683800, -2.549999999999996700 ) ) ;
#2935 = CARTESIAN_POINT ( 'NONE',  ( 0.0000000000000000000, 1.483513425412634100E-056, 1.999999999999999100 ) ) ;
#2936 = ORIENTED_EDGE ( 'NONE', *, *, #2315, .F. ) ;
#2937 = CARTESIAN_POINT ( 'NONE',  ( -0.8847754037844385300, -0.5108253175473052000, 2.145833333333363200 ) ) ;
#2938 = CARTESIAN_POINT ( 'NONE',  ( 0.5773502691896301700, 0.9999999999999940000, 1.166666666666694300 ) ) ;
#2939 = CARTESIAN_POINT ( 'NONE',  ( 0.0000000000000000000, 0.7401923788646683800, 0.6500000000000039100 ) ) ;
#2940 = ORIENTED_EDGE ( 'NONE', *, *, #2842, .T. ) ;
#2941 = CARTESIAN_POINT ( 'NONE',  ( -0.8660254037844390400, -0.5000000000000000000, -0.2166666666666923800 ) ) ;
#2942 = CARTESIAN_POINT ( 'NONE',  ( -0.6410254037844385100, 0.3700961894323343000, -0.1333333333333308100 ) ) ;
#2943 = DIRECTION ( 'NONE',  ( 0.0000000000000000000, 1.000000000000000000, 0.0000000000000000000 ) ) ;
#2944 = CARTESIAN_POINT ( 'NONE',  ( -0.5773502691896262900, -1.000000000000000000, -3.383333333333359100 ) ) ;
#2945 = DIRECTION ( 'NONE',  ( -0.0000000000000000000, 7.417567127063168400E-057, -1.000000000000000000 ) ) ;
#2946 = CARTESIAN_POINT ( 'NONE',  ( -0.4273502691896259900, -0.7401923788646680400, -1.583333333333329700 ) ) ;
#2947 = CARTESIAN_POINT ( 'NONE',  ( -0.8847754037844385300, -0.5108253175473052000, 1.770833333333305700 ) ) ;
#2948 = CARTESIAN_POINT ( 'NONE',  ( -0.5898502691896255800, 1.021650635094610800, 2.045833333333362700 ) ) ;
#2949 = AXIS2_PLACEMENT_3D ( 'NONE', #2011, #3349, #3117 ) ;
#2950 = CARTESIAN_POINT ( 'NONE',  ( -1.224646799147353900E-016, -1.000000000000000400, -0.9500000000000257100 ) ) ;
#2951 = CARTESIAN_POINT ( 'NONE',  ( 0.4273502691896254900, -0.7401923788646686000, 0.8833333333333366300 ) ) ;
#2952 = CARTESIAN_POINT ( 'NONE',  ( -0.4273502691896256500, 0.7401923788646683800, -0.5666666666666645400 ) ) ;
#2953 = CARTESIAN_POINT ( 'NONE',  ( 0.0000000000000000000, 0.0000000000000000000, 3.999999999999999100 ) ) ;
#2954 = CARTESIAN_POINT ( 'NONE',  ( 0.8547005383792514200, -1.570059417833504600E-016, -2.249999999999996900 ) ) ;
#2955 = EDGE_CURVE ( 'NONE', #1122, #1428, #725, .T. ) ;
#2956 = CARTESIAN_POINT ( 'NONE',  ( -0.4273502691896256500, 0.7401923788646683800, -0.1166666666666633700 ) ) ;
#2957 = CARTESIAN_POINT ( 'NONE',  ( 0.0000000000000000000, 1.000000000000000400, -0.3500000000000257300 ) ) ;
#2958 = VECTOR ( 'NONE', #25, 1000.000000000000000 ) ;
#2959 = CARTESIAN_POINT ( 'NONE',  ( -1.224646799147353700E-016, -1.000000000000000400, -0.1999999999999719200 ) ) ;
#2960 = CARTESIAN_POINT ( 'NONE',  ( -0.4273502691896256500, 0.7401923788646683800, 1.883333333333336600 ) ) ;
#2961 = FACE_OUTER_BOUND ( 'NONE', #1857, .T. ) ;
#2962 = CARTESIAN_POINT ( 'NONE',  ( 0.0000000000000000000, 1.000000000000000400, -0.3500000000000257300 ) ) ;
#2963 = CARTESIAN_POINT ( 'NONE',  ( 0.8547005383792514200, -1.570059417833504600E-016, -0.2999999999999977700 ) ) ;
#2964 = EDGE_LOOP ( 'NONE', ( #1909, #1729, #1074, #2333 ) ) ;
#2965 = CARTESIAN_POINT ( 'NONE',  ( 0.4088817311390508500, -0.9999999999999982200, 1.873606797753959700 ) ) ;
#2966 = CIRCLE ( 'NONE', #2439, 0.9309773090682665900 ) ;
#2967 =( BOUNDED_CURVE ( )  B_SPLINE_CURVE ( 2, ( #2238, #2737, #3302, #2515, #853, #3593, #529 ),
 .UNSPECIFIED., .F., .F. ) 
 B_SPLINE_CURVE_WITH_KNOTS ( ( 3, 2, 2, 3 ),
 ( 0.7187500000000000000, 0.7291666666666667400, 0.7395833333333332600, 0.7500000000000000000 ),
 .UNSPECIFIED. ) 
 CURVE ( )  GEOMETRIC_REPRESENTATION_ITEM ( )  RATIONAL_B_SPLINE_CURVE ( ( 1.000000000000000000, 0.8660254037844388200, 1.000000000000000000, 0.8660254037844388200, 1.000000000000000000, 0.8660254037844388200, 1.000000000000000000 ) ) 
 REPRESENTATION_ITEM ( '' )  );
#2968 = CARTESIAN_POINT ( 'NONE',  ( 0.4273502691896261500, 0.7401923788646680400, -3.383333333333330200 ) ) ;
#2969 = EDGE_LOOP ( 'NONE', ( #2449, #674, #1392, #2066 ) ) ;
#2970 = APPROVAL_STATUS ( 'not_yet_approved' ) ;
#2971 = CARTESIAN_POINT ( 'NONE',  ( 0.0000000000000000000, 0.7401923788646683800, -0.9499999999999964000 ) ) ;
#2972 = DIRECTION ( 'NONE',  ( -0.0000000000000000000, 7.417567127063168400E-057, -1.000000000000000000 ) ) ;
#2973 = EDGE_LOOP ( 'NONE', ( #498, #2163, #2983, #3254 ) ) ;
#2974 = CARTESIAN_POINT ( 'NONE',  ( -1.224646799147353900E-016, -1.000000000000000400, 1.849999999999975000 ) ) ;
#2975 = CARTESIAN_POINT ( 'NONE',  ( 0.0000000000000000000, 1.000000000000000400, -0.7500000000000255400 ) ) ;
#2976 = CARTESIAN_POINT ( 'NONE',  ( -9.064742275298811100E-017, -0.7401923788646683800, 0.4500000000000033400 ) ) ;
#2977 = VERTEX_POINT ( 'NONE', #2473 ) ;
#2978 = CARTESIAN_POINT ( 'NONE',  ( 0.8547005383792513100, -1.570059417833504600E-016, -2.649999999999996400 ) ) ;
#2979 = CARTESIAN_POINT ( 'NONE',  ( 1.224646799147353900E-016, -1.000000000000000400, -3.999999999999999100 ) ) ;
#2980 = ORIENTED_EDGE ( 'NONE', *, *, #3048, .T. ) ;
#2981 = CARTESIAN_POINT ( 'NONE',  ( -0.4273502691896256500, 0.7401923788646683800, -2.516666666666663100 ) ) ;
#2982 = CARTESIAN_POINT ( 'NONE',  ( 0.4273502691896261500, 0.7401923788646680400, 0.6166666666666708000 ) ) ;
#2983 = ORIENTED_EDGE ( 'NONE', *, *, #1963, .T. ) ;
#2984 = CARTESIAN_POINT ( 'NONE',  ( -1.154700538379251900, 7.070501591499382700E-017, 1.749999999999974200 ) ) ;
#2985 = CARTESIAN_POINT ( 'NONE',  ( 0.0000000000000000000, 1.000000000000000400, -3.550000000000026000 ) ) ;
#2986 = DIRECTION ( 'NONE',  ( 0.0000000000000000000, 1.000000000000000000, 0.0000000000000000000 ) ) ;
#2987 = CARTESIAN_POINT ( 'NONE',  ( 0.0000000000000000000, 1.000000000000000400, -3.999999999999999100 ) ) ;
#2988 = CARTESIAN_POINT ( 'NONE',  ( -0.4273502691896259900, -0.7401923788646680400, 1.616666666666670900 ) ) ;
#2989 = CARTESIAN_POINT ( 'NONE',  ( 0.4273502691896254900, -0.7401923788646686000, -1.916666666666663600 ) ) ;
#2990 = CARTESIAN_POINT ( 'NONE',  ( -0.4273502691896256500, 0.7401923788646683800, -3.316666666666662900 ) ) ;
#2991 = AXIS2_PLACEMENT_3D ( 'NONE', #1383, #2193, #3317 ) ;
#2992 = CARTESIAN_POINT ( 'NONE',  ( 0.6410254037844388400, 0.3700961894323336300, -0.2166666666666627600 ) ) ;
#2993 = DIRECTION ( 'NONE',  ( -0.0000000000000000000, 7.417567127063168400E-057, -1.000000000000000000 ) ) ;
#2994 = DIRECTION ( 'NONE',  ( 0.0000000000000000000, -7.417567127063168400E-057, 1.000000000000000000 ) ) ;
#2995 = CARTESIAN_POINT ( 'NONE',  ( -0.8660254037844390400, 0.5000000000000003300, -1.133333333333305300 ) ) ;
#2996 = CARTESIAN_POINT ( 'NONE',  ( 0.4273502691896261500, 0.7401923788646680400, -3.833333333333331300 ) ) ;
#2997 = ADVANCED_FACE ( 'NONE', ( #358 ), #2830, .T. ) ;
#2998 = CARTESIAN_POINT ( 'NONE',  ( 0.4418558714824432600, 0.6109197974410294200, 3.819185312303926800 ) ) ;
#2999 = CARTESIAN_POINT ( 'NONE',  ( -0.5773502691896222900, 1.000000000000006400, 0.03333333333336088000 ) ) ;
#3000 = CARTESIAN_POINT ( 'NONE',  ( -0.6410254037844386200, -0.3700961894323340200, -3.216666666666663200 ) ) ;
#3001 = APPROVAL_DATE_TIME ( #1880, #36 ) ;
#3002 = LINE ( 'NONE', #559, #2746 ) ;
#3003 = CARTESIAN_POINT ( 'NONE',  ( 0.8547005383792514200, -1.570059417833504600E-016, -1.049999999999996300 ) ) ;
#3004 = CARTESIAN_POINT ( 'NONE',  ( 0.0000000000000000000, 1.800000000000000000, 2.999999999999999100 ) ) ;
#3005 = CYLINDRICAL_SURFACE ( 'NONE', #2949, 1.000000000000000400 ) ;
#3006 = DIRECTION ( 'NONE',  ( -0.0000000000000000000, 7.417567127063168400E-057, -1.000000000000000000 ) ) ;
#3007 = CARTESIAN_POINT ( 'NONE',  ( 0.5773502691896265100, 1.000000000000000000, 0.01666666666664127700 ) ) ;
#3008 = EDGE_CURVE ( 'NONE', #2793, #1641, #64, .T. ) ;
#3009 = FACE_OUTER_BOUND ( 'NONE', #3320, .T. ) ;
#3010 = ORIENTED_EDGE ( 'NONE', *, *, #1983, .T. ) ;
#3011 = CARTESIAN_POINT ( 'NONE',  ( 0.8847754037844383100, -0.5108253175473058700, -4.095833333333360700 ) ) ;
#3012 = CARTESIAN_POINT ( 'NONE',  ( 0.6410254037844388400, 0.3700961894323336300, -3.466666666666664600 ) ) ;
#3013 = CARTESIAN_POINT ( 'NONE',  ( -0.8660254037844390400, -0.5000000000000000000, -1.016666666666692100 ) ) ;
#3014 =( BOUNDED_CURVE ( )  B_SPLINE_CURVE ( 2, ( #1718, #312, #1219, #599, #928, #1190, #2037 ),
 .UNSPECIFIED., .F., .F. ) 
 B_SPLINE_CURVE_WITH_KNOTS ( ( 3, 2, 2, 3 ),
 ( 0.4999999999999999400, 0.5104166666666666300, 0.5208333333333333700, 0.5312500000000000000 ),
 .UNSPECIFIED. ) 
 CURVE ( )  GEOMETRIC_REPRESENTATION_ITEM ( )  RATIONAL_B_SPLINE_CURVE ( ( 1.000000000000000700, 0.8660254037844380400, 1.000000000000000000, 0.8660254037844387100, 1.000000000000000000, 0.8660254037844387100, 1.000000000000000000 ) ) 
 REPRESENTATION_ITEM ( '' )  );
#3015 = CARTESIAN_POINT ( 'NONE',  ( 0.6410254037844388400, 0.3700961894323336300, -2.216666666666663200 ) ) ;
#3016 = CARTESIAN_POINT ( 'NONE',  ( -0.8660254037844390400, 0.5000000000000003300, -3.133333333333305300 ) ) ;
#3017 = EDGE_LOOP ( 'NONE', ( #2124, #281, #764, #2203, #2549, #554, #1209 ) ) ;
#3018 = CARTESIAN_POINT ( 'NONE',  ( 0.6410254037844384000, -0.3700961894323345200, 0.9166666666666706300 ) ) ;
#3019 = ADVANCED_FACE ( 'NONE', ( #752 ), #1449, .T. ) ;
#3020 = VERTEX_POINT ( 'NONE', #2484 ) ;
#3021 = CARTESIAN_POINT ( 'NONE',  ( -0.6410254037844386200, -0.3700961894323340200, -3.266666666666664800 ) ) ;
#3022 = CARTESIAN_POINT ( 'NONE',  ( 0.5773502691896254000, -1.000000000000000400, -2.916666666666691800 ) ) ;
#3023 = CARTESIAN_POINT ( 'NONE',  ( -1.154700538379251900, 7.070501591499382700E-017, -1.850000000000025400 ) ) ;
#3024 = ORIENTED_EDGE ( 'NONE', *, *, #1013, .F. ) ;
#3025 = CARTESIAN_POINT ( 'NONE',  ( 0.0000000000000000000, 1.000000000000000400, 0.8499999999999746600 ) ) ;
#3026 = CARTESIAN_POINT ( 'NONE',  ( -0.4273502691896259900, -0.7401923788646680400, 1.566666666666669300 ) ) ;
#3027 = CARTESIAN_POINT ( 'NONE',  ( -0.6410254037844385100, 0.3700961894323343000, -2.133333333333331100 ) ) ;
#3028 = ORIENTED_EDGE ( 'NONE', *, *, #2893, .T. ) ;
#3029 = CARTESIAN_POINT ( 'NONE',  ( -0.8547005383792513100, 5.233531392778349000E-017, -0.8499999999999966500 ) ) ;
#3030 = CARTESIAN_POINT ( 'NONE',  ( -1.162290413363968500E-016, 0.8660254037844341600, 2.999999999999999100 ) ) ;
#3031 = EDGE_CURVE ( 'NONE', #2132, #1564, #176, .T. ) ;
#3032 = CARTESIAN_POINT ( 'NONE',  ( -0.4273502691896259300, -0.7401923788646681500, 0.4166666666666702900 ) ) ;
#3033 = CC_DESIGN_APPROVAL ( #1689, ( #1060 ) ) ;
#3034 = CARTESIAN_POINT ( 'NONE',  ( -9.064742275298811100E-017, -0.7401923788646683800, -3.599999999999998300 ) ) ;
#3035 = CARTESIAN_POINT ( 'NONE',  ( -0.5773502691896335000, -0.9999999999999879000, 0.5666666666666943000 ) ) ;
#3036 =( BOUNDED_CURVE ( )  B_SPLINE_CURVE ( 2, ( #3082, #1427, #56, #3365, #1708, #891, #2537 ),
 .UNSPECIFIED., .F., .F. ) 
 B_SPLINE_CURVE_WITH_KNOTS ( ( 3, 2, 2, 3 ),
 ( 0.2812500000000000600, 0.2916666666666666900, 0.3020833333333333700, 0.3125000000000000000 ),
 .UNSPECIFIED. ) 
 CURVE ( )  GEOMETRIC_REPRESENTATION_ITEM ( )  RATIONAL_B_SPLINE_CURVE ( ( 0.9999999999999993300, 0.8660254037844394800, 1.000000000000000000, 0.8660254037844388200, 1.000000000000000000, 0.8660254037844388200, 1.000000000000000000 ) ) 
 REPRESENTATION_ITEM ( '' )  );
#3037 = CARTESIAN_POINT ( 'NONE',  ( 1.179700538379251400, -2.167074732417838900E-016, -4.062500000000027500 ) ) ;
#3038 = CARTESIAN_POINT ( 'NONE',  ( -0.6410254037844386200, -0.3700961894323340200, -4.066666666666664700 ) ) ;
#3039 = ADVANCED_FACE ( 'NONE', ( #3312 ), #1091, .F. ) ;
#3040 = CARTESIAN_POINT ( 'NONE',  ( -0.6410254037844386200, -0.3700961894323340200, -0.8166666666666629900 ) ) ;
#3041 = CARTESIAN_POINT ( 'NONE',  ( 0.0000000000000000000, 1.021650635094610800, -3.987499999999970100 ) ) ;
#3042 = CARTESIAN_POINT ( 'NONE',  ( -0.8547005383792513100, 5.233531392778349000E-017, 0.7500000000000032200 ) ) ;
#3043 = DIRECTION ( 'NONE',  ( 0.0000000000000000000, 1.000000000000000000, 0.0000000000000000000 ) ) ;
#3044 = PLANE ( 'NONE',  #675 ) ;
#3045 = CARTESIAN_POINT ( 'NONE',  ( -0.7499999999999963400, 0.4330127018922166900, 3.935048094716167000 ) ) ;
#3046 = CARTESIAN_POINT ( 'NONE',  ( -0.5898502691896255800, 1.021650635094610800, -3.129166666666694000 ) ) ;
#3047 = CARTESIAN_POINT ( 'NONE',  ( 0.8547005383792514200, -1.570059417833504600E-016, -2.699999999999998000 ) ) ;
#3048 = EDGE_CURVE ( 'NONE', #380, #3326, #2487, .T. ) ;
#3049 = VECTOR ( 'NONE', #1097, 1000.000000000000000 ) ;
#3050 = CYLINDRICAL_SURFACE ( 'NONE', #721, 1.899999999999999900 ) ;
#3051 = CARTESIAN_POINT ( 'NONE',  ( -0.8847754037844385300, -0.5108253175473052000, -3.054166666666636900 ) ) ;
#3052 = CIRCLE ( 'NONE', #3053, 1.899999999999999900 ) ;
#3053 = AXIS2_PLACEMENT_3D ( 'NONE', #2259, #330, #590 ) ;
#3054 = FACE_OUTER_BOUND ( 'NONE', #1943, .T. ) ;
#3055 = CARTESIAN_POINT ( 'NONE',  ( 0.6410254037844388400, 0.3700961894323336300, 0.5833333333333367000 ) ) ;
#3056 = ADVANCED_FACE ( 'NONE', ( #34 ), #1579, .T. ) ;
#3057 = VECTOR ( 'NONE', #1253, 999.9999999999998900 ) ;
#3058 = CARTESIAN_POINT ( 'NONE',  ( 0.6410254037844388400, 0.3700961894323336300, -3.066666666666664700 ) ) ;
#3059 = ORIENTED_EDGE ( 'NONE', *, *, #283, .F. ) ;
#3060 = CARTESIAN_POINT ( 'NONE',  ( 0.7499999999999997800, 0.4330127018922161900, -0.2912878474779102000 ) ) ;
#3061 = CARTESIAN_POINT ( 'NONE',  ( 0.0000000000000000000, -0.7401923788646683800, -3.999999999999999100 ) ) ;
#3062 =( BOUNDED_CURVE ( )  B_SPLINE_CURVE ( 2, ( #439, #1524, #1543, #2890, #431, #709, #3450 ),
 .UNSPECIFIED., .F., .T. ) 
 B_SPLINE_CURVE_WITH_KNOTS ( ( 3, 2, 2, 3 ),
 ( 0.2499999999999998900, 0.2604166666666666300, 0.2708333333333332600, 0.2812500000000000000 ),
 .UNSPECIFIED. ) 
 CURVE ( )  GEOMETRIC_REPRESENTATION_ITEM ( )  RATIONAL_B_SPLINE_CURVE ( ( 1.000000000000001300, 0.8660254037844372600, 1.000000000000000000, 0.8660254037844387100, 1.000000000000000000, 0.8660254037844387100, 1.000000000000000000 ) ) 
 REPRESENTATION_ITEM ( '' )  );
#3063 = CARTESIAN_POINT ( 'NONE',  ( -1.251161180115475900E-016, -1.021650635094610800, -3.762500000000028200 ) ) ;
#3064 = CARTESIAN_POINT ( 'NONE',  ( -0.6410254037844386200, -0.3700961894323340200, -1.666666666666664300 ) ) ;
#3065 = EDGE_LOOP ( 'NONE', ( #3287, #3283, #2196, #2717 ) ) ;
#3066 = DIRECTION ( 'NONE',  ( 0.0000000000000000000, 0.0000000000000000000, -1.000000000000000000 ) ) ;
#3067 = EDGE_LOOP ( 'NONE', ( #1216, #42, #587, #448 ) ) ;
#3068 = CARTESIAN_POINT ( 'NONE',  ( -0.4273502691896256000, 0.7401923788646683800, 1.483333333333337600 ) ) ;
#3069 = CARTESIAN_POINT ( 'NONE',  ( 0.0000000000000000000, 1.000000000000000400, -3.150000000000025700 ) ) ;
#3070 = ORIENTED_EDGE ( 'NONE', *, *, #1480, .T. ) ;
#3071 = CARTESIAN_POINT ( 'NONE',  ( 0.0000000000000000000, 1.000000000000000400, 0.8000000000000284700 ) ) ;
#3072 = DIRECTION ( 'NONE',  ( 1.000000000000000000, 0.0000000000000000000, 0.0000000000000000000 ) ) ;
#3073 = CARTESIAN_POINT ( 'NONE',  ( -0.8660254037844390400, 0.5000000000000003300, 0.9166666666666409800 ) ) ;
#3074 = ORIENTED_EDGE ( 'NONE', *, *, #1570, .T. ) ;
#3075 = CARTESIAN_POINT ( 'NONE',  ( -0.8847754037844384200, 0.5108253175473055400, -2.295833333333360900 ) ) ;
#3076 = CARTESIAN_POINT ( 'NONE',  ( -9.064742275298811100E-017, -0.7401923788646683800, -1.199999999999998000 ) ) ;
#3077 = ADVANCED_FACE ( 'NONE', ( #1837 ), #3198, .T. ) ;
#3078 = CIRCLE ( 'NONE', #131, 1.800000000000000000 ) ;
#3079 = CARTESIAN_POINT ( 'NONE',  ( 0.0000000000000000000, 5.741339654661140700E-056, -3.740192378864666700 ) ) ;
#3080 = CARTESIAN_POINT ( 'NONE',  ( -1.179700538379251400, 7.223582441392798400E-017, -3.487499999999970500 ) ) ;
#3081 = CARTESIAN_POINT ( 'NONE',  ( 0.4273502691896261500, 0.7401923788646680400, -3.833333333333331300 ) ) ;
#3082 = CARTESIAN_POINT ( 'NONE',  ( -1.224646799147353900E-016, -1.000000000000000400, 0.2499999999999740500 ) ) ;
#3083 = EDGE_CURVE ( 'NONE', #3337, #3116, #1541, .T. ) ;
#3084 = CARTESIAN_POINT ( 'NONE',  ( 0.6410254037844384000, -0.3700961894323345200, -1.533333333333331000 ) ) ;
#3085 = CARTESIAN_POINT ( 'NONE',  ( 0.5898502691896262400, 1.021650635094610400, -2.795833333333360900 ) ) ;
#3086 = CARTESIAN_POINT ( 'NONE',  ( 0.6410254037844388400, 0.3700961894323336300, -1.866666666666664500 ) ) ;
#3087 = DIRECTION ( 'NONE',  ( 0.0000000000000000000, 1.000000000000000000, 0.0000000000000000000 ) ) ;
#3088 = CARTESIAN_POINT ( 'NONE',  ( -1.179700538379251400, 7.223582441392798400E-017, -0.6874999999999701400 ) ) ;
#3089 = CARTESIAN_POINT ( 'NONE',  ( 0.6410254037844388400, 0.3700961894323336300, -3.466666666666664600 ) ) ;
#3090 = DIRECTION ( 'NONE',  ( -0.0000000000000000000, 7.417567127063168400E-057, -1.000000000000000000 ) ) ;
#3091 = CARTESIAN_POINT ( 'NONE',  ( 0.4273502691896254900, -0.7401923788646686000, -2.766666666666665300 ) ) ;
#3092 = DIRECTION ( 'NONE',  ( 0.0000000000000000000, 1.000000000000000000, 0.0000000000000000000 ) ) ;
#3093 = DIRECTION ( 'NONE',  ( -0.0000000000000000000, 7.417567127063168400E-057, -1.000000000000000000 ) ) ;
#3094 = LINE ( 'NONE', #2517, #2832 ) ;
#3095 = CARTESIAN_POINT ( 'NONE',  ( 0.8847754037844388600, 0.5108253175473046500, -1.229166666666694300 ) ) ;
#3096 = CARTESIAN_POINT ( 'NONE',  ( 0.6410254037844388400, 0.3700961894323336300, -0.2666666666666641600 ) ) ;
#3097 = EDGE_CURVE ( 'NONE', #1243, #2030, #2142, .T. ) ;
#3098 = LINE ( 'NONE', #2505, #1846 ) ;
#3099 = CARTESIAN_POINT ( 'NONE',  ( -1.179700538379251400, 7.223582441392798400E-017, -2.287499999999970300 ) ) ;
#3100 = ORIENTED_EDGE ( 'NONE', *, *, #378, .F. ) ;
#3101 = CARTESIAN_POINT ( 'NONE',  ( 0.6410254037844384000, -0.3700961894323345200, 0.9166666666666706300 ) ) ;
#3102 = AXIS2_PLACEMENT_3D ( 'NONE', #2523, #295, #2797 ) ;
#3103 = CARTESIAN_POINT ( 'NONE',  ( -0.6410254037844386200, -0.3700961894323340200, 1.583333333333336800 ) ) ;
#3104 = ORIENTED_EDGE ( 'NONE', *, *, #782, .T. ) ;
#3105 = CARTESIAN_POINT ( 'NONE',  ( -0.5773502691896262900, -1.000000000000000000, -2.983333333333358700 ) ) ;
#3106 = CARTESIAN_POINT ( 'NONE',  ( 0.4273502691896254900, -0.7401923788646686000, -2.366666666666664500 ) ) ;
#3107 = CARTESIAN_POINT ( 'NONE',  ( 0.8660254037844393700, 0.4999999999999994400, -0.8666666666666383900 ) ) ;
#3108 = ORIENTED_EDGE ( 'NONE', *, *, #3466, .F. ) ;
#3109 = CARTESIAN_POINT ( 'NONE',  ( -0.7499999999999958900, 9.183803184492624500E-017, 3.819022690931729100 ) ) ;
#3110 = B_SPLINE_CURVE_WITH_KNOTS ( 'NONE', 3,
 ( #1566, #1601, #3238, #1607 ),
 .UNSPECIFIED., .F., .F.,
 ( 4, 4 ),
 ( 0.001017869341677567100, 0.001467059238283078300 ),
 .UNSPECIFIED. ) ;
#3111 = CARTESIAN_POINT ( 'NONE',  ( 0.8847754037844383100, -0.5108253175473058700, -2.495833333333361100 ) ) ;
#3112 = CARTESIAN_POINT ( 'NONE',  ( -9.064742275298811100E-017, -0.7401923788646683800, -1.599999999999997600 ) ) ;
#3113 = VERTEX_POINT ( 'NONE', #5 ) ;
#3114 = CARTESIAN_POINT ( 'NONE',  ( 0.8847754037844383100, -0.5108253175473058700, -2.520833333333303700 ) ) ;
#3115 = CARTESIAN_POINT ( 'NONE',  ( -9.064742275298811100E-017, -0.7401923788646683800, 1.250000000000003800 ) ) ;
#3116 = VERTEX_POINT ( 'NONE', #1940 ) ;
#3117 = DIRECTION ( 'NONE',  ( 0.0000000000000000000, 1.000000000000000000, 0.0000000000000000000 ) ) ;
#3118 = CARTESIAN_POINT ( 'NONE',  ( -1.224646799147353900E-016, -1.000000000000000400, -3.350000000000026300 ) ) ;
#3119 = CARTESIAN_POINT ( 'NONE',  ( -9.064742275298811100E-017, -0.7401923788646683800, -1.999999999999997800 ) ) ;
#3120 = ORIENTED_EDGE ( 'NONE', *, *, #711, .T. ) ;
#3121 = CARTESIAN_POINT ( 'NONE',  ( -0.5773502691896266200, 0.9999999999999986700, 0.4833333333333077500 ) ) ;
#3122 = EDGE_CURVE ( 'NONE', #1717, #716, #1044, .T. ) ;
#3123 = CARTESIAN_POINT ( 'NONE',  ( -0.7499999999999957800, -0.1521051355705941900, 3.819022690931728600 ) ) ;
#3124 = CARTESIAN_POINT ( 'NONE',  ( 1.179700538379251400, -2.167074732417838900E-016, 0.3374999999999723800 ) ) ;
#3125 = CARTESIAN_POINT ( 'NONE',  ( 0.6410254037844384000, -0.3700961894323345200, 0.8666666666666692500 ) ) ;
#3126 = CARTESIAN_POINT ( 'NONE',  ( 0.2454358550358755100, 0.7243229468106859900, 3.818702545239034000 ) ) ;
#3127 = CARTESIAN_POINT ( 'NONE',  ( 0.5898502691896262400, 1.021650635094610400, -0.8208333333333033300 ) ) ;
#3128 = CARTESIAN_POINT ( 'NONE',  ( -9.064742275298811100E-017, -0.7401923788646683800, 1.650000000000003900 ) ) ;
#3129 = CARTESIAN_POINT ( 'NONE',  ( 0.0000000000000000000, 4.951827187603933400E-113, 3.999999999999999100 ) ) ;
#3130 = CARTESIAN_POINT ( 'NONE',  ( -9.823663185709716600E-016, -0.8660254037844323800, 2.999999999999999100 ) ) ;
#3131 = CARTESIAN_POINT ( 'NONE',  ( -0.6410254037844385100, 0.3700961894323343000, -1.733333333333331200 ) ) ;
#3132 = CARTESIAN_POINT ( 'NONE',  ( -1.224646799147353900E-016, -1.000000000000000400, -2.950000000000025500 ) ) ;
#3133 = B_SPLINE_CURVE_WITH_KNOTS ( 'NONE', 3,
 ( #1293, #2400, #3537, #1308, #3240, #1577 ),
 .UNSPECIFIED., .F., .F.,
 ( 4, 2, 4 ),
 ( 9.638307297279110200E-017, 0.0003201648568597900500, 0.0006403297137194837200 ),
 .UNSPECIFIED. ) ;
#3134 = CARTESIAN_POINT ( 'NONE',  ( -1.251161180115475900E-016, -1.021650635094610800, 0.2374999999999721200 ) ) ;
#3135 = CARTESIAN_POINT ( 'NONE',  ( 0.8547005383792514200, -1.570059417833504600E-016, 0.9000000000000023500 ) ) ;
#3136 = CARTESIAN_POINT ( 'NONE',  ( 0.0000000000000000000, 1.000000000000000400, -2.350000000000025800 ) ) ;
#3137 = CARTESIAN_POINT ( 'NONE',  ( 0.8847754037844383100, -0.5108253175473058700, -1.320833333333303300 ) ) ;
#3138 = CARTESIAN_POINT ( 'NONE',  ( -0.6410254037844386200, -0.3700961894323340200, 1.583333333333336800 ) ) ;
#3139 = VECTOR ( 'NONE', #3394, 1000.000000000000100 ) ;
#3140 = CARTESIAN_POINT ( 'NONE',  ( 0.6410254037844388400, 0.3700961894323336300, 1.733333333333335800 ) ) ;
#3141 = VECTOR ( 'NONE', #2113, 1000.000000000000000 ) ;
#3142 = CARTESIAN_POINT ( 'NONE',  ( 0.0000000000000000000, 0.7401923788646683800, -0.9999999999999978900 ) ) ;
#3143 = AXIS2_PLACEMENT_3D ( 'NONE', #2365, #1028, #2140 ) ;
#3144 = LINE ( 'NONE', #2979, #2324 ) ;
#3145 = CARTESIAN_POINT ( 'NONE',  ( -9.064742275298811100E-017, -0.7401923788646683800, -0.3999999999999980200 ) ) ;
#3146 = ORIENTED_EDGE ( 'NONE', *, *, #303, .T. ) ;
#3147 = CARTESIAN_POINT ( 'NONE',  ( 0.0000000000000000000, 1.000000000000000400, -3.599999999999971700 ) ) ;
#3148 = DIRECTION ( 'NONE',  ( -1.224646799147355200E-016, 1.000000000000000000, 0.0000000000000000000 ) ) ;
#3149 = VECTOR ( 'NONE', #2518, 1000.000000000000000 ) ;
#3150 = CARTESIAN_POINT ( 'NONE',  ( 1.179700538379251400, -2.167074732417838900E-016, 1.137499999999972600 ) ) ;
#3151 = CARTESIAN_POINT ( 'NONE',  ( 0.4273502691896261500, 0.7401923788646680400, 0.5666666666666692100 ) ) ;
#3152 = ORIENTED_EDGE ( 'NONE', *, *, #3083, .F. ) ;
#3153 = EDGE_CURVE ( 'NONE', #3207, #1975, #770, .T. ) ;
#3154 =( BOUNDED_CURVE ( )  B_SPLINE_CURVE ( 2, ( #1768, #2883, #73, #633, #2352, #3121, #102 ),
 .UNSPECIFIED., .F., .F. ) 
 B_SPLINE_CURVE_WITH_KNOTS ( ( 3, 2, 2, 3 ),
 ( 0.2187500000000000300, 0.2291666666666666300, 0.2395833333333333700, 0.2499999999999999700 ),
 .UNSPECIFIED. ) 
 CURVE ( )  GEOMETRIC_REPRESENTATION_ITEM ( )  RATIONAL_B_SPLINE_CURVE ( ( 0.9999999999999996700, 0.8660254037844391500, 1.000000000000000000, 0.8660254037844388200, 1.000000000000000000, 0.8660254037844391500, 0.9999999999999996700 ) ) 
 REPRESENTATION_ITEM ( '' )  );
#3155 = DIRECTION ( 'NONE',  ( 0.4999999999999988300, 0.8660254037844393700, 0.0000000000000000000 ) ) ;
#3156 = CARTESIAN_POINT ( 'NONE',  ( 0.8847754037844388600, 0.5108253175473046500, 1.145833333333363200 ) ) ;
#3157 = VERTEX_POINT ( 'NONE', #1113 ) ;
#3158 = EDGE_CURVE ( 'NONE', #646, #3116, #2601, .T. ) ;
#3159 = CARTESIAN_POINT ( 'NONE',  ( 0.6410254037844384000, -0.3700961894323345200, -2.733333333333331600 ) ) ;
#3160 = ORIENTED_EDGE ( 'NONE', *, *, #234, .T. ) ;
#3161 = CARTESIAN_POINT ( 'NONE',  ( 0.8547005383792513100, -1.570059417833504600E-016, -0.6999999999999979600 ) ) ;
#3162 = CARTESIAN_POINT ( 'NONE',  ( 1.154700538379251900, -2.121150477449814300E-016, -3.650000000000024300 ) ) ;
#3163 = CARTESIAN_POINT ( 'NONE',  ( -0.4651257972215467900, -0.8642383928446967200, -3.766243378939009300 ) ) ;
#3164 = ORIENTED_EDGE ( 'NONE', *, *, #1870, .T. ) ;
#3165 = CARTESIAN_POINT ( 'NONE',  ( -0.5898502691896260200, -1.021650635094610600, 0.2041666666666389600 ) ) ;
#3166 = CARTESIAN_POINT ( 'NONE',  ( -9.064742275298811100E-017, -0.7401923788646683800, 0.4000000000000019100 ) ) ;
#3167 = CLOSED_SHELL ( 'NONE', ( #3350, #3019, #1895, #1133, #1093, #1936, #1621, #3280, #1640, #2302, #3311, #1407, #2997, #2191, #2245, #524, #562, #2496, #3332, #3056, #2729, #785, #1955, #1695, #577, #3297, #3624, #1676, #250, #1058, #1426, #1373, #3551, #2457, #861, #543, #835, #1965, #286, #302, #506, #2766, #1116, #1916, #1077, #1351, #2514, #598, #3566, #229, #3039, #3372, #2211, #2745, #3586, #1394, #822, #3077 ) ) ;
#3168 = CARTESIAN_POINT ( 'NONE',  ( -1.251161180115475900E-016, -1.021650635094610800, 1.012500000000029900 ) ) ;
#3169 = CARTESIAN_POINT ( 'NONE',  ( -0.4273502691896256500, 0.7401923788646683800, -1.316666666666663100 ) ) ;
#3170 = CARTESIAN_POINT ( 'NONE',  ( -9.064742275298811100E-017, -0.7401923788646683800, -1.599999999999997600 ) ) ;
#3171 = DIRECTION ( 'NONE',  ( 0.0000000000000000000, 1.000000000000000000, 0.0000000000000000000 ) ) ;
#3172 = CARTESIAN_POINT ( 'NONE',  ( -0.6410254037844385100, 0.3700961894323343000, 0.2666666666666684900 ) ) ;
#3173 = DIRECTION ( 'NONE',  ( -0.0000000000000000000, 7.417567127063168400E-057, -1.000000000000000000 ) ) ;
#3174 = CARTESIAN_POINT ( 'NONE',  ( 0.8847754037844383100, -0.5108253175473058700, -0.09583333333336094300 ) ) ;
#3175 = DIRECTION ( 'NONE',  ( -0.0000000000000000000, 7.417567127063168400E-057, -1.000000000000000000 ) ) ;
#3176 = PRODUCT_DEFINITION_SHAPE ( 'NONE', 'NONE',  #1060 ) ;
#3177 =( BOUNDED_CURVE ( )  B_SPLINE_CURVE ( 2, ( #698, #2103, #2389, #3191, #3179, #2648, #2658 ),
 .UNSPECIFIED., .F., .F. ) 
 B_SPLINE_CURVE_WITH_KNOTS ( ( 3, 2, 2, 3 ),
 ( 0.4062500000000001100, 0.4166666666666666900, 0.4270833333333334300, 0.4375000000000000000 ),
 .UNSPECIFIED. ) 
 CURVE ( )  GEOMETRIC_REPRESENTATION_ITEM ( )  RATIONAL_B_SPLINE_CURVE ( ( 0.9999999999999985600, 0.8660254037844402600, 1.000000000000000000, 0.8660254037844388200, 1.000000000000000000, 0.8660254037844388200, 1.000000000000000000 ) ) 
 REPRESENTATION_ITEM ( '' )  );
#3178 = CARTESIAN_POINT ( 'NONE',  ( -1.179700538379251400, 7.223582441392798400E-017, 0.5125000000000302600 ) ) ;
#3179 = CARTESIAN_POINT ( 'NONE',  ( -0.8660254037844390400, 0.5000000000000003300, -0.6833333333333587700 ) ) ;
#3180 = CARTESIAN_POINT ( 'NONE',  ( -0.4273502691896256500, 0.7401923788646683800, -0.1166666666666633700 ) ) ;
#3181 = CARTESIAN_POINT ( 'NONE',  ( 0.4273502691896254900, -0.7401923788646686000, -1.966666666666664800 ) ) ;
#3182 = CARTESIAN_POINT ( 'NONE',  ( 0.0000000000000000000, 1.000000000000000400, -1.150000000000025900 ) ) ;
#3183 = DIRECTION ( 'NONE',  ( 0.0000000000000000000, 1.000000000000000000, 7.417567127063168400E-057 ) ) ;
#3184 = CARTESIAN_POINT ( 'NONE',  ( 0.5773502691896293900, 0.9999999999999953400, -3.233333333333304500 ) ) ;
#3185 = CALENDAR_DATE ( 2023, 11, 1 ) ;
#3186 = CARTESIAN_POINT ( 'NONE',  ( 0.6410254037844388400, 0.3700961894323336300, -3.416666666666663400 ) ) ;
#3187 = DIRECTION ( 'NONE',  ( 0.0000000000000000000, 1.000000000000000000, 0.0000000000000000000 ) ) ;
#3188 = CARTESIAN_POINT ( 'NONE',  ( 0.5773502691896274000, 0.9999999999999985600, 1.616666666666640900 ) ) ;
#3189 = CIRCLE ( 'NONE', #355, 0.7401923788646683800 ) ;
#3190 = CARTESIAN_POINT ( 'NONE',  ( 0.0000000000000000000, 1.021650635094610800, 0.01250000000002984800 ) ) ;
#3191 = CARTESIAN_POINT ( 'NONE',  ( -1.154700538379251900, 7.070501591499382700E-017, -0.6500000000000254500 ) ) ;
#3192 = CARTESIAN_POINT ( 'NONE',  ( 0.6410254037844384000, -0.3700961894323345200, -1.483333333333329600 ) ) ;
#3193 = LINE ( 'NONE', #2628, #2711 ) ;
#3194 = CARTESIAN_POINT ( 'NONE',  ( 0.4273502691896261500, 0.7401923788646680400, -0.2333333333333310600 ) ) ;
#3195 = ORIENTED_EDGE ( 'NONE', *, *, #184, .T. ) ;
#3196 = VERTEX_POINT ( 'NONE', #2194 ) ;
#3197 = CARTESIAN_POINT ( 'NONE',  ( -0.5681280663498389200, -0.7937261557170620700, -3.771667009543992100 ) ) ;
#3198 =( BOUNDED_SURFACE ( )  B_SPLINE_SURFACE ( 1, 2, ( 
 ( #3041, #824, #1687, #1118, #1673, #2776, #2762, #3335, #1391, #573, #1660, #2511, #2234, #1962, #1142, #3080, #832, #1946, #1423, #3360, #1697, #2499, #269, #11, #2224, #1974, #3307, #553, #3051, #2257, #3609, #1956, #586, #2750, #282, #1375, #1649, #3589, #1932, #563, #848, #2785, #2828, #1169, #3114, #1719, #610, #2855, #1442, #1455, #2843, #3099, #3388, #67, #3374, #21, #2560, #2309, #1985, #651, #1207, #639, #2023, #2582, #313, #1760, #1743, #1469, #2569, #2267, #600, #929, #917, #1997, #1191, #2282, #32, #325, #351, #77, #3137, #902, #2039, #51, #1481, #370, #2548, #3430, #625, #3414, #1156, #1180, #2319, #886, #875, #3127, #3398, #2810, #1733, #3088, #2008, #1436, #340, #2297, #1704, #2819, #1787, #2379, #108, #2597, #3485, #696, #2065, #393, #1523, #2647, #986, #2874, #122, #2090, #3190, #92, #2080, #404, #3463, #1493, #1508, #2051, #954, #385, #1531, #966, #1798, #2618, #2332, #3178, #659, #418, #2608, #2357, #688, #1809, #2902, #132, #673, #1231, #1256, #3476, #2912, #2345, #3168, #1267, #3449, #2368, #3156, #2889, #1242, #3204, #2631, #975, #1542, #1820, #146, #2101, #941, #3440, #430, #2864, #1221, #1775, #1290, #158, #3225, #2388, #1007, #3513, #2116, #1565, #2397, #438, #720, #2948, #2924, #1275, #2937, #3236, #3215, #2692, #1855, #1575, #1305, #177, #1554 ),
 ( #2141, #732, #2671, #2681, #3502, #1839, #167, #463, #2411, #742, #2129, #707, #449, #2657, #998, #1017, #3490, #1829, #2112, #1795, #129, #2386, #3186, #2667, #1551, #1264, #3489, #3199, #1827, #2088, #1005, #2909, #2098, #413, #118, #694, #1301, #2641, #1519, #2395, #3222, #983, #1538, #427, #1563, #3499, #1806, #2655, #2934, #436, #2626, #996, #2921, #2376, #400, #2364, #972, #3472, #2899, #718, #3482, #704, #1816, #1251, #1272, #1529, #1287, #142, #3212, #155, #1836, #165, #2125, #446, #730, #2678, #1014, #2946, #3458, #2076, #2353, #685, #497, #175, #3248, #3530, #2440, #473, #1027, #1898, #2179, #1863, #788, #3003, #2139, #507, #2971, #1872, #460, #1596, #3521, #200, #2422, #1319, #1613, #189, #2161, #1606, #2150, #753, #778, #2406, #739, #3259, #1059, #2690, #3233, #3556, #2992, #2720, #1344, #2956, #2450, #3281, #212, #1333, #1312, #1583, #220, #3266, #2697, #3544, #1040, #484, #2433, #2730, #1071, #1572, #767, #3510, #2706, #1851, #1049, #2982, #1884, #2173, #1958, #345, #2361, #2638, #1939, #2143, #3101, #2570, #2024, #2584, #2829, #352, #1734, #2298, #1181, #3389, #3115, #1443, #52, #1720, #33, #2856, #341, #2009, #1192, #1208, #3138, #1457, #3128, #930, #2310, #903, #1470, #3416, #1744, #611, #627, #3399, #918, #2844, #640, #68, #1482, #1998, #326, #2284, #2561 ) ),
 .UNSPECIFIED., .F., .F., .F. ) 
 B_SPLINE_SURFACE_WITH_KNOTS ( ( 2, 2 ),
 ( 3, 2, 2, 2, 2, 2, 2, 2, 2, 2, 2, 2, 2, 2, 2, 2, 2, 2, 2, 2, 2, 2, 2, 2, 2, 2, 2, 2, 2, 2, 2, 2, 2, 2, 2, 2, 2, 2, 2, 2, 2, 2, 2, 2, 2, 2, 2, 2, 2, 2, 2, 2, 2, 2, 2, 2, 2, 2, 2, 2, 2, 2, 2, 2, 2, 2, 2, 2, 2, 2, 2, 2, 2, 2, 2, 2, 2, 2, 2, 2, 2, 2, 2, 2, 2, 2, 2, 2, 2, 2, 2, 2, 2, 2, 2, 2, 3 ),
 ( 0.0000000000000000000, 1.000000000000000000 ),
 ( 0.0000000000000000000, 0.01041666666666666600, 0.02083333333333333200, 0.03125000000000000000, 0.04166666666666666400, 0.05208333333333333600, 0.06250000000000000000, 0.07291666666666667100, 0.08333333333333332900, 0.09375000000000000000, 0.1041666666666666700, 0.1145833333333333300, 0.1250000000000000000, 0.1354166666666666600, 0.1458333333333333400, 0.1562500000000000000, 0.1666666666666666600, 0.1770833333333333400, 0.1875000000000000000, 0.1979166666666666600, 0.2083333333333333400, 0.2187500000000000000, 0.2291666666666666600, 0.2395833333333333400, 0.2500000000000000000, 0.2604166666666666900, 0.2708333333333333100, 0.2812500000000000000, 0.2916666666666666900, 0.3020833333333333100, 0.3125000000000000000, 0.3229166666666666900, 0.3333333333333333100, 0.3437500000000000000, 0.3541666666666666900, 0.3645833333333333100, 0.3750000000000000000, 0.3854166666666666900, 0.3958333333333333100, 0.4062500000000000000, 0.4166666666666666900, 0.4270833333333333100, 0.4375000000000000000, 0.4479166666666666900, 0.4583333333333333100, 0.4687500000000000000, 0.4791666666666666900, 0.4895833333333333100, 0.5000000000000000000, 0.5104166666666666300, 0.5208333333333333700, 0.5312500000000000000, 0.5416666666666666300, 0.5520833333333333700, 0.5625000000000000000, 0.5729166666666666300, 0.5833333333333333700, 0.5937500000000000000, 0.6041666666666666300, 0.6145833333333333700, 0.6250000000000000000, 0.6354166666666666300, 0.6458333333333333700, 0.6562500000000000000, 0.6666666666666666300, 0.6770833333333333700, 0.6875000000000000000, 0.6979166666666666300, 0.7083333333333333700, 0.7187500000000000000, 0.7291666666666666300, 0.7395833333333333700, 0.7500000000000000000, 0.7604166666666666300, 0.7708333333333333700, 0.7812500000000000000, 0.7916666666666666300, 0.8020833333333333700, 0.8125000000000000000, 0.8229166666666666300, 0.8333333333333333700, 0.8437500000000000000, 0.8541666666666666300, 0.8645833333333333700, 0.8750000000000000000, 0.8854166666666666300, 0.8958333333333333700, 0.9062500000000000000, 0.9166666666666666300, 0.9270833333333333700, 0.9375000000000000000, 0.9479166666666666300, 0.9583333333333333700, 0.9687500000000000000, 0.9791666666666666300, 0.9895833333333333700, 1.000000000000000000 ),
 .UNSPECIFIED. ) 
 GEOMETRIC_REPRESENTATION_ITEM ( )  RATIONAL_B_SPLINE_SURFACE ( (
 ( 1.000000000000000000, 0.8660254037844387100, 1.000000000000000000, 0.8660254037844387100, 1.000000000000000000, 0.8660254037844387100, 1.000000000000000000, 0.8660254037844387100, 1.000000000000000000, 0.8660254037844387100, 1.000000000000000000, 0.8660254037844387100, 1.000000000000000000, 0.8660254037844387100, 1.000000000000000000, 0.8660254037844387100, 1.000000000000000000, 0.8660254037844387100, 1.000000000000000000, 0.8660254037844387100, 1.000000000000000000, 0.8660254037844387100, 1.000000000000000000, 0.8660254037844387100, 1.000000000000000000, 0.8660254037844387100, 1.000000000000000000, 0.8660254037844387100, 1.000000000000000000, 0.8660254037844387100, 1.000000000000000000, 0.8660254037844387100, 1.000000000000000000, 0.8660254037844387100, 1.000000000000000000, 0.8660254037844387100, 1.000000000000000000, 0.8660254037844387100, 1.000000000000000000, 0.8660254037844387100, 1.000000000000000000, 0.8660254037844387100, 1.000000000000000000, 0.8660254037844387100, 1.000000000000000000, 0.8660254037844387100, 1.000000000000000000, 0.8660254037844387100, 1.000000000000000000, 0.8660254037844387100, 1.000000000000000000, 0.8660254037844387100, 1.000000000000000000, 0.8660254037844387100, 1.000000000000000000, 0.8660254037844387100, 1.000000000000000000, 0.8660254037844387100, 1.000000000000000000, 0.8660254037844387100, 1.000000000000000000, 0.8660254037844387100, 1.000000000000000000, 0.8660254037844387100, 1.000000000000000000, 0.8660254037844387100, 1.000000000000000000, 0.8660254037844387100, 1.000000000000000000, 0.8660254037844387100, 1.000000000000000000, 0.8660254037844387100, 1.000000000000000000, 0.8660254037844387100, 1.000000000000000000, 0.8660254037844387100, 1.000000000000000000, 0.8660254037844387100, 1.000000000000000000, 0.8660254037844387100, 1.000000000000000000, 0.8660254037844387100, 1.000000000000000000, 0.8660254037844387100, 1.000000000000000000, 0.8660254037844387100, 1.000000000000000000, 0.8660254037844387100, 1.000000000000000000, 0.8660254037844387100, 1.000000000000000000, 0.8660254037844387100, 1.000000000000000000, 0.8660254037844387100, 1.000000000000000000, 0.8660254037844387100, 1.000000000000000000, 0.8660254037844387100, 1.000000000000000000, 0.8660254037844387100, 1.000000000000000000, 0.8660254037844387100, 1.000000000000000000, 0.8660254037844387100, 1.000000000000000000, 0.8660254037844387100, 1.000000000000000000, 0.8660254037844387100, 1.000000000000000000, 0.8660254037844387100, 1.000000000000000000, 0.8660254037844387100, 1.000000000000000000, 0.8660254037844387100, 1.000000000000000000, 0.8660254037844387100, 1.000000000000000000, 0.8660254037844387100, 1.000000000000000000, 0.8660254037844387100, 1.000000000000000000, 0.8660254037844387100, 1.000000000000000000, 0.8660254037844387100, 1.000000000000000000, 0.8660254037844387100, 1.000000000000000000, 0.8660254037844387100, 1.000000000000000000, 0.8660254037844387100, 1.000000000000000000, 0.8660254037844387100, 1.000000000000000000, 0.8660254037844387100, 1.000000000000000000, 0.8660254037844387100, 1.000000000000000000, 0.8660254037844387100, 1.000000000000000000, 0.8660254037844387100, 1.000000000000000000, 0.8660254037844387100, 1.000000000000000000, 0.8660254037844387100, 1.000000000000000000, 0.8660254037844387100, 1.000000000000000000, 0.8660254037844387100, 1.000000000000000000, 0.8660254037844387100, 1.000000000000000000, 0.8660254037844387100, 1.000000000000000000, 0.8660254037844387100, 1.000000000000000000, 0.8660254037844387100, 1.000000000000000000, 0.8660254037844387100, 1.000000000000000000, 0.8660254037844387100, 1.000000000000000000, 0.8660254037844387100, 1.000000000000000000, 0.8660254037844387100, 1.000000000000000000, 0.8660254037844387100, 1.000000000000000000, 0.8660254037844387100, 1.000000000000000000, 0.8660254037844387100, 1.000000000000000000, 0.8660254037844387100, 1.000000000000000000, 0.8660254037844387100, 1.000000000000000000, 0.8660254037844387100, 1.000000000000000000, 0.8660254037844387100, 1.000000000000000000, 0.8660254037844387100, 1.000000000000000000, 0.8660254037844387100, 1.000000000000000000, 0.8660254037844387100, 1.000000000000000000, 0.8660254037844387100, 1.000000000000000000, 0.8660254037844387100, 1.000000000000000000, 0.8660254037844387100, 1.000000000000000000, 0.8660254037844387100, 1.000000000000000000),
 ( 1.000000000000000000, 0.8660254037844387100, 1.000000000000000000, 0.8660254037844387100, 1.000000000000000000, 0.8660254037844387100, 1.000000000000000000, 0.8660254037844387100, 1.000000000000000000, 0.8660254037844387100, 1.000000000000000000, 0.8660254037844387100, 1.000000000000000000, 0.8660254037844387100, 1.000000000000000000, 0.8660254037844387100, 1.000000000000000000, 0.8660254037844387100, 1.000000000000000000, 0.8660254037844387100, 1.000000000000000000, 0.8660254037844387100, 1.000000000000000000, 0.8660254037844387100, 1.000000000000000000, 0.8660254037844387100, 1.000000000000000000, 0.8660254037844387100, 1.000000000000000000, 0.8660254037844387100, 1.000000000000000000, 0.8660254037844387100, 1.000000000000000000, 0.8660254037844387100, 1.000000000000000000, 0.8660254037844387100, 1.000000000000000000, 0.8660254037844387100, 1.000000000000000000, 0.8660254037844387100, 1.000000000000000000, 0.8660254037844387100, 1.000000000000000000, 0.8660254037844387100, 1.000000000000000000, 0.8660254037844387100, 1.000000000000000000, 0.8660254037844387100, 1.000000000000000000, 0.8660254037844387100, 1.000000000000000000, 0.8660254037844387100, 1.000000000000000000, 0.8660254037844387100, 1.000000000000000000, 0.8660254037844387100, 1.000000000000000000, 0.8660254037844387100, 1.000000000000000000, 0.8660254037844387100, 1.000000000000000000, 0.8660254037844387100, 1.000000000000000000, 0.8660254037844387100, 1.000000000000000000, 0.8660254037844387100, 1.000000000000000000, 0.8660254037844387100, 1.000000000000000000, 0.8660254037844387100, 1.000000000000000000, 0.8660254037844387100, 1.000000000000000000, 0.8660254037844387100, 1.000000000000000000, 0.8660254037844387100, 1.000000000000000000, 0.8660254037844387100, 1.000000000000000000, 0.8660254037844387100, 1.000000000000000000, 0.8660254037844387100, 1.000000000000000000, 0.8660254037844387100, 1.000000000000000000, 0.8660254037844387100, 1.000000000000000000, 0.8660254037844387100, 1.000000000000000000, 0.8660254037844387100, 1.000000000000000000, 0.8660254037844387100, 1.000000000000000000, 0.8660254037844387100, 1.000000000000000000, 0.8660254037844387100, 1.000000000000000000, 0.8660254037844387100, 1.000000000000000000, 0.8660254037844387100, 1.000000000000000000, 0.8660254037844387100, 1.000000000000000000, 0.8660254037844387100, 1.000000000000000000, 0.8660254037844387100, 1.000000000000000000, 0.8660254037844387100, 1.000000000000000000, 0.8660254037844387100, 1.000000000000000000, 0.8660254037844387100, 1.000000000000000000, 0.8660254037844387100, 1.000000000000000000, 0.8660254037844387100, 1.000000000000000000, 0.8660254037844387100, 1.000000000000000000, 0.8660254037844387100, 1.000000000000000000, 0.8660254037844387100, 1.000000000000000000, 0.8660254037844387100, 1.000000000000000000, 0.8660254037844387100, 1.000000000000000000, 0.8660254037844387100, 1.000000000000000000, 0.8660254037844387100, 1.000000000000000000, 0.8660254037844387100, 1.000000000000000000, 0.8660254037844387100, 1.000000000000000000, 0.8660254037844387100, 1.000000000000000000, 0.8660254037844387100, 1.000000000000000000, 0.8660254037844387100, 1.000000000000000000, 0.8660254037844387100, 1.000000000000000000, 0.8660254037844387100, 1.000000000000000000, 0.8660254037844387100, 1.000000000000000000, 0.8660254037844387100, 1.000000000000000000, 0.8660254037844387100, 1.000000000000000000, 0.8660254037844387100, 1.000000000000000000, 0.8660254037844387100, 1.000000000000000000, 0.8660254037844387100, 1.000000000000000000, 0.8660254037844387100, 1.000000000000000000, 0.8660254037844387100, 1.000000000000000000, 0.8660254037844387100, 1.000000000000000000, 0.8660254037844387100, 1.000000000000000000, 0.8660254037844387100, 1.000000000000000000, 0.8660254037844387100, 1.000000000000000000, 0.8660254037844387100, 1.000000000000000000, 0.8660254037844387100, 1.000000000000000000, 0.8660254037844387100, 1.000000000000000000, 0.8660254037844387100, 1.000000000000000000, 0.8660254037844387100, 1.000000000000000000, 0.8660254037844387100, 1.000000000000000000, 0.8660254037844387100, 1.000000000000000000, 0.8660254037844387100, 1.000000000000000000, 0.8660254037844387100, 1.000000000000000000, 0.8660254037844387100, 1.000000000000000000, 0.8660254037844387100, 1.000000000000000000, 0.8660254037844387100, 1.000000000000000000) ) ) 
 REPRESENTATION_ITEM ( '' )  SURFACE ( )  );
#3199 = CARTESIAN_POINT ( 'NONE',  ( -0.8547005383792514200, 5.233531392778349000E-017, -3.249999999999996400 ) ) ;
#3200 = AXIS2_PLACEMENT_3D ( 'NONE', #1793, #1463, #1199 ) ;
#3201 = CARTESIAN_POINT ( 'NONE',  ( 0.5898502691896262400, 1.021650635094610400, 2.004166666666639300 ) ) ;
#3202 = CARTESIAN_POINT ( 'NONE',  ( 1.154700538379251900, -2.121150477449814300E-016, 1.549999999999973600 ) ) ;
#3203 = VERTEX_POINT ( 'NONE', #2792 ) ;
#3204 = CARTESIAN_POINT ( 'NONE',  ( -0.5898502691896255800, 1.021650635094610800, 1.245833333333363300 ) ) ;
#3205 = CARTESIAN_POINT ( 'NONE',  ( -1.224646799147353900E-016, -1.000000000000000400, -2.150000000000026100 ) ) ;
#3206 = CARTESIAN_POINT ( 'NONE',  ( 0.0000000000000000000, 0.7401923788646683800, -0.1499999999999965000 ) ) ;
#3207 = VERTEX_POINT ( 'NONE', #2742 ) ;
#3208 = EDGE_CURVE ( 'NONE', #1070, #3207, #3002, .T. ) ;
#3209 = CARTESIAN_POINT ( 'NONE',  ( 0.4273502691896261500, 0.7401923788646680400, -0.6333333333333313100 ) ) ;
#3210 = CARTESIAN_POINT ( 'NONE',  ( -0.2267580263787102300, -0.9234710469168913000, 1.867731306421621400 ) ) ;
#3211 = ORIENTED_EDGE ( 'NONE', *, *, #96, .T. ) ;
#3212 = CARTESIAN_POINT ( 'NONE',  ( 0.6410254037844384000, -0.3700961894323345200, -1.883333333333329800 ) ) ;
#3213 = CARTESIAN_POINT ( 'NONE',  ( 0.8660254037844388200, -0.5000000000000006700, -1.733333333333305000 ) ) ;
#3214 = CARTESIAN_POINT ( 'NONE',  ( 0.6410254037844384000, -0.3700961894323345200, -3.483333333333329400 ) ) ;
#3215 = CARTESIAN_POINT ( 'NONE',  ( -1.251161180115475900E-016, -1.021650635094610800, 2.212500000000030600 ) ) ;
#3216 = AXIS2_PLACEMENT_3D ( 'NONE', #2251, #1381, #2516 ) ;
#3217 = CARTESIAN_POINT ( 'NONE',  ( 0.8660254037844393700, 0.4999999999999994400, 1.533333333333361900 ) ) ;
#3218 = CARTESIAN_POINT ( 'NONE',  ( 0.0000000000000000000, 0.7401923788646683800, -0.9499999999999964000 ) ) ;
#3219 = CARTESIAN_POINT ( 'NONE',  ( -0.8547005383792514200, 5.233531392778349000E-017, 1.100000000000002100 ) ) ;
#3220 = EDGE_CURVE ( 'NONE', #2510, #575, #390, .T. ) ;
#3221 = APPLICATION_PROTOCOL_DEFINITION ( 'international standard', 'config_control_design', 1994, #140 ) ;
#3222 = CARTESIAN_POINT ( 'NONE',  ( -0.6410254037844386200, -0.3700961894323340200, -2.816666666666662900 ) ) ;
#3223 = CARTESIAN_POINT ( 'NONE',  ( -1.179700538379251400, 7.223582441392798400E-017, 1.337499999999972400 ) ) ;
#3224 = CC_DESIGN_APPROVAL ( #1614, ( #546 ) ) ;
#3225 = CARTESIAN_POINT ( 'NONE',  ( -0.8847754037844385300, -0.5108253175473052000, 1.745833333333363100 ) ) ;
#3226 = COORDINATED_UNIVERSAL_TIME_OFFSET ( 6, 0, .BEHIND. ) ;
#3227 = CARTESIAN_POINT ( 'NONE',  ( 0.6410254037844388400, 0.3700961894323336300, 2.183333333333337600 ) ) ;
#3228 = CARTESIAN_POINT ( 'NONE',  ( 0.8547005383792514200, -1.570059417833504600E-016, -0.6999999999999979600 ) ) ;
#3229 = CARTESIAN_POINT ( 'NONE',  ( -1.224646799147353700E-016, -1.000000000000000400, -1.399999999999971500 ) ) ;
#3230 = LINE ( 'NONE', #668, #1705 ) ;
#3231 = CIRCLE ( 'NONE', #1474, 0.1000000000000007000 ) ;
#3232 = CARTESIAN_POINT ( 'NONE',  ( 0.0000000000000000000, 1.000000000000000400, -0.3999999999999715400 ) ) ;
#3233 = CARTESIAN_POINT ( 'NONE',  ( 0.6410254037844384000, -0.3700961894323345200, -0.2833333333333298800 ) ) ;
#3234 = CARTESIAN_POINT ( 'NONE',  ( 1.154700538379252100, -2.121150477449814300E-016, -1.699999999999972000 ) ) ;
#3235 = ORIENTED_EDGE ( 'NONE', *, *, #3048, .F. ) ;
#3236 = CARTESIAN_POINT ( 'NONE',  ( -0.5898502691896260200, -1.021650635094610600, 2.179166666666696500 ) ) ;
#3237 = ORIENTED_EDGE ( 'NONE', *, *, #89, .F. ) ;
#3238 = CARTESIAN_POINT ( 'NONE',  ( 0.7499999999999997800, 0.2989532148376562400, 3.868018351188890600 ) ) ;
#3239 = CARTESIAN_POINT ( 'NONE',  ( 0.4273502691896261500, 0.7401923788646680400, 1.416666666666670100 ) ) ;
#3240 = CARTESIAN_POINT ( 'NONE',  ( -0.1043337178917090600, -0.8418921856355234800, -3.898300193230679800 ) ) ;
#3241 = CARTESIAN_POINT ( 'NONE',  ( -0.4273502691896259900, -0.7401923788646680400, -0.03333333333333139700 ) ) ;
#3242 = DIRECTION ( 'NONE',  ( -0.0000000000000000000, 7.417567127063168400E-057, -1.000000000000000000 ) ) ;
#3243 = ORIENTED_EDGE ( 'NONE', *, *, #2136, .F. ) ;
#3244 =( BOUNDED_CURVE ( )  B_SPLINE_CURVE ( 2, ( #602, #3105, #2288, #2303, #631, #2574, #3069 ),
 .UNSPECIFIED., .F., .F. ) 
 B_SPLINE_CURVE_WITH_KNOTS ( ( 3, 2, 2, 3 ),
 ( 0.7812500000000000000, 0.7916666666666666300, 0.8020833333333332600, 0.8124999999999998900 ),
 .UNSPECIFIED. ) 
 CURVE ( )  GEOMETRIC_REPRESENTATION_ITEM ( )  RATIONAL_B_SPLINE_CURVE ( ( 1.000000000000000000, 0.8660254037844388200, 1.000000000000000000, 0.8660254037844388200, 1.000000000000000000, 0.8660254037844402600, 0.9999999999999985600 ) ) 
 REPRESENTATION_ITEM ( '' )  );
#3245 = CARTESIAN_POINT ( 'NONE',  ( 0.6410254037844388400, 0.3700961894323336300, -2.216666666666663200 ) ) ;
#3246 = CARTESIAN_POINT ( 'NONE',  ( 0.0000000000000000000, 0.0000000000000000000, 0.0000000000000000000 ) ) ;
#3247 = ORIENTED_EDGE ( 'NONE', *, *, #1362, .F. ) ;
#3248 = CARTESIAN_POINT ( 'NONE',  ( 0.0000000000000000000, 0.7401923788646683800, -1.349999999999996500 ) ) ;
#3249 = AXIS2_PLACEMENT_3D ( 'NONE', #1236, #945, #3171 ) ;
#3250 = CARTESIAN_POINT ( 'NONE',  ( 0.3081441285175563500, -0.6881183082356181500, 3.819185312303924600 ) ) ;
#3251 = ORIENTED_EDGE ( 'NONE', *, *, #3412, .T. ) ;
#3252 = CARTESIAN_POINT ( 'NONE',  ( 1.154700538379252100, -2.121150477449814300E-016, -0.09999999999997166700 ) ) ;
#3253 = CARTESIAN_POINT ( 'NONE',  ( 0.4273502691896254900, -0.7401923788646686000, 1.283333333333337000 ) ) ;
#3254 = ORIENTED_EDGE ( 'NONE', *, *, #214, .T. ) ;
#3255 = CARTESIAN_POINT ( 'NONE',  ( 0.8547005383792513100, -1.570059417833504600E-016, -3.849999999999996500 ) ) ;
#3256 = CARTESIAN_POINT ( 'NONE',  ( 0.0000000000000000000, 0.7401923788646683800, -2.949999999999996600 ) ) ;
#3257 = CARTESIAN_POINT ( 'NONE',  ( -1.224646799147353900E-016, -1.000000000000000400, 0.6499999999999742700 ) ) ;
#3258 = CARTESIAN_POINT ( 'NONE',  ( 0.6410254037844388400, 0.3700961894323336300, -2.616666666666663100 ) ) ;
#3259 = CARTESIAN_POINT ( 'NONE',  ( -0.4273502691896259900, -0.7401923788646680400, -0.3833333333333297000 ) ) ;
#3260 = PLANE ( 'NONE',  #3404 ) ;
#3261 = CARTESIAN_POINT ( 'NONE',  ( 0.6595738244173629000, 0.3897206975131629600, 1.749999999999996400 ) ) ;
#3262 = CARTESIAN_POINT ( 'NONE',  ( -0.6410254037844385100, 0.3700961894323343000, 0.3166666666666699800 ) ) ;
#3263 = CARTESIAN_POINT ( 'NONE',  ( 0.6410254037844384000, -0.3700961894323345200, -2.283333333333330100 ) ) ;
#3264 = DIRECTION ( 'NONE',  ( -0.0000000000000000000, 7.417567127063168400E-057, -1.000000000000000000 ) ) ;
#3265 = CARTESIAN_POINT ( 'NONE',  ( 0.0000000000000000000, 0.7401923788646683800, -3.349999999999996500 ) ) ;
#3266 = CARTESIAN_POINT ( 'NONE',  ( 0.8547005383792514200, -1.570059417833504600E-016, 0.1500000000000034100 ) ) ;
#3267 = CARTESIAN_POINT ( 'NONE',  ( 0.0000000000000000000, 1.000000000000000400, 0.4499999999999746400 ) ) ;
#3268 = PERSON_AND_ORGANIZATION ( #3626, #486 ) ;
#3269 = CARTESIAN_POINT ( 'NONE',  ( 2.204364238465235600E-016, 1.800000000000000000, 1.999999999999999100 ) ) ;
#3270 = EDGE_CURVE ( 'NONE', #1971, #2074, #2578, .T. ) ;
#3271 = CARTESIAN_POINT ( 'NONE',  ( -0.6410254037844385100, 0.3700961894323343000, -4.083333333333330400 ) ) ;
#3272 = CARTESIAN_POINT ( 'NONE',  ( 0.6410254037844384000, -0.3700961894323345200, 1.716666666666670100 ) ) ;
#3273 = CARTESIAN_POINT ( 'NONE',  ( 0.6914021854061449500, 0.4668441659219019200, 3.901216630686484200 ) ) ;
#3274 = VECTOR ( 'NONE', #423, 1000.000000000000000 ) ;
#3275 = CARTESIAN_POINT ( 'NONE',  ( 0.8547005383792513100, -1.570059417833504600E-016, -1.449999999999996400 ) ) ;
#3276 = VECTOR ( 'NONE', #3552, 1000.000000000000000 ) ;
#3277 = CARTESIAN_POINT ( 'NONE',  ( 0.8660254037844393700, 0.4999999999999994400, -1.616666666666692500 ) ) ;
#3278 = VECTOR ( 'NONE', #692, 1000.000000000000000 ) ;
#3279 = ORIENTED_EDGE ( 'NONE', *, *, #1550, .T. ) ;
#3280 = ADVANCED_FACE ( 'NONE', ( #706 ), #3613, .T. ) ;
#3281 = CARTESIAN_POINT ( 'NONE',  ( -0.8547005383792514200, 5.233531392778349000E-017, -0.04999999999999622100 ) ) ;
#3282 = CARTESIAN_POINT ( 'NONE',  ( 0.5773502691896256200, 1.000000000000001600, 0.4166666666666414300 ) ) ;
#3283 = ORIENTED_EDGE ( 'NONE', *, *, #1461, .T. ) ;
#3284 = CARTESIAN_POINT ( 'NONE',  ( -0.8660254037844390400, -0.5000000000000000000, -1.466666666666638400 ) ) ;
#3285 = CARTESIAN_POINT ( 'NONE',  ( -0.4273502691896256500, 0.7401923788646683800, 1.433333333333336000 ) ) ;
#3286 = CARTESIAN_POINT ( 'NONE',  ( -0.4273502691896259900, -0.7401923788646680400, -3.633333333333331100 ) ) ;
#3287 = ORIENTED_EDGE ( 'NONE', *, *, #1108, .T. ) ;
#3288 = CARTESIAN_POINT ( 'NONE',  ( 0.6410254037844388400, 0.3700961894323336300, -3.016666666666663100 ) ) ;
#3289 = CARTESIAN_POINT ( 'NONE',  ( 1.154700538379252100, -2.121150477449814300E-016, -1.299999999999971800 ) ) ;
#3290 = EDGE_CURVE ( 'NONE', #2338, #1151, #85, .T. ) ;
#3291 = VERTEX_POINT ( 'NONE', #2003 ) ;
#3292 = ORIENTED_EDGE ( 'NONE', *, *, #658, .F. ) ;
#3293 = CARTESIAN_POINT ( 'NONE',  ( 1.062684893481086300E-016, 0.7401923788646683800, -3.999999999999999100 ) ) ;
#3294 = VERTEX_POINT ( 'NONE', #2262 ) ;
#3295 = CARTESIAN_POINT ( 'NONE',  ( 0.5898502691896262400, 1.021650635094610400, -3.595833333333361200 ) ) ;
#3296 = CARTESIAN_POINT ( 'NONE',  ( -0.4273502691896256500, 0.7401923788646683800, -3.366666666666664500 ) ) ;
#3297 = ADVANCED_FACE ( 'NONE', ( #1929 ), #1753, .T. ) ;
#3298 = CARTESIAN_POINT ( 'NONE',  ( -0.8660254037844390400, 0.5000000000000003300, 0.06666666666669529600 ) ) ;
#3299 = CARTESIAN_POINT ( 'NONE',  ( 0.0000000000000000000, 0.7401923788646683800, -3.349999999999996500 ) ) ;
#3300 = CARTESIAN_POINT ( 'NONE',  ( 0.8660254037844388200, -0.5000000000000006700, -1.683333333333358900 ) ) ;
#3301 = CARTESIAN_POINT ( 'NONE',  ( 0.0000000000000000000, 0.7401923788646683800, 1.050000000000004000 ) ) ;
#3302 = CARTESIAN_POINT ( 'NONE',  ( -0.8660254037844390400, -0.5000000000000000000, -2.616666666666692900 ) ) ;
#3303 = CARTESIAN_POINT ( 'NONE',  ( 0.0000000000000000000, 0.7401923788646683800, -2.999999999999997800 ) ) ;
#3304 = CARTESIAN_POINT ( 'NONE',  ( 0.8847754037844388600, 0.5108253175473046500, -3.629166666666694400 ) ) ;
#3305 = CARTESIAN_POINT ( 'NONE',  ( -0.8547005383792514200, 5.233531392778349000E-017, -3.699999999999998000 ) ) ;
#3306 = CARTESIAN_POINT ( 'NONE',  ( 0.6410254037844388400, 0.3700961894323336300, -1.016666666666663100 ) ) ;
#3307 = CARTESIAN_POINT ( 'NONE',  ( -0.8847754037844384200, 0.5108253175473055400, -3.120833333333303800 ) ) ;
#3308 = FACE_OUTER_BOUND ( 'NONE', #1986, .T. ) ;
#3309 = AXIS2_PLACEMENT_3D ( 'NONE', #1298, #3480, #3183 ) ;
#3310 = CARTESIAN_POINT ( 'NONE',  ( 0.8547005383792513100, -1.570059417833504600E-016, 0.5500000000000036000 ) ) ;
#3311 = ADVANCED_FACE ( 'NONE', ( #353 ), #836, .T. ) ;
#3312 = FACE_OUTER_BOUND ( 'NONE', #1105, .T. ) ;
#3313 = CARTESIAN_POINT ( 'NONE',  ( -0.8660254037844390400, -0.5000000000000000000, -1.416666666666692300 ) ) ;
#3314 = CARTESIAN_POINT ( 'NONE',  ( -1.224646799147353700E-016, -1.000000000000000400, 0.6000000000000279600 ) ) ;
#3315 = FACE_OUTER_BOUND ( 'NONE', #948, .T. ) ;
#3316 = CARTESIAN_POINT ( 'NONE',  ( 1.224646799147353900E-016, -1.000000000000000400, -3.999999999999999100 ) ) ;
#3317 = DIRECTION ( 'NONE',  ( 0.0000000000000000000, 1.000000000000000000, 0.0000000000000000000 ) ) ;
#3318 = CARTESIAN_POINT ( 'NONE',  ( 0.0000000000000000000, 1.000000000000000400, 0.4000000000000283300 ) ) ;
#3319 = LINE ( 'NONE', #172, #3274 ) ;
#3320 = EDGE_LOOP ( 'NONE', ( #2167, #61, #812, #680, #3508, #1065, #1595 ) ) ;
#3321 = CARTESIAN_POINT ( 'NONE',  ( 0.8847754037844383100, -0.5108253175473058700, -3.695833333333360800 ) ) ;
#3322 = CARTESIAN_POINT ( 'NONE',  ( 0.6410254037844388400, 0.3700961894323336300, -3.866666666666664500 ) ) ;
#3323 = CARTESIAN_POINT ( 'NONE',  ( 0.4273502691896261500, 0.7401923788646681500, -0.9833333333333294000 ) ) ;
#3324 = VERTEX_POINT ( 'NONE', #617 ) ;
#3325 = CARTESIAN_POINT ( 'NONE',  ( -0.4273502691896256000, 0.7401923788646683800, 0.6833333333333370100 ) ) ;
#3326 = VERTEX_POINT ( 'NONE', #1752 ) ;
#3327 = CARTESIAN_POINT ( 'NONE',  ( 0.8547005383792513100, -1.570059417833504600E-016, -3.499999999999997800 ) ) ;
#3328 = VERTEX_POINT ( 'NONE', #911 ) ;
#3329 = CARTESIAN_POINT ( 'NONE',  ( 0.5773502691896256200, -1.000000000000000700, -2.166666666666638500 ) ) ;
#3330 = CARTESIAN_POINT ( 'NONE',  ( 0.0000000000000000000, 1.021650635094610800, -4.362500000000028200 ) ) ;
#3331 = CARTESIAN_POINT ( 'NONE',  ( 0.4273502691896261500, 0.7401923788646680400, -0.6333333333333313100 ) ) ;
#3332 = ADVANCED_FACE ( 'NONE', ( #937 ), #2233, .T. ) ;
#3333 = EDGE_LOOP ( 'NONE', ( #1522, #462, #319, #2837 ) ) ;
#3334 = CARTESIAN_POINT ( 'NONE',  ( 0.0000000000000000000, 5.934053701650533800E-056, -3.999999999999999100 ) ) ;
#3335 = CARTESIAN_POINT ( 'NONE',  ( 0.5898502691896252400, -1.021650635094611100, -3.754166666666636700 ) ) ;
#3336 = EDGE_CURVE ( 'NONE', #3630, #2117, #1357, .T. ) ;
#3337 = VERTEX_POINT ( 'NONE', #60 ) ;
#3338 = CARTESIAN_POINT ( 'NONE',  ( -0.6410254037844385100, 0.3700961894323343000, -0.08333333333332936000 ) ) ;
#3339 = CARTESIAN_POINT ( 'NONE',  ( 0.7499999999999997800, -0.4330127018922127500, 2.999999999999999100 ) ) ;
#3340 = EDGE_CURVE ( 'NONE', #1549, #3630, #3559, .T. ) ;
#3341 = CARTESIAN_POINT ( 'NONE',  ( -0.6410254037844386200, -0.3700961894323340200, -3.666666666666664300 ) ) ;
#3342 = CARTESIAN_POINT ( 'NONE',  ( 0.5773502691896220700, -1.000000000000006900, 0.2333333333333614500 ) ) ;
#3343 = CARTESIAN_POINT ( 'NONE',  ( -1.224646799147353700E-016, -1.000000000000000400, 1.000000000000028200 ) ) ;
#3344 = CARTESIAN_POINT ( 'NONE',  ( 0.0000000000000000000, 0.7401923788646683800, 1.400000000000001900 ) ) ;
#3345 = CARTESIAN_POINT ( 'NONE',  ( 0.8660254037844388200, -0.5000000000000006700, -2.133333333333305300 ) ) ;
#3346 = CARTESIAN_POINT ( 'NONE',  ( -0.5898502691896255800, 1.021650635094610800, -1.129166666666694600 ) ) ;
#3347 = CARTESIAN_POINT ( 'NONE',  ( -0.8547005383792514200, 5.233531392778349000E-017, -1.699999999999997700 ) ) ;
#3348 = DIRECTION ( 'NONE',  ( -0.8660254037844383700, -0.5000000000000003300, -3.708783563531585900E-057 ) ) ;
#3349 = DIRECTION ( 'NONE',  ( -0.0000000000000000000, 7.417567127063168400E-057, -1.000000000000000000 ) ) ;
#3350 = ADVANCED_FACE ( 'NONE', ( #2917 ), #2107, .T. ) ;
#3351 =( BOUNDED_CURVE ( )  B_SPLINE_CURVE ( 2, ( #962, #2087, #412, #2328, #1238, #3184, #683 ),
 .UNSPECIFIED., .F., .F. ) 
 B_SPLINE_CURVE_WITH_KNOTS ( ( 3, 2, 2, 3 ),
 ( 0.09374999999999990300, 0.1041666666666665700, 0.1145833333333332500, 0.1249999999999999200 ),
 .UNSPECIFIED. ) 
 CURVE ( )  GEOMETRIC_REPRESENTATION_ITEM ( )  RATIONAL_B_SPLINE_CURVE ( ( 1.000000000000001300, 0.8660254037844374900, 1.000000000000000000, 0.8660254037844387100, 1.000000000000000000, 0.8660254037844398200, 0.9999999999999988900 ) ) 
 REPRESENTATION_ITEM ( '' )  );
#3352 = CARTESIAN_POINT ( 'NONE',  ( 0.0000000000000000000, 0.7401923788646683800, -3.799999999999998000 ) ) ;
#3353 = DIRECTION ( 'NONE',  ( -0.0000000000000000000, 7.417567127063168400E-057, -1.000000000000000000 ) ) ;
#3354 = CARTESIAN_POINT ( 'NONE',  ( 0.0000000000000000000, 5.934053701650533800E-056, -3.999999999999999100 ) ) ;
#3355 = CARTESIAN_POINT ( 'NONE',  ( -0.5773502691896222900, 1.000000000000006400, 0.4333333333333610500 ) ) ;
#3356 = CARTESIAN_POINT ( 'NONE',  ( -1.179700538379251400, 7.223582441392798400E-017, -2.262500000000027300 ) ) ;
#3357 = CARTESIAN_POINT ( 'NONE',  ( 0.6410254037844384000, -0.3700961894323345200, -1.533333333333331000 ) ) ;
#3358 = PERSON_AND_ORGANIZATION ( #3626, #486 ) ;
#3359 = CARTESIAN_POINT ( 'NONE',  ( 0.0000000000000000000, 5.934053701650533800E-056, -3.999999999999999100 ) ) ;
#3360 = CARTESIAN_POINT ( 'NONE',  ( 0.5898502691896252400, -1.021650635094611100, -3.354166666666636800 ) ) ;
#3361 = FACE_OUTER_BOUND ( 'NONE', #1261, .T. ) ;
#3362 = AXIS2_PLACEMENT_3D ( 'NONE', #2274, #1465, #1149 ) ;
#3363 = ORIENTED_EDGE ( 'NONE', *, *, #799, .F. ) ;
#3364 = CARTESIAN_POINT ( 'NONE',  ( 0.6410254037844388400, 0.3700961894323336300, -3.866666666666664500 ) ) ;
#3365 = CARTESIAN_POINT ( 'NONE',  ( -1.154700538379251900, 7.070501591499382700E-017, 0.1499999999999746800 ) ) ;
#3366 = CYLINDRICAL_SURFACE ( 'NONE', #3200, 1.000000000000000400 ) ;
#3367 = CARTESIAN_POINT ( 'NONE',  ( 0.4273502691896254900, -0.7401923788646686000, -0.7666666666666646100 ) ) ;
#3368 = ORIENTED_EDGE ( 'NONE', *, *, #1832, .F. ) ;
#3369 = CARTESIAN_POINT ( 'NONE',  ( 0.0000000000000000000, 1.000000000000000400, -3.150000000000025700 ) ) ;
#3370 = CARTESIAN_POINT ( 'NONE',  ( -1.251161180115475900E-016, -1.021650635094610800, -2.162500000000027600 ) ) ;
#3371 = CARTESIAN_POINT ( 'NONE',  ( 0.4273502691896254900, -0.7401923788646686000, -1.166666666666664300 ) ) ;
#3372 = ADVANCED_FACE ( 'NONE', ( #1494 ), #1623, .T. ) ;
#3373 = VERTEX_POINT ( 'NONE', #3369 ) ;
#3374 = CARTESIAN_POINT ( 'NONE',  ( -1.251161180115475900E-016, -1.021650635094610800, -2.187499999999969800 ) ) ;
#3375 = ORIENTED_EDGE ( 'NONE', *, *, #443, .F. ) ;
#3376 = CARTESIAN_POINT ( 'NONE',  ( -0.4273502691896256500, 0.7401923788646683800, -3.366666666666664500 ) ) ;
#3377 = CARTESIAN_POINT ( 'NONE',  ( 0.0000000000000000000, 5.934053701650533800E-056, -3.999999999999999100 ) ) ;
#3378 = ORIENTED_EDGE ( 'NONE', *, *, #1593, .T. ) ;
#3379 = CARTESIAN_POINT ( 'NONE',  ( 0.8547005383792513100, -1.570059417833504600E-016, -1.499999999999997800 ) ) ;
#3380 = DIRECTION ( 'NONE',  ( 0.0000000000000000000, 1.000000000000000000, 0.0000000000000000000 ) ) ;
#3381 = CARTESIAN_POINT ( 'NONE',  ( 1.224646799147353900E-016, -1.000000000000000400, -3.999999999999999100 ) ) ;
#3382 = ORIENTED_EDGE ( 'NONE', *, *, #1200, .T. ) ;
#3383 = CARTESIAN_POINT ( 'NONE',  ( 0.5898502691896252400, -1.021650635094611100, -2.929166666666694700 ) ) ;
#3384 = CARTESIAN_POINT ( 'NONE',  ( 0.4273502691896254900, -0.7401923788646686000, -0.7666666666666646100 ) ) ;
#3385 = CARTESIAN_POINT ( 'NONE',  ( 0.0000000000000000000, 5.934053701650533800E-056, -3.999999999999999100 ) ) ;
#3386 = VERTEX_POINT ( 'NONE', #1176 ) ;
#3387 = AXIS2_PLACEMENT_3D ( 'NONE', #1988, #3090, #2801 ) ;
#3388 = CARTESIAN_POINT ( 'NONE',  ( -0.8847754037844385300, -0.5108253175473052000, -2.254166666666637100 ) ) ;
#3389 = CARTESIAN_POINT ( 'NONE',  ( -0.4273502691896259900, -0.7401923788646680400, 1.216666666666670800 ) ) ;
#3390 = CARTESIAN_POINT ( 'NONE',  ( -0.6410254037844386200, -0.3700961894323340200, -3.666666666666664300 ) ) ;
#3391 = CARTESIAN_POINT ( 'NONE',  ( 9.064742275298811100E-017, 0.7401923788646683800, -3.999999999999999100 ) ) ;
#3392 = EDGE_CURVE ( 'NONE', #380, #1552, #1016, .T. ) ;
#3393 = CARTESIAN_POINT ( 'NONE',  ( -0.4273502691896256000, 0.7401923788646683800, -2.566666666666664200 ) ) ;
#3394 = DIRECTION ( 'NONE',  ( 0.0000000000000000000, -0.7071067811865465700, 0.7071067811865483500 ) ) ;
#3395 = B_SPLINE_CURVE_WITH_KNOTS ( 'NONE', 3,
 ( #3488, #2930, #469, #1281 ),
 .UNSPECIFIED., .F., .F.,
 ( 4, 4 ),
 ( 0.0005691476912325629300, 0.001017869341677567100 ),
 .UNSPECIFIED. ) ;
#3396 = CARTESIAN_POINT ( 'NONE',  ( -0.8847754037844385300, -0.5108253175473052000, -1.829166666666694100 ) ) ;
#3397 = CARTESIAN_POINT ( 'NONE',  ( 0.4273502691896254900, -0.7401923788646686000, 1.633333333333335500 ) ) ;
#3398 = CARTESIAN_POINT ( 'NONE',  ( 0.0000000000000000000, 1.021650635094610800, -0.7874999999999701100 ) ) ;
#3399 = CARTESIAN_POINT ( 'NONE',  ( -0.8547005383792514200, 5.233531392778349000E-017, 1.950000000000004000 ) ) ;
#3400 = CARTESIAN_POINT ( 'NONE',  ( -0.4273502691896259300, -0.7401923788646681500, 1.566666666666669300 ) ) ;
#3401 =( BOUNDED_CURVE ( )  B_SPLINE_CURVE ( 2, ( #2206, #3342, #1163, #2540, #878, #1147, #1 ),
 .UNSPECIFIED., .F., .F. ) 
 B_SPLINE_CURVE_WITH_KNOTS ( ( 3, 2, 2, 3 ),
 ( 0.6562499999999998900, 0.6666666666666665200, 0.6770833333333332600, 0.6874999999999998900 ),
 .UNSPECIFIED. ) 
 CURVE ( )  GEOMETRIC_REPRESENTATION_ITEM ( )  RATIONAL_B_SPLINE_CURVE ( ( 1.000000000000001300, 0.8660254037844372600, 1.000000000000000000, 0.8660254037844387100, 1.000000000000000000, 0.8660254037844401500, 0.9999999999999985600 ) ) 
 REPRESENTATION_ITEM ( '' )  );
#3402 = CARTESIAN_POINT ( 'NONE',  ( -0.6410254037844385100, 0.3700961894323343000, -3.333333333333331300 ) ) ;
#3403 = COORDINATED_UNIVERSAL_TIME_OFFSET ( 6, 0, .BEHIND. ) ;
#3404 = AXIS2_PLACEMENT_3D ( 'NONE', #3004, #2993, #474 ) ;
#3405 = DIRECTION ( 'NONE',  ( 0.7071067811865487900, 0.0000000000000000000, 0.7071067811865463500 ) ) ;
#3406 = CARTESIAN_POINT ( 'NONE',  ( -0.8547005383792513100, 5.233531392778349000E-017, -2.099999999999997900 ) ) ;
#3407 = CARTESIAN_POINT ( 'NONE',  ( 1.154700538379251900, -2.121150477449814300E-016, -0.4500000000000255500 ) ) ;
#3408 = DIRECTION ( 'NONE',  ( 0.0000000000000000000, -1.224646799147343300E-016, 1.000000000000000000 ) ) ;
#3409 = VECTOR ( 'NONE', #3006, 1000.000000000000000 ) ;
#3410 = CARTESIAN_POINT ( 'NONE',  ( -0.5898502691896255800, 1.021650635094610800, 0.4708333333333058500 ) ) ;
#3411 = CARTESIAN_POINT ( 'NONE',  ( 0.0000000000000000000, 0.7401923788646683800, 1.400000000000001900 ) ) ;
#3412 = EDGE_CURVE ( 'NONE', #580, #2510, #883, .T. ) ;
#3413 = CIRCLE ( 'NONE', #2318, 1.899999999999999900 ) ;
#3414 = CARTESIAN_POINT ( 'NONE',  ( -0.5898502691896260200, -1.021650635094610600, -1.020833333333303300 ) ) ;
#3415 = EDGE_LOOP ( 'NONE', ( #1631, #3432, #1860, #2506 ) ) ;
#3416 = CARTESIAN_POINT ( 'NONE',  ( 0.4273502691896261500, 0.7401923788646680400, 1.816666666666670200 ) ) ;
#3417 = CARTESIAN_POINT ( 'NONE',  ( -9.064742275298811100E-017, -0.7401923788646683800, 1.200000000000002200 ) ) ;
#3418 = CARTESIAN_POINT ( 'NONE',  ( -0.6410254037844385100, 0.3700961894323343000, -1.333333333333331300 ) ) ;
#3419 = EDGE_LOOP ( 'NONE', ( #2940, #1637, #3534, #3375 ) ) ;
#3420 = CARTESIAN_POINT ( 'NONE',  ( -1.224646799147353900E-016, -1.000000000000000400, 1.049999999999974300 ) ) ;
#3421 = CARTESIAN_POINT ( 'NONE',  ( -0.4273502691896259300, -0.7401923788646681500, -1.633333333333331100 ) ) ;
#3422 = CARTESIAN_POINT ( 'NONE',  ( 2.265596578422603100E-016, -1.800000000000000000, 3.999999999999999100 ) ) ;
#3423 = EDGE_LOOP ( 'NONE', ( #1159, #1979 ) ) ;
#3424 = CARTESIAN_POINT ( 'NONE',  ( 0.5773502691896246200, -1.000000000000002000, 1.083333333333307300 ) ) ;
#3425 = CARTESIAN_POINT ( 'NONE',  ( 0.5898502691896252400, -1.021650635094611100, 0.6708333333333054100 ) ) ;
#3426 = CARTESIAN_POINT ( 'NONE',  ( -0.4273502691896256500, 0.7401923788646683800, 1.833333333333335300 ) ) ;
#3427 = VERTEX_POINT ( 'NONE', #1448 ) ;
#3428 =( BOUNDED_CURVE ( )  B_SPLINE_CURVE ( 2, ( #1859, #1547, #727, #1825, #2147, #2417, #1260 ),
 .UNSPECIFIED., .F., .F. ) 
 B_SPLINE_CURVE_WITH_KNOTS ( ( 3, 2, 2, 3 ),
 ( 0.06249999999999995800, 0.07291666666666661600, 0.08333333333333324500, 0.09374999999999990300 ),
 .UNSPECIFIED. ) 
 CURVE ( )  GEOMETRIC_REPRESENTATION_ITEM ( )  RATIONAL_B_SPLINE_CURVE ( ( 1.000000000000000400, 0.8660254037844381500, 1.000000000000000000, 0.8660254037844387100, 1.000000000000000000, 0.8660254037844399300, 0.9999999999999987800 ) ) 
 REPRESENTATION_ITEM ( '' )  );
#3429 = DIRECTION ( 'NONE',  ( 0.0000000000000000000, -7.417567127063168400E-057, 1.000000000000000000 ) ) ;
#3430 = CARTESIAN_POINT ( 'NONE',  ( -1.179700538379251400, 7.223582441392798400E-017, -1.087499999999969900 ) ) ;
#3431 = CARTESIAN_POINT ( 'NONE',  ( -9.064742275298811100E-017, -0.7401923788646683800, 0.8000000000000020400 ) ) ;
#3432 = ORIENTED_EDGE ( 'NONE', *, *, #909, .T. ) ;
#3433 = CARTESIAN_POINT ( 'NONE',  ( -0.6410254037844386200, -0.3700961894323340200, -0.8666666666666644800 ) ) ;
#3434 = CARTESIAN_POINT ( 'NONE',  ( -0.6410254037844385100, 0.3700961894323343000, -0.5333333333333309900 ) ) ;
#3435 = CARTESIAN_POINT ( 'NONE',  ( 0.0000000000000000000, 5.934053701650533800E-056, -3.999999999999999100 ) ) ;
#3436 = CARTESIAN_POINT ( 'NONE',  ( -0.4715349903344683800, 0.7638262405112277200, -3.850778343084156200 ) ) ;
#3437 = CARTESIAN_POINT ( 'NONE',  ( 0.8847754037844388600, 0.5108253175473046500, -0.4291666666666940100 ) ) ;
#3438 = CARTESIAN_POINT ( 'NONE',  ( -0.4273502691896259900, -0.7401923788646680400, 0.7666666666666689400 ) ) ;
#3439 = CARTESIAN_POINT ( 'NONE',  ( 0.5773502691896265100, 1.000000000000000000, -2.383333333333358200 ) ) ;
#3440 = CARTESIAN_POINT ( 'NONE',  ( 1.179700538379251400, -2.167074732417838900E-016, 1.512500000000030400 ) ) ;
#3441 = CARTESIAN_POINT ( 'NONE',  ( -0.5773502691896257300, 1.000000000000000200, -2.316666666666692200 ) ) ;
#3442 = CARTESIAN_POINT ( 'NONE',  ( -0.6410254037844386200, -0.3700961894323340200, -2.466666666666664600 ) ) ;
#3443 = CARTESIAN_POINT ( 'NONE',  ( 0.0000000000000000000, -1.800000000000000000, 1.999999999999999100 ) ) ;
#3444 = CARTESIAN_POINT ( 'NONE',  ( 0.6410254037844388400, 0.3700961894323336300, 0.1333333333333351400 ) ) ;
#3445 = CARTESIAN_POINT ( 'NONE',  ( -1.224646799147353900E-016, -1.000000000000000400, -0.5500000000000259100 ) ) ;
#3446 = CARTESIAN_POINT ( 'NONE',  ( -1.251161180115475900E-016, -1.021650635094610800, 1.037499999999972600 ) ) ;
#3447 = CARTESIAN_POINT ( 'NONE',  ( 0.4273502691896254900, -0.7401923788646686000, 0.8333333333333351500 ) ) ;
#3448 = AXIS2_PLACEMENT_3D ( 'NONE', #783, #2723, #2165 ) ;
#3449 = CARTESIAN_POINT ( 'NONE',  ( 0.8847754037844383100, -0.5108253175473058700, 1.079166666666697000 ) ) ;
#3450 = CARTESIAN_POINT ( 'NONE',  ( -1.224646799147353700E-016, -1.000000000000000400, -2.199999999999971300 ) ) ;
#3451 = CARTESIAN_POINT ( 'NONE',  ( -0.8547005383792514200, 5.233531392778349000E-017, -1.649999999999996600 ) ) ;
#3452 = CARTESIAN_POINT ( 'NONE',  ( 0.0000000000000000000, 0.7401923788646683800, -2.199999999999998000 ) ) ;
#3453 = CARTESIAN_POINT ( 'NONE',  ( -0.5773502691896262900, -1.000000000000000200, 1.366666666666695100 ) ) ;
#3454 = CYLINDRICAL_SURFACE ( 'NONE', #2266, 1.000000000000000400 ) ;
#3455 = CARTESIAN_POINT ( 'NONE',  ( 0.6410254037844388400, 0.3700961894323336300, -0.6666666666666644100 ) ) ;
#3456 = ORIENTED_EDGE ( 'NONE', *, *, #1732, .T. ) ;
#3457 = LINE ( 'NONE', #2804, #1672 ) ;
#3458 = CARTESIAN_POINT ( 'NONE',  ( -9.064742275298811100E-017, -0.7401923788646683800, -1.549999999999996300 ) ) ;
#3459 = AXIS2_PLACEMENT_3D ( 'NONE', #163, #3496, #1003 ) ;
#3460 = CARTESIAN_POINT ( 'NONE',  ( 0.0000000000000000000, 1.021650635094610800, 0.4374999999999726300 ) ) ;
#3461 = CARTESIAN_POINT ( 'NONE',  ( -9.418947792278344800E-016, -0.8660254037844323800, 3.935048094716165700 ) ) ;
#3462 = EDGE_LOOP ( 'NONE', ( #1712, #915, #2412, #147 ) ) ;
#3463 = CARTESIAN_POINT ( 'NONE',  ( -0.8847754037844385300, -0.5108253175473052000, 0.1458333333333632400 ) ) ;
#3464 = ORIENTED_EDGE ( 'NONE', *, *, #425, .T. ) ;
#3465 = CARTESIAN_POINT ( 'NONE',  ( -0.6410254037844386200, -0.3700961894323340200, -0.01666666666666309600 ) ) ;
#3466 = EDGE_CURVE ( 'NONE', #2977, #2500, #2275, .T. ) ;
#3467 = CARTESIAN_POINT ( 'NONE',  ( 0.8547005383792514200, -1.570059417833504600E-016, -2.299999999999998500 ) ) ;
#3468 = CARTESIAN_POINT ( 'NONE',  ( 0.5773502691896254000, -1.000000000000000400, -1.316666666666692400 ) ) ;
#3469 = ORIENTED_EDGE ( 'NONE', *, *, #1600, .F. ) ;
#3470 = PLANE ( 'NONE',  #2477 ) ;
#3471 = EDGE_LOOP ( 'NONE', ( #1894, #226, #1338, #584 ) ) ;
#3472 = CARTESIAN_POINT ( 'NONE',  ( 0.8547005383792514200, -1.570059417833504600E-016, -2.249999999999996900 ) ) ;
#3473 = CARTESIAN_POINT ( 'NONE',  ( 0.8024579880723299300, 0.2625339451468511900, -3.922876175335725500 ) ) ;
#3474 = CARTESIAN_POINT ( 'NONE',  ( -9.064742275298811100E-017, -0.7401923788646683800, -3.549999999999996700 ) ) ;
#3475 = EDGE_LOOP ( 'NONE', ( #2809, #2892, #540, #2805 ) ) ;
#3476 = CARTESIAN_POINT ( 'NONE',  ( -1.179700538379251400, 7.223582441392798400E-017, 0.9125000000000297300 ) ) ;
#3477 = CARTESIAN_POINT ( 'NONE',  ( -9.064742275298811100E-017, -0.7401923788646683800, -1.549999999999996300 ) ) ;
#3478 = CARTESIAN_POINT ( 'NONE',  ( 0.6410254037844388400, 0.3700961894323336300, -0.6666666666666644100 ) ) ;
#3479 = CARTESIAN_POINT ( 'NONE',  ( 0.0000000000000000000, 1.000000000000000400, -2.399999999999971900 ) ) ;
#3480 = DIRECTION ( 'NONE',  ( -0.0000000000000000000, 7.417567127063168400E-057, -1.000000000000000000 ) ) ;
#3481 = EDGE_CURVE ( 'NONE', #952, #3294, #3230, .T. ) ;
#3482 = CARTESIAN_POINT ( 'NONE',  ( 0.0000000000000000000, 0.7401923788646683800, -2.149999999999996400 ) ) ;
#3483 = CARTESIAN_POINT ( 'NONE',  ( -0.5898502691896260200, -1.021650635094610600, 1.804166666666638700 ) ) ;
#3484 = CARTESIAN_POINT ( 'NONE',  ( 0.0000000000000000000, 1.000000000000000400, 1.649999999999974400 ) ) ;
#3485 = CARTESIAN_POINT ( 'NONE',  ( -0.8847754037844384200, 0.5108253175473055400, -0.3208333333333032200 ) ) ;
#3486 = CARTESIAN_POINT ( 'NONE',  ( 0.4273502691896254900, -0.7401923788646686000, 0.08333333333333717300 ) ) ;
#3487 = CARTESIAN_POINT ( 'NONE',  ( 0.6410254037844388400, 0.3700961894323336300, 0.5333333333333353200 ) ) ;
#3488 = CARTESIAN_POINT ( 'NONE',  ( 0.7499999999999997800, -0.4330127018922127500, 3.935048094716167900 ) ) ;
#3489 = CARTESIAN_POINT ( 'NONE',  ( -0.6410254037844385100, 0.3700961894323343000, -3.283333333333330100 ) ) ;
#3490 = CARTESIAN_POINT ( 'NONE',  ( -0.6410254037844386200, -0.3700961894323340200, -3.616666666666663100 ) ) ;
#3491 = LINE ( 'NONE', #261, #3409 ) ;
#3492 = CARTESIAN_POINT ( 'NONE',  ( 0.4273502691896261500, 0.7401923788646680400, 1.816666666666670200 ) ) ;
#3493 = DIRECTION ( 'NONE',  ( 1.001543065824777700E-015, -1.000000000000000000, 0.0000000000000000000 ) ) ;
#3494 = CARTESIAN_POINT ( 'NONE',  ( -0.4273502691896259900, -0.7401923788646680400, 1.166666666666669000 ) ) ;
#3495 = ORIENTED_EDGE ( 'NONE', *, *, #256, .T. ) ;
#3496 = DIRECTION ( 'NONE',  ( -0.0000000000000000000, 7.417567127063168400E-057, -1.000000000000000000 ) ) ;
#3497 = ORIENTED_EDGE ( 'NONE', *, *, #1362, .T. ) ;
#3498 = PERSON_AND_ORGANIZATION_ROLE ( 'classification_officer' ) ;
#3499 = CARTESIAN_POINT ( 'NONE',  ( 0.8547005383792514200, -1.570059417833504600E-016, -2.649999999999996800 ) ) ;
#3500 = CARTESIAN_POINT ( 'NONE',  ( 0.5773502691896254000, -1.000000000000000400, -3.316666666666691700 ) ) ;
#3501 = ORIENTED_EDGE ( 'NONE', *, *, #28, .T. ) ;
#3502 = CARTESIAN_POINT ( 'NONE',  ( -0.6410254037844386200, -0.3700961894323340200, -4.016666666666663100 ) ) ;
#3503 = CARTESIAN_POINT ( 'NONE',  ( 0.0000000000000000000, 0.7401923788646683800, -4.149999999999996800 ) ) ;
#3504 = CARTESIAN_POINT ( 'NONE',  ( -0.6410254037844385100, 0.3700961894323343000, 1.116666666666670200 ) ) ;
#3505 = ORIENTED_EDGE ( 'NONE', *, *, #1919, .F. ) ;
#3506 = CARTESIAN_POINT ( 'NONE',  ( -0.8660254037844390400, 0.5000000000000003300, 1.316666666666641300 ) ) ;
#3507 = CARTESIAN_POINT ( 'NONE',  ( 0.6410254037844384000, -0.3700961894323345200, 0.06666666666666887200 ) ) ;
#3508 = ORIENTED_EDGE ( 'NONE', *, *, #1299, .F. ) ;
#3509 = CARTESIAN_POINT ( 'NONE',  ( -0.6314821731370052800, -0.5014390011353344600, 3.872451086626320600 ) ) ;
#3510 = CARTESIAN_POINT ( 'NONE',  ( 0.4273502691896254900, -0.7401923788646686000, 0.4833333333333374400 ) ) ;
#3511 = ORIENTED_EDGE ( 'NONE', *, *, #1612, .F. ) ;
#3512 = CARTESIAN_POINT ( 'NONE',  ( 0.0000000000000000000, 1.021650635094610800, 1.637499999999972200 ) ) ;
#3513 = CARTESIAN_POINT ( 'NONE',  ( 0.5898502691896252400, -1.021650635094611100, 1.845833333333363400 ) ) ;
#3514 = CARTESIAN_POINT ( 'NONE',  ( -0.4273502691896256500, 0.7401923788646683800, 0.6833333333333370100 ) ) ;
#3515 = CARTESIAN_POINT ( 'NONE',  ( 0.1622252560039872400, -0.9867537516090030300, -3.740192378864667200 ) ) ;
#3516 = CARTESIAN_POINT ( 'NONE',  ( -0.4273502691896259900, -0.7401923788646680400, 0.7666666666666689400 ) ) ;
#3517 = DIRECTION ( 'NONE',  ( 0.0000000000000000000, 1.000000000000000000, 0.0000000000000000000 ) ) ;
#3518 = CARTESIAN_POINT ( 'NONE',  ( 0.6410254037844384000, -0.3700961894323345200, -2.283333333333330100 ) ) ;
#3519 = EDGE_CURVE ( 'NONE', #2074, #2458, #1742, .T. ) ;
#3520 = DIRECTION ( 'NONE',  ( -0.0000000000000000000, 7.417567127063168400E-057, -1.000000000000000000 ) ) ;
#3521 = CARTESIAN_POINT ( 'NONE',  ( -0.6410254037844386200, -0.3700961894323340200, -0.8166666666666629900 ) ) ;
#3522 = EDGE_CURVE ( 'NONE', #1151, #459, #3351, .T. ) ;
#3523 = CARTESIAN_POINT ( 'NONE',  ( 0.0000000000000000000, 1.000000000000000400, -3.999999999999999100 ) ) ;
#3524 = CARTESIAN_POINT ( 'NONE',  ( 0.6410254037844388400, 0.3700961894323336300, 0.1833333333333365700 ) ) ;
#3525 = CARTESIAN_POINT ( 'NONE',  ( -0.8660254037844390400, 0.5000000000000003300, -1.933333333333304900 ) ) ;
#3526 = CARTESIAN_POINT ( 'NONE',  ( 0.4273502691896254900, -0.7401923788646686000, -2.316666666666663300 ) ) ;
#3527 = CARTESIAN_POINT ( 'NONE',  ( -0.6900387220757026000, -0.6025823380040223900, 1.847499803145390200 ) ) ;
#3528 = CARTESIAN_POINT ( 'NONE',  ( 0.4273502691896254900, -0.7401923788646686000, -3.116666666666663100 ) ) ;
#3529 = CONICAL_SURFACE ( 'NONE', #3249, 1.899999999999999900, 0.7853981633974428400 ) ;
#3530 = CARTESIAN_POINT ( 'NONE',  ( -0.4273502691896256500, 0.7401923788646683800, -1.316666666666663100 ) ) ;
#3531 = CARTESIAN_POINT ( 'NONE',  ( 0.0000000000000000000, 5.934053701650533800E-056, -3.999999999999999100 ) ) ;
#3532 = CONICAL_SURFACE ( 'NONE', #1404, 0.7401923788646683800, 0.7853981633974470600 ) ;
#3533 = LINE ( 'NONE', #1900, #185 ) ;
#3534 = ORIENTED_EDGE ( 'NONE', *, *, #850, .T. ) ;
#3535 = CARTESIAN_POINT ( 'NONE',  ( -9.823663185709716600E-016, -0.8660254037844323800, -0.2912878474779102000 ) ) ;
#3536 = CARTESIAN_POINT ( 'NONE',  ( 0.4273502691896261500, 0.7401923788646680400, 0.6166666666666708000 ) ) ;
#3537 = CARTESIAN_POINT ( 'NONE',  ( -0.3830953900046843400, -0.6905107375712722400, -3.957333349338811000 ) ) ;
#3538 = CARTESIAN_POINT ( 'NONE',  ( -0.6410254037844385100, 0.3700961894323343000, -2.483333333333329400 ) ) ;
#3539 = CARTESIAN_POINT ( 'NONE',  ( 0.0000000000000000000, 5.934053701650533800E-056, -3.999999999999999100 ) ) ;
#3540 = ORIENTED_EDGE ( 'NONE', *, *, #926, .T. ) ;
#3541 = EDGE_CURVE ( 'NONE', #3373, #459, #3574, .T. ) ;
#3542 = CARTESIAN_POINT ( 'NONE',  ( -0.8547005383792514200, 5.233531392778349000E-017, -3.249999999999996400 ) ) ;
#3543 = ORIENTED_EDGE ( 'NONE', *, *, #3097, .T. ) ;
#3544 = CARTESIAN_POINT ( 'NONE',  ( 0.4273502691896261500, 0.7401923788646680400, 0.2166666666666705600 ) ) ;
#3545 = DIRECTION ( 'NONE',  ( 0.0000000000000000000, -0.8660254037844362700, 0.5000000000000041100 ) ) ;
#3546 = CARTESIAN_POINT ( 'NONE',  ( 0.8660254037844393700, 0.4999999999999994400, 1.583333333333307900 ) ) ;
#3547 = ORIENTED_EDGE ( 'NONE', *, *, #1919, .T. ) ;
#3548 = CARTESIAN_POINT ( 'NONE',  ( 0.4273502691896261500, 0.7401923788646680400, 1.366666666666668900 ) ) ;
#3549 = CARTESIAN_POINT ( 'NONE',  ( 0.5773502691896220700, -1.000000000000006900, -0.1666666666666388200 ) ) ;
#3550 = CARTESIAN_POINT ( 'NONE',  ( 0.4273502691896261500, 0.7401923788646680400, -2.633333333333331100 ) ) ;
#3551 = ADVANCED_FACE ( 'NONE', ( #2151 ), #2402, .F. ) ;
#3552 = DIRECTION ( 'NONE',  ( -0.0000000000000000000, 7.417567127063168400E-057, -1.000000000000000000 ) ) ;
#3553 = ORIENTED_EDGE ( 'NONE', *, *, #2728, .F. ) ;
#3554 = CARTESIAN_POINT ( 'NONE',  ( 0.4273502691896261500, 0.7401923788646681500, -1.383333333333329800 ) ) ;
#3555 = CARTESIAN_POINT ( 'NONE',  ( 0.8660254037844393700, 0.4999999999999994400, -1.266666666666638600 ) ) ;
#3556 = CARTESIAN_POINT ( 'NONE',  ( 0.8547005383792514200, -1.570059417833504600E-016, -0.2499999999999963100 ) ) ;
#3557 = CARTESIAN_POINT ( 'NONE',  ( 0.0000000000000000000, 1.100000000000001400, 1.999999999999999100 ) ) ;
#3558 = CARTESIAN_POINT ( 'NONE',  ( -1.224646799147353700E-016, -1.000000000000000400, 0.2000000000000286800 ) ) ;
#3559 = B_SPLINE_CURVE_WITH_KNOTS ( 'NONE', 3,
 ( #299, #2252, #605, #1186 ),
 .UNSPECIFIED., .F., .F.,
 ( 4, 4 ),
 ( 0.0004594101830530192400, 0.0009082819007006158000 ),
 .UNSPECIFIED. ) ;
#3560 = CARTESIAN_POINT ( 'NONE',  ( 1.179700538379251400, -2.167074732417838900E-016, -3.262500000000027700 ) ) ;
#3561 = CARTESIAN_POINT ( 'NONE',  ( 0.8547005383792514200, -1.570059417833504600E-016, -3.099999999999997400 ) ) ;
#3562 = CARTESIAN_POINT ( 'NONE',  ( 0.0000000000000000000, 1.000000000000000400, 2.816045736441646900E-014 ) ) ;
#3563 = CARTESIAN_POINT ( 'NONE',  ( 0.4273502691896261500, 0.7401923788646681500, -1.783333333333329700 ) ) ;
#3564 = CARTESIAN_POINT ( 'NONE',  ( -1.224646799147353700E-016, -1.000000000000000400, -2.999999999999972000 ) ) ;
#3565 = CARTESIAN_POINT ( 'NONE',  ( -0.8547005383792513100, 5.233531392778349000E-017, 1.150000000000003500 ) ) ;
#3566 = ADVANCED_FACE ( 'NONE', ( #749 ), #3470, .F. ) ;
#3567 = DIRECTION ( 'NONE',  ( 1.060575238724903800E-016, 0.8660254037844361500, 0.5000000000000044400 ) ) ;
#3568 = CARTESIAN_POINT ( 'NONE',  ( 0.1062695957044479100, -0.7454474142836209300, -3.994744964581045100 ) ) ;
#3569 = CARTESIAN_POINT ( 'NONE',  ( -9.064742275298811100E-017, -0.7401923788646683800, -3.949999999999997100 ) ) ;
#3570 = EDGE_CURVE ( 'NONE', #2452, #2159, #2772, .T. ) ;
#3571 =( BOUNDED_CURVE ( )  B_SPLINE_CURVE ( 2, ( #3182, #2337, #71, #2881, #644, #3468, #374 ),
 .UNSPECIFIED., .F., .F. ) 
 B_SPLINE_CURVE_WITH_KNOTS ( ( 3, 2, 2, 3 ),
 ( 0.5000000000000001100, 0.5104166666666668500, 0.5208333333333332600, 0.5312500000000000000 ),
 .UNSPECIFIED. ) 
 CURVE ( )  GEOMETRIC_REPRESENTATION_ITEM ( )  RATIONAL_B_SPLINE_CURVE ( ( 0.9999999999999985600, 0.8660254037844402600, 1.000000000000000000, 0.8660254037844388200, 1.000000000000000000, 0.8660254037844388200, 1.000000000000000000 ) ) 
 REPRESENTATION_ITEM ( '' )  );
#3572 = CARTESIAN_POINT ( 'NONE',  ( 0.0000000000000000000, 0.7401923788646683800, 1.800000000000002000 ) ) ;
#3573 = CARTESIAN_POINT ( 'NONE',  ( -0.4273502691896259900, -0.7401923788646680400, -2.433333333333331300 ) ) ;
#3574 = LINE ( 'NONE', #74, #307 ) ;
#3575 = CARTESIAN_POINT ( 'NONE',  ( 0.6410254037844384000, -0.3700961894323345200, -2.683333333333330000 ) ) ;
#3576 = FACE_OUTER_BOUND ( 'NONE', #1674, .T. ) ;
#3577 = EDGE_LOOP ( 'NONE', ( #3108, #3591, #3243, #2287, #1345, #1864 ) ) ;
#3578 = CARTESIAN_POINT ( 'NONE',  ( -0.6410254037844386200, -0.3700961894323340200, 1.183333333333337300 ) ) ;
#3579 = DIRECTION ( 'NONE',  ( -0.0000000000000000000, 7.417567127063168400E-057, -1.000000000000000000 ) ) ;
#3580 = ORIENTED_EDGE ( 'NONE', *, *, #1299, .T. ) ;
#3581 = CARTESIAN_POINT ( 'NONE',  ( 0.0000000000000000000, 1.000000000000000400, 1.649999999999974400 ) ) ;
#3582 = CARTESIAN_POINT ( 'NONE',  ( 0.0000000000000000000, 1.000000000000000400, -1.950000000000025500 ) ) ;
#3583 = AXIS2_PLACEMENT_3D ( 'NONE', #31, #1996, #2986 ) ;
#3584 = CARTESIAN_POINT ( 'NONE',  ( 0.4273502691896254900, -0.7401923788646686000, 1.633333333333335500 ) ) ;
#3585 = CARTESIAN_POINT ( 'NONE',  ( 0.8547005383792514200, -1.570059417833504600E-016, -3.499999999999998200 ) ) ;
#3586 = ADVANCED_FACE ( 'NONE', ( #2669 ), #936, .T. ) ;
#3587 = EDGE_LOOP ( 'NONE', ( #2464, #1198, #246, #805 ) ) ;
#3588 = CARTESIAN_POINT ( 'NONE',  ( 0.0000000000000000000, 0.7401923788646683800, -0.9499999999999964000 ) ) ;
#3589 = CARTESIAN_POINT ( 'NONE',  ( -0.5898502691896255800, 1.021650635094610800, -2.754166666666636700 ) ) ;
#3590 = EDGE_CURVE ( 'NONE', #2250, #1560, #3189, .T. ) ;
#3591 = ORIENTED_EDGE ( 'NONE', *, *, #425, .F. ) ;
#3592 = CARTESIAN_POINT ( 'NONE',  ( 0.4273502691896254900, -0.7401923788646686000, 0.08333333333333717300 ) ) ;
#3593 = CARTESIAN_POINT ( 'NONE',  ( -0.5773502691896257300, 1.000000000000000200, -2.716666666666691700 ) ) ;
#3594 = ORIENTED_EDGE ( 'NONE', *, *, #3466, .T. ) ;
#3595 = DIRECTION ( 'NONE',  ( 0.0000000000000000000, 1.000000000000000000, 0.0000000000000000000 ) ) ;
#3596 = CARTESIAN_POINT ( 'NONE',  ( -1.224646799147353900E-016, -1.000000000000000400, -2.950000000000025500 ) ) ;
#3597 = CARTESIAN_POINT ( 'NONE',  ( -0.8660254037844390400, 0.5000000000000003300, -1.883333333333358800 ) ) ;
#3598 = CARTESIAN_POINT ( 'NONE',  ( -0.5773502691896271700, -0.9999999999999985600, 1.016666666666640900 ) ) ;
#3599 = CARTESIAN_POINT ( 'NONE',  ( 0.0000000000000000000, 1.021650635094610800, -3.562500000000028000 ) ) ;
#3600 = CARTESIAN_POINT ( 'NONE',  ( 0.4273502691896261500, 0.7401923788646680400, -3.433333333333330900 ) ) ;
#3601 = CARTESIAN_POINT ( 'NONE',  ( -0.6410254037844386200, -0.3700961894323340200, -1.216666666666663200 ) ) ;
#3602 = CARTESIAN_POINT ( 'NONE',  ( -0.8547005383792513100, 5.233531392778349000E-017, 0.3500000000000039700 ) ) ;
#3603 = CARTESIAN_POINT ( 'NONE',  ( 0.0000000000000000000, 1.000000000000000400, -3.999999999999999100 ) ) ;
#3604 = CARTESIAN_POINT ( 'NONE',  ( -9.064742275298811100E-017, -0.7401923788646683800, -3.199999999999998000 ) ) ;
#3605 = PLANE ( 'NONE',  #1030 ) ;
#3606 = CARTESIAN_POINT ( 'NONE',  ( -0.5773502691896240700, 1.000000000000003600, -1.566666666666638500 ) ) ;
#3607 = CARTESIAN_POINT ( 'NONE',  ( -0.8847754037844384200, 0.5108253175473055400, -4.295833333333361800 ) ) ;
#3608 = CARTESIAN_POINT ( 'NONE',  ( -9.064742275298811100E-017, -0.7401923788646683800, 2.602085213965210600E-015 ) ) ;
#3609 = CARTESIAN_POINT ( 'NONE',  ( -1.251161180115475900E-016, -1.021650635094610800, -2.987499999999970100 ) ) ;
#3610 = AXIS2_PLACEMENT_3D ( 'NONE', #3246, #717, #1318 ) ;
#3611 = FACE_OUTER_BOUND ( 'NONE', #1289, .T. ) ;
#3612 = CARTESIAN_POINT ( 'NONE',  ( 0.0000000000000000000, 0.7401923788646683800, 0.2500000000000036600 ) ) ;
#3613 = CYLINDRICAL_SURFACE ( 'NONE', #2367, 1.000000000000000400 ) ;
#3614 = CARTESIAN_POINT ( 'NONE',  ( -0.5773502691896262900, -1.000000000000000000, -1.383333333333358800 ) ) ;
#3615 =( BOUNDED_CURVE ( )  B_SPLINE_CURVE ( 2, ( #2975, #743, #771, #1865, #205, #215, #2950 ),
 .UNSPECIFIED., .F., .T. ) 
 B_SPLINE_CURVE_WITH_KNOTS ( ( 3, 2, 2, 3 ),
 ( 0.4375000000000000000, 0.4479166666666666300, 0.4583333333333333700, 0.4687500000000000000 ),
 .UNSPECIFIED. ) 
 CURVE ( )  GEOMETRIC_REPRESENTATION_ITEM ( )  RATIONAL_B_SPLINE_CURVE ( ( 1.000000000000000000, 0.8660254037844388200, 1.000000000000000000, 0.8660254037844388200, 1.000000000000000000, 0.8660254037844388200, 1.000000000000000000 ) ) 
 REPRESENTATION_ITEM ( '' )  );
#3616 = CARTESIAN_POINT ( 'NONE',  ( 0.0000000000000000000, 1.000000000000000400, -3.599999999999971700 ) ) ;
#3617 = FACE_OUTER_BOUND ( 'NONE', #3067, .T. ) ;
#3618 = DIRECTION ( 'NONE',  ( -0.0000000000000000000, 7.417567127063168400E-057, -1.000000000000000000 ) ) ;
#3619 = DIRECTION ( 'NONE',  ( 0.0000000000000000000, 0.0000000000000000000, 1.000000000000000000 ) ) ;
#3620 = CARTESIAN_POINT ( 'NONE',  ( -1.224646799147353900E-016, -1.000000000000000400, 1.049999999999974300 ) ) ;
#3621 = EDGE_LOOP ( 'NONE', ( #1335, #2025, #2596, #2425 ) ) ;
#3622 = CARTESIAN_POINT ( 'NONE',  ( -1.179700538379251400, 7.223582441392798400E-017, -1.062500000000027800 ) ) ;
#3623 = CARTESIAN_POINT ( 'NONE',  ( -9.064742275298811100E-017, -0.7401923788646683800, -0.7999999999999977100 ) ) ;
#3624 = ADVANCED_FACE ( 'NONE', ( #618 ), #266, .T. ) ;
#3625 = CYLINDRICAL_SURFACE ( 'NONE', #3459, 1.000000000000000400 ) ;
#3626 = PERSON ( 'UNSPECIFIED', 'UNSPECIFIED', 'UNSPECIFIED', ('UNSPECIFIED'), ('UNSPECIFIED'), ('UNSPECIFIED') ) ;
#3627 = DIRECTION ( 'NONE',  ( 1.000000000000000000, -0.0000000000000000000, 0.0000000000000000000 ) ) ;
#3628 = EDGE_LOOP ( 'NONE', ( #241, #1421, #1848, #233 ) ) ;
#3629 = CARTESIAN_POINT ( 'NONE',  ( -9.064742275298811100E-017, -0.7401923788646683800, 1.650000000000003900 ) ) ;
#3630 = VERTEX_POINT ( 'NONE', #1594 ) ;
#3631 = CARTESIAN_POINT ( 'NONE',  ( 0.4273502691896254900, -0.7401923788646686000, -3.566666666666664700 ) ) ;
ENDSEC;
END-ISO-10303-21;
